{"type":"FeatureCollection","metadata":{"slug":"universiteit","label":"Universiteiten","group":"onderwijs","color":"#7C3AED","icon":"university","source":"OpenStreetMap (Overpass API)","count":796},"features":[{"type":"Feature","geometry":{"type":"Point","coordinates":[4.911543,52.363773]},"properties":{"osm_id":"node/26611122","category":"universiteit","name":"UvA Faculteit der Economische Wetenschappen en Econometrie","operator":"Universiteit van Amsterdam"}},{"type":"Feature","geometry":{"type":"Point","coordinates":[7.184353,53.369012]},"properties":{"osm_id":"node/166472884","category":"universiteit","name":"Hochschule Emden/Leer (Campus Emden)","operator":""}},{"type":"Feature","geometry":{"type":"Point","coordinates":[5.687418,50.847131]},"properties":{"osm_id":"node/243216282","category":"universiteit","name":"Department of Knowledge Engineering","operator":""}},{"type":"Feature","geometry":{"type":"Point","coordinates":[7.13483,51.501326]},"properties":{"osm_id":"node/255352895","category":"universiteit","name":"Fachhochschule für öffentliche Verwaltung NRW, Zentralverwaltung","operator":""}},{"type":"Feature","geometry":{"type":"Point","coordinates":[6.951118,50.964163]},"properties":{"osm_id":"node/256190719","category":"universiteit","name":"Hochschule für Musik, Tanzabteilung","operator":""}},{"type":"Feature","geometry":{"type":"Point","coordinates":[7.0829,51.390945]},"properties":{"osm_id":"node/294818776","category":"universiteit","name":"HBK Essen","operator":""}},{"type":"Feature","geometry":{"type":"Point","coordinates":[4.889688,52.368593]},"properties":{"osm_id":"node/356651396","category":"universiteit","name":"Spui25","operator":""}},{"type":"Feature","geometry":{"type":"Point","coordinates":[4.404459,50.835503]},"properties":{"osm_id":"node/357409230","category":"universiteit","name":"Faculté universitaire de Théologie protestante","operator":""}},{"type":"Feature","geometry":{"type":"Point","coordinates":[4.91235,52.364207]},"properties":{"osm_id":"node/432855896","category":"universiteit","name":"Ruimtelijke Wetenschappen (FMG)","operator":"Universiteit van Amsterdam"}},{"type":"Feature","geometry":{"type":"Point","coordinates":[4.890201,52.368585]},"properties":{"osm_id":"node/478146921","category":"universiteit","name":"Universiteit van Amsterdam","operator":"Universiteit van Amsterdam"}},{"type":"Feature","geometry":{"type":"Point","coordinates":[4.91168,52.362704]},"properties":{"osm_id":"node/514254464","category":"universiteit","name":"UvA Faculteit der Maatschappij-en Gedragswetenschappen","operator":"Universiteit van Amsterdam"}},{"type":"Feature","geometry":{"type":"Point","coordinates":[6.989022,51.031693]},"properties":{"osm_id":"node/645552645","category":"universiteit","name":"FernUniversität Studienzentrum Leverkusen","operator":""}},{"type":"Feature","geometry":{"type":"Point","coordinates":[5.893352,51.984152]},"properties":{"osm_id":"node/662324407","category":"universiteit","name":"ArtEZ Academie voor Theater / Dansacademie","operator":""}},{"type":"Feature","geometry":{"type":"Point","coordinates":[4.469485,51.935089]},"properties":{"osm_id":"node/685192412","category":"universiteit","name":"Islamitische Hogeschool Rotterdam","operator":""}},{"type":"Feature","geometry":{"type":"Point","coordinates":[4.889187,52.368281]},"properties":{"osm_id":"node/725239194","category":"universiteit","name":"Aula UvA","operator":""}},{"type":"Feature","geometry":{"type":"Point","coordinates":[5.115635,52.077921]},"properties":{"osm_id":"node/768136091","category":"universiteit","name":"Open Universiteit Nederland","operator":""}},{"type":"Feature","geometry":{"type":"Point","coordinates":[4.901968,52.369569]},"properties":{"osm_id":"node/858196497","category":"universiteit","name":"Amsterdamse Hogeschool voor de Kunsten","operator":""}},{"type":"Feature","geometry":{"type":"Point","coordinates":[5.121137,52.092817]},"properties":{"osm_id":"node/874056502","category":"universiteit","name":"Hogeschool voor de Kunsten Utrecht","operator":""}},{"type":"Feature","geometry":{"type":"Point","coordinates":[5.120639,52.093081]},"properties":{"osm_id":"node/874056581","category":"universiteit","name":"Faculteit Recht, Economie, Bestuur en Organisatie","operator":"Universiteit Utrecht"}},{"type":"Feature","geometry":{"type":"Point","coordinates":[5.12339,52.09046]},"properties":{"osm_id":"node/874352425","category":"universiteit","name":"Universiteit Utrecht","operator":""}},{"type":"Feature","geometry":{"type":"Point","coordinates":[5.123152,52.090664]},"properties":{"osm_id":"node/874352439","category":"universiteit","name":"Universiteit Utrecht","operator":""}},{"type":"Feature","geometry":{"type":"Point","coordinates":[5.123274,52.090568]},"properties":{"osm_id":"node/874352446","category":"universiteit","name":"Universiteit Utrecht","operator":""}},{"type":"Feature","geometry":{"type":"Point","coordinates":[5.112785,52.096985]},"properties":{"osm_id":"node/923980873","category":"universiteit","name":"TIO - University for applied sciences","operator":""}},{"type":"Feature","geometry":{"type":"Point","coordinates":[7.096617,50.730911]},"properties":{"osm_id":"node/1035438103","category":"universiteit","name":"Geschäftsführung des Rektorats der Universität Bonn","operator":""}},{"type":"Feature","geometry":{"type":"Point","coordinates":[4.455566,51.911682]},"properties":{"osm_id":"node/1166633093","category":"universiteit","name":"Volksuniversiteit","operator":""}},{"type":"Feature","geometry":{"type":"Point","coordinates":[4.664109,50.868096]},"properties":{"osm_id":"node/1178798308","category":"universiteit","name":"Evangelische Theologische Faculteit","operator":""}},{"type":"Feature","geometry":{"type":"Point","coordinates":[4.683478,50.8631]},"properties":{"osm_id":"node/1197994754","category":"universiteit","name":"Architectuur, Stedenbouw en Ruimtelijke Ordening","operator":""}},{"type":"Feature","geometry":{"type":"Point","coordinates":[4.728332,50.847877]},"properties":{"osm_id":"node/1223814313","category":"universiteit","name":"Erasmushogeschool Brussel (campus Leuven)","operator":"Erasmushogeschool Brussel"}},{"type":"Feature","geometry":{"type":"Point","coordinates":[4.886391,52.084899]},"properties":{"osm_id":"node/1253876980","category":"universiteit","name":"Volksuniversiteit Het Groene Hart","operator":""}},{"type":"Feature","geometry":{"type":"Point","coordinates":[3.726329,51.054197]},"properties":{"osm_id":"node/1480468647","category":"universiteit","name":"Hogeschool Gent: Koninklijk Conservatorium","operator":""}},{"type":"Feature","geometry":{"type":"Point","coordinates":[4.375574,51.998809]},"properties":{"osm_id":"node/1491633170","category":"universiteit","name":"Faculty of Civil Engineering and Geosciences","operator":"Technische Universiteit Delft"}},{"type":"Feature","geometry":{"type":"Point","coordinates":[6.695426,51.197327]},"properties":{"osm_id":"node/1577145882","category":"universiteit","name":"FernUniversität in Hagen - Campus Neuss","operator":"FernUniversität in Hagen"}},{"type":"Feature","geometry":{"type":"Point","coordinates":[5.084922,51.553401]},"properties":{"osm_id":"node/1707632404","category":"universiteit","name":"Fontys Hogeschool voor de Kunsten","operator":""}},{"type":"Feature","geometry":{"type":"Point","coordinates":[7.095281,50.743406]},"properties":{"osm_id":"node/1711206300","category":"universiteit","name":"Institut für Psychologie/ Psychologische Hochschulambulanz","operator":""}},{"type":"Feature","geometry":{"type":"Point","coordinates":[7.102246,50.733812]},"properties":{"osm_id":"node/2113115094","category":"universiteit","name":"Rheinische Friedrich-Wilhelms-Universität Bonn","operator":""}},{"type":"Feature","geometry":{"type":"Point","coordinates":[6.553145,53.204149]},"properties":{"osm_id":"node/2316841999","category":"universiteit","name":"Open Universiteit","operator":""}},{"type":"Feature","geometry":{"type":"Point","coordinates":[7.008275,51.49705]},"properties":{"osm_id":"node/2408040829","category":"universiteit","name":"Akademie","operator":""}},{"type":"Feature","geometry":{"type":"Point","coordinates":[6.941361,50.930317]},"properties":{"osm_id":"node/2467724276","category":"universiteit","name":"Rheinische Fachhochschule e. V. - Hohenstaufenring","operator":""}},{"type":"Feature","geometry":{"type":"Point","coordinates":[6.086987,52.503181]},"properties":{"osm_id":"node/2474030847","category":"universiteit","name":"Open Universiteit Studiecentrum","operator":""}},{"type":"Feature","geometry":{"type":"Point","coordinates":[4.37545,51.989999]},"properties":{"osm_id":"node/2595119032","category":"universiteit","name":"Faculty of Aerospace Engineering","operator":"Technische Universiteit Delft"}},{"type":"Feature","geometry":{"type":"Point","coordinates":[4.374045,52.000879]},"properties":{"osm_id":"node/2596097860","category":"universiteit","name":"Faculty of Applied Sciences","operator":"Technische Universiteit Delft"}},{"type":"Feature","geometry":{"type":"Point","coordinates":[4.37047,52.005715]},"properties":{"osm_id":"node/2596100434","category":"universiteit","name":"Faculty of Architecture and the Built Environment","operator":"Technische Universiteit Delft"}},{"type":"Feature","geometry":{"type":"Point","coordinates":[4.369293,52.002497]},"properties":{"osm_id":"node/2596107129","category":"universiteit","name":"Faculty of Technology, Policy and Management","operator":"Technische Universiteit Delft"}},{"type":"Feature","geometry":{"type":"Point","coordinates":[4.378316,51.999066]},"properties":{"osm_id":"node/2596107769","category":"universiteit","name":"Informatica","operator":"Technische Universiteit Delft"}},{"type":"Feature","geometry":{"type":"Point","coordinates":[4.356775,52.008944]},"properties":{"osm_id":"node/2599516039","category":"universiteit","name":"IHE Delft Institute for Water Education","operator":""}},{"type":"Feature","geometry":{"type":"Point","coordinates":[4.471668,51.922128]},"properties":{"osm_id":"node/2610231519","category":"universiteit","name":"Codarts Hoogeschool voor de Kunsten","operator":""}},{"type":"Feature","geometry":{"type":"Point","coordinates":[5.147818,52.083276]},"properties":{"osm_id":"node/2669385821","category":"universiteit","name":"University College Utrecht","operator":"Universiteit Utrecht"}},{"type":"Feature","geometry":{"type":"Point","coordinates":[5.145853,52.08242]},"properties":{"osm_id":"node/2669387728","category":"universiteit","name":"Utrecht University School of Economics","operator":"Universiteit Utrecht"}},{"type":"Feature","geometry":{"type":"Point","coordinates":[4.700405,50.874522]},"properties":{"osm_id":"node/2671690219","category":"universiteit","name":"Hogenheuvelcollege","operator":"KU Leuven"}},{"type":"Feature","geometry":{"type":"Point","coordinates":[6.168188,52.254351]},"properties":{"osm_id":"node/2678768317","category":"universiteit","name":"Saxion Hogeschool Deventer","operator":""}},{"type":"Feature","geometry":{"type":"Point","coordinates":[5.123873,52.090717]},"properties":{"osm_id":"node/2684300311","category":"universiteit","name":"","operator":""}},{"type":"Feature","geometry":{"type":"Point","coordinates":[5.1256,52.090861]},"properties":{"osm_id":"node/2684301206","category":"universiteit","name":"TIAS school for Business and Society","operator":""}},{"type":"Feature","geometry":{"type":"Point","coordinates":[5.379955,52.159213]},"properties":{"osm_id":"node/2684662442","category":"universiteit","name":"Hogeschool Utrecht","operator":""}},{"type":"Feature","geometry":{"type":"Point","coordinates":[5.971777,52.210011]},"properties":{"osm_id":"node/2687034176","category":"universiteit","name":"Wittenborg University","operator":""}},{"type":"Feature","geometry":{"type":"Point","coordinates":[5.972546,52.209969]},"properties":{"osm_id":"node/2687036019","category":"universiteit","name":"Fotovakschool","operator":""}},{"type":"Feature","geometry":{"type":"Point","coordinates":[5.973223,52.209552]},"properties":{"osm_id":"node/2687037058","category":"universiteit","name":"Saxion","operator":""}},{"type":"Feature","geometry":{"type":"Point","coordinates":[4.32952,52.083651]},"properties":{"osm_id":"node/2704599091","category":"universiteit","name":"Hogeschool Inholland","operator":"Hogeschool Inholland"}},{"type":"Feature","geometry":{"type":"Point","coordinates":[5.123335,52.094679]},"properties":{"osm_id":"node/2709503496","category":"universiteit","name":"Faculteit Geesteswetenschappen","operator":"Universiteit Utrecht"}},{"type":"Feature","geometry":{"type":"Point","coordinates":[5.123314,52.093541]},"properties":{"osm_id":"node/2709503832","category":"universiteit","name":"Faculteit Geesteswetenschappen","operator":"Universiteit Utrecht"}},{"type":"Feature","geometry":{"type":"Point","coordinates":[5.121188,52.094234]},"properties":{"osm_id":"node/2709504186","category":"universiteit","name":"Hogeschool voor de Kunsten Utrecht","operator":""}},{"type":"Feature","geometry":{"type":"Point","coordinates":[5.120896,52.094271]},"properties":{"osm_id":"node/2709504349","category":"universiteit","name":"HKU Theater","operator":"Hogeschool voor de Kunsten Utrecht"}},{"type":"Feature","geometry":{"type":"Point","coordinates":[5.123536,52.094398]},"properties":{"osm_id":"node/2709505015","category":"universiteit","name":"Faculteit Geesteswetenschappen","operator":"Universiteit Utrecht"}},{"type":"Feature","geometry":{"type":"Point","coordinates":[5.122145,52.094572]},"properties":{"osm_id":"node/2709506068","category":"universiteit","name":"Universiteit Utrecht, facilitair centrum","operator":"Universiteit Utrecht"}},{"type":"Feature","geometry":{"type":"Point","coordinates":[5.123694,52.09549]},"properties":{"osm_id":"node/2709631195","category":"universiteit","name":"Theologische Universiteit Utrecht","operator":""}},{"type":"Feature","geometry":{"type":"Point","coordinates":[4.319213,52.081793]},"properties":{"osm_id":"node/2718100711","category":"universiteit","name":"Royal Academy of Art","operator":""}},{"type":"Feature","geometry":{"type":"Point","coordinates":[4.317804,52.080772]},"properties":{"osm_id":"node/2718100737","category":"universiteit","name":"Royal Academy of Art","operator":""}},{"type":"Feature","geometry":{"type":"Point","coordinates":[5.948012,51.988408]},"properties":{"osm_id":"node/2722272713","category":"universiteit","name":"Ixperium Arnhem","operator":"Hogeschool Arnhem Nijmegen (HAN)"}},{"type":"Feature","geometry":{"type":"Point","coordinates":[5.948123,51.989213]},"properties":{"osm_id":"node/2722274313","category":"universiteit","name":"HAN Automotive","operator":"Hogeschool Arnhem Nijmegen (HAN)"}},{"type":"Feature","geometry":{"type":"Point","coordinates":[4.313763,52.078126]},"properties":{"osm_id":"node/2722494399","category":"universiteit","name":"Universiteit Leiden locatie Spuigebouw","operator":""}},{"type":"Feature","geometry":{"type":"Point","coordinates":[5.912919,52.55766]},"properties":{"osm_id":"node/2732470932","category":"universiteit","name":"Theologische Universiteit Kampen","operator":""}},{"type":"Feature","geometry":{"type":"Point","coordinates":[5.29854,51.688204]},"properties":{"osm_id":"node/2737190052","category":"universiteit","name":"Jheronimus Academy of Data Science","operator":""}},{"type":"Feature","geometry":{"type":"Point","coordinates":[6.534411,53.244796]},"properties":{"osm_id":"node/2737828397","category":"universiteit","name":"Digital Society Hub","operator":"Hanze Hogeschool"}},{"type":"Feature","geometry":{"type":"Point","coordinates":[6.537872,53.238627]},"properties":{"osm_id":"node/2737828653","category":"universiteit","name":"Faculty of Science and Engineering","operator":"Rijksuniversiteit Groningen"}},{"type":"Feature","geometry":{"type":"Point","coordinates":[4.810962,51.579436]},"properties":{"osm_id":"node/2738668110","category":"universiteit","name":"St. Joost","operator":"Avans"}},{"type":"Feature","geometry":{"type":"Point","coordinates":[5.294138,51.689347]},"properties":{"osm_id":"node/2739201304","category":"universiteit","name":"Avans Hogeschool","operator":""}},{"type":"Feature","geometry":{"type":"Point","coordinates":[4.905577,52.368389]},"properties":{"osm_id":"node/2741064867","category":"universiteit","name":"Nederlandse Film en Televisie Academie","operator":""}},{"type":"Feature","geometry":{"type":"Point","coordinates":[6.570198,53.211988]},"properties":{"osm_id":"node/2748254654","category":"universiteit","name":"NHL Stenden PABO","operator":"NHL Stenden"}},{"type":"Feature","geometry":{"type":"Point","coordinates":[6.55764,53.227523]},"properties":{"osm_id":"node/2749236373","category":"universiteit","name":"Dansacademie Lucia Marthas","operator":""}},{"type":"Feature","geometry":{"type":"Point","coordinates":[6.896407,52.23448]},"properties":{"osm_id":"node/2750238265","category":"universiteit","name":"AKI ArtEZ","operator":""}},{"type":"Feature","geometry":{"type":"Point","coordinates":[6.568153,53.213498]},"properties":{"osm_id":"node/2752211844","category":"universiteit","name":"Hogeschool Tio Groningen","operator":""}},{"type":"Feature","geometry":{"type":"Point","coordinates":[6.563737,53.219825]},"properties":{"osm_id":"node/2752222351","category":"universiteit","name":"Faculteit Religie, Cultuur en Maatschappij","operator":""}},{"type":"Feature","geometry":{"type":"Point","coordinates":[6.563344,53.220324]},"properties":{"osm_id":"node/2752224578","category":"universiteit","name":"Factulteit Wijsbegeerte","operator":""}},{"type":"Feature","geometry":{"type":"Point","coordinates":[6.559728,53.215013]},"properties":{"osm_id":"node/2752224967","category":"universiteit","name":"Frank Mohr Instituut","operator":"Hanzehogeschool Groningen"}},{"type":"Feature","geometry":{"type":"Point","coordinates":[5.311457,51.704842]},"properties":{"osm_id":"node/2753531059","category":"universiteit","name":"Fontys Hogeschool","operator":""}},{"type":"Feature","geometry":{"type":"Point","coordinates":[5.474895,51.439721]},"properties":{"osm_id":"node/2764499398","category":"universiteit","name":"Design Academy Eindhoven","operator":""}},{"type":"Feature","geometry":{"type":"Point","coordinates":[5.474456,51.439041]},"properties":{"osm_id":"node/2764500055","category":"universiteit","name":"Fontys Hogeschool","operator":""}},{"type":"Feature","geometry":{"type":"Point","coordinates":[4.326065,52.081835]},"properties":{"osm_id":"node/2779998905","category":"universiteit","name":"Leiden University College The Hague","operator":"Universiteit Leiden"}},{"type":"Feature","geometry":{"type":"Point","coordinates":[4.836886,52.367488]},"properties":{"osm_id":"node/2795225268","category":"universiteit","name":"IPABO","operator":""}},{"type":"Feature","geometry":{"type":"Point","coordinates":[4.666288,51.811776]},"properties":{"osm_id":"node/2796091780","category":"universiteit","name":"HBO Drechtsteden","operator":""}},{"type":"Feature","geometry":{"type":"Point","coordinates":[5.716067,50.836695]},"properties":{"osm_id":"node/2798755237","category":"universiteit","name":"UNS40 - Faculty of Health, Medicine and Life Sciences","operator":""}},{"type":"Feature","geometry":{"type":"Point","coordinates":[5.715987,50.833852]},"properties":{"osm_id":"node/2798755239","category":"universiteit","name":"UNS60 - Faculty of Health, Medicine and Life Sciences","operator":""}},{"type":"Feature","geometry":{"type":"Point","coordinates":[5.716562,50.835276]},"properties":{"osm_id":"node/2798755240","category":"universiteit","name":"Universiteit Maastricht","operator":""}},{"type":"Feature","geometry":{"type":"Point","coordinates":[5.711388,50.834962]},"properties":{"osm_id":"node/2798919699","category":"universiteit","name":"","operator":""}},{"type":"Feature","geometry":{"type":"Point","coordinates":[5.708146,50.839645]},"properties":{"osm_id":"node/2799136890","category":"universiteit","name":"DUB30","operator":""}},{"type":"Feature","geometry":{"type":"Point","coordinates":[5.687942,50.844728]},"properties":{"osm_id":"node/2804889938","category":"universiteit","name":"University College Maastricht","operator":"Universiteit Maastricht"}},{"type":"Feature","geometry":{"type":"Point","coordinates":[5.688471,50.844453]},"properties":{"osm_id":"node/2804899219","category":"universiteit","name":"University College Maastricht","operator":"Universiteit Maastricht"}},{"type":"Feature","geometry":{"type":"Point","coordinates":[5.684899,50.845146]},"properties":{"osm_id":"node/2804900609","category":"universiteit","name":"University Maastricht, School of Business and Economics","operator":"Universiteit Maastricht"}},{"type":"Feature","geometry":{"type":"Point","coordinates":[5.868846,51.830269]},"properties":{"osm_id":"node/2826962714","category":"universiteit","name":"HBO-ICT & HBO-Rechten","operator":"HAN University of Applied Sciences"}},{"type":"Feature","geometry":{"type":"Point","coordinates":[5.218999,52.371506]},"properties":{"osm_id":"node/2839704137","category":"universiteit","name":"Windesheim","operator":""}},{"type":"Feature","geometry":{"type":"Point","coordinates":[5.222126,52.370377]},"properties":{"osm_id":"node/2839715806","category":"universiteit","name":"Windesheim Almere","operator":""}},{"type":"Feature","geometry":{"type":"Point","coordinates":[5.05758,51.561421]},"properties":{"osm_id":"node/2847193064","category":"universiteit","name":"Avans Hogeschool","operator":""}},{"type":"Feature","geometry":{"type":"Point","coordinates":[5.180359,52.227227]},"properties":{"osm_id":"node/2878966061","category":"universiteit","name":"MBO Utrecht","operator":""}},{"type":"Feature","geometry":{"type":"Point","coordinates":[4.71796,52.627034]},"properties":{"osm_id":"node/2879921990","category":"universiteit","name":"IPABO","operator":""}},{"type":"Feature","geometry":{"type":"Point","coordinates":[4.478139,52.169686]},"properties":{"osm_id":"node/2892920203","category":"universiteit","name":"Agora - Faculteit der Sociale Wetenschappen","operator":"Universiteit Leiden"}},{"type":"Feature","geometry":{"type":"Point","coordinates":[3.611,51.499104]},"properties":{"osm_id":"node/2922539488","category":"universiteit","name":"University College Roosevelt","operator":""}},{"type":"Feature","geometry":{"type":"Point","coordinates":[6.169583,51.366726]},"properties":{"osm_id":"node/2931120451","category":"universiteit","name":"HAS Hogeschool","operator":""}},{"type":"Feature","geometry":{"type":"Point","coordinates":[6.819076,51.244145]},"properties":{"osm_id":"node/2989820645","category":"universiteit","name":"Robert-Schumann Hochschule, Institut für Kirchenmusik","operator":""}},{"type":"Feature","geometry":{"type":"Point","coordinates":[5.803903,53.194212]},"properties":{"osm_id":"node/3064592644","category":"universiteit","name":"Hogeschool Van Hall Larenstein","operator":""}},{"type":"Feature","geometry":{"type":"Point","coordinates":[5.801511,53.19837]},"properties":{"osm_id":"node/3066731280","category":"universiteit","name":"Minerva Academie voor Popcultuur","operator":""}},{"type":"Feature","geometry":{"type":"Point","coordinates":[4.693378,50.879267]},"properties":{"osm_id":"node/3102448079","category":"universiteit","name":"UZRN 01.21","operator":"Aula KULeuven"}},{"type":"Feature","geometry":{"type":"Point","coordinates":[4.622625,50.669243]},"properties":{"osm_id":"node/3125505068","category":"universiteit","name":"OpenHub","operator":""}},{"type":"Feature","geometry":{"type":"Point","coordinates":[4.701918,50.883112]},"properties":{"osm_id":"node/3181100570","category":"universiteit","name":"Instituut voor Bacteriologie","operator":"Katholieke Universiteit Leuven"}},{"type":"Feature","geometry":{"type":"Point","coordinates":[4.701886,50.883155]},"properties":{"osm_id":"node/3181100571","category":"universiteit","name":"Instituut voor Land- en waterbeheer","operator":"Katholieke Universiteit Leuven"}},{"type":"Feature","geometry":{"type":"Point","coordinates":[4.70195,50.883069]},"properties":{"osm_id":"node/3181100572","category":"universiteit","name":"Laboratorium voor Bos, natuur en landschap","operator":"Katholieke Universiteit Leuven"}},{"type":"Feature","geometry":{"type":"Point","coordinates":[4.672595,50.880024]},"properties":{"osm_id":"node/3265442066","category":"universiteit","name":"Lab Molecular and Cellular Singaling","operator":""}},{"type":"Feature","geometry":{"type":"Point","coordinates":[5.384872,50.927757]},"properties":{"osm_id":"node/3579948422","category":"universiteit","name":"Universiteit Hasselt - Faculteit Industriële Ingenieurswetenschappen","operator":""}},{"type":"Feature","geometry":{"type":"Point","coordinates":[4.319783,52.078759]},"properties":{"osm_id":"node/3649690114","category":"universiteit","name":"The Hague Student Center","operator":""}},{"type":"Feature","geometry":{"type":"Point","coordinates":[4.371897,52.000978]},"properties":{"osm_id":"node/4038343663","category":"universiteit","name":"Faculty of Mechanical Engineering","operator":"Technische Universiteit Delft"}},{"type":"Feature","geometry":{"type":"Point","coordinates":[6.830418,51.217374]},"properties":{"osm_id":"node/4126936831","category":"universiteit","name":"DEKRA Akademie Düsseldorf","operator":""}},{"type":"Feature","geometry":{"type":"Point","coordinates":[4.379812,51.989853]},"properties":{"osm_id":"node/4177046966","category":"universiteit","name":"Faculty of Applied Sciences","operator":"Technische Universiteit Delft"}},{"type":"Feature","geometry":{"type":"Point","coordinates":[4.439334,51.240594]},"properties":{"osm_id":"node/4384336925","category":"universiteit","name":"Academie voor Mineralogie (ACAM)","operator":"ACAM"}},{"type":"Feature","geometry":{"type":"Point","coordinates":[4.701093,50.874873]},"properties":{"osm_id":"node/4497251063","category":"universiteit","name":"Faculteit Economie en Bedrijfswetenschappen","operator":"KU Leuven"}},{"type":"Feature","geometry":{"type":"Point","coordinates":[4.700551,50.877898]},"properties":{"osm_id":"node/4502597462","category":"universiteit","name":"Universiteitshal","operator":"KU Leuven"}},{"type":"Feature","geometry":{"type":"Point","coordinates":[4.703753,50.881609]},"properties":{"osm_id":"node/4551219571","category":"universiteit","name":"U.C.M.S. Bijgebouw","operator":"KU Leuven"}},{"type":"Feature","geometry":{"type":"Point","coordinates":[4.703172,50.88132]},"properties":{"osm_id":"node/4551219572","category":"universiteit","name":"U.C.M.S. Bijgebouw","operator":"KU Leuven"}},{"type":"Feature","geometry":{"type":"Point","coordinates":[4.688773,50.884559]},"properties":{"osm_id":"node/4551219578","category":"universiteit","name":"De Viking","operator":"KU Leuven"}},{"type":"Feature","geometry":{"type":"Point","coordinates":[4.689615,50.884493]},"properties":{"osm_id":"node/4551219579","category":"universiteit","name":"De Snek","operator":"KU Leuven"}},{"type":"Feature","geometry":{"type":"Point","coordinates":[4.703317,50.881156]},"properties":{"osm_id":"node/4551219581","category":"universiteit","name":"De Rijschool","operator":"KU Leuven"}},{"type":"Feature","geometry":{"type":"Point","coordinates":[4.703945,50.881466]},"properties":{"osm_id":"node/4551219582","category":"universiteit","name":"U.C.M.S.","operator":"KU Leuven"}},{"type":"Feature","geometry":{"type":"Point","coordinates":[4.700091,50.877597]},"properties":{"osm_id":"node/4551219584","category":"universiteit","name":"De Spoelberchinstituut","operator":"KU Leuven"}},{"type":"Feature","geometry":{"type":"Point","coordinates":[4.700045,50.877198]},"properties":{"osm_id":"node/4551219585","category":"universiteit","name":"Conciërgehuis","operator":"KU Leuven"}},{"type":"Feature","geometry":{"type":"Point","coordinates":[4.320287,52.078604]},"properties":{"osm_id":"node/4560723834","category":"universiteit","name":"Universiteit Leiden Locatie Wijnhaven","operator":""}},{"type":"Feature","geometry":{"type":"Point","coordinates":[5.525388,51.755902]},"properties":{"osm_id":"node/4604277564","category":"universiteit","name":"Koning Willem 1 College","operator":""}},{"type":"Feature","geometry":{"type":"Point","coordinates":[6.564194,53.188294]},"properties":{"osm_id":"node/4681578917","category":"universiteit","name":"Meerwold","operator":"Hanzehogeschool"}},{"type":"Feature","geometry":{"type":"Point","coordinates":[7.096778,50.728195]},"properties":{"osm_id":"node/4703260387","category":"universiteit","name":"Zentrale Studienberatung","operator":"Rheinische Friedrich-Wihlems-Universität Bonn, Abteilung 9.2"}},{"type":"Feature","geometry":{"type":"Point","coordinates":[5.168439,52.084063]},"properties":{"osm_id":"node/4709776974","category":"universiteit","name":"Faculteit Natuur & Techniek (HU)","operator":""}},{"type":"Feature","geometry":{"type":"Point","coordinates":[6.570367,52.999244]},"properties":{"osm_id":"node/4865706596","category":"universiteit","name":"TechHub Assen","operator":""}},{"type":"Feature","geometry":{"type":"Point","coordinates":[6.145524,51.792845]},"properties":{"osm_id":"node/4873903285","category":"universiteit","name":"Hochschule Rhein-Waal","operator":""}},{"type":"Feature","geometry":{"type":"Point","coordinates":[4.610021,50.669862]},"properties":{"osm_id":"node/4898179608","category":"universiteit","name":"Faculté de Philosophie, Arts et Lettres","operator":"Université catholique de Louvain"}},{"type":"Feature","geometry":{"type":"Point","coordinates":[4.614829,50.669677]},"properties":{"osm_id":"node/5034704660","category":"universiteit","name":"CPME","operator":"Université catholique de Louvain"}},{"type":"Feature","geometry":{"type":"Point","coordinates":[4.715084,50.87914]},"properties":{"osm_id":"node/5176849016","category":"universiteit","name":"UC Leuven-Limburg Campus Comenius","operator":""}},{"type":"Feature","geometry":{"type":"Point","coordinates":[4.373648,51.998844]},"properties":{"osm_id":"node/5322519147","category":"universiteit","name":"Faculty of Electrical Engineering, Mathematics & Computer Science","operator":"Technische Universiteit Delft"}},{"type":"Feature","geometry":{"type":"Point","coordinates":[4.369927,52.00164]},"properties":{"osm_id":"node/5362228717","category":"universiteit","name":"Faculty of Industrial Design Engineering","operator":""}},{"type":"Feature","geometry":{"type":"Point","coordinates":[5.122334,52.090244]},"properties":{"osm_id":"node/5505164323","category":"universiteit","name":"Academiegebouw","operator":""}},{"type":"Feature","geometry":{"type":"Point","coordinates":[7.107266,50.735185]},"properties":{"osm_id":"node/5520029370","category":"universiteit","name":"Philosophische Fakultät – Institut für Geschichtswissenschaft","operator":""}},{"type":"Feature","geometry":{"type":"Point","coordinates":[7.210212,51.452766]},"properties":{"osm_id":"node/5716208740","category":"universiteit","name":"EBZ Real Estate Innovation Center","operator":""}},{"type":"Feature","geometry":{"type":"Point","coordinates":[5.948297,51.988588]},"properties":{"osm_id":"node/5792930306","category":"universiteit","name":"PABO","operator":"Hogeschool Arnhem Nijmegen (HAN)"}},{"type":"Feature","geometry":{"type":"Point","coordinates":[4.294497,52.085847]},"properties":{"osm_id":"node/5806582502","category":"universiteit","name":"Haagsche Academie voor Internationaal Recht","operator":""}},{"type":"Feature","geometry":{"type":"Point","coordinates":[6.791098,50.658962]},"properties":{"osm_id":"node/5873131343","category":"universiteit","name":"Rheinische Fachhochschule Köln Standort Euskirchen Studiengang Wirtschaftsinformatik","operator":"Rheinische Fachhoschule Köln (RFH)"}},{"type":"Feature","geometry":{"type":"Point","coordinates":[5.961435,51.991461]},"properties":{"osm_id":"node/5942037891","category":"universiteit","name":"Hogeschool van Hall Larenstein","operator":""}},{"type":"Feature","geometry":{"type":"Point","coordinates":[5.950638,51.987207]},"properties":{"osm_id":"node/5964663978","category":"universiteit","name":"Faculteit Techniek","operator":"Hogeschool Arnhem Nijmegen (HAN)"}},{"type":"Feature","geometry":{"type":"Point","coordinates":[5.952258,51.987022]},"properties":{"osm_id":"node/5964663979","category":"universiteit","name":"ICA Media Lab","operator":"Hogeschool Arnhem Nijmegen (HAN)"}},{"type":"Feature","geometry":{"type":"Point","coordinates":[5.951351,51.987495]},"properties":{"osm_id":"node/5964663980","category":"universiteit","name":"Young Business","operator":"Hogeschool Arnhem Nijmegen (HAN)"}},{"type":"Feature","geometry":{"type":"Point","coordinates":[5.95086,51.987917]},"properties":{"osm_id":"node/5964663981","category":"universiteit","name":"Fablab","operator":"Hogeschool Arnhem Nijmegen (HAN)"}},{"type":"Feature","geometry":{"type":"Point","coordinates":[5.947876,51.98902]},"properties":{"osm_id":"node/5964663982","category":"universiteit","name":"HAN Hydromotive","operator":"Hogeschool Arnhem Nijmegen (HAN)"}},{"type":"Feature","geometry":{"type":"Point","coordinates":[5.949212,51.988982]},"properties":{"osm_id":"node/5964663983","category":"universiteit","name":"Arnhem Business School","operator":"Hogeschool Arnhem Nijmegen (HAN)"}},{"type":"Feature","geometry":{"type":"Point","coordinates":[5.95011,51.987843]},"properties":{"osm_id":"node/5964783463","category":"universiteit","name":"Built Enviroment","operator":"Hogeschool Arnhem Nijmegen (HAN)"}},{"type":"Feature","geometry":{"type":"Point","coordinates":[4.464042,51.92552]},"properties":{"osm_id":"node/6017723385","category":"universiteit","name":"Thomas More Hogeschool","operator":""}},{"type":"Feature","geometry":{"type":"Point","coordinates":[3.231869,51.218003]},"properties":{"osm_id":"node/6260013964","category":"universiteit","name":"Universiteit van de Verenigde Naties – CRIS","operator":"Universiteit Gent;VUB"}},{"type":"Feature","geometry":{"type":"Point","coordinates":[6.938992,50.917793]},"properties":{"osm_id":"node/6408719410","category":"universiteit","name":"Ausbildungsinstitut für Kinder- und Jugendpsychotherapie","operator":"Uniklinik Köln"}},{"type":"Feature","geometry":{"type":"Point","coordinates":[4.496472,51.90534]},"properties":{"osm_id":"node/6448398939","category":"universiteit","name":"Capabel Hogeschool","operator":"Capabel Hogeschool"}},{"type":"Feature","geometry":{"type":"Point","coordinates":[4.406164,50.837347]},"properties":{"osm_id":"node/6527720459","category":"universiteit","name":"Maastricht University","operator":""}},{"type":"Feature","geometry":{"type":"Point","coordinates":[7.10523,50.734501]},"properties":{"osm_id":"node/6697187538","category":"universiteit","name":"Institut für Anglistik, Amerikanistik und Keltologie der Universität Bonn","operator":""}},{"type":"Feature","geometry":{"type":"Point","coordinates":[5.352799,50.939973]},"properties":{"osm_id":"node/6814284142","category":"universiteit","name":"PXL-Music","operator":"PXL"}},{"type":"Feature","geometry":{"type":"Point","coordinates":[7.221227,51.480733]},"properties":{"osm_id":"node/6827170930","category":"universiteit","name":"Lehrstuhl für Bürgerliches Recht, Deutsches und Europäisches Handels- und Wirtschaftsrecht","operator":"Juristische Fakultät der Ruhr-Universität Bochum"}},{"type":"Feature","geometry":{"type":"Point","coordinates":[7.221367,51.48068]},"properties":{"osm_id":"node/6827170931","category":"universiteit","name":"Lehrstuhl für Prozessrecht und Bürgerliches Recht","operator":"Juristische Fakultät der Ruhr-Universität Bochum"}},{"type":"Feature","geometry":{"type":"Point","coordinates":[7.221671,51.480686]},"properties":{"osm_id":"node/6827170932","category":"universiteit","name":"Lehrstuhl für Strafrecht und Strafprozessrecht, Wirtschaftsrecht und internationales Strafrecht","operator":"Juristische Fakultät der Ruhr-Universität Bochum"}},{"type":"Feature","geometry":{"type":"Point","coordinates":[7.221516,51.480659]},"properties":{"osm_id":"node/6827170933","category":"universiteit","name":"Lehrstuhl für Kriminologie, Kriminalpolitik und Polizeiwissenschaft","operator":"Juristische Fakultät der Ruhr-Universität Bochum"}},{"type":"Feature","geometry":{"type":"Point","coordinates":[7.221548,51.480623]},"properties":{"osm_id":"node/6827170934","category":"universiteit","name":"Institut für Friedenssicherungsrecht und Humanitäres Völkerrecht","operator":"Ruhr-Universität Bochum"}},{"type":"Feature","geometry":{"type":"Point","coordinates":[7.221215,51.48069]},"properties":{"osm_id":"node/6827170935","category":"universiteit","name":"Lehrstuhl für Öffentliches Recht, Sozial- und Gesundheitsrecht und Rechtsphilosophie","operator":"Juristische Fakultät der Ruhr-Universität Bochum"}},{"type":"Feature","geometry":{"type":"Point","coordinates":[7.221102,51.48068]},"properties":{"osm_id":"node/6827170936","category":"universiteit","name":"Institut für Sozial- und Gesundheitsrecht","operator":"Ruhr-Universiät Bochum"}},{"type":"Feature","geometry":{"type":"Point","coordinates":[7.221275,51.480634]},"properties":{"osm_id":"node/6827170937","category":"universiteit","name":"Lehrstuhl für Strafrecht und Strafprozessrecht","operator":"Ruhr-Universität Bochum"}},{"type":"Feature","geometry":{"type":"Point","coordinates":[7.221676,51.480554]},"properties":{"osm_id":"node/6827170938","category":"universiteit","name":"Professur für Öffentliches Recht","operator":"Juristische Fakultät der Ruhr-Universität Bochum"}},{"type":"Feature","geometry":{"type":"Point","coordinates":[7.221408,51.481068]},"properties":{"osm_id":"node/7430418976","category":"universiteit","name":"Lehrstuhl Klinische Kinder-und Jugendpsychologie","operator":"Fakultät für Psychologie der Ruhr-Universität Bochum"}},{"type":"Feature","geometry":{"type":"Point","coordinates":[7.221585,51.481058]},"properties":{"osm_id":"node/7430418977","category":"universiteit","name":"FBZ Forschungs- und Behandlungszentrum für psychische Gesundheit","operator":"Ruhr-Universität Bochum"}},{"type":"Feature","geometry":{"type":"Point","coordinates":[7.221732,51.481018]},"properties":{"osm_id":"node/7430418978","category":"universiteit","name":"Lehrstuhl Klinische Psychologie & Psychotherapie","operator":"Fakultät für Psychologie der Ruhr-Universität Bochum"}},{"type":"Feature","geometry":{"type":"Point","coordinates":[5.123326,52.093581]},"properties":{"osm_id":"node/8040591365","category":"universiteit","name":"Data School","operator":"Universiteit Utrecht"}},{"type":"Feature","geometry":{"type":"Point","coordinates":[6.950801,50.964599]},"properties":{"osm_id":"node/8097121617","category":"universiteit","name":"Hochschule für Musik und Tanz Köln - Zentrum für Zeitgenössischen Tanz","operator":""}},{"type":"Feature","geometry":{"type":"Point","coordinates":[6.950499,50.964435]},"properties":{"osm_id":"node/8097121621","category":"universiteit","name":"Hochschule für Musik und Tanz Köln - Studiotheater Köln","operator":""}},{"type":"Feature","geometry":{"type":"Point","coordinates":[5.122881,52.081517]},"properties":{"osm_id":"node/8107831259","category":"universiteit","name":"USBO","operator":"Universiteit Utrecht"}},{"type":"Feature","geometry":{"type":"Point","coordinates":[4.729176,50.84836]},"properties":{"osm_id":"node/8258365813","category":"universiteit","name":"Erasmushogeschool Brussel (Campus Leuven)","operator":"Erasmushogeschool Brussel"}},{"type":"Feature","geometry":{"type":"Point","coordinates":[3.589401,51.450356]},"properties":{"osm_id":"node/8319619934","category":"universiteit","name":"De Ruyter Academy","operator":""}},{"type":"Feature","geometry":{"type":"Point","coordinates":[4.95109,52.354977]},"properties":{"osm_id":"node/8364364180","category":"universiteit","name":"Amsterdam University College","operator":""}},{"type":"Feature","geometry":{"type":"Point","coordinates":[5.044505,51.562737]},"properties":{"osm_id":"node/8762208878","category":"universiteit","name":"University College Tilburg","operator":"Tilburg University"}},{"type":"Feature","geometry":{"type":"Point","coordinates":[5.863361,51.820747]},"properties":{"osm_id":"node/8869891239","category":"universiteit","name":"Open Universiteit","operator":""}},{"type":"Feature","geometry":{"type":"Point","coordinates":[7.063284,51.442111]},"properties":{"osm_id":"node/9024885740","category":"universiteit","name":"Studienambulanz","operator":""}},{"type":"Feature","geometry":{"type":"Point","coordinates":[7.06328,51.442138]},"properties":{"osm_id":"node/9024885741","category":"universiteit","name":"Institut für Naturheilkunde","operator":""}},{"type":"Feature","geometry":{"type":"Point","coordinates":[7.063141,51.442079]},"properties":{"osm_id":"node/9024885742","category":"universiteit","name":"Traditionelle Indische Medizin (TIM)","operator":""}},{"type":"Feature","geometry":{"type":"Point","coordinates":[7.063135,51.442104]},"properties":{"osm_id":"node/9024885743","category":"universiteit","name":"Traditionelle Chinesische Medizin (TCM)","operator":""}},{"type":"Feature","geometry":{"type":"Point","coordinates":[3.710133,51.05994]},"properties":{"osm_id":"node/9060196050","category":"universiteit","name":"KU Leuven, Campus Rabot","operator":"KU Leuven"}},{"type":"Feature","geometry":{"type":"Point","coordinates":[5.685603,50.849911]},"properties":{"osm_id":"node/9131105566","category":"universiteit","name":"Maastricht University, Faculty of Arts and Social Sciences","operator":"Maastricht University"}},{"type":"Feature","geometry":{"type":"Point","coordinates":[7.097549,50.727961]},"properties":{"osm_id":"node/9238095089","category":"universiteit","name":"","operator":""}},{"type":"Feature","geometry":{"type":"Point","coordinates":[4.411209,51.222467]},"properties":{"osm_id":"node/9264690599","category":"universiteit","name":"Stadscampus: Ruusbroecgenootschap","operator":"Universiteit Antwerpen"}},{"type":"Feature","geometry":{"type":"Point","coordinates":[5.166797,52.227193]},"properties":{"osm_id":"node/9495450220","category":"universiteit","name":"Volksuniversiteit Hilversum","operator":"Openbare Bibliotheek en Volksuniversiteit Hilversum"}},{"type":"Feature","geometry":{"type":"Point","coordinates":[4.679158,51.797127]},"properties":{"osm_id":"node/9581664024","category":"universiteit","name":"Dordrecht Academy","operator":""}},{"type":"Feature","geometry":{"type":"Point","coordinates":[4.867898,52.334495]},"properties":{"osm_id":"node/9661002004","category":"universiteit","name":"Protestantse Theologische Universiteit","operator":""}},{"type":"Feature","geometry":{"type":"Point","coordinates":[4.31852,52.077431]},"properties":{"osm_id":"node/9843863055","category":"universiteit","name":"Koninklijk Conservatorium Den Haag","operator":""}},{"type":"Feature","geometry":{"type":"Point","coordinates":[5.715119,50.839588]},"properties":{"osm_id":"node/9853873426","category":"universiteit","name":"Faculty of Science and Engineering","operator":""}},{"type":"Feature","geometry":{"type":"Point","coordinates":[6.922663,50.946045]},"properties":{"osm_id":"node/10047302168","category":"universiteit","name":"FOM","operator":""}},{"type":"Feature","geometry":{"type":"Point","coordinates":[7.132544,51.252524]},"properties":{"osm_id":"node/10269357767","category":"universiteit","name":"Hochschule FOM","operator":""}},{"type":"Feature","geometry":{"type":"Point","coordinates":[4.864918,52.334721]},"properties":{"osm_id":"node/10572571435","category":"universiteit","name":"Open Universiteit","operator":""}},{"type":"Feature","geometry":{"type":"Point","coordinates":[4.373471,52.002192]},"properties":{"osm_id":"node/10586621543","category":"universiteit","name":"TU Aula Congrescentrum","operator":""}},{"type":"Feature","geometry":{"type":"Point","coordinates":[3.232406,51.209738]},"properties":{"osm_id":"node/10703107446","category":"universiteit","name":"Flanders Culinary Arts Centre","operator":"VIVES & Hotelschool Ter Duinen"}},{"type":"Feature","geometry":{"type":"Point","coordinates":[3.205032,51.18787]},"properties":{"osm_id":"node/10758996089","category":"universiteit","name":"VIVES Brugge Business School","operator":"VIVES"}},{"type":"Feature","geometry":{"type":"Point","coordinates":[7.172476,51.951498]},"properties":{"osm_id":"node/10829466188","category":"universiteit","name":"Außenstelle Fernuniverstität Hagen","operator":""}},{"type":"Feature","geometry":{"type":"Point","coordinates":[4.461187,51.901863]},"properties":{"osm_id":"node/10989403651","category":"universiteit","name":"Hogeschool Rotterdam","operator":"Hogeschool Rotterdam"}},{"type":"Feature","geometry":{"type":"Point","coordinates":[6.566302,53.219466]},"properties":{"osm_id":"node/11001171611","category":"universiteit","name":"House of Connections","operator":"Rijksuniversiteit Groningen"}},{"type":"Feature","geometry":{"type":"Point","coordinates":[4.960017,52.37623]},"properties":{"osm_id":"node/11010942197","category":"universiteit","name":"Hogeschool Inholland Amsterdam","operator":"Hogeschool Inholland"}},{"type":"Feature","geometry":{"type":"Point","coordinates":[4.442441,50.853638]},"properties":{"osm_id":"node/11042211564","category":"universiteit","name":"Institut de Médecine Dentaire et Stomatologie","operator":"UCLouvain Bruxelles Woluwe"}},{"type":"Feature","geometry":{"type":"Point","coordinates":[4.902839,52.384277]},"properties":{"osm_id":"node/11188700427","category":"universiteit","name":"Breitner Academie","operator":"Amsterdamse Hogeschool voor de Kunsten"}},{"type":"Feature","geometry":{"type":"Point","coordinates":[7.008935,51.456242]},"properties":{"osm_id":"node/11251150558","category":"universiteit","name":"Optrain - Bildungszentrum","operator":""}},{"type":"Feature","geometry":{"type":"Point","coordinates":[5.689717,50.854968]},"properties":{"osm_id":"node/11377675523","category":"universiteit","name":"UNU-MERIT","operator":"United Nations University (UNU)"}},{"type":"Feature","geometry":{"type":"Point","coordinates":[6.966983,50.95401]},"properties":{"osm_id":"node/11412257362","category":"universiteit","name":"Kolping Hochschule","operator":""}},{"type":"Feature","geometry":{"type":"Point","coordinates":[6.940134,50.933425]},"properties":{"osm_id":"node/11414391766","category":"universiteit","name":"Fachhochschule des Mittelstandes","operator":""}},{"type":"Feature","geometry":{"type":"Point","coordinates":[7.009582,50.966023]},"properties":{"osm_id":"node/11414517565","category":"universiteit","name":"Deutsche Hochschule für Gesundheit und Sport","operator":""}},{"type":"Feature","geometry":{"type":"Point","coordinates":[7.009505,50.965953]},"properties":{"osm_id":"node/11414523667","category":"universiteit","name":"Hochschule für angewandtes Management","operator":""}},{"type":"Feature","geometry":{"type":"Point","coordinates":[6.946092,50.943817]},"properties":{"osm_id":"node/11414542207","category":"universiteit","name":"Hochschule für Polizei und öffentliche Verwaltung","operator":""}},{"type":"Feature","geometry":{"type":"Point","coordinates":[6.96405,50.912096]},"properties":{"osm_id":"node/11414556087","category":"universiteit","name":"IB Hochschule für Gesundheit und Soziales","operator":""}},{"type":"Feature","geometry":{"type":"Point","coordinates":[6.950748,50.937006]},"properties":{"osm_id":"node/11414563826","category":"universiteit","name":"Hochschule Macromedia","operator":""}},{"type":"Feature","geometry":{"type":"Point","coordinates":[6.945174,50.949247]},"properties":{"osm_id":"node/11416610228","category":"universiteit","name":"International School of Management","operator":""}},{"type":"Feature","geometry":{"type":"Point","coordinates":[7.0759,50.898553]},"properties":{"osm_id":"node/11416652893","category":"universiteit","name":"Hochschule für Polizei und öffentl. Verwaltung","operator":""}},{"type":"Feature","geometry":{"type":"Point","coordinates":[6.945131,50.948717]},"properties":{"osm_id":"node/11416677673","category":"universiteit","name":"HHL Leipzig Graduate School of Management","operator":""}},{"type":"Feature","geometry":{"type":"Point","coordinates":[7.184325,50.780228]},"properties":{"osm_id":"node/11510959194","category":"universiteit","name":"F","operator":"Hochschule Bonn-Rhein-Sieg"}},{"type":"Feature","geometry":{"type":"Point","coordinates":[5.123316,52.094716]},"properties":{"osm_id":"node/11613062970","category":"universiteit","name":"Centre for Digital Humanities","operator":"Universiteit Utrecht"}},{"type":"Feature","geometry":{"type":"Point","coordinates":[5.12482,52.094997]},"properties":{"osm_id":"node/11613100737","category":"universiteit","name":"Digital Humanities Workspace","operator":"Utrecht University"}},{"type":"Feature","geometry":{"type":"Point","coordinates":[5.122823,52.093956]},"properties":{"osm_id":"node/11613296338","category":"universiteit","name":"Institute for Language Sciences Labs","operator":"Universiteit Utrecht"}},{"type":"Feature","geometry":{"type":"Point","coordinates":[5.123289,52.094777]},"properties":{"osm_id":"node/11613296339","category":"universiteit","name":"Research Software Lab","operator":"Universiteit Utrecht"}},{"type":"Feature","geometry":{"type":"Point","coordinates":[5.123264,52.094655]},"properties":{"osm_id":"node/11613296340","category":"universiteit","name":"Humanities IT","operator":"Universiteit Utrecht"}},{"type":"Feature","geometry":{"type":"Point","coordinates":[5.384959,50.927609]},"properties":{"osm_id":"node/11804753107","category":"universiteit","name":"PXL-Tech","operator":""}},{"type":"Feature","geometry":{"type":"Point","coordinates":[4.893177,52.344582]},"properties":{"osm_id":"node/11835354313","category":"universiteit","name":"Mediacollege Amsterdam","operator":""}},{"type":"Feature","geometry":{"type":"Point","coordinates":[6.849287,51.423576]},"properties":{"osm_id":"node/11958528240","category":"universiteit","name":"Hochschule Ruhr West | Parkstadt Mülheim","operator":""}},{"type":"Feature","geometry":{"type":"Point","coordinates":[6.422078,51.187679]},"properties":{"osm_id":"node/12150125940","category":"universiteit","name":"Junior Uni","operator":"JuniorUniversität Mönchengladbach gGmbH (Wissenscampus Mönchengladbach e.V)"}},{"type":"Feature","geometry":{"type":"Point","coordinates":[4.439981,50.844462]},"properties":{"osm_id":"node/12153780831","category":"universiteit","name":"ESA LE 75","operator":""}},{"type":"Feature","geometry":{"type":"Point","coordinates":[7.150461,51.243683]},"properties":{"osm_id":"node/12194552633","category":"universiteit","name":"HS 33 (K.11.24)","operator":"Bergische Universität Wuppertal"}},{"type":"Feature","geometry":{"type":"Point","coordinates":[6.789923,51.249783]},"properties":{"osm_id":"node/12329149286","category":"universiteit","name":"Gebäude 10: Forum Derendorf","operator":""}},{"type":"Feature","geometry":{"type":"Point","coordinates":[3.250131,50.822194]},"properties":{"osm_id":"node/12361558775","category":"universiteit","name":"Howest campus Kortrijk Weide","operator":"Universiteit Gent;Howest"}},{"type":"Feature","geometry":{"type":"Point","coordinates":[3.249584,50.824686]},"properties":{"osm_id":"node/12361558779","category":"universiteit","name":"Howest campus Kortrijk Weide","operator":"Universiteit Gent;Howest"}},{"type":"Feature","geometry":{"type":"Point","coordinates":[3.25124,50.825516]},"properties":{"osm_id":"node/12361558780","category":"universiteit","name":"UGent campus Kortrijk","operator":"Universiteit Gent"}},{"type":"Feature","geometry":{"type":"Point","coordinates":[5.123339,52.092644]},"properties":{"osm_id":"node/12378463501","category":"universiteit","name":"Theologische Universiteit Utrecht","operator":""}},{"type":"Feature","geometry":{"type":"Point","coordinates":[4.378912,50.813761]},"properties":{"osm_id":"node/12379370034","category":"universiteit","name":"Solvay Brussels School of Economics & Management","operator":"Université Libre de Bruxelles"}},{"type":"Feature","geometry":{"type":"Point","coordinates":[7.011423,50.968213]},"properties":{"osm_id":"node/12550881178","category":"universiteit","name":"Cologne Game Lab (Institut der TH Köln)","operator":""}},{"type":"Feature","geometry":{"type":"Point","coordinates":[7.013203,51.457811]},"properties":{"osm_id":"node/12729108272","category":"universiteit","name":"Fortbildungsakademie der Wirtschaft (FAW) gGmbH","operator":""}},{"type":"Feature","geometry":{"type":"Point","coordinates":[4.70741,50.878026]},"properties":{"osm_id":"node/12782223725","category":"universiteit","name":"Universiteitsarchief KU Leuven","operator":""}},{"type":"Feature","geometry":{"type":"Point","coordinates":[5.716866,50.836689]},"properties":{"osm_id":"node/12842225128","category":"universiteit","name":"UNS40 - Faculty of Psychology and Neuroscience","operator":""}},{"type":"Feature","geometry":{"type":"Point","coordinates":[6.886825,52.218883]},"properties":{"osm_id":"node/13142580751","category":"universiteit","name":"TPAC-ThermoPlastic composites Application Center","operator":"Saxion"}},{"type":"Feature","geometry":{"type":"Point","coordinates":[7.050739,51.503754]},"properties":{"osm_id":"node/13142628831","category":"universiteit","name":"ZiFF - Therapie & Fortbildung","operator":"ZiFF - GmbH"}},{"type":"Feature","geometry":{"type":"Point","coordinates":[6.712204,51.203066]},"properties":{"osm_id":"node/13147682115","category":"universiteit","name":"CBS","operator":""}},{"type":"Feature","geometry":{"type":"Point","coordinates":[4.96103,51.159902]},"properties":{"osm_id":"node/13167440408","category":"universiteit","name":"KU Leuven - Campus Geel","operator":"Katholieke Universiteit Leuven"}},{"type":"Feature","geometry":{"type":"Point","coordinates":[6.915548,50.92681]},"properties":{"osm_id":"node/13287241769","category":"universiteit","name":"Cologne Center for Advanced Studies in International History and Law (CHL)","operator":"Universität zu Köln"}},{"type":"Feature","geometry":{"type":"Point","coordinates":[5.044659,51.564221]},"properties":{"osm_id":"node/13308839062","category":"universiteit","name":"TIAS School for Business and Society","operator":""}},{"type":"Feature","geometry":{"type":"Point","coordinates":[6.769575,51.250018]},"properties":{"osm_id":"node/13358918556","category":"universiteit","name":"Institut für Musik und Medien","operator":""}},{"type":"Feature","geometry":{"type":"Point","coordinates":[6.571288,53.224753]},"properties":{"osm_id":"node/13533844532","category":"universiteit","name":"UMCG Genetica","operator":""}},{"type":"Feature","geometry":{"type":"Point","coordinates":[4.61173,50.670256]},"properties":{"osm_id":"node/13614108439","category":"universiteit","name":"Haute School Léonard De Vinci. Implantation Lovano_1","operator":"Haute School Léonard De Vinci"}},{"type":"Feature","geometry":{"type":"Point","coordinates":[3.610498,51.499598]},"properties":{"osm_id":"node/13820460458","category":"universiteit","name":"University College Roosevelt (Eleanor)","operator":""}},{"type":"Feature","geometry":{"type":"Point","coordinates":[3.609497,51.499798]},"properties":{"osm_id":"node/13820460459","category":"universiteit","name":"University College Roosevelt (Anne)","operator":""}},{"type":"Feature","geometry":{"type":"Point","coordinates":[4.420152,51.184322]},"properties":{"osm_id":"way/4342051","category":"universiteit","name":"Campus Middelheim Universiteit Antwerpen","operator":"Universiteit Antwerpen"}},{"type":"Feature","geometry":{"type":"Point","coordinates":[4.415337,51.178162]},"properties":{"osm_id":"way/4382349","category":"universiteit","name":"Campus Groenenborger Universiteit Antwerpen","operator":"Universiteit Antwerpen"}},{"type":"Feature","geometry":{"type":"Point","coordinates":[5.865848,51.821504]},"properties":{"osm_id":"way/4747311","category":"universiteit","name":"Radboud Universiteit","operator":""}},{"type":"Feature","geometry":{"type":"Point","coordinates":[7.097623,50.75213]},"properties":{"osm_id":"way/4748827","category":"universiteit","name":"","operator":""}},{"type":"Feature","geometry":{"type":"Point","coordinates":[6.153905,51.353445]},"properties":{"osm_id":"way/6313603","category":"universiteit","name":"Fontys Hogescholen","operator":""}},{"type":"Feature","geometry":{"type":"Point","coordinates":[6.534256,53.239796]},"properties":{"osm_id":"way/6320703","category":"universiteit","name":"Zernike Campus","operator":"University of Groningen & Hanzehogeschool"}},{"type":"Feature","geometry":{"type":"Point","coordinates":[5.490203,51.44883]},"properties":{"osm_id":"way/9923996","category":"universiteit","name":"Technische Universiteit Eindhoven","operator":""}},{"type":"Feature","geometry":{"type":"Point","coordinates":[4.408328,51.160583]},"properties":{"osm_id":"way/18947151","category":"universiteit","name":"Campus Drie Eiken Universiteit Antwerpen","operator":"Universiteit Antwerpen"}},{"type":"Feature","geometry":{"type":"Point","coordinates":[4.411424,51.224331]},"properties":{"osm_id":"way/22953763","category":"universiteit","name":"Universiteit Antwerpen","operator":"Universiteit Antwerpen"}},{"type":"Feature","geometry":{"type":"Point","coordinates":[4.709678,50.877409]},"properties":{"osm_id":"way/23416930","category":"universiteit","name":"Erasmushuis","operator":"KU Leuven"}},{"type":"Feature","geometry":{"type":"Point","coordinates":[5.395501,50.92898]},"properties":{"osm_id":"way/23587652","category":"universiteit","name":"UCLL","operator":""}},{"type":"Feature","geometry":{"type":"Point","coordinates":[5.490741,51.45359]},"properties":{"osm_id":"way/23823324","category":"universiteit","name":"Vector","operator":""}},{"type":"Feature","geometry":{"type":"Point","coordinates":[3.714813,51.025039]},"properties":{"osm_id":"way/24311154","category":"universiteit","name":"UGent campus Sterre","operator":"Universiteit Gent"}},{"type":"Feature","geometry":{"type":"Point","coordinates":[7.148944,51.244469]},"properties":{"osm_id":"way/24476537","category":"universiteit","name":"Bergische Universität Wuppertal - Campus Grifflenberg","operator":""}},{"type":"Feature","geometry":{"type":"Point","coordinates":[7.027881,51.57411]},"properties":{"osm_id":"way/24851030","category":"universiteit","name":"Westfälische Hochschule Gebäude A","operator":"Westfälische Hochschule"}},{"type":"Feature","geometry":{"type":"Point","coordinates":[7.029187,51.576321]},"properties":{"osm_id":"way/24851127","category":"universiteit","name":"D","operator":""}},{"type":"Feature","geometry":{"type":"Point","coordinates":[4.525682,51.917512]},"properties":{"osm_id":"way/26434527","category":"universiteit","name":"Erasmus Universiteit Rotterdam","operator":""}},{"type":"Feature","geometry":{"type":"Point","coordinates":[7.129281,50.705492]},"properties":{"osm_id":"way/26626851","category":"universiteit","name":"Universität Bonn","operator":""}},{"type":"Feature","geometry":{"type":"Point","coordinates":[4.95532,52.354451]},"properties":{"osm_id":"way/26778806","category":"universiteit","name":"Science Park Amsterdam","operator":""}},{"type":"Feature","geometry":{"type":"Point","coordinates":[4.913226,52.363765]},"properties":{"osm_id":"way/27062097","category":"universiteit","name":"Roeterseiland (UvA)","operator":"Universiteit van Amsterdam"}},{"type":"Feature","geometry":{"type":"Point","coordinates":[4.700162,50.877907]},"properties":{"osm_id":"way/27289013","category":"universiteit","name":"","operator":""}},{"type":"Feature","geometry":{"type":"Point","coordinates":[7.084105,50.723834]},"properties":{"osm_id":"way/28747002","category":"universiteit","name":"Vegetationsanlage Pflanzenernährung","operator":""}},{"type":"Feature","geometry":{"type":"Point","coordinates":[4.306323,50.886986]},"properties":{"osm_id":"way/29451706","category":"universiteit","name":"Vrije Universiteit Brussel — Campus Jette","operator":"Vrije Universiteit Brussel"}},{"type":"Feature","geometry":{"type":"Point","coordinates":[7.069659,51.186217]},"properties":{"osm_id":"way/29478941","category":"universiteit","name":"","operator":""}},{"type":"Feature","geometry":{"type":"Point","coordinates":[4.265575,50.813407]},"properties":{"osm_id":"way/30147960","category":"universiteit","name":"Université libre de Bruxelles (Érasme)","operator":""}},{"type":"Feature","geometry":{"type":"Point","coordinates":[4.361184,50.853465]},"properties":{"osm_id":"way/30334638","category":"universiteit","name":"UCLouvain Saint-Louis","operator":""}},{"type":"Feature","geometry":{"type":"Point","coordinates":[4.397304,50.819438]},"properties":{"osm_id":"way/30358555","category":"universiteit","name":"Université libre de Bruxelles — La Plaine","operator":""}},{"type":"Feature","geometry":{"type":"Point","coordinates":[7.045253,51.490985]},"properties":{"osm_id":"way/30413724","category":"universiteit","name":"Kompetenzzentrum Zollverein (Essen)","operator":"TÜV Nord"}},{"type":"Feature","geometry":{"type":"Point","coordinates":[5.044682,51.563065]},"properties":{"osm_id":"way/34107438","category":"universiteit","name":"Tilburg University","operator":""}},{"type":"Feature","geometry":{"type":"Point","coordinates":[4.500052,51.068192]},"properties":{"osm_id":"way/38286358","category":"universiteit","name":"De Nayer Instituut","operator":""}},{"type":"Feature","geometry":{"type":"Point","coordinates":[6.526111,53.249964]},"properties":{"osm_id":"way/42408995","category":"universiteit","name":"Kernfysisch Versneller Instituut","operator":""}},{"type":"Feature","geometry":{"type":"Point","coordinates":[4.671184,50.879463]},"properties":{"osm_id":"way/42772453","category":"universiteit","name":"GHB. Fase III CDG Blok 41-44","operator":""}},{"type":"Feature","geometry":{"type":"Point","coordinates":[4.66164,50.876117]},"properties":{"osm_id":"way/42772512","category":"universiteit","name":"","operator":""}},{"type":"Feature","geometry":{"type":"Point","coordinates":[4.371157,52.005361]},"properties":{"osm_id":"way/44383240","category":"universiteit","name":"Ketelhuis","operator":""}},{"type":"Feature","geometry":{"type":"Point","coordinates":[4.914738,52.364067]},"properties":{"osm_id":"way/45038653","category":"universiteit","name":"P","operator":""}},{"type":"Feature","geometry":{"type":"Point","coordinates":[6.567746,53.227452]},"properties":{"osm_id":"way/47469454","category":"universiteit","name":"Wiebengacomplex","operator":"Hanze Hogeschool"}},{"type":"Feature","geometry":{"type":"Point","coordinates":[6.561331,53.214727]},"properties":{"osm_id":"way/47470495","category":"universiteit","name":"Academie Minerva","operator":""}},{"type":"Feature","geometry":{"type":"Point","coordinates":[4.707916,50.874844]},"properties":{"osm_id":"way/48247162","category":"universiteit","name":"Campus Groep T","operator":"KU Leuven"}},{"type":"Feature","geometry":{"type":"Point","coordinates":[4.708187,50.873912]},"properties":{"osm_id":"way/48392360","category":"universiteit","name":"Centrum voor Levende Talen","operator":"KU Leuven"}},{"type":"Feature","geometry":{"type":"Point","coordinates":[5.147978,52.083335]},"properties":{"osm_id":"way/48990636","category":"universiteit","name":"International Campus Utrecht","operator":"Universiteit Utrecht"}},{"type":"Feature","geometry":{"type":"Point","coordinates":[3.707568,51.053163]},"properties":{"osm_id":"way/51921285","category":"universiteit","name":"UGent campus Coupure","operator":"Universiteit Gent"}},{"type":"Feature","geometry":{"type":"Point","coordinates":[4.482554,52.158451]},"properties":{"osm_id":"way/52964279","category":"universiteit","name":"Reuvens","operator":"Universiteit Leiden"}},{"type":"Feature","geometry":{"type":"Point","coordinates":[4.483887,52.154838]},"properties":{"osm_id":"way/52966204","category":"universiteit","name":"Oude Sterrewacht (hoofdgebouw)","operator":"Universiteit Leiden"}},{"type":"Feature","geometry":{"type":"Point","coordinates":[5.285025,51.686734]},"properties":{"osm_id":"way/55393545","category":"universiteit","name":"HAS green academy","operator":""}},{"type":"Feature","geometry":{"type":"Point","coordinates":[6.984991,51.435403]},"properties":{"osm_id":"way/58698213","category":"universiteit","name":"Fachschulen & Bildungsakademie","operator":"Universitätsklinikum Essen"}},{"type":"Feature","geometry":{"type":"Point","coordinates":[6.989005,50.934123]},"properties":{"osm_id":"way/61403787","category":"universiteit","name":"Technische Hochschule Köln (Campus Deutz)","operator":""}},{"type":"Feature","geometry":{"type":"Point","coordinates":[7.077891,51.390636]},"properties":{"osm_id":"way/61480624","category":"universiteit","name":"Hochschule der bildenden Künste Essen","operator":"HBK Essen GmbH"}},{"type":"Feature","geometry":{"type":"Point","coordinates":[7.048454,50.936143]},"properties":{"osm_id":"way/68363834","category":"universiteit","name":"Institut für Forschung in der Operativen Medizin","operator":"Universität Witten/Herdecke"}},{"type":"Feature","geometry":{"type":"Point","coordinates":[6.405405,50.908938]},"properties":{"osm_id":"way/70223035","category":"universiteit","name":"German Research School for Simulation Sciences","operator":""}},{"type":"Feature","geometry":{"type":"Point","coordinates":[6.869595,50.934203]},"properties":{"osm_id":"way/73097228","category":"universiteit","name":"Halle 1 und 2","operator":""}},{"type":"Feature","geometry":{"type":"Point","coordinates":[6.869795,50.934016]},"properties":{"osm_id":"way/73298867","category":"universiteit","name":"Deutsche Sporthochschule Köln","operator":""}},{"type":"Feature","geometry":{"type":"Point","coordinates":[6.087978,50.771915]},"properties":{"osm_id":"way/84177563","category":"universiteit","name":"Hochschule für Musik und Tanz Köln, Standort Aachen","operator":""}},{"type":"Feature","geometry":{"type":"Point","coordinates":[6.375122,50.936607]},"properties":{"osm_id":"way/84506876","category":"universiteit","name":"Fachhochschule Aachen, Campus Jülich","operator":""}},{"type":"Feature","geometry":{"type":"Point","coordinates":[7.100181,50.740392]},"properties":{"osm_id":"way/85225022","category":"universiteit","name":"Universitätszahnklinik Bonn - Lehrgebäude","operator":"Universitätsklinikum Bonn"}},{"type":"Feature","geometry":{"type":"Point","coordinates":[4.774606,50.85539]},"properties":{"osm_id":"way/87758940","category":"universiteit","name":"Salve Mater Sint Lucas","operator":""}},{"type":"Feature","geometry":{"type":"Point","coordinates":[4.772281,51.200963]},"properties":{"osm_id":"way/88371333","category":"universiteit","name":"Thomas More","operator":""}},{"type":"Feature","geometry":{"type":"Point","coordinates":[5.393338,51.155614]},"properties":{"osm_id":"way/88566826","category":"universiteit","name":"Oud Gemeentehuis","operator":""}},{"type":"Feature","geometry":{"type":"Point","coordinates":[4.704123,50.87379]},"properties":{"osm_id":"way/88634864","category":"universiteit","name":"Leercentrum AGORA","operator":"KU Leuven"}},{"type":"Feature","geometry":{"type":"Point","coordinates":[4.498797,51.068419]},"properties":{"osm_id":"way/94627283","category":"universiteit","name":"N-blok","operator":""}},{"type":"Feature","geometry":{"type":"Point","coordinates":[4.700411,50.874894]},"properties":{"osm_id":"way/94814746","category":"universiteit","name":"Huis De Munter","operator":"KU Leuven"}},{"type":"Feature","geometry":{"type":"Point","coordinates":[4.661173,50.876144]},"properties":{"osm_id":"way/94926318","category":"universiteit","name":"","operator":""}},{"type":"Feature","geometry":{"type":"Point","coordinates":[4.70102,50.875971]},"properties":{"osm_id":"way/95932913","category":"universiteit","name":"Instituut voor Dierkunde","operator":"KU Leuven"}},{"type":"Feature","geometry":{"type":"Point","coordinates":[4.707485,50.87438]},"properties":{"osm_id":"way/96918137","category":"universiteit","name":"Van Den Heuvelinstituut","operator":"KU Leuven"}},{"type":"Feature","geometry":{"type":"Point","coordinates":[7.10759,50.731822]},"properties":{"osm_id":"way/103575888","category":"universiteit","name":"Alt-Katholisches Seminar","operator":"Universität Bonn"}},{"type":"Feature","geometry":{"type":"Point","coordinates":[7.107685,50.731718]},"properties":{"osm_id":"way/103575915","category":"universiteit","name":"Robert Schuman-Institut (Institut Français)","operator":"Universität Bonn"}},{"type":"Feature","geometry":{"type":"Point","coordinates":[6.557759,53.222656]},"properties":{"osm_id":"way/103631008","category":"universiteit","name":"Faculteit Gedrags- en Maatschappijwetenschappen","operator":""}},{"type":"Feature","geometry":{"type":"Point","coordinates":[6.563241,53.219444]},"properties":{"osm_id":"way/104515337","category":"universiteit","name":"Rijksuniversiteit Groningen","operator":""}},{"type":"Feature","geometry":{"type":"Point","coordinates":[6.560576,53.219054]},"properties":{"osm_id":"way/104529174","category":"universiteit","name":"Harmoniecomplex","operator":"Rijksuniversiteit Groningen"}},{"type":"Feature","geometry":{"type":"Point","coordinates":[4.709788,50.876897]},"properties":{"osm_id":"way/104797533","category":"universiteit","name":"Augusta de Creefthuis","operator":"KU Leuven"}},{"type":"Feature","geometry":{"type":"Point","coordinates":[4.708674,50.873915]},"properties":{"osm_id":"way/107830919","category":"universiteit","name":"Studentenwoning","operator":"KU Leuven"}},{"type":"Feature","geometry":{"type":"Point","coordinates":[7.093374,50.745704]},"properties":{"osm_id":"way/108273701","category":"universiteit","name":"Institut für Psychologie","operator":""}},{"type":"Feature","geometry":{"type":"Point","coordinates":[3.723994,51.051536]},"properties":{"osm_id":"way/111976648","category":"universiteit","name":"UGent campus Aula","operator":"Universiteit Gent"}},{"type":"Feature","geometry":{"type":"Point","coordinates":[3.703338,51.033143]},"properties":{"osm_id":"way/113565640","category":"universiteit","name":"HoGent/UGent campus Schoonmeersen","operator":"Hogeschool Gent;Universiteit Gent"}},{"type":"Feature","geometry":{"type":"Point","coordinates":[3.293222,50.805658]},"properties":{"osm_id":"way/114537842","category":"universiteit","name":"KU Leuven Kulak","operator":"KU Leuven"}},{"type":"Feature","geometry":{"type":"Point","coordinates":[3.719645,51.045611]},"properties":{"osm_id":"way/116408106","category":"universiteit","name":"UGent campus Rommelaere","operator":"Universiteit Gent"}},{"type":"Feature","geometry":{"type":"Point","coordinates":[4.706378,50.904717]},"properties":{"osm_id":"way/117528327","category":"universiteit","name":"Het Boothuis","operator":""}},{"type":"Feature","geometry":{"type":"Point","coordinates":[4.705447,50.877767]},"properties":{"osm_id":"way/122113263","category":"universiteit","name":"De Valk 3","operator":"KU Leuven"}},{"type":"Feature","geometry":{"type":"Point","coordinates":[4.705965,50.877576]},"properties":{"osm_id":"way/122113292","category":"universiteit","name":"Herbert-Hooverhuis","operator":"KU Leuven"}},{"type":"Feature","geometry":{"type":"Point","coordinates":[4.408589,51.22196]},"properties":{"osm_id":"way/126218971","category":"universiteit","name":"","operator":""}},{"type":"Feature","geometry":{"type":"Point","coordinates":[4.793616,51.585746]},"properties":{"osm_id":"way/126288775","category":"universiteit","name":"Avans Hogeschool","operator":""}},{"type":"Feature","geometry":{"type":"Point","coordinates":[7.087513,50.724375]},"properties":{"osm_id":"way/128133018","category":"universiteit","name":"Life & Medical Sciences-Institut","operator":"Universität Bonn"}},{"type":"Feature","geometry":{"type":"Point","coordinates":[7.088369,50.72469]},"properties":{"osm_id":"way/128133022","category":"universiteit","name":"Biozentrum","operator":"Universität Bonn"}},{"type":"Feature","geometry":{"type":"Point","coordinates":[6.569491,51.316403]},"properties":{"osm_id":"way/129205682","category":"universiteit","name":"Hochschule Niederrhein, Campus Krefeld-Süd","operator":""}},{"type":"Feature","geometry":{"type":"Point","coordinates":[4.707237,50.87581]},"properties":{"osm_id":"way/130981814","category":"universiteit","name":"Psychologisch Instituut","operator":"KU Leuven"}},{"type":"Feature","geometry":{"type":"Point","coordinates":[4.665108,50.858904]},"properties":{"osm_id":"way/133614911","category":"universiteit","name":"Jezuïetenhof","operator":"KU Leuven"}},{"type":"Feature","geometry":{"type":"Point","coordinates":[7.018069,51.372452]},"properties":{"osm_id":"way/136621928","category":"universiteit","name":"B E W Bildungszentrum","operator":""}},{"type":"Feature","geometry":{"type":"Point","coordinates":[3.714545,51.042525]},"properties":{"osm_id":"way/136864406","category":"universiteit","name":"HOGENT campus Mercator","operator":""}},{"type":"Feature","geometry":{"type":"Point","coordinates":[4.688874,50.870362]},"properties":{"osm_id":"way/138515960","category":"universiteit","name":"De Vesten","operator":"KU Leuven"}},{"type":"Feature","geometry":{"type":"Point","coordinates":[4.689904,50.869743]},"properties":{"osm_id":"way/138612164","category":"universiteit","name":"Johannes XXIII blok D","operator":"KU Leuven"}},{"type":"Feature","geometry":{"type":"Point","coordinates":[7.101761,50.731562]},"properties":{"osm_id":"way/141076080","category":"universiteit","name":"Bonn Graduate School of Economics","operator":"Universität Bonn"}},{"type":"Feature","geometry":{"type":"Point","coordinates":[6.545891,51.500396]},"properties":{"osm_id":"way/141692500","category":"universiteit","name":"Hochschule Rhein-Waal","operator":"Hochschule Rhein-Waal"}},{"type":"Feature","geometry":{"type":"Point","coordinates":[7.088904,50.726383]},"properties":{"osm_id":"way/142937229","category":"universiteit","name":"Universität Bonn – Campus Poppelsdorf","operator":"Universität Bonn"}},{"type":"Feature","geometry":{"type":"Point","coordinates":[6.854576,52.243457]},"properties":{"osm_id":"way/144601742","category":"universiteit","name":"Universiteit Twente","operator":""}},{"type":"Feature","geometry":{"type":"Point","coordinates":[6.791376,51.247795]},"properties":{"osm_id":"way/144648665","category":"universiteit","name":"Hochschule Düsseldorf","operator":"Land Nordrhein-Westfalen"}},{"type":"Feature","geometry":{"type":"Point","coordinates":[4.273636,50.893078]},"properties":{"osm_id":"way/147282451","category":"universiteit","name":"PIVO-campus","operator":""}},{"type":"Feature","geometry":{"type":"Point","coordinates":[5.480954,51.451709]},"properties":{"osm_id":"way/150553268","category":"universiteit","name":"Fontys Hogeschool Eindhoven","operator":""}},{"type":"Feature","geometry":{"type":"Point","coordinates":[6.709421,51.193706]},"properties":{"osm_id":"way/150872923","category":"universiteit","name":"St. Elisabeth-Akademie","operator":"St. Elisabeth-Akademie gGmbH"}},{"type":"Feature","geometry":{"type":"Point","coordinates":[4.699352,50.894039]},"properties":{"osm_id":"way/151093171","category":"universiteit","name":"Woning Wilsele","operator":""}},{"type":"Feature","geometry":{"type":"Point","coordinates":[7.117922,50.983582]},"properties":{"osm_id":"way/155343158","category":"universiteit","name":"FHDW Gebäude D","operator":""}},{"type":"Feature","geometry":{"type":"Point","coordinates":[7.118079,50.983043]},"properties":{"osm_id":"way/155344915","category":"universiteit","name":"b.i.b./FHDW Gebäude F","operator":""}},{"type":"Feature","geometry":{"type":"Point","coordinates":[7.118084,50.982729]},"properties":{"osm_id":"way/155345219","category":"universiteit","name":"FHDW Gebäude G","operator":""}},{"type":"Feature","geometry":{"type":"Point","coordinates":[4.889706,52.373851]},"properties":{"osm_id":"way/158207851","category":"universiteit","name":"UvA PC Hoofthuis","operator":""}},{"type":"Feature","geometry":{"type":"Point","coordinates":[4.894414,52.368704]},"properties":{"osm_id":"way/158636390","category":"universiteit","name":"UvA Binnengasthuisterrein","operator":"Universiteit van Amsterdam"}},{"type":"Feature","geometry":{"type":"Point","coordinates":[5.342878,50.934242]},"properties":{"osm_id":"way/158936009","category":"universiteit","name":"UHasselt - Faculteit Rechten","operator":"Universiteit Hasselt"}},{"type":"Feature","geometry":{"type":"Point","coordinates":[4.685314,50.883418]},"properties":{"osm_id":"way/160134521","category":"universiteit","name":"Studiehuis de La Salle","operator":"KU Leuven"}},{"type":"Feature","geometry":{"type":"Point","coordinates":[7.070688,51.378993]},"properties":{"osm_id":"way/162596054","category":"universiteit","name":"Aviation Service Center","operator":"TFC"}},{"type":"Feature","geometry":{"type":"Point","coordinates":[6.800427,51.429222]},"properties":{"osm_id":"way/164084646","category":"universiteit","name":"Universität Duisburg-Essen, L+M-Bereich","operator":""}},{"type":"Feature","geometry":{"type":"Point","coordinates":[3.720171,51.052865]},"properties":{"osm_id":"way/169387150","category":"universiteit","name":"UGent Het Pand","operator":"Universiteit Gent"}},{"type":"Feature","geometry":{"type":"Point","coordinates":[4.612418,52.388915]},"properties":{"osm_id":"way/172782170","category":"universiteit","name":"Hogeschool Inholland Haarlem","operator":""}},{"type":"Feature","geometry":{"type":"Point","coordinates":[7.072226,50.732181]},"properties":{"osm_id":"way/178698713","category":"universiteit","name":"","operator":""}},{"type":"Feature","geometry":{"type":"Point","coordinates":[6.880552,50.832053]},"properties":{"osm_id":"way/180242942","category":"universiteit","name":"Hochschule des Bundes für öffentliche Verwaltung","operator":""}},{"type":"Feature","geometry":{"type":"Point","coordinates":[3.765014,50.998493]},"properties":{"osm_id":"way/181268985","category":"universiteit","name":"UGent campus Merelbeke","operator":"Universiteit Gent"}},{"type":"Feature","geometry":{"type":"Point","coordinates":[4.67232,50.879419]},"properties":{"osm_id":"way/182625987","category":"universiteit","name":"Centraal Auditorium Gasthuisberg","operator":""}},{"type":"Feature","geometry":{"type":"Point","coordinates":[6.143504,51.795154]},"properties":{"osm_id":"way/183001154","category":"universiteit","name":"Hochschule Rhein-Waal (Campus Kleve)","operator":"Hochschule Rhein-Waal"}},{"type":"Feature","geometry":{"type":"Point","coordinates":[6.270056,50.975954]},"properties":{"osm_id":"way/184541113","category":"universiteit","name":"","operator":""}},{"type":"Feature","geometry":{"type":"Point","coordinates":[6.26901,50.976095]},"properties":{"osm_id":"way/184541114","category":"universiteit","name":"Freshman Institute FH Aachen","operator":""}},{"type":"Feature","geometry":{"type":"Point","coordinates":[6.772357,51.242468]},"properties":{"osm_id":"way/188813123","category":"universiteit","name":"Robert Schumann Hochschule Düsseldorf","operator":""}},{"type":"Feature","geometry":{"type":"Point","coordinates":[4.639544,50.66796]},"properties":{"osm_id":"way/191695729","category":"universiteit","name":"Centre Alphonse de Marbaix (ferme expérimentale)","operator":""}},{"type":"Feature","geometry":{"type":"Point","coordinates":[3.760437,50.962305]},"properties":{"osm_id":"way/197931160","category":"universiteit","name":"HoGent proefhoeve Bottelare","operator":"Hogeschool Gent"}},{"type":"Feature","geometry":{"type":"Point","coordinates":[3.768345,51.001805]},"properties":{"osm_id":"way/198031947","category":"universiteit","name":"UGent campus Heide","operator":"Universiteit Gent"}},{"type":"Feature","geometry":{"type":"Point","coordinates":[3.819237,50.97952]},"properties":{"osm_id":"way/198431101","category":"universiteit","name":"Universiteit Gent - Campus Proefhoeve","operator":""}},{"type":"Feature","geometry":{"type":"Point","coordinates":[4.376458,51.998632]},"properties":{"osm_id":"way/201337847","category":"universiteit","name":"Technische Universiteit Delft","operator":""}},{"type":"Feature","geometry":{"type":"Point","coordinates":[7.092504,50.727274]},"properties":{"osm_id":"way/202666540","category":"universiteit","name":"Mulliken Center for Theoretical Chemistry","operator":"Universität Bonn"}},{"type":"Feature","geometry":{"type":"Point","coordinates":[5.175518,52.084532]},"properties":{"osm_id":"way/208908587","category":"universiteit","name":"De Uithof / Utrecht Science Park","operator":""}},{"type":"Feature","geometry":{"type":"Point","coordinates":[7.16188,51.239126]},"properties":{"osm_id":"way/217809193","category":"universiteit","name":"Bergische Universität Wuppertal - Campus Freudenberg","operator":""}},{"type":"Feature","geometry":{"type":"Point","coordinates":[3.740606,51.023774]},"properties":{"osm_id":"way/217991612","category":"universiteit","name":"UGent campus Proeftuin","operator":"Universiteit Gent"}},{"type":"Feature","geometry":{"type":"Point","coordinates":[4.033543,50.936992]},"properties":{"osm_id":"way/225048052","category":"universiteit","name":"HoGent Campus Aalst","operator":""}},{"type":"Feature","geometry":{"type":"Point","coordinates":[4.690146,50.870709]},"properties":{"osm_id":"way/226048087","category":"universiteit","name":"Bakala Academy","operator":"KU Leuven"}},{"type":"Feature","geometry":{"type":"Point","coordinates":[4.615931,50.66968]},"properties":{"osm_id":"way/228150967","category":"universiteit","name":"Halles universitaires","operator":"Université catholique de Louvain"}},{"type":"Feature","geometry":{"type":"Point","coordinates":[5.342682,50.933794]},"properties":{"osm_id":"way/230129805","category":"universiteit","name":"UHasselt - Campus Hasselt","operator":""}},{"type":"Feature","geometry":{"type":"Point","coordinates":[3.72312,51.035388]},"properties":{"osm_id":"way/231900701","category":"universiteit","name":"UGent campus Ledeganck","operator":"Universiteit Gent"}},{"type":"Feature","geometry":{"type":"Point","coordinates":[6.785063,51.429633]},"properties":{"osm_id":"way/232895563","category":"universiteit","name":"Universität Duisburg-Essen, B-Bereich","operator":""}},{"type":"Feature","geometry":{"type":"Point","coordinates":[6.786944,51.428702]},"properties":{"osm_id":"way/239176990","category":"universiteit","name":"Universität Duisburg-Essen, B-Bereich","operator":""}},{"type":"Feature","geometry":{"type":"Point","coordinates":[6.784369,51.427648]},"properties":{"osm_id":"way/239180481","category":"universiteit","name":"Universität Duisburg-Essen, B-Bereich","operator":""}},{"type":"Feature","geometry":{"type":"Point","coordinates":[6.797078,51.432279]},"properties":{"osm_id":"way/239289881","category":"universiteit","name":"","operator":""}},{"type":"Feature","geometry":{"type":"Point","coordinates":[6.797191,51.428803]},"properties":{"osm_id":"way/239303526","category":"universiteit","name":"Fraunhofer-Institut IMS","operator":""}},{"type":"Feature","geometry":{"type":"Point","coordinates":[3.730527,51.02534]},"properties":{"osm_id":"way/241104659","category":"universiteit","name":"UGent campus Heymans","operator":"Universiteit Gent"}},{"type":"Feature","geometry":{"type":"Point","coordinates":[3.707294,51.010851]},"properties":{"osm_id":"way/241934055","category":"universiteit","name":"UGent campus Ardoyen","operator":"Universiteit Gent"}},{"type":"Feature","geometry":{"type":"Point","coordinates":[3.722023,51.02925]},"properties":{"osm_id":"way/242536613","category":"universiteit","name":"Arteveldehogeschool Gent – Campus Zwijnaardsesteenweg","operator":"Arteveldehogeschool"}},{"type":"Feature","geometry":{"type":"Point","coordinates":[4.87947,50.963051]},"properties":{"osm_id":"way/248275384","category":"universiteit","name":"","operator":"KU Leuven"}},{"type":"Feature","geometry":{"type":"Point","coordinates":[7.1063,50.729658]},"properties":{"osm_id":"way/249116696","category":"universiteit","name":"Institut für politische Wissenschaft","operator":""}},{"type":"Feature","geometry":{"type":"Point","coordinates":[7.106432,50.72956]},"properties":{"osm_id":"way/249116743","category":"universiteit","name":"Institut für politische Wissenschaft","operator":"Universität Bonn"}},{"type":"Feature","geometry":{"type":"Point","coordinates":[7.096785,50.728158]},"properties":{"osm_id":"way/249116895","category":"universiteit","name":"Meinhard Heinze-Haus","operator":"Universität Bonn"}},{"type":"Feature","geometry":{"type":"Point","coordinates":[7.110541,50.726486]},"properties":{"osm_id":"way/249129844","category":"universiteit","name":"Rheinisches Studienkolleg","operator":"Effer Badrakhan GbR"}},{"type":"Feature","geometry":{"type":"Point","coordinates":[4.292933,52.107887]},"properties":{"osm_id":"way/250684102","category":"universiteit","name":"Hotelschool The Hague locatie Den Haag","operator":"Hotelschool The Hague"}},{"type":"Feature","geometry":{"type":"Point","coordinates":[4.469446,51.910527]},"properties":{"osm_id":"way/255338160","category":"universiteit","name":"Erasmus MC - Faculty","operator":""}},{"type":"Feature","geometry":{"type":"Point","coordinates":[4.691782,50.877856]},"properties":{"osm_id":"way/261749253","category":"universiteit","name":"Theatrum Anatomicum","operator":"KU Leuven"}},{"type":"Feature","geometry":{"type":"Point","coordinates":[4.692324,50.877781]},"properties":{"osm_id":"way/261749260","category":"universiteit","name":"Atelier Frans Vermeylen - Student Repair Hub","operator":"KU Leuven"}},{"type":"Feature","geometry":{"type":"Point","coordinates":[4.692055,50.877787]},"properties":{"osm_id":"way/261749264","category":"universiteit","name":"Sint-Agnes","operator":"KU Leuven"}},{"type":"Feature","geometry":{"type":"Point","coordinates":[4.697813,50.877357]},"properties":{"osm_id":"way/261938938","category":"universiteit","name":"Eygen Heerd","operator":"KU Leuven"}},{"type":"Feature","geometry":{"type":"Point","coordinates":[6.97589,50.906485]},"properties":{"osm_id":"way/262820660","category":"universiteit","name":"Höhere Fachschule fürAugenoptik","operator":""}},{"type":"Feature","geometry":{"type":"Point","coordinates":[4.696879,50.876404]},"properties":{"osm_id":"way/263297758","category":"universiteit","name":"J.L. Vives International Residence","operator":"KU Leuven"}},{"type":"Feature","geometry":{"type":"Point","coordinates":[4.701694,50.87595]},"properties":{"osm_id":"way/263905036","category":"universiteit","name":"Huis Renaer","operator":"KU Leuven"}},{"type":"Feature","geometry":{"type":"Point","coordinates":[4.707886,50.877694]},"properties":{"osm_id":"way/263905042","category":"universiteit","name":"Mgr. Sencie Instituut","operator":"KU Leuven"}},{"type":"Feature","geometry":{"type":"Point","coordinates":[4.697691,50.872511]},"properties":{"osm_id":"way/264005038","category":"universiteit","name":"Berg Tabor","operator":"KU Leuven"}},{"type":"Feature","geometry":{"type":"Point","coordinates":[4.697735,50.872621]},"properties":{"osm_id":"way/264005040","category":"universiteit","name":"Berg van Calvarie","operator":"KU Leuven"}},{"type":"Feature","geometry":{"type":"Point","coordinates":[4.696603,50.87229]},"properties":{"osm_id":"way/264005052","category":"universiteit","name":"De Brug van Bethanie","operator":"KU Leuven"}},{"type":"Feature","geometry":{"type":"Point","coordinates":[4.696956,50.87231]},"properties":{"osm_id":"way/264005061","category":"universiteit","name":"De Engele Bootschap","operator":"KU Leuven"}},{"type":"Feature","geometry":{"type":"Point","coordinates":[4.696872,50.871532]},"properties":{"osm_id":"way/264005062","category":"universiteit","name":"De Heilig-Geesttafel","operator":"KU Leuven"}},{"type":"Feature","geometry":{"type":"Point","coordinates":[4.69746,50.871051]},"properties":{"osm_id":"way/264005064","category":"universiteit","name":"De Heilige Familie","operator":"KU Leuven"}},{"type":"Feature","geometry":{"type":"Point","coordinates":[4.697129,50.87225]},"properties":{"osm_id":"way/264005072","category":"universiteit","name":"De Martelaren van Gorcum","operator":"KU Leuven"}},{"type":"Feature","geometry":{"type":"Point","coordinates":[4.69742,50.872183]},"properties":{"osm_id":"way/264005074","category":"universiteit","name":"De Schoon Livrouw","operator":"KU Leuven"}},{"type":"Feature","geometry":{"type":"Point","coordinates":[4.697888,50.871147]},"properties":{"osm_id":"way/264005076","category":"universiteit","name":"De Verloren Zoon","operator":"KU Leuven"}},{"type":"Feature","geometry":{"type":"Point","coordinates":[4.695164,50.872102]},"properties":{"osm_id":"way/264005079","category":"universiteit","name":"Heijlich Cruijsvindinghe","operator":"KU Leuven"}},{"type":"Feature","geometry":{"type":"Point","coordinates":[4.694935,50.871624]},"properties":{"osm_id":"way/264005080","category":"universiteit","name":"Het Avondmaal","operator":"KU Leuven"}},{"type":"Feature","geometry":{"type":"Point","coordinates":[4.696689,50.872524]},"properties":{"osm_id":"way/264005081","category":"universiteit","name":"Het Convent van Bethanie","operator":"KU Leuven"}},{"type":"Feature","geometry":{"type":"Point","coordinates":[4.697505,50.872094]},"properties":{"osm_id":"way/264005082","category":"universiteit","name":"Het Convent van Bethlehem","operator":"KU Leuven"}},{"type":"Feature","geometry":{"type":"Point","coordinates":[4.696249,50.87207]},"properties":{"osm_id":"way/264005084","category":"universiteit","name":"Het Convent van Lommel","operator":"KU Leuven"}},{"type":"Feature","geometry":{"type":"Point","coordinates":[4.696248,50.872191]},"properties":{"osm_id":"way/264005085","category":"universiteit","name":"Het Convent van Lommel","operator":"KU Leuven"}},{"type":"Feature","geometry":{"type":"Point","coordinates":[4.697886,50.872115]},"properties":{"osm_id":"way/264005086","category":"universiteit","name":"Het Convent van Nazareth","operator":"KU Leuven"}},{"type":"Feature","geometry":{"type":"Point","coordinates":[4.697448,50.872489]},"properties":{"osm_id":"way/264005087","category":"universiteit","name":"Het Convent van Sint-Begga","operator":"KU Leuven"}},{"type":"Feature","geometry":{"type":"Point","coordinates":[4.69773,50.872377]},"properties":{"osm_id":"way/264005088","category":"universiteit","name":"Het Convent van Sint-Jozef","operator":"KU Leuven"}},{"type":"Feature","geometry":{"type":"Point","coordinates":[4.696966,50.87182]},"properties":{"osm_id":"way/264005090","category":"universiteit","name":"Het Convent van de VII Weeën","operator":"KU Leuven"}},{"type":"Feature","geometry":{"type":"Point","coordinates":[4.694834,50.871865]},"properties":{"osm_id":"way/264005091","category":"universiteit","name":"Het Heilig Graf","operator":"KU Leuven"}},{"type":"Feature","geometry":{"type":"Point","coordinates":[4.697497,50.87237]},"properties":{"osm_id":"way/264005092","category":"universiteit","name":"Het Heilig Kruis","operator":"KU Leuven"}},{"type":"Feature","geometry":{"type":"Point","coordinates":[4.697302,50.871203]},"properties":{"osm_id":"way/264005097","category":"universiteit","name":"Sint-Hieronymus","operator":"KU Leuven"}},{"type":"Feature","geometry":{"type":"Point","coordinates":[4.697784,50.871915]},"properties":{"osm_id":"way/264005101","category":"universiteit","name":"Sint-Carolus Borromeus","operator":"KU Leuven"}},{"type":"Feature","geometry":{"type":"Point","coordinates":[4.697753,50.871804]},"properties":{"osm_id":"way/264005103","category":"universiteit","name":"O.L.Vrouw van Steenbergh","operator":"KU Leuven"}},{"type":"Feature","geometry":{"type":"Point","coordinates":[4.69488,50.871792]},"properties":{"osm_id":"way/264005106","category":"universiteit","name":"Huis Portieres van de Aborg","operator":"KU Leuven"}},{"type":"Feature","geometry":{"type":"Point","coordinates":[4.695516,50.871939]},"properties":{"osm_id":"way/264005108","category":"universiteit","name":"Jezus Maria Jozef","operator":"KU Leuven"}},{"type":"Feature","geometry":{"type":"Point","coordinates":[4.697826,50.871721]},"properties":{"osm_id":"way/264005112","category":"universiteit","name":"De Kerckecamer","operator":"KU Leuven"}},{"type":"Feature","geometry":{"type":"Point","coordinates":[4.697697,50.872226]},"properties":{"osm_id":"way/264005115","category":"universiteit","name":"Sint-Alexius","operator":"KU Leuven"}},{"type":"Feature","geometry":{"type":"Point","coordinates":[4.696141,50.872467]},"properties":{"osm_id":"way/264005117","category":"universiteit","name":"Sint-Anna","operator":"KU Leuven"}},{"type":"Feature","geometry":{"type":"Point","coordinates":[4.696722,50.871676]},"properties":{"osm_id":"way/264005119","category":"universiteit","name":"Sint-Antonius van Padua","operator":"KU Leuven"}},{"type":"Feature","geometry":{"type":"Point","coordinates":[4.695093,50.871436]},"properties":{"osm_id":"way/264005121","category":"universiteit","name":"Sint-Apollonia","operator":"KU Leuven"}},{"type":"Feature","geometry":{"type":"Point","coordinates":[4.696108,50.872386]},"properties":{"osm_id":"way/264005125","category":"universiteit","name":"Sint-Barbara","operator":"KU Leuven"}},{"type":"Feature","geometry":{"type":"Point","coordinates":[4.696991,50.872839]},"properties":{"osm_id":"way/264005127","category":"universiteit","name":"Sint-Bruno","operator":"KU Leuven"}},{"type":"Feature","geometry":{"type":"Point","coordinates":[4.697522,50.872002]},"properties":{"osm_id":"way/264005129","category":"universiteit","name":"Sint-Clara","operator":"KU Leuven"}},{"type":"Feature","geometry":{"type":"Point","coordinates":[4.697408,50.871726]},"properties":{"osm_id":"way/264005131","category":"universiteit","name":"Sint-Dominicus","operator":"KU Leuven"}},{"type":"Feature","geometry":{"type":"Point","coordinates":[4.694793,50.871972]},"properties":{"osm_id":"way/264005132","category":"universiteit","name":"Sint-Dymphna","operator":"KU Leuven"}},{"type":"Feature","geometry":{"type":"Point","coordinates":[4.69746,50.872285]},"properties":{"osm_id":"way/264005133","category":"universiteit","name":"Sint-Elisabeth","operator":"KU Leuven"}},{"type":"Feature","geometry":{"type":"Point","coordinates":[4.696403,50.871955]},"properties":{"osm_id":"way/264005134","category":"universiteit","name":"Sint-Ermelindis","operator":"KU Leuven"}},{"type":"Feature","geometry":{"type":"Point","coordinates":[4.696867,50.872097]},"properties":{"osm_id":"way/264005135","category":"universiteit","name":"Sint-Felix","operator":"KU Leuven"}},{"type":"Feature","geometry":{"type":"Point","coordinates":[4.695029,50.872102]},"properties":{"osm_id":"way/264005136","category":"universiteit","name":"Sint-Franciscus Borgia","operator":"KU Leuven"}},{"type":"Feature","geometry":{"type":"Point","coordinates":[4.696928,50.872192]},"properties":{"osm_id":"way/264005137","category":"universiteit","name":"Sint-Gertrudis van Nijvel","operator":"KU Leuven"}},{"type":"Feature","geometry":{"type":"Point","coordinates":[4.69727,50.871739]},"properties":{"osm_id":"way/264005138","category":"universiteit","name":"Sint-Gertrudis van Saksen","operator":"KU Leuven"}},{"type":"Feature","geometry":{"type":"Point","coordinates":[4.696089,50.872285]},"properties":{"osm_id":"way/264005139","category":"universiteit","name":"Sint-Gommarus","operator":"KU Leuven"}},{"type":"Feature","geometry":{"type":"Point","coordinates":[4.69761,50.871031]},"properties":{"osm_id":"way/264005140","category":"universiteit","name":"Sint-Gudula","operator":"KU Leuven"}},{"type":"Feature","geometry":{"type":"Point","coordinates":[4.697539,50.87172]},"properties":{"osm_id":"way/264005142","category":"universiteit","name":"Sint-Henricus","operator":"KU Leuven"}},{"type":"Feature","geometry":{"type":"Point","coordinates":[4.6966,50.871695]},"properties":{"osm_id":"way/264005149","category":"universiteit","name":"Sint-Joris","operator":"KU Leuven"}},{"type":"Feature","geometry":{"type":"Point","coordinates":[4.697144,50.872025]},"properties":{"osm_id":"way/264005153","category":"universiteit","name":"Sint-Lucia","operator":"KU Leuven"}},{"type":"Feature","geometry":{"type":"Point","coordinates":[4.697338,50.871063]},"properties":{"osm_id":"way/264005157","category":"universiteit","name":"Sint-Maria Magdalena","operator":"KU Leuven"}},{"type":"Feature","geometry":{"type":"Point","coordinates":[4.697198,50.871088]},"properties":{"osm_id":"way/264005161","category":"universiteit","name":"Sint-Martha","operator":"KU Leuven"}},{"type":"Feature","geometry":{"type":"Point","coordinates":[4.697113,50.872114]},"properties":{"osm_id":"way/264005165","category":"universiteit","name":"Sint-Martinus","operator":"KU Leuven"}},{"type":"Feature","geometry":{"type":"Point","coordinates":[4.696177,50.872542]},"properties":{"osm_id":"way/264005172","category":"universiteit","name":"Sint-Niklaas","operator":"KU Leuven"}},{"type":"Feature","geometry":{"type":"Point","coordinates":[4.695296,50.872102]},"properties":{"osm_id":"way/264005176","category":"universiteit","name":"Sint-Quintinus","operator":"KU Leuven"}},{"type":"Feature","geometry":{"type":"Point","coordinates":[4.696083,50.872143]},"properties":{"osm_id":"way/264005179","category":"universiteit","name":"Sint-Rombouts","operator":"KU Leuven"}},{"type":"Feature","geometry":{"type":"Point","coordinates":[4.697732,50.871018]},"properties":{"osm_id":"way/264005180","category":"universiteit","name":"Sint-Rosa","operator":"KU Leuven"}},{"type":"Feature","geometry":{"type":"Point","coordinates":[4.696747,50.871803]},"properties":{"osm_id":"way/264005181","category":"universiteit","name":"Sint-Rosalia","operator":"KU Leuven"}},{"type":"Feature","geometry":{"type":"Point","coordinates":[4.695987,50.87251]},"properties":{"osm_id":"way/264005185","category":"universiteit","name":"Stookplaats","operator":""}},{"type":"Feature","geometry":{"type":"Point","coordinates":[4.696027,50.875682]},"properties":{"osm_id":"way/264061316","category":"universiteit","name":"The Leuven Institute for Ireland In Europe","operator":""}},{"type":"Feature","geometry":{"type":"Point","coordinates":[5.07951,51.538537]},"properties":{"osm_id":"way/264090528","category":"universiteit","name":"Fontys","operator":""}},{"type":"Feature","geometry":{"type":"Point","coordinates":[6.533654,53.243683]},"properties":{"osm_id":"way/268450444","category":"universiteit","name":"Hanzehogeschool","operator":""}},{"type":"Feature","geometry":{"type":"Point","coordinates":[5.298131,51.692105]},"properties":{"osm_id":"way/268570415","category":"universiteit","name":"Volksuniversiteit","operator":""}},{"type":"Feature","geometry":{"type":"Point","coordinates":[6.560841,53.215224]},"properties":{"osm_id":"way/270164066","category":"universiteit","name":"Academie van Bouwkunst","operator":""}},{"type":"Feature","geometry":{"type":"Point","coordinates":[5.688194,50.847086]},"properties":{"osm_id":"way/275824861","category":"universiteit","name":"University of Maastricht Faculty of Law","operator":""}},{"type":"Feature","geometry":{"type":"Point","coordinates":[6.92694,51.527924]},"properties":{"osm_id":"way/276466129","category":"universiteit","name":"Hochschule Ruhr West (Campus Bottrop)","operator":"Hochschule Ruhr West"}},{"type":"Feature","geometry":{"type":"Point","coordinates":[5.868835,51.827357]},"properties":{"osm_id":"way/278316714","category":"universiteit","name":"Technovium","operator":""}},{"type":"Feature","geometry":{"type":"Point","coordinates":[7.143035,50.696698]},"properties":{"osm_id":"way/280717601","category":"universiteit","name":"FernUniversität in Hagen - Regionalzentrum Bonn","operator":"FernUniversität in Hagen"}},{"type":"Feature","geometry":{"type":"Point","coordinates":[5.006294,52.160782]},"properties":{"osm_id":"way/284881332","category":"universiteit","name":"Nyenrode Business Universiteit","operator":""}},{"type":"Feature","geometry":{"type":"Point","coordinates":[5.860635,50.99827]},"properties":{"osm_id":"way/285031169","category":"universiteit","name":"Fontys Hogeschool","operator":""}},{"type":"Feature","geometry":{"type":"Point","coordinates":[5.850534,51.003367]},"properties":{"osm_id":"way/285049020","category":"universiteit","name":"ROC Leeuwenborgh","operator":""}},{"type":"Feature","geometry":{"type":"Point","coordinates":[6.987522,50.935731]},"properties":{"osm_id":"way/288104892","category":"universiteit","name":"TH Köln - Betzdorfer Straße","operator":""}},{"type":"Feature","geometry":{"type":"Point","coordinates":[4.678429,50.858257]},"properties":{"osm_id":"way/294962243","category":"universiteit","name":"Campus Arenberg II","operator":"KU Leuven"}},{"type":"Feature","geometry":{"type":"Point","coordinates":[4.675806,50.863252]},"properties":{"osm_id":"way/294962244","category":"universiteit","name":"Campus Arenberg III","operator":"KU Leuven"}},{"type":"Feature","geometry":{"type":"Point","coordinates":[4.685386,50.862792]},"properties":{"osm_id":"way/294994803","category":"universiteit","name":"Campus Arenberg I","operator":"KU Leuven"}},{"type":"Feature","geometry":{"type":"Point","coordinates":[5.322287,51.701914]},"properties":{"osm_id":"way/297281557","category":"universiteit","name":"Avans Hogeschool","operator":""}},{"type":"Feature","geometry":{"type":"Point","coordinates":[4.355626,51.107352]},"properties":{"osm_id":"way/304363681","category":"universiteit","name":"Universiteit Antwerpen - Researchpark Waterfront Archimedes","operator":""}},{"type":"Feature","geometry":{"type":"Point","coordinates":[6.886408,52.219612]},"properties":{"osm_id":"way/310208841","category":"universiteit","name":"Saxion","operator":""}},{"type":"Feature","geometry":{"type":"Point","coordinates":[4.713266,50.864331]},"properties":{"osm_id":"way/310700390","category":"universiteit","name":"Mariapoort","operator":"KU Leuven"}},{"type":"Feature","geometry":{"type":"Point","coordinates":[4.889793,52.368143]},"properties":{"osm_id":"way/311971362","category":"universiteit","name":"Universiteit van Amsterdam","operator":""}},{"type":"Feature","geometry":{"type":"Point","coordinates":[7.026419,51.574505]},"properties":{"osm_id":"way/326954711","category":"universiteit","name":"Westfälische Hochschule Gebäude B1","operator":"Westfälische Hochschule"}},{"type":"Feature","geometry":{"type":"Point","coordinates":[7.028115,51.57429]},"properties":{"osm_id":"way/326954721","category":"universiteit","name":"Hörsaal 1 und 2","operator":"Westfälische Hochschule"}},{"type":"Feature","geometry":{"type":"Point","coordinates":[7.02725,51.574332]},"properties":{"osm_id":"way/326954722","category":"universiteit","name":"Hörsaal 3 und 4","operator":"Westfälische Hochschule"}},{"type":"Feature","geometry":{"type":"Point","coordinates":[6.377415,50.935462]},"properties":{"osm_id":"way/336084707","category":"universiteit","name":"","operator":""}},{"type":"Feature","geometry":{"type":"Point","coordinates":[4.324319,52.067141]},"properties":{"osm_id":"way/339635743","category":"universiteit","name":"De Haagse Hogeschool","operator":""}},{"type":"Feature","geometry":{"type":"Point","coordinates":[4.70032,50.874757]},"properties":{"osm_id":"way/370076220","category":"universiteit","name":"Huis Van tSestich","operator":"KU Leuven"}},{"type":"Feature","geometry":{"type":"Point","coordinates":[4.692021,50.869609]},"properties":{"osm_id":"way/375119740","category":"universiteit","name":"Gymnasium - Zwembad","operator":"KU Leuven"}},{"type":"Feature","geometry":{"type":"Point","coordinates":[4.32944,52.083778]},"properties":{"osm_id":"way/376762291","category":"universiteit","name":"","operator":""}},{"type":"Feature","geometry":{"type":"Point","coordinates":[6.985846,51.433335]},"properties":{"osm_id":"way/385832037","category":"universiteit","name":"Universitätsklinikum Essen","operator":"Universitätsklinikum Essen"}},{"type":"Feature","geometry":{"type":"Point","coordinates":[6.530509,53.24755]},"properties":{"osm_id":"way/390464377","category":"universiteit","name":"EnTranCe","operator":"Hanze Hogeschool"}},{"type":"Feature","geometry":{"type":"Point","coordinates":[6.857872,51.427726]},"properties":{"osm_id":"way/400192434","category":"universiteit","name":"Hochschule Ruhr West (Campus Mülheim)","operator":"Hochschule Ruhr West"}},{"type":"Feature","geometry":{"type":"Point","coordinates":[6.095099,50.756622]},"properties":{"osm_id":"way/420326064","category":"universiteit","name":"Katholische Hochschule NRW (Abteilung Aachen)","operator":""}},{"type":"Feature","geometry":{"type":"Point","coordinates":[4.669632,50.879548]},"properties":{"osm_id":"way/429706867","category":"universiteit","name":"Rega Instituut","operator":"KU Leuven"}},{"type":"Feature","geometry":{"type":"Point","coordinates":[3.723475,51.052835]},"properties":{"osm_id":"way/437943856","category":"universiteit","name":"Sint-Lucas Gent - Sint-Niklaasstraat","operator":""}},{"type":"Feature","geometry":{"type":"Point","coordinates":[4.806142,52.367938]},"properties":{"osm_id":"way/445194076","category":"universiteit","name":"Hogeschool van Amsterdam (BSV)","operator":""}},{"type":"Feature","geometry":{"type":"Point","coordinates":[4.705116,50.878476]},"properties":{"osm_id":"way/447179320","category":"universiteit","name":"Huis Jeanne Devos","operator":"KU Leuven"}},{"type":"Feature","geometry":{"type":"Point","coordinates":[4.70316,50.876356]},"properties":{"osm_id":"way/447184310","category":"universiteit","name":"Aula Pieter De Somer","operator":"KU Leuven"}},{"type":"Feature","geometry":{"type":"Point","coordinates":[4.708791,50.876644]},"properties":{"osm_id":"way/447185776","category":"universiteit","name":"Mgr.Romerohuis","operator":"KU Leuven"}},{"type":"Feature","geometry":{"type":"Point","coordinates":[4.708465,50.87709]},"properties":{"osm_id":"way/447186192","category":"universiteit","name":"Uitbreiding Rechtsgeleerdheid","operator":"KU LEUVEN"}},{"type":"Feature","geometry":{"type":"Point","coordinates":[4.704707,50.877963]},"properties":{"osm_id":"way/447213503","category":"universiteit","name":"College De Valk","operator":"KU Leuven"}},{"type":"Feature","geometry":{"type":"Point","coordinates":[4.704127,50.877616]},"properties":{"osm_id":"way/447216093","category":"universiteit","name":"College De Valk-Poorthuis","operator":"KU Leuven"}},{"type":"Feature","geometry":{"type":"Point","coordinates":[4.708019,50.87736]},"properties":{"osm_id":"way/447373634","category":"universiteit","name":"Steunpunt NT2","operator":"KU Leuven"}},{"type":"Feature","geometry":{"type":"Point","coordinates":[4.708334,50.873645]},"properties":{"osm_id":"way/447378531","category":"universiteit","name":"Dulci","operator":"KU Leuven"}},{"type":"Feature","geometry":{"type":"Point","coordinates":[4.708014,50.873558]},"properties":{"osm_id":"way/447379152","category":"universiteit","name":"Auditorium Bouckaert","operator":"KU Leuven"}},{"type":"Feature","geometry":{"type":"Point","coordinates":[4.707691,50.877507]},"properties":{"osm_id":"way/447380557","category":"universiteit","name":"F.Verbiestproject","operator":"KU Leuven"}},{"type":"Feature","geometry":{"type":"Point","coordinates":[4.707814,50.877471]},"properties":{"osm_id":"way/447383819","category":"universiteit","name":"Europahuis","operator":"KU Leuven"}},{"type":"Feature","geometry":{"type":"Point","coordinates":[4.709569,50.876843]},"properties":{"osm_id":"way/447386943","category":"universiteit","name":"Sagalassos","operator":"KU Leuven"}},{"type":"Feature","geometry":{"type":"Point","coordinates":[4.703935,50.873042]},"properties":{"osm_id":"way/447394428","category":"universiteit","name":"Auditoriacomplex","operator":"KU Leuven"}},{"type":"Feature","geometry":{"type":"Point","coordinates":[4.700721,50.875284]},"properties":{"osm_id":"way/448307932","category":"universiteit","name":"Atrechtcollege","operator":"KU Leuven"}},{"type":"Feature","geometry":{"type":"Point","coordinates":[4.700852,50.874657]},"properties":{"osm_id":"way/448309343","category":"universiteit","name":"Hogenheuvelcollege","operator":"KU Leuven"}},{"type":"Feature","geometry":{"type":"Point","coordinates":[4.69449,50.877106]},"properties":{"osm_id":"way/448311175","category":"universiteit","name":"Justus Lipsiuscollege","operator":"KU Leuven"}},{"type":"Feature","geometry":{"type":"Point","coordinates":[4.699259,50.876941]},"properties":{"osm_id":"way/448317527","category":"universiteit","name":"Heilige-Geestcollege Garage","operator":"KU Leuven"}},{"type":"Feature","geometry":{"type":"Point","coordinates":[4.703835,50.873328]},"properties":{"osm_id":"way/448318407","category":"universiteit","name":"HIVA","operator":"KU Leuven"}},{"type":"Feature","geometry":{"type":"Point","coordinates":[4.686236,50.881775]},"properties":{"osm_id":"way/448319090","category":"universiteit","name":"Camilo Torres I","operator":"KU Leuven"}},{"type":"Feature","geometry":{"type":"Point","coordinates":[4.686907,50.881631]},"properties":{"osm_id":"way/448319423","category":"universiteit","name":"Camilo Torres II","operator":"KU Leuven"}},{"type":"Feature","geometry":{"type":"Point","coordinates":[4.697934,50.876938]},"properties":{"osm_id":"way/448322733","category":"universiteit","name":"Sint-Jan Berchmans","operator":"KU Leuven"}},{"type":"Feature","geometry":{"type":"Point","coordinates":[4.701789,50.876048]},"properties":{"osm_id":"way/448326136","category":"universiteit","name":"Huis De Dorlodot","operator":"KU Leuven"}},{"type":"Feature","geometry":{"type":"Point","coordinates":[4.707855,50.875614]},"properties":{"osm_id":"way/448327520","category":"universiteit","name":"Seminarie Leo XIII","operator":"KU Leuven"}},{"type":"Feature","geometry":{"type":"Point","coordinates":[4.70763,50.875837]},"properties":{"osm_id":"way/448328951","category":"universiteit","name":"Leo XIII-Professorengebouw","operator":"KU Leuven"}},{"type":"Feature","geometry":{"type":"Point","coordinates":[4.708175,50.875645]},"properties":{"osm_id":"way/448329755","category":"universiteit","name":"Huis Warny","operator":"KU Leuven"}},{"type":"Feature","geometry":{"type":"Point","coordinates":[4.70806,50.87568]},"properties":{"osm_id":"way/448329757","category":"universiteit","name":"Sint-Franciscus-huis","operator":"KU Leuven"}},{"type":"Feature","geometry":{"type":"Point","coordinates":[4.715274,50.877887]},"properties":{"osm_id":"way/448330358","category":"universiteit","name":"Studentenwoonhuis O.L.Vrouw","operator":"KU Leuven"}},{"type":"Feature","geometry":{"type":"Point","coordinates":[4.774613,51.591557]},"properties":{"osm_id":"way/448385514","category":"universiteit","name":"Koninklijke Militaire Academie","operator":"Ministerie van Defensie"}},{"type":"Feature","geometry":{"type":"Point","coordinates":[4.697501,50.871182]},"properties":{"osm_id":"way/448448386","category":"universiteit","name":"Sint-Margaretha","operator":"KU Leuven"}},{"type":"Feature","geometry":{"type":"Point","coordinates":[4.697761,50.87115]},"properties":{"osm_id":"way/448449277","category":"universiteit","name":"De Heilige Drijvuldigheid","operator":"KU Leuven"}},{"type":"Feature","geometry":{"type":"Point","coordinates":[4.697647,50.871161]},"properties":{"osm_id":"way/448449278","category":"universiteit","name":"Sint-Michel","operator":"KU Leuven"}},{"type":"Feature","geometry":{"type":"Point","coordinates":[4.69706,50.871086]},"properties":{"osm_id":"way/448451703","category":"universiteit","name":"De Engelbewaarder","operator":"KU Leuven"}},{"type":"Feature","geometry":{"type":"Point","coordinates":[4.696455,50.871729]},"properties":{"osm_id":"way/448454005","category":"universiteit","name":"Sint-Ignatius","operator":"KU Leuven"}},{"type":"Feature","geometry":{"type":"Point","coordinates":[4.696188,50.871774]},"properties":{"osm_id":"way/448454447","category":"universiteit","name":"Sint-Hilarius","operator":"KU Leuven"}},{"type":"Feature","geometry":{"type":"Point","coordinates":[4.695573,50.871802]},"properties":{"osm_id":"way/448454692","category":"universiteit","name":"Sint-Augustinus","operator":"KU Leuven"}},{"type":"Feature","geometry":{"type":"Point","coordinates":[4.695851,50.871922]},"properties":{"osm_id":"way/448458137","category":"universiteit","name":"Meisjesweeshuis","operator":"KU Leuven"}},{"type":"Feature","geometry":{"type":"Point","coordinates":[4.696036,50.871977]},"properties":{"osm_id":"way/448458141","category":"universiteit","name":"Het Convent van Chievres","operator":"KU Leuven"}},{"type":"Feature","geometry":{"type":"Point","coordinates":[4.696582,50.871852]},"properties":{"osm_id":"way/448459876","category":"universiteit","name":"De Heilige Geest","operator":"KU Leuven"}},{"type":"Feature","geometry":{"type":"Point","coordinates":[4.696896,50.872004]},"properties":{"osm_id":"way/448460529","category":"universiteit","name":"Sint-Agatha","operator":"KU Leuven"}},{"type":"Feature","geometry":{"type":"Point","coordinates":[4.696405,50.87267]},"properties":{"osm_id":"way/448470621","category":"universiteit","name":"Convent van St.-Katelijnenberg","operator":"KU Leuven"}},{"type":"Feature","geometry":{"type":"Point","coordinates":[4.696821,50.872848]},"properties":{"osm_id":"way/448471001","category":"universiteit","name":"Sint-Benedictus","operator":"KU Leuven"}},{"type":"Feature","geometry":{"type":"Point","coordinates":[4.696981,50.872487]},"properties":{"osm_id":"way/448473409","category":"universiteit","name":"Het Convent van Sint-Paulus","operator":"KU Leuven"}},{"type":"Feature","geometry":{"type":"Point","coordinates":[4.697306,50.871996]},"properties":{"osm_id":"way/448625063","category":"universiteit","name":"De Cas van Waver","operator":"KU Leuven"}},{"type":"Feature","geometry":{"type":"Point","coordinates":[6.998431,50.732359]},"properties":{"osm_id":"way/449211087","category":"universiteit","name":"Alanus Hochschule Campus I","operator":"Alanus Hochschule gGmbH"}},{"type":"Feature","geometry":{"type":"Point","coordinates":[4.697961,50.872354]},"properties":{"osm_id":"way/449356625","category":"universiteit","name":"De Vier Evangelisten","operator":"KU Leuven"}},{"type":"Feature","geometry":{"type":"Point","coordinates":[4.407375,51.22311]},"properties":{"osm_id":"way/449844501","category":"universiteit","name":"Campus Mutsaard - Stadscampus","operator":"Universiteit Antwerpen en AP hogeschool"}},{"type":"Feature","geometry":{"type":"Point","coordinates":[3.727463,51.043694]},"properties":{"osm_id":"way/450426438","category":"universiteit","name":"Campus Tweekerken","operator":""}},{"type":"Feature","geometry":{"type":"Point","coordinates":[4.69326,50.869943]},"properties":{"osm_id":"way/450997921","category":"universiteit","name":"Dispersiecabine hoogspanning","operator":"KU Leuven"}},{"type":"Feature","geometry":{"type":"Point","coordinates":[4.692396,50.868408]},"properties":{"osm_id":"way/451010338","category":"universiteit","name":"Kapel","operator":"KU Leuven"}},{"type":"Feature","geometry":{"type":"Point","coordinates":[4.68799,50.869431]},"properties":{"osm_id":"way/451031112","category":"universiteit","name":"Pius-X-College","operator":"KU Leuven"}},{"type":"Feature","geometry":{"type":"Point","coordinates":[4.689647,50.870092]},"properties":{"osm_id":"way/451037746","category":"universiteit","name":"Johannes XXIII blok A-B-C","operator":"KU Leuven"}},{"type":"Feature","geometry":{"type":"Point","coordinates":[3.705101,51.05738]},"properties":{"osm_id":"way/451524484","category":"universiteit","name":"Sint-Lucas Gent","operator":""}},{"type":"Feature","geometry":{"type":"Point","coordinates":[4.699681,50.873602]},"properties":{"osm_id":"way/452075721","category":"universiteit","name":"Rectorshuis","operator":"KU Leuven"}},{"type":"Feature","geometry":{"type":"Point","coordinates":[4.708602,50.877037]},"properties":{"osm_id":"way/452076545","category":"universiteit","name":"Sociale-Zekerheidsrecht","operator":"KU Leuven"}},{"type":"Feature","geometry":{"type":"Point","coordinates":[4.708218,50.877254]},"properties":{"osm_id":"way/452076895","category":"universiteit","name":"Babel","operator":"KU Leuven"}},{"type":"Feature","geometry":{"type":"Point","coordinates":[4.707922,50.877411]},"properties":{"osm_id":"way/452077518","category":"universiteit","name":"Huis Mgr. Janssens","operator":"KU Leuven"}},{"type":"Feature","geometry":{"type":"Point","coordinates":[4.69701,50.877761]},"properties":{"osm_id":"way/454066103","category":"universiteit","name":"Minderbroedersgebouw","operator":"KU Leuven"}},{"type":"Feature","geometry":{"type":"Point","coordinates":[4.725547,52.641964]},"properties":{"osm_id":"way/461120788","category":"universiteit","name":"Hogeschool Inholland","operator":""}},{"type":"Feature","geometry":{"type":"Point","coordinates":[4.693961,50.877301]},"properties":{"osm_id":"way/464367501","category":"universiteit","name":"Justus Lipsiuscollege","operator":"KU Leuven"}},{"type":"Feature","geometry":{"type":"Point","coordinates":[4.707848,50.873917]},"properties":{"osm_id":"way/469795050","category":"universiteit","name":"Instituut Levende Talen","operator":"KU Leuven"}},{"type":"Feature","geometry":{"type":"Point","coordinates":[5.390675,50.925536]},"properties":{"osm_id":"way/471915145","category":"universiteit","name":"UHasselt - Campus Diepenbeek","operator":"Universiteit Hasselt"}},{"type":"Feature","geometry":{"type":"Point","coordinates":[5.286147,51.68836]},"properties":{"osm_id":"way/474012876","category":"universiteit","name":"Avans Hogeschool","operator":""}},{"type":"Feature","geometry":{"type":"Point","coordinates":[7.166458,51.259547]},"properties":{"osm_id":"way/477188191","category":"universiteit","name":"Bergische Universität Wuppertal - Campus Haspel","operator":"Bergische Universität Wuppertal"}},{"type":"Feature","geometry":{"type":"Point","coordinates":[4.471274,52.167388]},"properties":{"osm_id":"way/478599400","category":"universiteit","name":"Hogeschool Leiden","operator":""}},{"type":"Feature","geometry":{"type":"Point","coordinates":[4.463782,52.165322]},"properties":{"osm_id":"way/478601093","category":"universiteit","name":"Universiteit Leiden Locatie Van Steenis","operator":"Universiteit Leiden"}},{"type":"Feature","geometry":{"type":"Point","coordinates":[4.459145,52.168422]},"properties":{"osm_id":"way/482312767","category":"universiteit","name":"","operator":"Universiteit Leiden"}},{"type":"Feature","geometry":{"type":"Point","coordinates":[3.726279,51.045024]},"properties":{"osm_id":"way/484946097","category":"universiteit","name":"Vandenhove-paviljoen","operator":"UGent, Faculteit Letteren en Wijsbegeerte"}},{"type":"Feature","geometry":{"type":"Point","coordinates":[5.221922,53.366007]},"properties":{"osm_id":"way/486522806","category":"universiteit","name":"Maritiem Instituut Willem Barentsz","operator":"NHL University of Applied Sciences"}},{"type":"Feature","geometry":{"type":"Point","coordinates":[3.712988,51.054786]},"properties":{"osm_id":"way/487220611","category":"universiteit","name":"Sint-Lucas Gent - Abdij","operator":""}},{"type":"Feature","geometry":{"type":"Point","coordinates":[3.713673,51.054619]},"properties":{"osm_id":"way/487220755","category":"universiteit","name":"Sint-Lucas Gent - Hoogstraat 41","operator":""}},{"type":"Feature","geometry":{"type":"Point","coordinates":[4.410138,51.222978]},"properties":{"osm_id":"way/495714688","category":"universiteit","name":"Stadscampus","operator":"Universiteit Antwerpen"}},{"type":"Feature","geometry":{"type":"Point","coordinates":[4.407615,51.222425]},"properties":{"osm_id":"way/495724034","category":"universiteit","name":"","operator":"Universiteit Antwerpen"}},{"type":"Feature","geometry":{"type":"Point","coordinates":[4.412992,51.222224]},"properties":{"osm_id":"way/495887623","category":"universiteit","name":"Stadscampus: Gebouw L","operator":"Universiteit Antwerpen"}},{"type":"Feature","geometry":{"type":"Point","coordinates":[4.41134,51.221345]},"properties":{"osm_id":"way/495893590","category":"universiteit","name":"Het Brantijser","operator":"Universiteit Antwerpen"}},{"type":"Feature","geometry":{"type":"Point","coordinates":[4.413135,51.220362]},"properties":{"osm_id":"way/495893599","category":"universiteit","name":"Campus Antwerpen - Sint-Jacob","operator":"KU Leuven"}},{"type":"Feature","geometry":{"type":"Point","coordinates":[4.409755,51.220873]},"properties":{"osm_id":"way/496045627","category":"universiteit","name":"Stadscampus: Gebouw Z","operator":"Universiteit Antwerpen"}},{"type":"Feature","geometry":{"type":"Point","coordinates":[4.409369,51.220339]},"properties":{"osm_id":"way/496053188","category":"universiteit","name":"Stadscampus: Gebouw M","operator":"Universiteit Antwerpen"}},{"type":"Feature","geometry":{"type":"Point","coordinates":[4.410693,51.222047]},"properties":{"osm_id":"way/496119457","category":"universiteit","name":"Stadscampus: Zomaar een dak","operator":"Universiteit Antwerpen"}},{"type":"Feature","geometry":{"type":"Point","coordinates":[6.080068,52.499695]},"properties":{"osm_id":"way/497786733","category":"universiteit","name":"Hogeschool Windesheim","operator":""}},{"type":"Feature","geometry":{"type":"Point","coordinates":[4.397324,51.216088]},"properties":{"osm_id":"way/498559415","category":"universiteit","name":"KU Leuven campus Sint-Andries","operator":""}},{"type":"Feature","geometry":{"type":"Point","coordinates":[6.106385,52.51394]},"properties":{"osm_id":"way/498925456","category":"universiteit","name":"ArtEZ hogeschool voor de Kunsten","operator":"ArtEZ University of the Arts"}},{"type":"Feature","geometry":{"type":"Point","coordinates":[4.695563,50.872233]},"properties":{"osm_id":"way/499706586","category":"universiteit","name":"Ons Heer Hemelvaart","operator":"KU Leuven"}},{"type":"Feature","geometry":{"type":"Point","coordinates":[4.695397,50.872238]},"properties":{"osm_id":"way/499706587","category":"universiteit","name":"Sint-Laurentius","operator":"KU Leuven"}},{"type":"Feature","geometry":{"type":"Point","coordinates":[4.695215,50.872244]},"properties":{"osm_id":"way/499706588","category":"universiteit","name":"Sint-Jan Evangelist","operator":"KU Leuven"}},{"type":"Feature","geometry":{"type":"Point","coordinates":[4.695029,50.872249]},"properties":{"osm_id":"way/499706589","category":"universiteit","name":"De soete naem Jesu","operator":"KU Leuven"}},{"type":"Feature","geometry":{"type":"Point","coordinates":[4.694851,50.872254]},"properties":{"osm_id":"way/499706590","category":"universiteit","name":"Sint-Adrianus","operator":"KU Leuven"}},{"type":"Feature","geometry":{"type":"Point","coordinates":[4.694751,50.872113]},"properties":{"osm_id":"way/499706591","category":"universiteit","name":"Convent O.L.Vr. Presentatie","operator":"KU Leuven"}},{"type":"Feature","geometry":{"type":"Point","coordinates":[4.687582,50.874999]},"properties":{"osm_id":"way/499710266","category":"universiteit","name":"KartHuis","operator":"KU Leuven"}},{"type":"Feature","geometry":{"type":"Point","coordinates":[7.182106,50.779553]},"properties":{"osm_id":"way/517952782","category":"universiteit","name":"Hochschule Bonn-Rhein-Sieg (Campus Sankt Augustin)","operator":"Hochschule Bonn-Rhein-Sieg"}},{"type":"Feature","geometry":{"type":"Point","coordinates":[3.217734,51.194048]},"properties":{"osm_id":"way/529369143","category":"universiteit","name":"KU Leuven Campus Brugge","operator":"KU Leuven;Hogeschool VIVES"}},{"type":"Feature","geometry":{"type":"Point","coordinates":[4.706918,50.874739]},"properties":{"osm_id":"way/539236210","category":"universiteit","name":"Dep. Ped.Wetensch.-Leo XIII","operator":"KU Leuven"}},{"type":"Feature","geometry":{"type":"Point","coordinates":[5.964666,52.221175]},"properties":{"osm_id":"way/540475561","category":"universiteit","name":"Theologische Universiteit Apeldoorn","operator":""}},{"type":"Feature","geometry":{"type":"Point","coordinates":[3.266238,50.823707]},"properties":{"osm_id":"way/568103940","category":"universiteit","name":"Huis Goethals","operator":""}},{"type":"Feature","geometry":{"type":"Point","coordinates":[7.084245,50.723281]},"properties":{"osm_id":"way/574880415","category":"universiteit","name":"","operator":""}},{"type":"Feature","geometry":{"type":"Point","coordinates":[3.230008,51.211027]},"properties":{"osm_id":"way/575970750","category":"universiteit","name":"College of Europe - Verversdijk","operator":""}},{"type":"Feature","geometry":{"type":"Point","coordinates":[4.413172,51.224215]},"properties":{"osm_id":"way/584353907","category":"universiteit","name":"UA Stadscampus Gebouw PM","operator":"Universiteit Antwerpen"}},{"type":"Feature","geometry":{"type":"Point","coordinates":[4.412952,51.223371]},"properties":{"osm_id":"way/584355011","category":"universiteit","name":"Stadscampus: Gebouw R","operator":"Universiteit Antwerpen"}},{"type":"Feature","geometry":{"type":"Point","coordinates":[4.408874,51.221899]},"properties":{"osm_id":"way/584399505","category":"universiteit","name":"Stadscampus Universiteit Antwerpen","operator":"Universiteit Antwerpen"}},{"type":"Feature","geometry":{"type":"Point","coordinates":[7.127569,50.718285]},"properties":{"osm_id":"way/584777434","category":"universiteit","name":"Universität der Vereinten Nationen","operator":""}},{"type":"Feature","geometry":{"type":"Point","coordinates":[4.40644,51.2216]},"properties":{"osm_id":"way/584872650","category":"universiteit","name":"Grafisch ontwerp design","operator":""}},{"type":"Feature","geometry":{"type":"Point","coordinates":[3.589467,51.449921]},"properties":{"osm_id":"way/593155328","category":"universiteit","name":"HZ University of Applied Sciences","operator":""}},{"type":"Feature","geometry":{"type":"Point","coordinates":[3.609617,51.495007]},"properties":{"osm_id":"way/595052536","category":"universiteit","name":"HZ University of Applied Sciences","operator":""}},{"type":"Feature","geometry":{"type":"Point","coordinates":[6.554067,51.324634]},"properties":{"osm_id":"way/604954777","category":"universiteit","name":"Hochschule Niederrhein, Campus Krefeld-West","operator":""}},{"type":"Feature","geometry":{"type":"Point","coordinates":[6.65688,52.965405]},"properties":{"osm_id":"way/616664204","category":"universiteit","name":"Wageningen Plant Research","operator":"WUR"}},{"type":"Feature","geometry":{"type":"Point","coordinates":[6.859243,50.957661]},"properties":{"osm_id":"way/626016065","category":"universiteit","name":"Max-Planck-Institut für Pflanzenzüchtungsforschung","operator":""}},{"type":"Feature","geometry":{"type":"Point","coordinates":[4.701789,50.874276]},"properties":{"osm_id":"way/627556002","category":"universiteit","name":"Vlerick Business School","operator":"Vlerick Business School"}},{"type":"Feature","geometry":{"type":"Point","coordinates":[4.701481,50.873848]},"properties":{"osm_id":"way/627556023","category":"universiteit","name":"Pedagogie Sedes Prelaten","operator":"KU Leuven"}},{"type":"Feature","geometry":{"type":"Point","coordinates":[4.795226,51.589927]},"properties":{"osm_id":"way/628790270","category":"universiteit","name":"Breda University of Applied Sciences","operator":"BUAS"}},{"type":"Feature","geometry":{"type":"Point","coordinates":[4.798121,51.584398]},"properties":{"osm_id":"way/633227053","category":"universiteit","name":"Avans Hogeschool","operator":""}},{"type":"Feature","geometry":{"type":"Point","coordinates":[7.107608,50.729594]},"properties":{"osm_id":"way/636945417","category":"universiteit","name":"Rechts- und Staatswissenschaftliche Fakultät","operator":"Universität Bonn"}},{"type":"Feature","geometry":{"type":"Point","coordinates":[4.873703,50.728668]},"properties":{"osm_id":"way/640424492","category":"universiteit","name":"HELDB","operator":""}},{"type":"Feature","geometry":{"type":"Point","coordinates":[3.727631,51.046081]},"properties":{"osm_id":"way/648260637","category":"universiteit","name":"UGent campus Ufo","operator":"Universiteit Gent"}},{"type":"Feature","geometry":{"type":"Point","coordinates":[7.212251,51.488047]},"properties":{"osm_id":"way/648280808","category":"universiteit","name":"Technische Hochschule (TH) Georg Agricola zu Bochum","operator":"DMT-LB"}},{"type":"Feature","geometry":{"type":"Point","coordinates":[4.708513,50.875283]},"properties":{"osm_id":"way/649591346","category":"universiteit","name":"Vesalius Aula","operator":""}},{"type":"Feature","geometry":{"type":"Point","coordinates":[4.691478,50.869219]},"properties":{"osm_id":"way/650059441","category":"universiteit","name":"Topsporthal","operator":""}},{"type":"Feature","geometry":{"type":"Point","coordinates":[4.672259,50.879852]},"properties":{"osm_id":"way/652221397","category":"universiteit","name":"Ghb - Onderwijs & Navorsing 1","operator":""}},{"type":"Feature","geometry":{"type":"Point","coordinates":[4.671345,50.879967]},"properties":{"osm_id":"way/652265940","category":"universiteit","name":"Ghb - Animalium","operator":""}},{"type":"Feature","geometry":{"type":"Point","coordinates":[4.670786,50.880179]},"properties":{"osm_id":"way/653332249","category":"universiteit","name":"Ghb - Animalium (nieuwbouw)","operator":""}},{"type":"Feature","geometry":{"type":"Point","coordinates":[4.671417,50.879682]},"properties":{"osm_id":"way/653335137","category":"universiteit","name":"Ghb - Onderwijs & Navorsing 3","operator":""}},{"type":"Feature","geometry":{"type":"Point","coordinates":[4.673502,50.879776]},"properties":{"osm_id":"way/654200993","category":"universiteit","name":"Ghb - Alma/leercentrum/onderwijstoren","operator":""}},{"type":"Feature","geometry":{"type":"Point","coordinates":[4.702743,50.888725]},"properties":{"osm_id":"way/654259973","category":"universiteit","name":"Residentie Waterview 14","operator":""}},{"type":"Feature","geometry":{"type":"Point","coordinates":[4.672732,50.880619]},"properties":{"osm_id":"way/654664356","category":"universiteit","name":"Ghb - Onderwijs & Navorsing 2","operator":""}},{"type":"Feature","geometry":{"type":"Point","coordinates":[7.069611,50.730271]},"properties":{"osm_id":"way/655232700","category":"universiteit","name":"","operator":""}},{"type":"Feature","geometry":{"type":"Point","coordinates":[4.70462,50.873019]},"properties":{"osm_id":"way/663226565","category":"universiteit","name":"Home Vesalius","operator":"KU Leuven"}},{"type":"Feature","geometry":{"type":"Point","coordinates":[4.703185,50.873009]},"properties":{"osm_id":"way/663226571","category":"universiteit","name":"Auditoria J.Monnet-M.Weber","operator":"KU Leuven"}},{"type":"Feature","geometry":{"type":"Point","coordinates":[6.199525,52.703574]},"properties":{"osm_id":"way/667535542","category":"universiteit","name":"NHL Stenden Hogeschool","operator":""}},{"type":"Feature","geometry":{"type":"Point","coordinates":[4.708395,50.877224]},"properties":{"osm_id":"way/668348584","category":"universiteit","name":"Groepspraktijk voor Huisartsen","operator":""}},{"type":"Feature","geometry":{"type":"Point","coordinates":[4.702417,50.876168]},"properties":{"osm_id":"way/669128782","category":"universiteit","name":"Maurits Sabbebibliotheek","operator":"KU Leuven"}},{"type":"Feature","geometry":{"type":"Point","coordinates":[4.697143,50.871866]},"properties":{"osm_id":"way/669996233","category":"universiteit","name":"Sint-Helena","operator":"KU Leuven"}},{"type":"Feature","geometry":{"type":"Point","coordinates":[4.69455,50.877808]},"properties":{"osm_id":"way/670651919","category":"universiteit","name":"UZ-Rega-Instituut-x","operator":""}},{"type":"Feature","geometry":{"type":"Point","coordinates":[7.101629,50.738969]},"properties":{"osm_id":"way/671831746","category":"universiteit","name":"Institut für Rechtsmedizin der Universität Bonn","operator":""}},{"type":"Feature","geometry":{"type":"Point","coordinates":[3.786611,51.014619]},"properties":{"osm_id":"way/675436034","category":"universiteit","name":"Campus Melle","operator":"Hogeschool gent"}},{"type":"Feature","geometry":{"type":"Point","coordinates":[5.959316,50.877909]},"properties":{"osm_id":"way/677290930","category":"universiteit","name":"Open Universiteit","operator":""}},{"type":"Feature","geometry":{"type":"Point","coordinates":[5.622978,51.474794]},"properties":{"osm_id":"way/679308245","category":"universiteit","name":"Fontys Hogeschool Automotive Campus","operator":"Fontys"}},{"type":"Feature","geometry":{"type":"Point","coordinates":[7.17122,51.265506]},"properties":{"osm_id":"way/680730518","category":"universiteit","name":"Kirchliche Hochschule Wuppertal","operator":""}},{"type":"Feature","geometry":{"type":"Point","coordinates":[4.368021,52.001609]},"properties":{"osm_id":"way/681476219","category":"universiteit","name":"De Haagse Hogeschool","operator":""}},{"type":"Feature","geometry":{"type":"Point","coordinates":[4.368906,52.000257]},"properties":{"osm_id":"way/681476220","category":"universiteit","name":"Hogeschool Inholland","operator":""}},{"type":"Feature","geometry":{"type":"Point","coordinates":[5.796265,53.198807]},"properties":{"osm_id":"way/682727609","category":"universiteit","name":"University of Groningen – Campus Fryslân","operator":"Rijksuniversiteit Groningen"}},{"type":"Feature","geometry":{"type":"Point","coordinates":[4.697846,50.874644]},"properties":{"osm_id":"way/694962956","category":"universiteit","name":"Herenhuis Bethlehem","operator":"KU Leuven"}},{"type":"Feature","geometry":{"type":"Point","coordinates":[4.69765,50.873253]},"properties":{"osm_id":"way/694962966","category":"universiteit","name":"Zwartzustersklooster","operator":"KU Leuven"}},{"type":"Feature","geometry":{"type":"Point","coordinates":[4.698983,50.873195]},"properties":{"osm_id":"way/695795472","category":"universiteit","name":"Amerikaans College","operator":"KU Leuven"}},{"type":"Feature","geometry":{"type":"Point","coordinates":[4.466926,52.168483]},"properties":{"osm_id":"way/698936322","category":"universiteit","name":"Universiteit Leiden Locatie Sylvius","operator":"Universiteit Leiden"}},{"type":"Feature","geometry":{"type":"Point","coordinates":[4.938251,50.659584]},"properties":{"osm_id":"way/704948513","category":"universiteit","name":"École communale Christian Merveille","operator":""}},{"type":"Feature","geometry":{"type":"Point","coordinates":[7.11923,50.714703]},"properties":{"osm_id":"way/708591385","category":"universiteit","name":"Zentrum für Entwicklungsforschung / Zentrum für europäische Integrationsforschung","operator":"Rheinische Friedrich-Wilhelms-Universität Bonn"}},{"type":"Feature","geometry":{"type":"Point","coordinates":[6.545895,51.499142]},"properties":{"osm_id":"way/727296816","category":"universiteit","name":"Hochschule Rhein-Waal","operator":""}},{"type":"Feature","geometry":{"type":"Point","coordinates":[6.862628,51.682127]},"properties":{"osm_id":"way/734939395","category":"universiteit","name":"Akademie Steuern und Wirtschaft GmbH","operator":""}},{"type":"Feature","geometry":{"type":"Point","coordinates":[4.453646,50.851003]},"properties":{"osm_id":"way/758766457","category":"universiteit","name":"UCLouvain Bruxelles Woluwe","operator":"UCLouvain"}},{"type":"Feature","geometry":{"type":"Point","coordinates":[5.412456,52.173048]},"properties":{"osm_id":"way/768302357","category":"universiteit","name":"SOMT University of Physiotherapy","operator":""}},{"type":"Feature","geometry":{"type":"Point","coordinates":[4.404416,51.214351]},"properties":{"osm_id":"way/776449845","category":"universiteit","name":"Antwerp Management School","operator":"Universiteit Antwerpen"}},{"type":"Feature","geometry":{"type":"Point","coordinates":[4.39998,51.212589]},"properties":{"osm_id":"way/785569655","category":"universiteit","name":"Campus Rochus","operator":""}},{"type":"Feature","geometry":{"type":"Point","coordinates":[4.056312,50.772211]},"properties":{"osm_id":"way/788217561","category":"universiteit","name":"Brussels Photonics Campus","operator":"Vrije Universiteit Brussel"}},{"type":"Feature","geometry":{"type":"Point","coordinates":[7.000768,51.458615]},"properties":{"osm_id":"way/790336867","category":"universiteit","name":"PC-Hall Altendorfer Straße","operator":"Universität Duisburg-Essen"}},{"type":"Feature","geometry":{"type":"Point","coordinates":[4.485606,52.155681]},"properties":{"osm_id":"way/802304711","category":"universiteit","name":"Studentencentrum Plexus","operator":"Universiteit Leiden"}},{"type":"Feature","geometry":{"type":"Point","coordinates":[4.484513,52.16071]},"properties":{"osm_id":"way/804448816","category":"universiteit","name":"","operator":""}},{"type":"Feature","geometry":{"type":"Point","coordinates":[4.485988,52.160675]},"properties":{"osm_id":"way/804448817","category":"universiteit","name":"Webster University","operator":""}},{"type":"Feature","geometry":{"type":"Point","coordinates":[4.686136,50.879343]},"properties":{"osm_id":"way/809092027","category":"universiteit","name":"Copal - tuinkamers","operator":""}},{"type":"Feature","geometry":{"type":"Point","coordinates":[5.342479,50.930639]},"properties":{"osm_id":"way/820203214","category":"universiteit","name":"Universiteit Hasselt","operator":"Universiteit Hasselt"}},{"type":"Feature","geometry":{"type":"Point","coordinates":[5.672492,51.986262]},"properties":{"osm_id":"way/868799586","category":"universiteit","name":"Aeres Hogeschool","operator":"Aeres"}},{"type":"Feature","geometry":{"type":"Point","coordinates":[4.703339,50.873462]},"properties":{"osm_id":"way/891984627","category":"universiteit","name":"Campus Sociale Wetenschappen","operator":"KU Leuven"}},{"type":"Feature","geometry":{"type":"Point","coordinates":[3.58969,51.448352]},"properties":{"osm_id":"way/895035969","category":"universiteit","name":"HZ Smart Services","operator":""}},{"type":"Feature","geometry":{"type":"Point","coordinates":[4.664315,50.86782]},"properties":{"osm_id":"way/924794904","category":"universiteit","name":"ETF Campus","operator":""}},{"type":"Feature","geometry":{"type":"Point","coordinates":[7.004768,51.387067]},"properties":{"osm_id":"way/961623658","category":"universiteit","name":"Folkwang Universität der Künste","operator":""}},{"type":"Feature","geometry":{"type":"Point","coordinates":[5.516144,51.276106]},"properties":{"osm_id":"way/963585694","category":"universiteit","name":"Hoeve","operator":""}},{"type":"Feature","geometry":{"type":"Point","coordinates":[4.701789,50.874276]},"properties":{"osm_id":"way/963591156","category":"universiteit","name":"voormalig Institut Electromécanique","operator":""}},{"type":"Feature","geometry":{"type":"Point","coordinates":[4.701986,50.874425]},"properties":{"osm_id":"way/963594863","category":"universiteit","name":"Pand Vlerick","operator":""}},{"type":"Feature","geometry":{"type":"Point","coordinates":[4.704721,50.877443]},"properties":{"osm_id":"way/963599663","category":"universiteit","name":"Woonhuis","operator":""}},{"type":"Feature","geometry":{"type":"Point","coordinates":[4.705723,50.878298]},"properties":{"osm_id":"way/963603547","category":"universiteit","name":"Appartementen-Ingang","operator":""}},{"type":"Feature","geometry":{"type":"Point","coordinates":[4.698311,50.874204]},"properties":{"osm_id":"way/963605279","category":"universiteit","name":"Woning en elektriciteitscabine","operator":""}},{"type":"Feature","geometry":{"type":"Point","coordinates":[4.698239,50.873221]},"properties":{"osm_id":"way/963887176","category":"universiteit","name":"Garagegebouw","operator":""}},{"type":"Feature","geometry":{"type":"Point","coordinates":[4.695485,50.870977]},"properties":{"osm_id":"way/963895661","category":"universiteit","name":"Hotel Begijnhof","operator":""}},{"type":"Feature","geometry":{"type":"Point","coordinates":[4.674071,50.855211]},"properties":{"osm_id":"way/964503788","category":"universiteit","name":"KADOC Archief","operator":""}},{"type":"Feature","geometry":{"type":"Point","coordinates":[4.670777,50.8809]},"properties":{"osm_id":"way/964506622","category":"universiteit","name":"GhB - RK-gebouw","operator":""}},{"type":"Feature","geometry":{"type":"Point","coordinates":[4.69066,50.870343]},"properties":{"osm_id":"way/964882055","category":"universiteit","name":"Beach & Fitnesshal","operator":""}},{"type":"Feature","geometry":{"type":"Point","coordinates":[4.717789,50.880696]},"properties":{"osm_id":"way/965531670","category":"universiteit","name":"Residentie STUDAX","operator":""}},{"type":"Feature","geometry":{"type":"Point","coordinates":[4.76403,50.859397]},"properties":{"osm_id":"way/965538470","category":"universiteit","name":"Corbeekhoeve","operator":""}},{"type":"Feature","geometry":{"type":"Point","coordinates":[4.879192,50.963437]},"properties":{"osm_id":"way/965544023","category":"universiteit","name":"Hoogspanningskabine Fruitteeltcentrum","operator":""}},{"type":"Feature","geometry":{"type":"Point","coordinates":[4.797,50.863143]},"properties":{"osm_id":"way/965563917","category":"universiteit","name":"Garage kasteel","operator":""}},{"type":"Feature","geometry":{"type":"Point","coordinates":[4.797492,50.859202]},"properties":{"osm_id":"way/965568532","category":"universiteit","name":"Villa geneesheer-directeur","operator":""}},{"type":"Feature","geometry":{"type":"Point","coordinates":[4.797612,50.859769]},"properties":{"osm_id":"way/965569310","category":"universiteit","name":"Wollewei","operator":""}},{"type":"Feature","geometry":{"type":"Point","coordinates":[4.797909,50.85997]},"properties":{"osm_id":"way/965569650","category":"universiteit","name":"Boomhut","operator":""}},{"type":"Feature","geometry":{"type":"Point","coordinates":[4.798118,50.860207]},"properties":{"osm_id":"way/965569990","category":"universiteit","name":"Villa geneesheer 3","operator":""}},{"type":"Feature","geometry":{"type":"Point","coordinates":[4.709263,50.878513]},"properties":{"osm_id":"way/967496919","category":"universiteit","name":"Magazijn","operator":""}},{"type":"Feature","geometry":{"type":"Point","coordinates":[4.709825,50.876967]},"properties":{"osm_id":"way/991899122","category":"universiteit","name":"Gascabine Letteren","operator":""}},{"type":"Feature","geometry":{"type":"Point","coordinates":[4.703003,50.88279]},"properties":{"osm_id":"way/992134730","category":"universiteit","name":"Hoogspanningscabine Rega","operator":""}},{"type":"Feature","geometry":{"type":"Point","coordinates":[6.54966,52.995804]},"properties":{"osm_id":"way/997718890","category":"universiteit","name":"NHL Stenden Hogeschool","operator":""}},{"type":"Feature","geometry":{"type":"Point","coordinates":[4.404634,51.220479]},"properties":{"osm_id":"way/1001463639","category":"universiteit","name":"Campus Carolus","operator":"Katholieke Universiteit Leuven"}},{"type":"Feature","geometry":{"type":"Point","coordinates":[4.410887,51.220881]},"properties":{"osm_id":"way/1003933633","category":"universiteit","name":"Stadscampus: Brantijser","operator":"Universiteit Antwerpen"}},{"type":"Feature","geometry":{"type":"Point","coordinates":[4.414438,51.220834]},"properties":{"osm_id":"way/1003933635","category":"universiteit","name":"Stadscampus: Gebouw S","operator":"Universiteit Antwerpen"}},{"type":"Feature","geometry":{"type":"Point","coordinates":[4.409298,51.219886]},"properties":{"osm_id":"way/1004006794","category":"universiteit","name":"Stadscampus: Gebouw LN","operator":"Universiteit Antwerpen"}},{"type":"Feature","geometry":{"type":"Point","coordinates":[4.7153,50.850827]},"properties":{"osm_id":"way/1005201378","category":"universiteit","name":"Loods Haasrode","operator":""}},{"type":"Feature","geometry":{"type":"Point","coordinates":[4.879547,50.963448]},"properties":{"osm_id":"way/1005202650","category":"universiteit","name":"Pompstation","operator":""}},{"type":"Feature","geometry":{"type":"Point","coordinates":[4.770818,50.853879]},"properties":{"osm_id":"way/1017799126","category":"universiteit","name":"TRANSfarm piloothal","operator":""}},{"type":"Feature","geometry":{"type":"Point","coordinates":[4.772351,50.853854]},"properties":{"osm_id":"way/1017799669","category":"universiteit","name":"TRANSfarm hoofdgebouw","operator":""}},{"type":"Feature","geometry":{"type":"Point","coordinates":[4.771383,50.853553]},"properties":{"osm_id":"way/1017799984","category":"universiteit","name":"TRANSfarm gasopslagplaats","operator":""}},{"type":"Feature","geometry":{"type":"Point","coordinates":[4.771654,50.85429]},"properties":{"osm_id":"way/1017801222","category":"universiteit","name":"TRANSfarm animal facilities","operator":""}},{"type":"Feature","geometry":{"type":"Point","coordinates":[4.770757,50.854371]},"properties":{"osm_id":"way/1017804828","category":"universiteit","name":"TRANSfarm schapenstal","operator":""}},{"type":"Feature","geometry":{"type":"Point","coordinates":[4.671293,50.880382]},"properties":{"osm_id":"way/1018207837","category":"universiteit","name":"Ghb - Onderwijs en Navorsing 1 bis","operator":""}},{"type":"Feature","geometry":{"type":"Point","coordinates":[4.692648,50.869125]},"properties":{"osm_id":"way/1018212112","category":"universiteit","name":"Pompstation","operator":""}},{"type":"Feature","geometry":{"type":"Point","coordinates":[5.663916,52.019763]},"properties":{"osm_id":"way/1021752822","category":"universiteit","name":"Christelijke Hogeschool Ede","operator":""}},{"type":"Feature","geometry":{"type":"Point","coordinates":[5.685959,50.847218]},"properties":{"osm_id":"way/1066422998","category":"universiteit","name":"Maastricht University","operator":""}},{"type":"Feature","geometry":{"type":"Point","coordinates":[4.319016,52.081539]},"properties":{"osm_id":"way/1067483943","category":"universiteit","name":"Koninklijke Academie van Beeldende Kunsten","operator":"Hogeschool der Kunsten Den Haag"}},{"type":"Feature","geometry":{"type":"Point","coordinates":[6.107115,52.505877]},"properties":{"osm_id":"way/1067489977","category":"universiteit","name":"Hogeschool KPZ","operator":""}},{"type":"Feature","geometry":{"type":"Point","coordinates":[6.102567,52.508204]},"properties":{"osm_id":"way/1067490368","category":"universiteit","name":"Hogeschool Viaa","operator":""}},{"type":"Feature","geometry":{"type":"Point","coordinates":[5.710466,51.47017]},"properties":{"osm_id":"way/1067494675","category":"universiteit","name":"Pedagogische Hogeschool De Kempel","operator":""}},{"type":"Feature","geometry":{"type":"Point","coordinates":[4.681031,50.881912]},"properties":{"osm_id":"way/1067761722","category":"universiteit","name":"LUCA School of Arts Lemmensinstituut","operator":""}},{"type":"Feature","geometry":{"type":"Point","coordinates":[4.355661,50.80796]},"properties":{"osm_id":"way/1073670968","category":"universiteit","name":"College of Art & Design","operator":""}},{"type":"Feature","geometry":{"type":"Point","coordinates":[4.692039,50.877904]},"properties":{"osm_id":"way/1085274735","category":"universiteit","name":"Huis van Ophem","operator":"KU Leuven"}},{"type":"Feature","geometry":{"type":"Point","coordinates":[4.951259,52.355006]},"properties":{"osm_id":"way/1089320951","category":"universiteit","name":"","operator":""}},{"type":"Feature","geometry":{"type":"Point","coordinates":[5.958889,50.881011]},"properties":{"osm_id":"way/1107321257","category":"universiteit","name":"Zuyd Hogeschool","operator":""}},{"type":"Feature","geometry":{"type":"Point","coordinates":[5.395585,50.928654]},"properties":{"osm_id":"way/1107339539","category":"universiteit","name":"Diepenbeek B blok A-B-C-D-E","operator":""}},{"type":"Feature","geometry":{"type":"Point","coordinates":[5.395019,50.929239]},"properties":{"osm_id":"way/1107340621","category":"universiteit","name":"Diepenbeek B blok F-G-H-I-J-K-L-M-N-O-P-Q-T","operator":""}},{"type":"Feature","geometry":{"type":"Point","coordinates":[4.487611,51.922906]},"properties":{"osm_id":"way/1122290417","category":"universiteit","name":"Erasmus University College","operator":""}},{"type":"Feature","geometry":{"type":"Point","coordinates":[6.791691,51.23541]},"properties":{"osm_id":"way/1134049325","category":"universiteit","name":"Fresenius Hochschule, Fachbereich Wirtschaft & Medien","operator":""}},{"type":"Feature","geometry":{"type":"Point","coordinates":[4.34915,50.826558]},"properties":{"osm_id":"way/1157503489","category":"universiteit","name":"Esa Saint-Luc Bruxelles","operator":""}},{"type":"Feature","geometry":{"type":"Point","coordinates":[7.143027,51.266703]},"properties":{"osm_id":"way/1160205769","category":"universiteit","name":"LivingLabNRW","operator":""}},{"type":"Feature","geometry":{"type":"Point","coordinates":[3.22642,51.205927]},"properties":{"osm_id":"way/1195268592","category":"universiteit","name":"College of Europe - Dijver","operator":""}},{"type":"Feature","geometry":{"type":"Point","coordinates":[4.414288,51.219168]},"properties":{"osm_id":"way/1244517726","category":"universiteit","name":"","operator":""}},{"type":"Feature","geometry":{"type":"Point","coordinates":[4.414512,51.219147]},"properties":{"osm_id":"way/1244519508","category":"universiteit","name":"Campus Antwerpen - Opera","operator":""}},{"type":"Feature","geometry":{"type":"Point","coordinates":[4.488461,51.918443]},"properties":{"osm_id":"way/1273298527","category":"universiteit","name":"Willem de Kooning Academy","operator":"Hogeschool Rotterdam"}},{"type":"Feature","geometry":{"type":"Point","coordinates":[7.108617,50.73135]},"properties":{"osm_id":"way/1309364460","category":"universiteit","name":"ULB Bonn Hauptbibliothek","operator":""}},{"type":"Feature","geometry":{"type":"Point","coordinates":[4.259076,50.800446]},"properties":{"osm_id":"way/1319977784","category":"universiteit","name":"Continental Theological Seminary","operator":""}},{"type":"Feature","geometry":{"type":"Point","coordinates":[4.368508,51.997207]},"properties":{"osm_id":"way/1324871972","category":"universiteit","name":"Hogeschool Inholland","operator":""}},{"type":"Feature","geometry":{"type":"Point","coordinates":[7.026831,50.745923]},"properties":{"osm_id":"way/1328421524","category":"universiteit","name":"Alanus Hochschule, Campus II - Villestraße","operator":"Alanus Hochschule gGmbH"}},{"type":"Feature","geometry":{"type":"Point","coordinates":[3.216753,51.194721]},"properties":{"osm_id":"way/1332072684","category":"universiteit","name":"Howest - Campus Brugge Station","operator":""}},{"type":"Feature","geometry":{"type":"Point","coordinates":[7.245742,51.448071]},"properties":{"osm_id":"way/1350464935","category":"universiteit","name":"Fakultät für Sportwissenschaft","operator":"Ruhr-Universität Bochum"}},{"type":"Feature","geometry":{"type":"Point","coordinates":[4.478658,51.019171]},"properties":{"osm_id":"way/1360711774","category":"universiteit","name":"AP Hogeschool - campus Dodoens","operator":"AP Hogeschool"}},{"type":"Feature","geometry":{"type":"Point","coordinates":[3.27732,50.80942]},"properties":{"osm_id":"way/1410445671","category":"universiteit","name":"Vives Hogeschool (Bachelor in Media & Entertainment Business)","operator":""}},{"type":"Feature","geometry":{"type":"Point","coordinates":[4.484062,52.154924]},"properties":{"osm_id":"way/1415264238","category":"universiteit","name":"Oude Sterrewacht","operator":"Universiteit Leiden"}},{"type":"Feature","geometry":{"type":"Point","coordinates":[5.345848,50.921484]},"properties":{"osm_id":"way/1448042734","category":"universiteit","name":"UCLL Campus Hasselt","operator":""}},{"type":"Feature","geometry":{"type":"Point","coordinates":[3.717141,51.052544]},"properties":{"osm_id":"way/1453299379","category":"universiteit","name":"Sint-Lucas Gent - Hoofdgebouw","operator":""}},{"type":"Feature","geometry":{"type":"Point","coordinates":[7.02648,50.746032]},"properties":{"osm_id":"way/1454914912","category":"universiteit","name":"Alanus Hochschule, Standort 'Campus II – Villestraße'","operator":"Alanus Hochschule gGmbH"}},{"type":"Feature","geometry":{"type":"Point","coordinates":[4.885433,52.370768]},"properties":{"osm_id":"way/1463901954","category":"universiteit","name":"Nyenrode Business Universiteit","operator":""}},{"type":"Feature","geometry":{"type":"Point","coordinates":[5.223097,52.356568]},"properties":{"osm_id":"way/1465592007","category":"universiteit","name":"Aeres Hogeschool","operator":"Aeres"}},{"type":"Feature","geometry":{"type":"Point","coordinates":[5.106728,52.101855]},"properties":{"osm_id":"way/1483886198","category":"universiteit","name":"Hogeschool voor de Kunsten Utrecht","operator":""}},{"type":"Feature","geometry":{"type":"Point","coordinates":[4.670701,50.87963]},"properties":{"osm_id":"way/1491858609","category":"universiteit","name":"Ghb. Fase III CDG blok 44","operator":""}},{"type":"Feature","geometry":{"type":"Point","coordinates":[4.67157,50.879523]},"properties":{"osm_id":"way/1491860200","category":"universiteit","name":"Ghb. Fase III CDG blok 41-44","operator":""}},{"type":"Feature","geometry":{"type":"Point","coordinates":[4.671869,50.879472]},"properties":{"osm_id":"way/1491863291","category":"universiteit","name":"Ghb. Fase III CDG blok 41","operator":""}},{"type":"Feature","geometry":{"type":"Point","coordinates":[4.671026,50.879282]},"properties":{"osm_id":"way/1491881848","category":"universiteit","name":"Ghb. Fase III CDG blok 42","operator":""}},{"type":"Feature","geometry":{"type":"Point","coordinates":[4.349632,50.821242]},"properties":{"osm_id":"way/1495031278","category":"universiteit","name":"UCLouvain LOCI Bruxelles","operator":"UCLouvain"}},{"type":"Feature","geometry":{"type":"Point","coordinates":[5.122886,52.092853]},"properties":{"osm_id":"way/1497799329","category":"universiteit","name":"Protestantse Theologische Universiteit","operator":""}},{"type":"Feature","geometry":{"type":"Point","coordinates":[4.699692,52.018881]},"properties":{"osm_id":"way/1506978670","category":"universiteit","name":"Driestar Hogeschool","operator":"Driestar educatief"}},{"type":"Feature","geometry":{"type":"Point","coordinates":[5.695723,52.528103]},"properties":{"osm_id":"way/1508206883","category":"universiteit","name":"Aeres Hogeschool","operator":"Aeres"}},{"type":"Feature","geometry":{"type":"Point","coordinates":[6.577498,53.213804]},"properties":{"osm_id":"way/1512188713","category":"universiteit","name":"Prins Claus Conservatorium","operator":""}},{"type":"Feature","geometry":{"type":"Point","coordinates":[6.989005,50.934123]},"properties":{"osm_id":"relation/30468","category":"universiteit","name":"Technische Hochschule Köln","operator":""}},{"type":"Feature","geometry":{"type":"Point","coordinates":[6.083449,50.779089]},"properties":{"osm_id":"relation/30697","category":"universiteit","name":"RWTH Aachen","operator":""}},{"type":"Feature","geometry":{"type":"Point","coordinates":[6.934657,50.92693]},"properties":{"osm_id":"relation/180095","category":"universiteit","name":"Geowissenschaften","operator":""}},{"type":"Feature","geometry":{"type":"Point","coordinates":[6.087456,50.761683]},"properties":{"osm_id":"relation/1070152","category":"universiteit","name":"Fachhochschule Aachen","operator":""}},{"type":"Feature","geometry":{"type":"Point","coordinates":[6.934683,50.922245]},"properties":{"osm_id":"relation/1253808","category":"universiteit","name":"Universität zu Köln","operator":""}},{"type":"Feature","geometry":{"type":"Point","coordinates":[7.114042,50.705936]},"properties":{"osm_id":"relation/1322214","category":"universiteit","name":"Hochschule Bonn-Rhein-Sieg","operator":"Nordrhein-Westfalen"}},{"type":"Feature","geometry":{"type":"Point","coordinates":[6.79391,51.190728]},"properties":{"osm_id":"relation/1464094","category":"universiteit","name":"Heinrich-Heine-Universität Düsseldorf","operator":""}},{"type":"Feature","geometry":{"type":"Point","coordinates":[4.369633,52.002439]},"properties":{"osm_id":"relation/2695263","category":"universiteit","name":"TPM","operator":""}},{"type":"Feature","geometry":{"type":"Point","coordinates":[5.122438,52.09026]},"properties":{"osm_id":"relation/3530174","category":"universiteit","name":"Academiegebouw","operator":""}},{"type":"Feature","geometry":{"type":"Point","coordinates":[4.316265,52.081226]},"properties":{"osm_id":"relation/3576909","category":"universiteit","name":"Universiteit Leiden Campus Den Haag","operator":""}},{"type":"Feature","geometry":{"type":"Point","coordinates":[4.89631,52.369603]},"properties":{"osm_id":"relation/3583232","category":"universiteit","name":"UvA Oudemanhuispoort","operator":"Universiteit van Amsterdam"}},{"type":"Feature","geometry":{"type":"Point","coordinates":[6.961059,50.933736]},"properties":{"osm_id":"relation/3890403","category":"universiteit","name":"Kunsthochschule für Medien","operator":""}},{"type":"Feature","geometry":{"type":"Point","coordinates":[6.955453,50.942799]},"properties":{"osm_id":"relation/4590862","category":"universiteit","name":"Fachhochschule Köln","operator":""}},{"type":"Feature","geometry":{"type":"Point","coordinates":[7.020902,51.450386]},"properties":{"osm_id":"relation/5887366","category":"universiteit","name":"Universität Duisburg-Essen","operator":""}},{"type":"Feature","geometry":{"type":"Point","coordinates":[3.713391,51.043869]},"properties":{"osm_id":"relation/6366388","category":"universiteit","name":"HoGent/UGent Campus Mercator","operator":"Hogeschool Gent;Universiteit Gent"}},{"type":"Feature","geometry":{"type":"Point","coordinates":[3.724966,51.045086]},"properties":{"osm_id":"relation/6682454","category":"universiteit","name":"UGent campus Boekentoren","operator":"Universiteit Gent"}},{"type":"Feature","geometry":{"type":"Point","coordinates":[3.702803,51.048679]},"properties":{"osm_id":"relation/6682455","category":"universiteit","name":"UGent campus Dunant","operator":"Universiteit Gent"}},{"type":"Feature","geometry":{"type":"Point","coordinates":[4.698589,50.87372]},"properties":{"osm_id":"relation/6924602","category":"universiteit","name":"Holleberg","operator":"KU Leuven"}},{"type":"Feature","geometry":{"type":"Point","coordinates":[6.912038,52.77823]},"properties":{"osm_id":"relation/6969760","category":"universiteit","name":"NHL Stenden Hogeschool","operator":""}},{"type":"Feature","geometry":{"type":"Point","coordinates":[4.669968,50.878824]},"properties":{"osm_id":"relation/7200663","category":"universiteit","name":"Onderwijs en Navorsing 4","operator":""}},{"type":"Feature","geometry":{"type":"Point","coordinates":[4.687224,50.87863]},"properties":{"osm_id":"relation/7326366","category":"universiteit","name":"Copal","operator":"KU Leuven"}},{"type":"Feature","geometry":{"type":"Point","coordinates":[6.571724,53.22426]},"properties":{"osm_id":"relation/7348592","category":"universiteit","name":"Faculteit Medische Wetenschappen","operator":"Rijkuniversiteit Groningen"}},{"type":"Feature","geometry":{"type":"Point","coordinates":[4.70414,50.874911]},"properties":{"osm_id":"relation/8066675","category":"universiteit","name":"KADOC","operator":"KU Leuven"}},{"type":"Feature","geometry":{"type":"Point","coordinates":[4.407375,51.22311]},"properties":{"osm_id":"relation/8260008","category":"universiteit","name":"Campus Mutsaard - Stadscampus","operator":"Universiteit Antwerpen en AP Hogeschool"}},{"type":"Feature","geometry":{"type":"Point","coordinates":[3.713113,51.054397]},"properties":{"osm_id":"relation/8639457","category":"universiteit","name":"Sint-Lucas Gent - Abdij","operator":""}},{"type":"Feature","geometry":{"type":"Point","coordinates":[4.706918,50.875718]},"properties":{"osm_id":"relation/8672404","category":"universiteit","name":"Hoger Instituut Wijsbegeerte","operator":"KU Leuven"}},{"type":"Feature","geometry":{"type":"Point","coordinates":[6.925753,50.928537]},"properties":{"osm_id":"relation/8727202","category":"universiteit","name":"Universität zu Köln","operator":""}},{"type":"Feature","geometry":{"type":"Point","coordinates":[4.700883,50.875582]},"properties":{"osm_id":"relation/9307593","category":"universiteit","name":"College van Premonstreit","operator":"KU Leuven"}},{"type":"Feature","geometry":{"type":"Point","coordinates":[4.699636,50.87489]},"properties":{"osm_id":"relation/9661614","category":"universiteit","name":"Van Dalecollege","operator":"KU Leuven"}},{"type":"Feature","geometry":{"type":"Point","coordinates":[4.699166,50.873913]},"properties":{"osm_id":"relation/9661615","category":"universiteit","name":"Arenberginstituut - Stuk","operator":"KU Leuven"}},{"type":"Feature","geometry":{"type":"Point","coordinates":[4.699321,50.873195]},"properties":{"osm_id":"relation/9669476","category":"universiteit","name":"Amerikaans College","operator":"KU Leuven"}},{"type":"Feature","geometry":{"type":"Point","coordinates":[4.697878,50.871582]},"properties":{"osm_id":"relation/10016279","category":"universiteit","name":"Huis van de Portieressen","operator":"KU Leuven"}},{"type":"Feature","geometry":{"type":"Point","coordinates":[3.285409,50.805666]},"properties":{"osm_id":"relation/10409271","category":"universiteit","name":"VIVES - Campus Kortrijk","operator":"VIVES"}},{"type":"Feature","geometry":{"type":"Point","coordinates":[4.699824,50.876912]},"properties":{"osm_id":"relation/12117599","category":"universiteit","name":"Heilige-Geestcollege","operator":"KU Leuven"}},{"type":"Feature","geometry":{"type":"Point","coordinates":[4.703414,50.873714]},"properties":{"osm_id":"relation/12132699","category":"universiteit","name":"Faculteit Sociale Wetenschappen","operator":"KU Leuven"}},{"type":"Feature","geometry":{"type":"Point","coordinates":[6.796996,51.189154]},"properties":{"osm_id":"relation/12156255","category":"universiteit","name":"Juristische Fakultät","operator":""}},{"type":"Feature","geometry":{"type":"Point","coordinates":[5.662621,51.982864]},"properties":{"osm_id":"relation/12843594","category":"universiteit","name":"Nexus","operator":"Wageningen University"}},{"type":"Feature","geometry":{"type":"Point","coordinates":[4.395477,50.822622]},"properties":{"osm_id":"relation/13366042","category":"universiteit","name":"Vrije Universiteit Brussel – Campus Etterbeek","operator":""}},{"type":"Feature","geometry":{"type":"Point","coordinates":[4.381442,50.812813]},"properties":{"osm_id":"relation/13699100","category":"universiteit","name":"Université libre de Bruxelles (Campus du Solbosch)","operator":"Université libre de Bruxelles"}},{"type":"Feature","geometry":{"type":"Point","coordinates":[5.66377,51.984828]},"properties":{"osm_id":"relation/13994344","category":"universiteit","name":"Wageningen University & Research","operator":"Wageningen University & Research"}},{"type":"Feature","geometry":{"type":"Point","coordinates":[5.798157,53.211025]},"properties":{"osm_id":"relation/14572882","category":"universiteit","name":"NHL Stenden Hogeschool","operator":""}},{"type":"Feature","geometry":{"type":"Point","coordinates":[6.944878,50.930748]},"properties":{"osm_id":"relation/14913847","category":"universiteit","name":"","operator":""}},{"type":"Feature","geometry":{"type":"Point","coordinates":[4.482244,52.157705]},"properties":{"osm_id":"relation/16340064","category":"universiteit","name":"Witte Singel-Doelencomplex","operator":""}},{"type":"Feature","geometry":{"type":"Point","coordinates":[4.464033,52.168386]},"properties":{"osm_id":"relation/17225930","category":"universiteit","name":"Leiden Bio Science Park","operator":""}},{"type":"Feature","geometry":{"type":"Point","coordinates":[4.864135,52.334551]},"properties":{"osm_id":"relation/17280826","category":"universiteit","name":"Vrije Universiteit Amsterdam","operator":""}},{"type":"Feature","geometry":{"type":"Point","coordinates":[4.473288,52.162402]},"properties":{"osm_id":"relation/18024329","category":"universiteit","name":"Universiteit Leiden","operator":"Universiteit Leiden"}},{"type":"Feature","geometry":{"type":"Point","coordinates":[7.025785,51.574071]},"properties":{"osm_id":"relation/18115183","category":"universiteit","name":"Westfälische Hochschule Gebäude B","operator":"Westfälische Hochschule"}},{"type":"Feature","geometry":{"type":"Point","coordinates":[7.027189,51.574591]},"properties":{"osm_id":"relation/18115185","category":"universiteit","name":"Westfälische Hochschule Gebäude A1","operator":""}},{"type":"Feature","geometry":{"type":"Point","coordinates":[7.120867,51.388013]},"properties":{"osm_id":"relation/18523135","category":"universiteit","name":"Hochschule Bochum","operator":"Hochschule Bochum"}},{"type":"Feature","geometry":{"type":"Point","coordinates":[7.210153,51.452003]},"properties":{"osm_id":"relation/18543610","category":"universiteit","name":"EBZ Business School","operator":""}},{"type":"Feature","geometry":{"type":"Point","coordinates":[6.897802,50.951878]},"properties":{"osm_id":"relation/19709663","category":"universiteit","name":"Energiewirtschaftliches Institut an der Universität zu Köln","operator":""}},{"type":"Feature","geometry":{"type":"Point","coordinates":[4.90955,52.359282]},"properties":{"osm_id":"relation/19868508","category":"universiteit","name":"Amstelcampus","operator":"Hogeschool van Amsterdam"}}]}