{"type":"FeatureCollection","metadata":{"gemeente":"Amsterdam","slug":"amsterdam","by_category":{"bus_halte":1160,"tram_halte":426,"transformatorhuisje":345,"supermarkt":259,"fietsenstalling":217,"parkeergarage":195,"ov_knooppunt":70,"sportveld":70,"metro_station":48,"bibliotheek":41,"middelbare_school":41,"inzamelpunt":37,"hogeschool":32,"universiteit":27,"winkelcentrum":16,"p_and_r":13,"ns_station":12,"gemeentehuis":10,"ziekenhuis":7},"total":3026},"features":[{"type":"Feature","geometry":{"type":"Point","coordinates":[4.960171,52.297989]},"properties":{"category":"ns_station","name":"Amsterdam Holendrecht","operator":"Nederlandse Spoorwegen;GVB"}},{"type":"Feature","geometry":{"type":"Point","coordinates":[4.838106,52.389032]},"properties":{"category":"ns_station","name":"Amsterdam Sloterdijk","operator":"Nederlandse Spoorwegen"}},{"type":"Feature","geometry":{"type":"Point","coordinates":[4.947088,52.312245]},"properties":{"category":"ns_station","name":"Amsterdam Bijlmer ArenA","operator":"NS;GVB"}},{"type":"Feature","geometry":{"type":"Point","coordinates":[4.917557,52.346466]},"properties":{"category":"ns_station","name":"Amsterdam Amstel","operator":"Nederlandse Spoorwegen;GVB"}},{"type":"Feature","geometry":{"type":"Point","coordinates":[4.890229,52.337035]},"properties":{"category":"ns_station","name":"Amsterdam RAI","operator":"Nederlandse Spoorwegen"}},{"type":"Feature","geometry":{"type":"Point","coordinates":[4.834027,52.357837]},"properties":{"category":"ns_station","name":"Amsterdam Lelylaan","operator":"Nederlandse Spoorwegen;GVB"}},{"type":"Feature","geometry":{"type":"Point","coordinates":[4.900581,52.378901]},"properties":{"category":"ns_station","name":"Amsterdam Centraal","operator":"NS"}},{"type":"Feature","geometry":{"type":"Point","coordinates":[4.873191,52.338807]},"properties":{"category":"ns_station","name":"Amsterdam Zuid","operator":"Nederlandse Spoorwegen"}},{"type":"Feature","geometry":{"type":"Point","coordinates":[5.044048,52.312207]},"properties":{"category":"ns_station","name":"Weesp","operator":""}},{"type":"Feature","geometry":{"type":"Point","coordinates":[4.948315,52.352926]},"properties":{"category":"ns_station","name":"Amsterdam Science Park","operator":""}},{"type":"Feature","geometry":{"type":"Point","coordinates":[4.931193,52.360854]},"properties":{"category":"ns_station","name":"Amsterdam Muiderpoort","operator":""}},{"type":"Feature","geometry":{"type":"Point","coordinates":[4.899345,52.379167]},"properties":{"category":"ns_station","name":"Amsterdam Centraal","operator":""}},{"type":"Feature","geometry":{"type":"Point","coordinates":[4.912049,52.354595]},"properties":{"category":"metro_station","name":"Wibautstraat","operator":""}},{"type":"Feature","geometry":{"type":"Point","coordinates":[4.857577,52.338403]},"properties":{"category":"metro_station","name":"Amstelveenseweg","operator":"GVB"}},{"type":"Feature","geometry":{"type":"Point","coordinates":[4.835294,52.372658]},"properties":{"category":"metro_station","name":"Jan van Galenstraat","operator":"GVB"}},{"type":"Feature","geometry":{"type":"Point","coordinates":[4.941398,52.318612]},"properties":{"category":"metro_station","name":"Strandvliet","operator":""}},{"type":"Feature","geometry":{"type":"Point","coordinates":[4.989161,52.296407]},"properties":{"category":"metro_station","name":"Gein","operator":""}},{"type":"Feature","geometry":{"type":"Point","coordinates":[4.952129,52.306869]},"properties":{"category":"metro_station","name":"Bullewijk","operator":""}},{"type":"Feature","geometry":{"type":"Point","coordinates":[4.917627,52.331732]},"properties":{"category":"metro_station","name":"Overamstel","operator":"GVB"}},{"type":"Feature","geometry":{"type":"Point","coordinates":[4.911895,52.35456]},"properties":{"category":"metro_station","name":"Wibautstraat","operator":""}},{"type":"Feature","geometry":{"type":"Point","coordinates":[4.838222,52.379613]},"properties":{"category":"metro_station","name":"De Vlugtlaan","operator":"GVB"}},{"type":"Feature","geometry":{"type":"Point","coordinates":[4.989013,52.296338]},"properties":{"category":"metro_station","name":"Gein","operator":"GVB"}},{"type":"Feature","geometry":{"type":"Point","coordinates":[4.974422,52.295648]},"properties":{"category":"metro_station","name":"Reigersbos","operator":"GVB"}},{"type":"Feature","geometry":{"type":"Point","coordinates":[4.984322,52.311318]},"properties":{"category":"metro_station","name":"Gaasperplas","operator":"GVB"}},{"type":"Feature","geometry":{"type":"Point","coordinates":[4.97355,52.323079]},"properties":{"category":"metro_station","name":"Ganzenhoef","operator":"GVB"}},{"type":"Feature","geometry":{"type":"Point","coordinates":[4.979123,52.317031]},"properties":{"category":"metro_station","name":"Kraaiennest","operator":"GVB"}},{"type":"Feature","geometry":{"type":"Point","coordinates":[4.94634,52.326767]},"properties":{"category":"metro_station","name":"Venserpolder","operator":"GVB"}},{"type":"Feature","geometry":{"type":"Point","coordinates":[4.941356,52.318536]},"properties":{"category":"metro_station","name":"Strandvliet","operator":"GVB"}},{"type":"Feature","geometry":{"type":"Point","coordinates":[4.952236,52.306611]},"properties":{"category":"metro_station","name":"Bullewijk","operator":"GVB"}},{"type":"Feature","geometry":{"type":"Point","coordinates":[4.834303,52.352471]},"properties":{"category":"metro_station","name":"Heemstedestraat","operator":"GVB"}},{"type":"Feature","geometry":{"type":"Point","coordinates":[4.921011,52.339959]},"properties":{"category":"metro_station","name":"Spaklerweg","operator":"GVB"}},{"type":"Feature","geometry":{"type":"Point","coordinates":[4.912025,52.354462]},"properties":{"category":"metro_station","name":"Wibautstraat","operator":"GVB"}},{"type":"Feature","geometry":{"type":"Point","coordinates":[4.900879,52.371318]},"properties":{"category":"metro_station","name":"Nieuwmarkt","operator":"GVB"}},{"type":"Feature","geometry":{"type":"Point","coordinates":[4.834503,52.346403]},"properties":{"category":"metro_station","name":"Henk Sneevlietweg","operator":"GVB"}},{"type":"Feature","geometry":{"type":"Point","coordinates":[4.850791,52.395171]},"properties":{"category":"metro_station","name":"Isolatorweg","operator":"GVB"}},{"type":"Feature","geometry":{"type":"Point","coordinates":[4.833961,52.364292]},"properties":{"category":"metro_station","name":"Postjesweg","operator":"GVB"}},{"type":"Feature","geometry":{"type":"Point","coordinates":[4.952001,52.30679]},"properties":{"category":"metro_station","name":"Bullewijk","operator":""}},{"type":"Feature","geometry":{"type":"Point","coordinates":[4.989299,52.296271]},"properties":{"category":"metro_station","name":"Gein","operator":""}},{"type":"Feature","geometry":{"type":"Point","coordinates":[4.94142,52.318362]},"properties":{"category":"metro_station","name":"Strandvliet","operator":""}},{"type":"Feature","geometry":{"type":"Point","coordinates":[4.874613,52.339203]},"properties":{"category":"metro_station","name":"Zuid","operator":"Gemeentelijk Vervoerbedrijf"}},{"type":"Feature","geometry":{"type":"Point","coordinates":[4.838877,52.389016]},"properties":{"category":"metro_station","name":"Station Sloterdijk","operator":"GVB"}},{"type":"Feature","geometry":{"type":"Point","coordinates":[4.889326,52.337712]},"properties":{"category":"metro_station","name":"Station RAI","operator":"GVB"}},{"type":"Feature","geometry":{"type":"Point","coordinates":[4.900958,52.377432]},"properties":{"category":"metro_station","name":"Centraal Station","operator":"GVB"}},{"type":"Feature","geometry":{"type":"Point","coordinates":[4.891473,52.341606]},"properties":{"category":"metro_station","name":"Europaplein","operator":"Gemeentelijk Vervoerbedrijf"}},{"type":"Feature","geometry":{"type":"Point","coordinates":[4.890693,52.353975]},"properties":{"category":"metro_station","name":"De Pijp","operator":"GVB"}},{"type":"Feature","geometry":{"type":"Point","coordinates":[4.891165,52.360817]},"properties":{"category":"metro_station","name":"Vijzelgracht","operator":"GVB"}},{"type":"Feature","geometry":{"type":"Point","coordinates":[4.9187,52.388932]},"properties":{"category":"metro_station","name":"Noorderpark","operator":"GVB"}},{"type":"Feature","geometry":{"type":"Point","coordinates":[4.932359,52.401993]},"properties":{"category":"metro_station","name":"Noord","operator":"GVB"}},{"type":"Feature","geometry":{"type":"Point","coordinates":[4.901085,52.371353]},"properties":{"category":"metro_station","name":"Nieuwmarkt","operator":""}},{"type":"Feature","geometry":{"type":"Point","coordinates":[4.903606,52.366626]},"properties":{"category":"metro_station","name":"Waterlooplein","operator":""}},{"type":"Feature","geometry":{"type":"Point","coordinates":[4.903753,52.36669]},"properties":{"category":"metro_station","name":"Waterlooplein","operator":""}},{"type":"Feature","geometry":{"type":"Point","coordinates":[4.900938,52.371424]},"properties":{"category":"metro_station","name":"Nieuwmarkt","operator":""}},{"type":"Feature","geometry":{"type":"Point","coordinates":[4.907918,52.361326]},"properties":{"category":"metro_station","name":"Weesperplein","operator":""}},{"type":"Feature","geometry":{"type":"Point","coordinates":[4.907847,52.361299]},"properties":{"category":"metro_station","name":"Weesperplein","operator":""}},{"type":"Feature","geometry":{"type":"Point","coordinates":[4.900906,52.379198]},"properties":{"category":"metro_station","name":"Centraal Station","operator":"Gemeentelijk Vervoerbedrijf"}},{"type":"Feature","geometry":{"type":"Point","coordinates":[4.89258,52.370597]},"properties":{"category":"metro_station","name":"Rokin","operator":"Gemeentelijk Vervoerbedrijf"}},{"type":"Feature","geometry":{"type":"Point","coordinates":[4.902464,52.36739]},"properties":{"category":"metro_station","name":"Waterlooplein","operator":"Gemeentelijk Vervoerbedrijf"}},{"type":"Feature","geometry":{"type":"Point","coordinates":[4.907974,52.361185]},"properties":{"category":"metro_station","name":"Weesperplein","operator":"Gemeentelijk Vervoerbedrijf"}},{"type":"Feature","geometry":{"type":"Point","coordinates":[4.912736,52.353368]},"properties":{"category":"metro_station","name":"","operator":""}},{"type":"Feature","geometry":{"type":"Point","coordinates":[4.911593,52.355222]},"properties":{"category":"metro_station","name":"","operator":""}},{"type":"Feature","geometry":{"type":"Point","coordinates":[4.852183,52.358048]},"properties":{"category":"tram_halte","name":"Surinameplein","operator":""}},{"type":"Feature","geometry":{"type":"Point","coordinates":[4.919363,52.363504]},"properties":{"category":"tram_halte","name":"Alexanderplein","operator":""}},{"type":"Feature","geometry":{"type":"Point","coordinates":[4.90536,52.367961]},"properties":{"category":"tram_halte","name":"Meester Visserplein","operator":""}},{"type":"Feature","geometry":{"type":"Point","coordinates":[4.879205,52.381312]},"properties":{"category":"tram_halte","name":"Nassaukade","operator":""}},{"type":"Feature","geometry":{"type":"Point","coordinates":[4.885142,52.388084]},"properties":{"category":"tram_halte","name":"Zoutkeetsgracht","operator":""}},{"type":"Feature","geometry":{"type":"Point","coordinates":[4.87492,52.384419]},"properties":{"category":"tram_halte","name":"Van Limburg Stirumplein","operator":""}},{"type":"Feature","geometry":{"type":"Point","coordinates":[4.893644,52.373533]},"properties":{"category":"tram_halte","name":"Dam","operator":""}},{"type":"Feature","geometry":{"type":"Point","coordinates":[4.928942,52.360931]},"properties":{"category":"tram_halte","name":"Dapperstraat","operator":""}},{"type":"Feature","geometry":{"type":"Point","coordinates":[4.882087,52.353122]},"properties":{"category":"tram_halte","name":"Roelof Hartplein","operator":""}},{"type":"Feature","geometry":{"type":"Point","coordinates":[4.879638,52.356695]},"properties":{"category":"tram_halte","name":"Concertgebouw","operator":""}},{"type":"Feature","geometry":{"type":"Point","coordinates":[4.875268,52.378478]},"properties":{"category":"tram_halte","name":"Frederik Hendrikplantsoen","operator":""}},{"type":"Feature","geometry":{"type":"Point","coordinates":[4.872955,52.37501]},"properties":{"category":"tram_halte","name":"Hugo de Grootplein","operator":""}},{"type":"Feature","geometry":{"type":"Point","coordinates":[4.872531,52.374299]},"properties":{"category":"tram_halte","name":"Hugo de Grootplein","operator":""}},{"type":"Feature","geometry":{"type":"Point","coordinates":[4.932496,52.365914]},"properties":{"category":"tram_halte","name":"Zeeburgerdijk","operator":""}},{"type":"Feature","geometry":{"type":"Point","coordinates":[4.927204,52.365916]},"properties":{"category":"tram_halte","name":"Pontanusstraat","operator":""}},{"type":"Feature","geometry":{"type":"Point","coordinates":[4.901985,52.366993]},"properties":{"category":"tram_halte","name":"Waterlooplein","operator":""}},{"type":"Feature","geometry":{"type":"Point","coordinates":[4.920642,52.363023]},"properties":{"category":"tram_halte","name":"Mauritskade","operator":""}},{"type":"Feature","geometry":{"type":"Point","coordinates":[4.887104,52.360973]},"properties":{"category":"tram_halte","name":"Rijksmuseum","operator":""}},{"type":"Feature","geometry":{"type":"Point","coordinates":[4.934828,52.373013]},"properties":{"category":"tram_halte","name":"Rietlandpark","operator":""}},{"type":"Feature","geometry":{"type":"Point","coordinates":[4.850174,52.351526]},"properties":{"category":"tram_halte","name":"Hoofddorpplein","operator":""}},{"type":"Feature","geometry":{"type":"Point","coordinates":[4.849592,52.351168]},"properties":{"category":"tram_halte","name":"Hoofddorpplein","operator":""}},{"type":"Feature","geometry":{"type":"Point","coordinates":[4.952064,52.365204]},"properties":{"category":"tram_halte","name":"Flevopark","operator":""}},{"type":"Feature","geometry":{"type":"Point","coordinates":[4.834287,52.351491]},"properties":{"category":"tram_halte","name":"Heemstedestraat","operator":""}},{"type":"Feature","geometry":{"type":"Point","coordinates":[4.824259,52.346686]},"properties":{"category":"tram_halte","name":"Louwesweg","operator":""}},{"type":"Feature","geometry":{"type":"Point","coordinates":[4.876777,52.342615]},"properties":{"category":"tram_halte","name":"Prinses Irenestraat","operator":""}},{"type":"Feature","geometry":{"type":"Point","coordinates":[4.892197,52.340232]},"properties":{"category":"tram_halte","name":"Europaplein","operator":""}},{"type":"Feature","geometry":{"type":"Point","coordinates":[4.857549,52.349215]},"properties":{"category":"tram_halte","name":"Haarlemmermeerstation","operator":""}},{"type":"Feature","geometry":{"type":"Point","coordinates":[4.8796,52.356019]},"properties":{"category":"tram_halte","name":"Concertgebouw","operator":""}},{"type":"Feature","geometry":{"type":"Point","coordinates":[4.815688,52.346442]},"properties":{"category":"tram_halte","name":"Laan van Vlaanderen","operator":""}},{"type":"Feature","geometry":{"type":"Point","coordinates":[4.811047,52.346386]},"properties":{"category":"tram_halte","name":"Centrum Nieuw Sloten","operator":""}},{"type":"Feature","geometry":{"type":"Point","coordinates":[4.803671,52.344928]},"properties":{"category":"tram_halte","name":"Oudenaardeplantsoen","operator":""}},{"type":"Feature","geometry":{"type":"Point","coordinates":[4.804122,52.345045]},"properties":{"category":"tram_halte","name":"Oudenaardeplantsoen","operator":""}},{"type":"Feature","geometry":{"type":"Point","coordinates":[4.913431,52.377206]},"properties":{"category":"tram_halte","name":"Muziekgebouw","operator":""}},{"type":"Feature","geometry":{"type":"Point","coordinates":[4.840126,52.357936]},"properties":{"category":"tram_halte","name":"Derkinderenstraat","operator":""}},{"type":"Feature","geometry":{"type":"Point","coordinates":[4.834559,52.35788]},"properties":{"category":"tram_halte","name":"Station Lelylaan","operator":""}},{"type":"Feature","geometry":{"type":"Point","coordinates":[4.853179,52.364773]},"properties":{"category":"tram_halte","name":"Postjesweg","operator":""}},{"type":"Feature","geometry":{"type":"Point","coordinates":[4.810753,52.356509]},"properties":{"category":"tram_halte","name":"Meer en Vaart","operator":""}},{"type":"Feature","geometry":{"type":"Point","coordinates":[4.850994,52.358073]},"properties":{"category":"tram_halte","name":"Surinameplein","operator":""}},{"type":"Feature","geometry":{"type":"Point","coordinates":[4.845628,52.351568]},"properties":{"category":"tram_halte","name":"Westlandgracht","operator":""}},{"type":"Feature","geometry":{"type":"Point","coordinates":[4.870782,52.356025]},"properties":{"category":"tram_halte","name":"Cornelis Schuytstraat","operator":""}},{"type":"Feature","geometry":{"type":"Point","coordinates":[4.881245,52.358854]},"properties":{"category":"tram_halte","name":"Museumplein","operator":""}},{"type":"Feature","geometry":{"type":"Point","coordinates":[4.868704,52.336965]},"properties":{"category":"tram_halte","name":"Parnassusweg","operator":""}},{"type":"Feature","geometry":{"type":"Point","coordinates":[4.883504,52.384972]},"properties":{"category":"tram_halte","name":"Haarlemmerplein","operator":""}},{"type":"Feature","geometry":{"type":"Point","coordinates":[4.844663,52.369426]},"properties":{"category":"tram_halte","name":"Admiraal Helfrichstraat","operator":""}},{"type":"Feature","geometry":{"type":"Point","coordinates":[4.802914,52.377278]},"properties":{"category":"tram_halte","name":"Lambertus Zijlplein","operator":""}},{"type":"Feature","geometry":{"type":"Point","coordinates":[4.947491,52.343202]},"properties":{"category":"tram_halte","name":"Brinkstraat","operator":""}},{"type":"Feature","geometry":{"type":"Point","coordinates":[4.803227,52.359117]},"properties":{"category":"tram_halte","name":"Osdorpplein West","operator":""}},{"type":"Feature","geometry":{"type":"Point","coordinates":[4.856544,52.327992]},"properties":{"category":"tram_halte","name":"Van Nijenrodeweg","operator":""}},{"type":"Feature","geometry":{"type":"Point","coordinates":[4.85445,52.33528]},"properties":{"category":"tram_halte","name":"Jollenpad","operator":""}},{"type":"Feature","geometry":{"type":"Point","coordinates":[4.852402,52.341178]},"properties":{"category":"tram_halte","name":"IJsbaanpad","operator":""}},{"type":"Feature","geometry":{"type":"Point","coordinates":[4.870815,52.371054]},"properties":{"category":"tram_halte","name":"Bilderdijkstraat","operator":""}},{"type":"Feature","geometry":{"type":"Point","coordinates":[4.937347,52.376818]},"properties":{"category":"tram_halte","name":"Azartplein","operator":""}},{"type":"Feature","geometry":{"type":"Point","coordinates":[4.937322,52.376613]},"properties":{"category":"tram_halte","name":"Azartplein","operator":""}},{"type":"Feature","geometry":{"type":"Point","coordinates":[4.873029,52.346774]},"properties":{"category":"tram_halte","name":"Minervaplein","operator":""}},{"type":"Feature","geometry":{"type":"Point","coordinates":[4.876277,52.346869]},"properties":{"category":"tram_halte","name":"Beethovenstraat","operator":""}},{"type":"Feature","geometry":{"type":"Point","coordinates":[4.877191,52.34882]},"properties":{"category":"tram_halte","name":"Gerrit van der Veenstraat","operator":""}},{"type":"Feature","geometry":{"type":"Point","coordinates":[4.877365,52.349216]},"properties":{"category":"tram_halte","name":"Gerrit van der Veenstraat","operator":""}},{"type":"Feature","geometry":{"type":"Point","coordinates":[4.873969,52.340823]},"properties":{"category":"tram_halte","name":"Station Zuid","operator":""}},{"type":"Feature","geometry":{"type":"Point","coordinates":[4.9263,52.368143]},"properties":{"category":"tram_halte","name":"Eerste Coehoornstraat","operator":""}},{"type":"Feature","geometry":{"type":"Point","coordinates":[4.868967,52.324893]},"properties":{"category":"tram_halte","name":"Van Boshuizenstraat","operator":""}},{"type":"Feature","geometry":{"type":"Point","coordinates":[4.869069,52.321943]},"properties":{"category":"tram_halte","name":"Uilenstede","operator":""}},{"type":"Feature","geometry":{"type":"Point","coordinates":[4.933466,52.37323]},"properties":{"category":"tram_halte","name":"Rietlandpark","operator":""}},{"type":"Feature","geometry":{"type":"Point","coordinates":[4.865857,52.346302]},"properties":{"category":"tram_halte","name":"Olympiaplein","operator":""}},{"type":"Feature","geometry":{"type":"Point","coordinates":[4.898319,52.363833]},"properties":{"category":"tram_halte","name":"Keizersgracht","operator":""}},{"type":"Feature","geometry":{"type":"Point","coordinates":[4.899084,52.359936]},"properties":{"category":"tram_halte","name":"Frederiksplein","operator":""}},{"type":"Feature","geometry":{"type":"Point","coordinates":[4.899402,52.357578]},"properties":{"category":"tram_halte","name":"Albert Cuypstraat","operator":""}},{"type":"Feature","geometry":{"type":"Point","coordinates":[4.901105,52.344654]},"properties":{"category":"tram_halte","name":"Waalstraat","operator":""}},{"type":"Feature","geometry":{"type":"Point","coordinates":[4.900562,52.344421]},"properties":{"category":"tram_halte","name":"Waalstraat","operator":""}},{"type":"Feature","geometry":{"type":"Point","coordinates":[4.896271,52.342864]},"properties":{"category":"tram_halte","name":"Maasstraat","operator":""}},{"type":"Feature","geometry":{"type":"Point","coordinates":[4.896873,52.343118]},"properties":{"category":"tram_halte","name":"Maasstraat","operator":""}},{"type":"Feature","geometry":{"type":"Point","coordinates":[4.893001,52.341925]},"properties":{"category":"tram_halte","name":"Dintelstraat","operator":""}},{"type":"Feature","geometry":{"type":"Point","coordinates":[4.890547,52.336905]},"properties":{"category":"tram_halte","name":"Station RAI","operator":""}},{"type":"Feature","geometry":{"type":"Point","coordinates":[4.900862,52.35469]},"properties":{"category":"tram_halte","name":"Van Woustraat","operator":""}},{"type":"Feature","geometry":{"type":"Point","coordinates":[4.901585,52.354945]},"properties":{"category":"tram_halte","name":"Van Woustraat","operator":""}},{"type":"Feature","geometry":{"type":"Point","coordinates":[4.924812,52.366868]},"properties":{"category":"tram_halte","name":"Hoogte Kadijk","operator":""}},{"type":"Feature","geometry":{"type":"Point","coordinates":[4.929398,52.370077]},"properties":{"category":"tram_halte","name":"Eerste Leeghwaterstraat","operator":""}},{"type":"Feature","geometry":{"type":"Point","coordinates":[4.807745,52.359326]},"properties":{"category":"tram_halte","name":"Osdorpplein Oost","operator":""}},{"type":"Feature","geometry":{"type":"Point","coordinates":[4.884384,52.365004]},"properties":{"category":"tram_halte","name":"Prinsengracht","operator":""}},{"type":"Feature","geometry":{"type":"Point","coordinates":[4.886343,52.365931]},"properties":{"category":"tram_halte","name":"Keizersgracht","operator":""}},{"type":"Feature","geometry":{"type":"Point","coordinates":[5.004828,52.351111]},"properties":{"category":"tram_halte","name":"IJburg","operator":""}},{"type":"Feature","geometry":{"type":"Point","coordinates":[4.85834,52.345265]},"properties":{"category":"tram_halte","name":"Olympiaweg","operator":""}},{"type":"Feature","geometry":{"type":"Point","coordinates":[4.900382,52.377894]},"properties":{"category":"tram_halte","name":"Centraal Station","operator":""}},{"type":"Feature","geometry":{"type":"Point","coordinates":[4.900977,52.377851]},"properties":{"category":"tram_halte","name":"Centraal Station","operator":""}},{"type":"Feature","geometry":{"type":"Point","coordinates":[4.907121,52.361002]},"properties":{"category":"tram_halte","name":"Weesperplein","operator":""}},{"type":"Feature","geometry":{"type":"Point","coordinates":[4.909158,52.361404]},"properties":{"category":"tram_halte","name":"Weesperplein","operator":""}},{"type":"Feature","geometry":{"type":"Point","coordinates":[4.909362,52.357287]},"properties":{"category":"tram_halte","name":"Wibautstraat","operator":""}},{"type":"Feature","geometry":{"type":"Point","coordinates":[4.932849,52.361213]},"properties":{"category":"tram_halte","name":"Muiderpoortstation","operator":""}},{"type":"Feature","geometry":{"type":"Point","coordinates":[4.910999,52.347111]},"properties":{"category":"tram_halte","name":"Amsteldijk","operator":""}},{"type":"Feature","geometry":{"type":"Point","coordinates":[4.900335,52.346817]},"properties":{"category":"tram_halte","name":"Waalstraat","operator":""}},{"type":"Feature","geometry":{"type":"Point","coordinates":[4.899716,52.346563]},"properties":{"category":"tram_halte","name":"Waalstraat","operator":""}},{"type":"Feature","geometry":{"type":"Point","coordinates":[4.891526,52.347265]},"properties":{"category":"tram_halte","name":"Scheldestraat","operator":""}},{"type":"Feature","geometry":{"type":"Point","coordinates":[4.850851,52.3828]},"properties":{"category":"tram_halte","name":"Wiltzanghlaan","operator":""}},{"type":"Feature","geometry":{"type":"Point","coordinates":[4.8539,52.381119]},"properties":{"category":"tram_halte","name":"Bos en Lommerweg","operator":""}},{"type":"Feature","geometry":{"type":"Point","coordinates":[4.856972,52.378869]},"properties":{"category":"tram_halte","name":"Karel Doormanstraat","operator":""}},{"type":"Feature","geometry":{"type":"Point","coordinates":[4.857724,52.377356]},"properties":{"category":"tram_halte","name":"De Rijpstraat","operator":""}},{"type":"Feature","geometry":{"type":"Point","coordinates":[4.858471,52.375132]},"properties":{"category":"tram_halte","name":"Jan van Galenstraat","operator":""}},{"type":"Feature","geometry":{"type":"Point","coordinates":[4.858643,52.3743]},"properties":{"category":"tram_halte","name":"Jan van Galenstraat","operator":""}},{"type":"Feature","geometry":{"type":"Point","coordinates":[4.860013,52.371502]},"properties":{"category":"tram_halte","name":"Admiraal De Ruijterweg","operator":""}},{"type":"Feature","geometry":{"type":"Point","coordinates":[4.863635,52.370692]},"properties":{"category":"tram_halte","name":"Willem de Zwijgerlaan","operator":""}},{"type":"Feature","geometry":{"type":"Point","coordinates":[4.938846,52.373567]},"properties":{"category":"tram_halte","name":"C. van Eesterenlaan","operator":""}},{"type":"Feature","geometry":{"type":"Point","coordinates":[4.919237,52.363873]},"properties":{"category":"tram_halte","name":"Alexanderplein","operator":""}},{"type":"Feature","geometry":{"type":"Point","coordinates":[4.913592,52.362348]},"properties":{"category":"tram_halte","name":"Korte 's-Gravesandestraat","operator":""}},{"type":"Feature","geometry":{"type":"Point","coordinates":[4.892102,52.359505]},"properties":{"category":"tram_halte","name":"Vijzelgracht","operator":""}},{"type":"Feature","geometry":{"type":"Point","coordinates":[4.878416,52.377366]},"properties":{"category":"tram_halte","name":"Marnixplein","operator":""}},{"type":"Feature","geometry":{"type":"Point","coordinates":[4.87702,52.383218]},"properties":{"category":"tram_halte","name":"De Wittenkade","operator":""}},{"type":"Feature","geometry":{"type":"Point","coordinates":[4.869854,52.384264]},"properties":{"category":"tram_halte","name":"Van Hallstraat","operator":""}},{"type":"Feature","geometry":{"type":"Point","coordinates":[4.935404,52.350731]},"properties":{"category":"tram_halte","name":"Hugo de Vrieslaan","operator":""}},{"type":"Feature","geometry":{"type":"Point","coordinates":[4.930873,52.353568]},"properties":{"category":"tram_halte","name":"Hogeweg","operator":""}},{"type":"Feature","geometry":{"type":"Point","coordinates":[4.927229,52.357007]},"properties":{"category":"tram_halte","name":"Oostpoort","operator":""}},{"type":"Feature","geometry":{"type":"Point","coordinates":[4.925703,52.360116]},"properties":{"category":"tram_halte","name":"Linnaeusstraat","operator":""}},{"type":"Feature","geometry":{"type":"Point","coordinates":[4.92547,52.359796]},"properties":{"category":"tram_halte","name":"Wijttenbachstraat","operator":""}},{"type":"Feature","geometry":{"type":"Point","coordinates":[4.910955,52.366719]},"properties":{"category":"tram_halte","name":"Artis","operator":""}},{"type":"Feature","geometry":{"type":"Point","coordinates":[4.947634,52.364757]},"properties":{"category":"tram_halte","name":"Insulindeweg","operator":""}},{"type":"Feature","geometry":{"type":"Point","coordinates":[4.944102,52.362275]},"properties":{"category":"tram_halte","name":"Soembawastraat","operator":""}},{"type":"Feature","geometry":{"type":"Point","coordinates":[4.940179,52.361726]},"properties":{"category":"tram_halte","name":"Molukkenstraat","operator":""}},{"type":"Feature","geometry":{"type":"Point","coordinates":[4.916742,52.359073]},"properties":{"category":"tram_halte","name":"Beukenweg","operator":""}},{"type":"Feature","geometry":{"type":"Point","coordinates":[4.891285,52.374423]},"properties":{"category":"tram_halte","name":"Dam","operator":""}},{"type":"Feature","geometry":{"type":"Point","coordinates":[4.880956,52.381394]},"properties":{"category":"tram_halte","name":"Nieuwe Willemsstraat","operator":""}},{"type":"Feature","geometry":{"type":"Point","coordinates":[4.774757,52.353733]},"properties":{"category":"tram_halte","name":"Matterhorn","operator":""}},{"type":"Feature","geometry":{"type":"Point","coordinates":[4.777098,52.352828]},"properties":{"category":"tram_halte","name":"Pilatus","operator":""}},{"type":"Feature","geometry":{"type":"Point","coordinates":[4.783658,52.350198]},"properties":{"category":"tram_halte","name":"Inaristraat","operator":""}},{"type":"Feature","geometry":{"type":"Point","coordinates":[4.788875,52.349807]},"properties":{"category":"tram_halte","name":"Ecuplein","operator":""}},{"type":"Feature","geometry":{"type":"Point","coordinates":[4.795113,52.351042]},"properties":{"category":"tram_halte","name":"Baden Powellweg","operator":""}},{"type":"Feature","geometry":{"type":"Point","coordinates":[4.802524,52.352541]},"properties":{"category":"tram_halte","name":"Hoekenes","operator":""}},{"type":"Feature","geometry":{"type":"Point","coordinates":[4.80909,52.353927]},"properties":{"category":"tram_halte","name":"Louis Davidsstraat","operator":""}},{"type":"Feature","geometry":{"type":"Point","coordinates":[4.7913,52.356441]},"properties":{"category":"tram_halte","name":"Baden Powellweg","operator":""}},{"type":"Feature","geometry":{"type":"Point","coordinates":[4.799004,52.357986]},"properties":{"category":"tram_halte","name":"Hoekenes","operator":""}},{"type":"Feature","geometry":{"type":"Point","coordinates":[4.853296,52.361731]},"properties":{"category":"tram_halte","name":"Corantijnstraat","operator":""}},{"type":"Feature","geometry":{"type":"Point","coordinates":[4.85918,52.364802]},"properties":{"category":"tram_halte","name":"Witte de Withstraat","operator":""}},{"type":"Feature","geometry":{"type":"Point","coordinates":[4.865361,52.365415]},"properties":{"category":"tram_halte","name":"Nicolaas Beetsstraat","operator":""}},{"type":"Feature","geometry":{"type":"Point","coordinates":[4.865657,52.365525]},"properties":{"category":"tram_halte","name":"Nicolaas Beetsstraat","operator":""}},{"type":"Feature","geometry":{"type":"Point","coordinates":[4.871759,52.367132]},"properties":{"category":"tram_halte","name":"Bilderdijkstraat","operator":""}},{"type":"Feature","geometry":{"type":"Point","coordinates":[4.860354,52.35905]},"properties":{"category":"tram_halte","name":"Rhijnvis Feithstraat","operator":""}},{"type":"Feature","geometry":{"type":"Point","coordinates":[4.859678,52.358845]},"properties":{"category":"tram_halte","name":"Rhijnvis Feithstraat","operator":""}},{"type":"Feature","geometry":{"type":"Point","coordinates":[4.803391,52.377262]},"properties":{"category":"tram_halte","name":"Lambertus Zijlplein","operator":""}},{"type":"Feature","geometry":{"type":"Point","coordinates":[4.807187,52.376851]},"properties":{"category":"tram_halte","name":"Doctor H. Colijnstraat","operator":""}},{"type":"Feature","geometry":{"type":"Point","coordinates":[4.811964,52.376385]},"properties":{"category":"tram_halte","name":"Burgemeester Van Leeuwenlaan","operator":""}},{"type":"Feature","geometry":{"type":"Point","coordinates":[4.817603,52.375856]},"properties":{"category":"tram_halte","name":"Slotermeerlaan","operator":""}},{"type":"Feature","geometry":{"type":"Point","coordinates":[4.827703,52.374364]},"properties":{"category":"tram_halte","name":"Burgemeester Rendorpstraat","operator":""}},{"type":"Feature","geometry":{"type":"Point","coordinates":[4.826801,52.374472]},"properties":{"category":"tram_halte","name":"Burgemeester Rendorpstraat","operator":""}},{"type":"Feature","geometry":{"type":"Point","coordinates":[4.835908,52.37303]},"properties":{"category":"tram_halte","name":"Jan van Galenstraat","operator":""}},{"type":"Feature","geometry":{"type":"Point","coordinates":[4.838134,52.371628]},"properties":{"category":"tram_halte","name":"Jan Tooropstraat","operator":""}},{"type":"Feature","geometry":{"type":"Point","coordinates":[4.838459,52.369597]},"properties":{"category":"tram_halte","name":"Jan Voermanstraat","operator":""}},{"type":"Feature","geometry":{"type":"Point","coordinates":[4.850796,52.370146]},"properties":{"category":"tram_halte","name":"Mercatorplein","operator":""}},{"type":"Feature","geometry":{"type":"Point","coordinates":[4.855494,52.37096]},"properties":{"category":"tram_halte","name":"Marco Polostraat","operator":""}},{"type":"Feature","geometry":{"type":"Point","coordinates":[4.818543,52.37458]},"properties":{"category":"tram_halte","name":"Burgemeester Roëllstraat","operator":""}},{"type":"Feature","geometry":{"type":"Point","coordinates":[4.848589,52.373332]},"properties":{"category":"tram_halte","name":"Jan van Galenstraat","operator":""}},{"type":"Feature","geometry":{"type":"Point","coordinates":[4.891245,52.372732]},"properties":{"category":"tram_halte","name":"Dam","operator":""}},{"type":"Feature","geometry":{"type":"Point","coordinates":[4.891349,52.373559]},"properties":{"category":"tram_halte","name":"Dam","operator":""}},{"type":"Feature","geometry":{"type":"Point","coordinates":[4.909722,52.357349]},"properties":{"category":"tram_halte","name":"Wibautstraat","operator":""}},{"type":"Feature","geometry":{"type":"Point","coordinates":[4.894926,52.353335]},"properties":{"category":"tram_halte","name":"Tweede Van der Helststraat","operator":""}},{"type":"Feature","geometry":{"type":"Point","coordinates":[4.857249,52.338422]},"properties":{"category":"tram_halte","name":"Amstelveenseweg","operator":""}},{"type":"Feature","geometry":{"type":"Point","coordinates":[4.857301,52.338232]},"properties":{"category":"tram_halte","name":"Amstelveenseweg","operator":""}},{"type":"Feature","geometry":{"type":"Point","coordinates":[4.857746,52.341605]},"properties":{"category":"tram_halte","name":"IJsbaanpad","operator":""}},{"type":"Feature","geometry":{"type":"Point","coordinates":[4.857572,52.340598]},"properties":{"category":"tram_halte","name":"IJsbaanpad","operator":""}},{"type":"Feature","geometry":{"type":"Point","coordinates":[4.856837,52.344025]},"properties":{"category":"tram_halte","name":"Olympisch Stadion","operator":""}},{"type":"Feature","geometry":{"type":"Point","coordinates":[4.869516,52.352936]},"properties":{"category":"tram_halte","name":"Emmastraat","operator":""}},{"type":"Feature","geometry":{"type":"Point","coordinates":[4.877536,52.369521]},"properties":{"category":"tram_halte","name":"Elandsgracht","operator":""}},{"type":"Feature","geometry":{"type":"Point","coordinates":[4.939885,52.347927]},"properties":{"category":"tram_halte","name":"Kruislaan","operator":""}},{"type":"Feature","geometry":{"type":"Point","coordinates":[4.846423,52.377193]},"properties":{"category":"tram_halte","name":"Bos en Lommerplein","operator":""}},{"type":"Feature","geometry":{"type":"Point","coordinates":[4.827502,52.349104]},"properties":{"category":"tram_halte","name":"Johan Huizingalaan","operator":""}},{"type":"Feature","geometry":{"type":"Point","coordinates":[4.844933,52.377782]},"properties":{"category":"tram_halte","name":"Bos en Lommerplein","operator":""}},{"type":"Feature","geometry":{"type":"Point","coordinates":[4.827441,52.349218]},"properties":{"category":"tram_halte","name":"Johan Huizingalaan","operator":""}},{"type":"Feature","geometry":{"type":"Point","coordinates":[4.831279,52.379891]},"properties":{"category":"tram_halte","name":"Burgemeester Fockstraat","operator":""}},{"type":"Feature","geometry":{"type":"Point","coordinates":[4.838294,52.378758]},"properties":{"category":"tram_halte","name":"Burgemeester de Vlugtlaan","operator":""}},{"type":"Feature","geometry":{"type":"Point","coordinates":[4.821159,52.380837]},"properties":{"category":"tram_halte","name":"Plein '40-'45","operator":""}},{"type":"Feature","geometry":{"type":"Point","coordinates":[4.837205,52.378963]},"properties":{"category":"tram_halte","name":"Burgemeester de Vlugtlaan","operator":""}},{"type":"Feature","geometry":{"type":"Point","coordinates":[4.875903,52.372652]},"properties":{"category":"tram_halte","name":"Rozengracht","operator":""}},{"type":"Feature","geometry":{"type":"Point","coordinates":[4.876339,52.372336]},"properties":{"category":"tram_halte","name":"Marnixstraat","operator":""}},{"type":"Feature","geometry":{"type":"Point","coordinates":[4.822524,52.381225]},"properties":{"category":"tram_halte","name":"Plein '40-'45","operator":""}},{"type":"Feature","geometry":{"type":"Point","coordinates":[4.878463,52.368142]},"properties":{"category":"tram_halte","name":"Elandsgracht","operator":""}},{"type":"Feature","geometry":{"type":"Point","coordinates":[4.82581,52.38075]},"properties":{"category":"tram_halte","name":"Burgemeester Eliasstraat","operator":""}},{"type":"Feature","geometry":{"type":"Point","coordinates":[4.876897,52.368541]},"properties":{"category":"tram_halte","name":"Elandsgracht","operator":""}},{"type":"Feature","geometry":{"type":"Point","coordinates":[4.827504,52.380451]},"properties":{"category":"tram_halte","name":"Burgemeester Eliasstraat","operator":""}},{"type":"Feature","geometry":{"type":"Point","coordinates":[4.83324,52.379551]},"properties":{"category":"tram_halte","name":"Burgemeester Fockstraat","operator":""}},{"type":"Feature","geometry":{"type":"Point","coordinates":[4.860061,52.335198]},"properties":{"category":"tram_halte","name":"VUmc Hoofdingang","operator":""}},{"type":"Feature","geometry":{"type":"Point","coordinates":[4.861118,52.335149]},"properties":{"category":"tram_halte","name":"VUmc Hoofdingang","operator":""}},{"type":"Feature","geometry":{"type":"Point","coordinates":[4.883774,52.374057]},"properties":{"category":"tram_halte","name":"Westermarkt","operator":""}},{"type":"Feature","geometry":{"type":"Point","coordinates":[4.87918,52.355925]},"properties":{"category":"tram_halte","name":"Concertgebouw","operator":""}},{"type":"Feature","geometry":{"type":"Point","coordinates":[4.879815,52.356387]},"properties":{"category":"tram_halte","name":"Concertgebouw","operator":""}},{"type":"Feature","geometry":{"type":"Point","coordinates":[4.856952,52.343847]},"properties":{"category":"tram_halte","name":"Olympisch Stadion","operator":""}},{"type":"Feature","geometry":{"type":"Point","coordinates":[4.884336,52.374014]},"properties":{"category":"tram_halte","name":"Westermarkt","operator":""}},{"type":"Feature","geometry":{"type":"Point","coordinates":[4.856734,52.351242]},"properties":{"category":"tram_halte","name":"Zeilstraat","operator":""}},{"type":"Feature","geometry":{"type":"Point","coordinates":[4.856953,52.351618]},"properties":{"category":"tram_halte","name":"Amstelveenseweg","operator":""}},{"type":"Feature","geometry":{"type":"Point","coordinates":[4.870169,52.353193]},"properties":{"category":"tram_halte","name":"Emmastraat","operator":""}},{"type":"Feature","geometry":{"type":"Point","coordinates":[4.858279,52.351953]},"properties":{"category":"tram_halte","name":"Amstelveenseweg","operator":""}},{"type":"Feature","geometry":{"type":"Point","coordinates":[4.856472,52.351758]},"properties":{"category":"tram_halte","name":"Amstelveenseweg","operator":""}},{"type":"Feature","geometry":{"type":"Point","coordinates":[4.894677,52.376827]},"properties":{"category":"tram_halte","name":"Nieuwezijds Kolk","operator":""}},{"type":"Feature","geometry":{"type":"Point","coordinates":[4.894643,52.376846]},"properties":{"category":"tram_halte","name":"Nieuwezijds Kolk","operator":""}},{"type":"Feature","geometry":{"type":"Point","coordinates":[4.83375,52.351509]},"properties":{"category":"tram_halte","name":"Heemstedestraat","operator":""}},{"type":"Feature","geometry":{"type":"Point","coordinates":[4.92206,52.376066]},"properties":{"category":"tram_halte","name":"Kattenburgerstraat","operator":""}},{"type":"Feature","geometry":{"type":"Point","coordinates":[4.961696,52.372]},"properties":{"category":"tram_halte","name":"Zuiderzeeweg","operator":""}},{"type":"Feature","geometry":{"type":"Point","coordinates":[4.816387,52.346482]},"properties":{"category":"tram_halte","name":"Laan van Vlaanderen","operator":""}},{"type":"Feature","geometry":{"type":"Point","coordinates":[4.801838,52.352438]},"properties":{"category":"tram_halte","name":"Hoekenes","operator":""}},{"type":"Feature","geometry":{"type":"Point","coordinates":[4.839748,52.357957]},"properties":{"category":"tram_halte","name":"Derkinderenstraat","operator":""}},{"type":"Feature","geometry":{"type":"Point","coordinates":[4.905674,52.346366]},"properties":{"category":"tram_halte","name":"Victorieplein","operator":""}},{"type":"Feature","geometry":{"type":"Point","coordinates":[4.905072,52.346773]},"properties":{"category":"tram_halte","name":"Victorieplein","operator":""}},{"type":"Feature","geometry":{"type":"Point","coordinates":[4.874714,52.362616]},"properties":{"category":"tram_halte","name":"Eerste Constantijn Huygensstraat","operator":""}},{"type":"Feature","geometry":{"type":"Point","coordinates":[4.913482,52.358335]},"properties":{"category":"tram_halte","name":"Camperstraat","operator":""}},{"type":"Feature","geometry":{"type":"Point","coordinates":[4.855108,52.370862]},"properties":{"category":"tram_halte","name":"Marco Polostraat","operator":""}},{"type":"Feature","geometry":{"type":"Point","coordinates":[4.865983,52.335231]},"properties":{"category":"tram_halte","name":"De Boelelaan/VU","operator":""}},{"type":"Feature","geometry":{"type":"Point","coordinates":[4.870552,52.371249]},"properties":{"category":"tram_halte","name":"De Clercqstraat","operator":""}},{"type":"Feature","geometry":{"type":"Point","coordinates":[4.81861,52.372866]},"properties":{"category":"tram_halte","name":"Sloterpark","operator":""}},{"type":"Feature","geometry":{"type":"Point","coordinates":[4.904043,52.34941]},"properties":{"category":"tram_halte","name":"Amstelkade","operator":""}},{"type":"Feature","geometry":{"type":"Point","coordinates":[4.940505,52.36174]},"properties":{"category":"tram_halte","name":"Molukkenstraat","operator":""}},{"type":"Feature","geometry":{"type":"Point","coordinates":[4.883062,52.363446]},"properties":{"category":"tram_halte","name":"Leidseplein","operator":""}},{"type":"Feature","geometry":{"type":"Point","coordinates":[4.866622,52.360526]},"properties":{"category":"tram_halte","name":"Jan Pieter Heijestraat","operator":""}},{"type":"Feature","geometry":{"type":"Point","coordinates":[4.841638,52.351542]},"properties":{"category":"tram_halte","name":"Delflandlaan","operator":""}},{"type":"Feature","geometry":{"type":"Point","coordinates":[4.83976,52.351558]},"properties":{"category":"tram_halte","name":"Delflandlaan","operator":""}},{"type":"Feature","geometry":{"type":"Point","coordinates":[4.880794,52.364615]},"properties":{"category":"tram_halte","name":"Leidseplein","operator":""}},{"type":"Feature","geometry":{"type":"Point","coordinates":[4.819457,52.37666]},"properties":{"category":"tram_halte","name":"Burgemeester Roëllstraat","operator":""}},{"type":"Feature","geometry":{"type":"Point","coordinates":[4.868843,52.337577]},"properties":{"category":"tram_halte","name":"Parnassusweg","operator":""}},{"type":"Feature","geometry":{"type":"Point","coordinates":[4.868869,52.332589]},"properties":{"category":"tram_halte","name":"A. J. Ernststraat","operator":""}},{"type":"Feature","geometry":{"type":"Point","coordinates":[4.787018,52.355582]},"properties":{"category":"tram_halte","name":"Dijkgraafplein","operator":""}},{"type":"Feature","geometry":{"type":"Point","coordinates":[4.786493,52.355448]},"properties":{"category":"tram_halte","name":"Dijkgraafplein","operator":""}},{"type":"Feature","geometry":{"type":"Point","coordinates":[4.863346,52.353182]},"properties":{"category":"tram_halte","name":"Valeriusplein","operator":""}},{"type":"Feature","geometry":{"type":"Point","coordinates":[4.863634,52.353299]},"properties":{"category":"tram_halte","name":"Valeriusplein","operator":""}},{"type":"Feature","geometry":{"type":"Point","coordinates":[4.776554,52.353011]},"properties":{"category":"tram_halte","name":"Pilatus","operator":""}},{"type":"Feature","geometry":{"type":"Point","coordinates":[4.782948,52.350449]},"properties":{"category":"tram_halte","name":"Inaristraat","operator":""}},{"type":"Feature","geometry":{"type":"Point","coordinates":[4.933633,52.361175]},"properties":{"category":"tram_halte","name":"Muiderpoortstation","operator":""}},{"type":"Feature","geometry":{"type":"Point","coordinates":[4.839217,52.38797]},"properties":{"category":"tram_halte","name":"Station Sloterdijk","operator":""}},{"type":"Feature","geometry":{"type":"Point","coordinates":[4.872552,52.367363]},"properties":{"category":"tram_halte","name":"Bilderdijkstraat","operator":""}},{"type":"Feature","geometry":{"type":"Point","coordinates":[4.876384,52.374278]},"properties":{"category":"tram_halte","name":"Bloemgracht","operator":""}},{"type":"Feature","geometry":{"type":"Point","coordinates":[4.872295,52.367083]},"properties":{"category":"tram_halte","name":"Kinkerstraat","operator":""}},{"type":"Feature","geometry":{"type":"Point","coordinates":[4.900343,52.377806]},"properties":{"category":"tram_halte","name":"Centraal Station","operator":""}},{"type":"Feature","geometry":{"type":"Point","coordinates":[4.900363,52.377851]},"properties":{"category":"tram_halte","name":"Centraal Station","operator":""}},{"type":"Feature","geometry":{"type":"Point","coordinates":[4.855277,52.380301]},"properties":{"category":"tram_halte","name":"Bos en Lommerweg","operator":""}},{"type":"Feature","geometry":{"type":"Point","coordinates":[4.852225,52.382044]},"properties":{"category":"tram_halte","name":"Wiltzanghlaan","operator":""}},{"type":"Feature","geometry":{"type":"Point","coordinates":[4.895379,52.374868]},"properties":{"category":"tram_halte","name":"Dam","operator":""}},{"type":"Feature","geometry":{"type":"Point","coordinates":[4.892125,52.369457]},"properties":{"category":"tram_halte","name":"Rokin","operator":""}},{"type":"Feature","geometry":{"type":"Point","coordinates":[4.892274,52.369722]},"properties":{"category":"tram_halte","name":"Rokin","operator":""}},{"type":"Feature","geometry":{"type":"Point","coordinates":[4.896424,52.36626]},"properties":{"category":"tram_halte","name":"Rembrandtplein","operator":""}},{"type":"Feature","geometry":{"type":"Point","coordinates":[4.902228,52.367171]},"properties":{"category":"tram_halte","name":"Waterlooplein","operator":""}},{"type":"Feature","geometry":{"type":"Point","coordinates":[4.905847,52.367753]},"properties":{"category":"tram_halte","name":"Meester Visserplein","operator":""}},{"type":"Feature","geometry":{"type":"Point","coordinates":[4.911324,52.366562]},"properties":{"category":"tram_halte","name":"Artis","operator":""}},{"type":"Feature","geometry":{"type":"Point","coordinates":[4.898292,52.363792]},"properties":{"category":"tram_halte","name":"Keizersgracht","operator":""}},{"type":"Feature","geometry":{"type":"Point","coordinates":[4.898905,52.359002]},"properties":{"category":"tram_halte","name":"Frederiksplein","operator":""}},{"type":"Feature","geometry":{"type":"Point","coordinates":[4.901067,52.355035]},"properties":{"category":"tram_halte","name":"Ceintuurbaan","operator":""}},{"type":"Feature","geometry":{"type":"Point","coordinates":[4.90332,52.35145]},"properties":{"category":"tram_halte","name":"Lutmastraat","operator":""}},{"type":"Feature","geometry":{"type":"Point","coordinates":[4.905101,52.346587]},"properties":{"category":"tram_halte","name":"Victorieplein","operator":""}},{"type":"Feature","geometry":{"type":"Point","coordinates":[4.904341,52.348726]},"properties":{"category":"tram_halte","name":"Amstelkade","operator":""}},{"type":"Feature","geometry":{"type":"Point","coordinates":[4.915532,52.365105]},"properties":{"category":"tram_halte","name":"Plantage Lepellaan","operator":""}},{"type":"Feature","geometry":{"type":"Point","coordinates":[4.921337,52.363066]},"properties":{"category":"tram_halte","name":"Mauritskade","operator":""}},{"type":"Feature","geometry":{"type":"Point","coordinates":[4.91961,52.363434]},"properties":{"category":"tram_halte","name":"Alexanderplein","operator":""}},{"type":"Feature","geometry":{"type":"Point","coordinates":[4.915277,52.365223]},"properties":{"category":"tram_halte","name":"Plantage Lepellaan","operator":""}},{"type":"Feature","geometry":{"type":"Point","coordinates":[4.923829,52.362194]},"properties":{"category":"tram_halte","name":"Eerste Van Swindenstraat","operator":""}},{"type":"Feature","geometry":{"type":"Point","coordinates":[4.924156,52.361616]},"properties":{"category":"tram_halte","name":"Eerste Van Swindenstraat","operator":""}},{"type":"Feature","geometry":{"type":"Point","coordinates":[4.925087,52.360259]},"properties":{"category":"tram_halte","name":"Wijttenbachstraat","operator":""}},{"type":"Feature","geometry":{"type":"Point","coordinates":[4.926902,52.357438]},"properties":{"category":"tram_halte","name":"Oostpoort","operator":""}},{"type":"Feature","geometry":{"type":"Point","coordinates":[4.934801,52.351066]},"properties":{"category":"tram_halte","name":"Hugo de Vrieslaan","operator":""}},{"type":"Feature","geometry":{"type":"Point","coordinates":[4.940454,52.347614]},"properties":{"category":"tram_halte","name":"Kruislaan","operator":""}},{"type":"Feature","geometry":{"type":"Point","coordinates":[4.947896,52.342897]},"properties":{"category":"tram_halte","name":"Brinkstraat","operator":""}},{"type":"Feature","geometry":{"type":"Point","coordinates":[4.912547,52.377276]},"properties":{"category":"tram_halte","name":"Muziekgebouw","operator":""}},{"type":"Feature","geometry":{"type":"Point","coordinates":[4.934041,52.37299]},"properties":{"category":"tram_halte","name":"Rietlandpark","operator":""}},{"type":"Feature","geometry":{"type":"Point","coordinates":[4.961674,52.371971]},"properties":{"category":"tram_halte","name":"Zuiderzeeweg","operator":""}},{"type":"Feature","geometry":{"type":"Point","coordinates":[4.888991,52.368042]},"properties":{"category":"tram_halte","name":"Koningsplein","operator":""}},{"type":"Feature","geometry":{"type":"Point","coordinates":[4.968869,52.368963]},"properties":{"category":"tram_halte","name":"Bob Haarmslaan","operator":""}},{"type":"Feature","geometry":{"type":"Point","coordinates":[4.994625,52.355515]},"properties":{"category":"tram_halte","name":"Diemerparklaan","operator":""}},{"type":"Feature","geometry":{"type":"Point","coordinates":[4.92111,52.376167]},"properties":{"category":"tram_halte","name":"Kattenburgerstraat","operator":""}},{"type":"Feature","geometry":{"type":"Point","coordinates":[4.995881,52.35491]},"properties":{"category":"tram_halte","name":"Diemerparklaan","operator":""}},{"type":"Feature","geometry":{"type":"Point","coordinates":[5.00023,52.352596]},"properties":{"category":"tram_halte","name":"Lumièrestraat","operator":""}},{"type":"Feature","geometry":{"type":"Point","coordinates":[4.999017,52.353181]},"properties":{"category":"tram_halte","name":"Lumièrestraat","operator":""}},{"type":"Feature","geometry":{"type":"Point","coordinates":[4.876516,52.374419]},"properties":{"category":"tram_halte","name":"Bloemgracht","operator":""}},{"type":"Feature","geometry":{"type":"Point","coordinates":[4.846081,52.385887]},"properties":{"category":"tram_halte","name":"Molenwerf","operator":""}},{"type":"Feature","geometry":{"type":"Point","coordinates":[4.938566,52.364055]},"properties":{"category":"tram_halte","name":"Javaplein","operator":""}},{"type":"Feature","geometry":{"type":"Point","coordinates":[4.938241,52.364173]},"properties":{"category":"tram_halte","name":"Javaplein","operator":""}},{"type":"Feature","geometry":{"type":"Point","coordinates":[4.93817,52.37346]},"properties":{"category":"tram_halte","name":"C. van Eesterenlaan","operator":""}},{"type":"Feature","geometry":{"type":"Point","coordinates":[4.963483,52.371305]},"properties":{"category":"tram_halte","name":"","operator":""}},{"type":"Feature","geometry":{"type":"Point","coordinates":[4.981014,52.362707]},"properties":{"category":"tram_halte","name":"Steigereiland","operator":""}},{"type":"Feature","geometry":{"type":"Point","coordinates":[4.979995,52.363205]},"properties":{"category":"tram_halte","name":"Steigereiland","operator":""}},{"type":"Feature","geometry":{"type":"Point","coordinates":[4.890654,52.372357]},"properties":{"category":"tram_halte","name":"Paleisstraat","operator":""}},{"type":"Feature","geometry":{"type":"Point","coordinates":[4.89682,52.366229]},"properties":{"category":"tram_halte","name":"Rembrandtplein","operator":""}},{"type":"Feature","geometry":{"type":"Point","coordinates":[4.875944,52.37182]},"properties":{"category":"tram_halte","name":"Rozengracht","operator":""}},{"type":"Feature","geometry":{"type":"Point","coordinates":[4.875284,52.372054]},"properties":{"category":"tram_halte","name":"Marnixstraat","operator":""}},{"type":"Feature","geometry":{"type":"Point","coordinates":[4.901442,52.354578]},"properties":{"category":"tram_halte","name":"Ceintuurbaan","operator":""}},{"type":"Feature","geometry":{"type":"Point","coordinates":[4.893324,52.341887]},"properties":{"category":"tram_halte","name":"Dintelstraat","operator":""}},{"type":"Feature","geometry":{"type":"Point","coordinates":[4.892282,52.340432]},"properties":{"category":"tram_halte","name":"Europaplein","operator":""}},{"type":"Feature","geometry":{"type":"Point","coordinates":[4.890639,52.336916]},"properties":{"category":"tram_halte","name":"Station RAI","operator":""}},{"type":"Feature","geometry":{"type":"Point","coordinates":[4.889801,52.336221]},"properties":{"category":"tram_halte","name":"Drentepark","operator":""}},{"type":"Feature","geometry":{"type":"Point","coordinates":[4.911158,52.347104]},"properties":{"category":"tram_halte","name":"Amsteldijk","operator":""}},{"type":"Feature","geometry":{"type":"Point","coordinates":[4.86416,52.370434]},"properties":{"category":"tram_halte","name":"Willem de Zwijgerlaan","operator":""}},{"type":"Feature","geometry":{"type":"Point","coordinates":[4.860458,52.37139]},"properties":{"category":"tram_halte","name":"Admiraal De Ruijterweg","operator":""}},{"type":"Feature","geometry":{"type":"Point","coordinates":[4.871993,52.367458]},"properties":{"category":"tram_halte","name":"Kinkerstraat","operator":""}},{"type":"Feature","geometry":{"type":"Point","coordinates":[4.869836,52.370824]},"properties":{"category":"tram_halte","name":"Bilderdijkstraat","operator":""}},{"type":"Feature","geometry":{"type":"Point","coordinates":[4.890596,52.352706]},"properties":{"category":"tram_halte","name":"De Pijp","operator":""}},{"type":"Feature","geometry":{"type":"Point","coordinates":[4.875089,52.363013]},"properties":{"category":"tram_halte","name":"Overtoom/ 1e C. Huygensstraat","operator":""}},{"type":"Feature","geometry":{"type":"Point","coordinates":[4.874979,52.363227]},"properties":{"category":"tram_halte","name":"Overtoom/ 1e C. Huygensstraat","operator":""}},{"type":"Feature","geometry":{"type":"Point","coordinates":[4.891157,52.347477]},"properties":{"category":"tram_halte","name":"Scheldestraat","operator":""}},{"type":"Feature","geometry":{"type":"Point","coordinates":[4.878318,52.358454]},"properties":{"category":"tram_halte","name":"Van Baerlestraat","operator":""}},{"type":"Feature","geometry":{"type":"Point","coordinates":[4.878127,52.358779]},"properties":{"category":"tram_halte","name":"Van Baerlestraat","operator":""}},{"type":"Feature","geometry":{"type":"Point","coordinates":[4.906348,52.346428]},"properties":{"category":"tram_halte","name":"Victorieplein","operator":""}},{"type":"Feature","geometry":{"type":"Point","coordinates":[4.990505,52.3577]},"properties":{"category":"tram_halte","name":"Vennepluimstraat","operator":""}},{"type":"Feature","geometry":{"type":"Point","coordinates":[4.794499,52.350952]},"properties":{"category":"tram_halte","name":"Baden Powellweg","operator":""}},{"type":"Feature","geometry":{"type":"Point","coordinates":[4.788157,52.349699]},"properties":{"category":"tram_halte","name":"Ecuplein","operator":""}},{"type":"Feature","geometry":{"type":"Point","coordinates":[4.874895,52.362635]},"properties":{"category":"tram_halte","name":"Eerste Constantijn Huygensstraat","operator":""}},{"type":"Feature","geometry":{"type":"Point","coordinates":[4.826238,52.357787]},"properties":{"category":"tram_halte","name":"Johan Huizingalaan","operator":""}},{"type":"Feature","geometry":{"type":"Point","coordinates":[4.825895,52.357812]},"properties":{"category":"tram_halte","name":"Johan Huizingalaan","operator":""}},{"type":"Feature","geometry":{"type":"Point","coordinates":[4.886538,52.365992]},"properties":{"category":"tram_halte","name":"Keizersgracht","operator":""}},{"type":"Feature","geometry":{"type":"Point","coordinates":[4.882972,52.364223]},"properties":{"category":"tram_halte","name":"Leidseplein","operator":""}},{"type":"Feature","geometry":{"type":"Point","coordinates":[4.808493,52.353842]},"properties":{"category":"tram_halte","name":"Louis Davidsstraat","operator":""}},{"type":"Feature","geometry":{"type":"Point","coordinates":[4.774504,52.353869]},"properties":{"category":"tram_halte","name":"Matterhorn","operator":""}},{"type":"Feature","geometry":{"type":"Point","coordinates":[4.809912,52.35637]},"properties":{"category":"tram_halte","name":"Meer en Vaart","operator":""}},{"type":"Feature","geometry":{"type":"Point","coordinates":[4.88454,52.365046]},"properties":{"category":"tram_halte","name":"Prinsengracht","operator":""}},{"type":"Feature","geometry":{"type":"Point","coordinates":[4.833784,52.3579]},"properties":{"category":"tram_halte","name":"Station Lelylaan","operator":""}},{"type":"Feature","geometry":{"type":"Point","coordinates":[4.850697,52.358618]},"properties":{"category":"tram_halte","name":"Curaçaostraat","operator":""}},{"type":"Feature","geometry":{"type":"Point","coordinates":[4.870585,52.355999]},"properties":{"category":"tram_halte","name":"Cornelis Schuytstraat","operator":""}},{"type":"Feature","geometry":{"type":"Point","coordinates":[4.810541,52.346281]},"properties":{"category":"tram_halte","name":"Centrum Nieuw Sloten","operator":""}},{"type":"Feature","geometry":{"type":"Point","coordinates":[4.825074,52.346707]},"properties":{"category":"tram_halte","name":"Louwesweg","operator":""}},{"type":"Feature","geometry":{"type":"Point","coordinates":[4.883624,52.385048]},"properties":{"category":"tram_halte","name":"Haarlemmerplein","operator":""}},{"type":"Feature","geometry":{"type":"Point","coordinates":[4.88118,52.381638]},"properties":{"category":"tram_halte","name":"Nieuwe Willemsstraat","operator":""}},{"type":"Feature","geometry":{"type":"Point","coordinates":[4.875411,52.378601]},"properties":{"category":"tram_halte","name":"Frederik Hendrikplantsoen","operator":""}},{"type":"Feature","geometry":{"type":"Point","coordinates":[4.894215,52.35319]},"properties":{"category":"tram_halte","name":"Tweede Van der Helststraat","operator":""}},{"type":"Feature","geometry":{"type":"Point","coordinates":[4.917248,52.358239]},"properties":{"category":"tram_halte","name":"Beukenweg","operator":""}},{"type":"Feature","geometry":{"type":"Point","coordinates":[4.932613,52.360796]},"properties":{"category":"tram_halte","name":"Muiderpoortstation","operator":""}},{"type":"Feature","geometry":{"type":"Point","coordinates":[4.913783,52.358391]},"properties":{"category":"tram_halte","name":"Camperstraat","operator":""}},{"type":"Feature","geometry":{"type":"Point","coordinates":[4.929758,52.361099]},"properties":{"category":"tram_halte","name":"Dapperstraat","operator":""}},{"type":"Feature","geometry":{"type":"Point","coordinates":[4.924912,52.359916]},"properties":{"category":"tram_halte","name":"Linnaeusstraat","operator":""}},{"type":"Feature","geometry":{"type":"Point","coordinates":[4.876864,52.346674]},"properties":{"category":"tram_halte","name":"Stadionweg","operator":""}},{"type":"Feature","geometry":{"type":"Point","coordinates":[4.876883,52.347142]},"properties":{"category":"tram_halte","name":"Stadionweg","operator":""}},{"type":"Feature","geometry":{"type":"Point","coordinates":[4.876775,52.343107]},"properties":{"category":"tram_halte","name":"Prinses Irenestraat","operator":""}},{"type":"Feature","geometry":{"type":"Point","coordinates":[4.85861,52.364787]},"properties":{"category":"tram_halte","name":"Witte de Withstraat","operator":""}},{"type":"Feature","geometry":{"type":"Point","coordinates":[4.848724,52.372983]},"properties":{"category":"tram_halte","name":"Jan van Galenstraat","operator":""}},{"type":"Feature","geometry":{"type":"Point","coordinates":[4.918568,52.363371]},"properties":{"category":"tram_halte","name":"Alexanderplein","operator":""}},{"type":"Feature","geometry":{"type":"Point","coordinates":[4.951057,52.365247]},"properties":{"category":"tram_halte","name":"Flevopark","operator":""}},{"type":"Feature","geometry":{"type":"Point","coordinates":[4.897848,52.359411]},"properties":{"category":"tram_halte","name":"Frederiksplein","operator":""}},{"type":"Feature","geometry":{"type":"Point","coordinates":[4.947866,52.364943]},"properties":{"category":"tram_halte","name":"Insulindeweg","operator":""}},{"type":"Feature","geometry":{"type":"Point","coordinates":[4.943388,52.362144]},"properties":{"category":"tram_halte","name":"Soembawastraat","operator":""}},{"type":"Feature","geometry":{"type":"Point","coordinates":[4.88638,52.361292]},"properties":{"category":"tram_halte","name":"Rijksmuseum","operator":""}},{"type":"Feature","geometry":{"type":"Point","coordinates":[4.926523,52.368318]},"properties":{"category":"tram_halte","name":"Eerste Coehoornstraat","operator":""}},{"type":"Feature","geometry":{"type":"Point","coordinates":[4.9296,52.370198]},"properties":{"category":"tram_halte","name":"Eerste Leeghwaterstraat","operator":""}},{"type":"Feature","geometry":{"type":"Point","coordinates":[4.924248,52.366649]},"properties":{"category":"tram_halte","name":"Hoogte Kadijk","operator":""}},{"type":"Feature","geometry":{"type":"Point","coordinates":[4.934401,52.372928]},"properties":{"category":"tram_halte","name":"Rietlandpark","operator":""}},{"type":"Feature","geometry":{"type":"Point","coordinates":[4.877086,52.383144]},"properties":{"category":"tram_halte","name":"De Wittenkade","operator":""}},{"type":"Feature","geometry":{"type":"Point","coordinates":[4.879153,52.381068]},"properties":{"category":"tram_halte","name":"Nassaukade","operator":""}},{"type":"Feature","geometry":{"type":"Point","coordinates":[4.875135,52.384295]},"properties":{"category":"tram_halte","name":"Van Limburg Stirumplein","operator":""}},{"type":"Feature","geometry":{"type":"Point","coordinates":[4.843822,52.369443]},"properties":{"category":"tram_halte","name":"Admiraal Helfrichstraat","operator":""}},{"type":"Feature","geometry":{"type":"Point","coordinates":[4.806814,52.376923]},"properties":{"category":"tram_halte","name":"Doctor H. Colijnstraat","operator":""}},{"type":"Feature","geometry":{"type":"Point","coordinates":[4.838102,52.371427]},"properties":{"category":"tram_halte","name":"Jan Tooropstraat","operator":""}},{"type":"Feature","geometry":{"type":"Point","coordinates":[4.837839,52.369712]},"properties":{"category":"tram_halte","name":"Jan Voermanstraat","operator":""}},{"type":"Feature","geometry":{"type":"Point","coordinates":[4.835005,52.373234]},"properties":{"category":"tram_halte","name":"Jan van Galenstraat","operator":""}},{"type":"Feature","geometry":{"type":"Point","coordinates":[4.851487,52.370235]},"properties":{"category":"tram_halte","name":"Mercatorplein","operator":""}},{"type":"Feature","geometry":{"type":"Point","coordinates":[4.927597,52.365903]},"properties":{"category":"tram_halte","name":"Pontanusstraat","operator":""}},{"type":"Feature","geometry":{"type":"Point","coordinates":[4.932595,52.365838]},"properties":{"category":"tram_halte","name":"Zeeburgerdijk","operator":""}},{"type":"Feature","geometry":{"type":"Point","coordinates":[4.866386,52.335197]},"properties":{"category":"tram_halte","name":"De Boelelaan/VU","operator":""}},{"type":"Feature","geometry":{"type":"Point","coordinates":[4.8575,52.349046]},"properties":{"category":"tram_halte","name":"Haarlemmermeerstation","operator":""}},{"type":"Feature","geometry":{"type":"Point","coordinates":[4.791748,52.356502]},"properties":{"category":"tram_halte","name":"Baden Powellweg","operator":""}},{"type":"Feature","geometry":{"type":"Point","coordinates":[4.853247,52.361594]},"properties":{"category":"tram_halte","name":"Corantijnstraat","operator":""}},{"type":"Feature","geometry":{"type":"Point","coordinates":[4.799567,52.358082]},"properties":{"category":"tram_halte","name":"Hoekenes","operator":""}},{"type":"Feature","geometry":{"type":"Point","coordinates":[4.803204,52.359539]},"properties":{"category":"tram_halte","name":"Osdorpplein West","operator":""}},{"type":"Feature","geometry":{"type":"Point","coordinates":[4.853149,52.363856]},"properties":{"category":"tram_halte","name":"Postjesweg","operator":""}},{"type":"Feature","geometry":{"type":"Point","coordinates":[4.808058,52.358636]},"properties":{"category":"tram_halte","name":"Osdorpplein Oost","operator":""}},{"type":"Feature","geometry":{"type":"Point","coordinates":[4.872014,52.346695]},"properties":{"category":"tram_halte","name":"Minervaplein","operator":""}},{"type":"Feature","geometry":{"type":"Point","coordinates":[4.866642,52.346373]},"properties":{"category":"tram_halte","name":"Olympiaplein","operator":""}},{"type":"Feature","geometry":{"type":"Point","coordinates":[4.858642,52.345269]},"properties":{"category":"tram_halte","name":"Olympiaweg","operator":""}},{"type":"Feature","geometry":{"type":"Point","coordinates":[4.846973,52.376331]},"properties":{"category":"tram_halte","name":"Erasmusgracht","operator":""}},{"type":"Feature","geometry":{"type":"Point","coordinates":[4.852596,52.366995]},"properties":{"category":"tram_halte","name":"W. Schoutenstraat","operator":""}},{"type":"Feature","geometry":{"type":"Point","coordinates":[4.852361,52.367389]},"properties":{"category":"tram_halte","name":"W. Schoutenstraat","operator":""}},{"type":"Feature","geometry":{"type":"Point","coordinates":[4.845016,52.351595]},"properties":{"category":"tram_halte","name":"Westlandgracht","operator":""}},{"type":"Feature","geometry":{"type":"Point","coordinates":[4.869211,52.321946]},"properties":{"category":"tram_halte","name":"Uilenstede","operator":""}},{"type":"Feature","geometry":{"type":"Point","coordinates":[4.96829,52.369315]},"properties":{"category":"tram_halte","name":"Bob Haarmslaan","operator":""}},{"type":"Feature","geometry":{"type":"Point","coordinates":[4.86881,52.332589]},"properties":{"category":"tram_halte","name":"A. J. Ernststraat","operator":""}},{"type":"Feature","geometry":{"type":"Point","coordinates":[4.869023,52.324897]},"properties":{"category":"tram_halte","name":"Van Boshuizenstraat","operator":""}},{"type":"Feature","geometry":{"type":"Point","coordinates":[4.85438,52.335272]},"properties":{"category":"tram_halte","name":"Jollenpad","operator":""}},{"type":"Feature","geometry":{"type":"Point","coordinates":[4.856095,52.33056]},"properties":{"category":"tram_halte","name":"Koenenkade","operator":""}},{"type":"Feature","geometry":{"type":"Point","coordinates":[4.856504,52.321818]},"properties":{"category":"tram_halte","name":"Kalfjeslaan","operator":""}},{"type":"Feature","geometry":{"type":"Point","coordinates":[4.846711,52.385873]},"properties":{"category":"tram_halte","name":"Molenwerf","operator":""}},{"type":"Feature","geometry":{"type":"Point","coordinates":[4.927255,52.357015]},"properties":{"category":"tram_halte","name":"Oostpoort","operator":""}},{"type":"Feature","geometry":{"type":"Point","coordinates":[4.926876,52.35743]},"properties":{"category":"tram_halte","name":"Oostpoort","operator":""}},{"type":"Feature","geometry":{"type":"Point","coordinates":[4.890177,52.352677]},"properties":{"category":"tram_halte","name":"De Pijp","operator":""}},{"type":"Feature","geometry":{"type":"Point","coordinates":[4.890703,52.357004]},"properties":{"category":"tram_halte","name":"Marie Heinekenplein","operator":""}},{"type":"Feature","geometry":{"type":"Point","coordinates":[4.893134,52.366265]},"properties":{"category":"tram_halte","name":"Muntplein","operator":""}},{"type":"Feature","geometry":{"type":"Point","coordinates":[4.893084,52.365913]},"properties":{"category":"tram_halte","name":"Muntplein","operator":""}},{"type":"Feature","geometry":{"type":"Point","coordinates":[4.890772,52.357118]},"properties":{"category":"tram_halte","name":"Marie Heinekenplein","operator":""}},{"type":"Feature","geometry":{"type":"Point","coordinates":[4.850987,52.344297]},"properties":{"category":"tram_halte","name":"Jan Wilsbrug","operator":""}},{"type":"Feature","geometry":{"type":"Point","coordinates":[4.852076,52.346548]},"properties":{"category":"tram_halte","name":"Remise Karperweg","operator":""}},{"type":"Feature","geometry":{"type":"Point","coordinates":[4.85634,52.349395]},"properties":{"category":"tram_halte","name":"Haarlemmermeerstation","operator":""}},{"type":"Feature","geometry":{"type":"Point","coordinates":[4.85654,52.327418]},"properties":{"category":"tram_halte","name":"Van Nijenrodeweg","operator":""}},{"type":"Feature","geometry":{"type":"Point","coordinates":[4.88107,52.363208]},"properties":{"category":"tram_halte","name":"Leidseplein","operator":""}},{"type":"Feature","geometry":{"type":"Point","coordinates":[4.873185,52.340817]},"properties":{"category":"tram_halte","name":"Station Zuid","operator":""}},{"type":"Feature","geometry":{"type":"Point","coordinates":[4.898949,52.362097]},"properties":{"category":"tram_halte","name":"Prinsengracht","operator":""}},{"type":"Feature","geometry":{"type":"Point","coordinates":[4.898977,52.362134]},"properties":{"category":"tram_halte","name":"Prinsengracht","operator":""}},{"type":"Feature","geometry":{"type":"Point","coordinates":[4.917895,52.347445]},"properties":{"category":"tram_halte","name":"Amstelstation","operator":""}},{"type":"Feature","geometry":{"type":"Point","coordinates":[4.90001,52.359684]},"properties":{"category":"tram_halte","name":"Frederiksplein","operator":""}},{"type":"Feature","geometry":{"type":"Point","coordinates":[4.892536,52.359477]},"properties":{"category":"tram_halte","name":"Vijzelgracht","operator":""}},{"type":"Feature","geometry":{"type":"Point","coordinates":[4.870397,52.370644]},"properties":{"category":"tram_halte","name":"De Clercqstraat","operator":""}},{"type":"Feature","geometry":{"type":"Point","coordinates":[4.91781,52.347427]},"properties":{"category":"tram_halte","name":"Amstelstation","operator":""}},{"type":"Feature","geometry":{"type":"Point","coordinates":[4.895413,52.347066]},"properties":{"category":"tram_halte","name":"Maasstraat","operator":""}},{"type":"Feature","geometry":{"type":"Point","coordinates":[4.89473,52.346816]},"properties":{"category":"tram_halte","name":"Maasstraat","operator":""}},{"type":"Feature","geometry":{"type":"Point","coordinates":[4.899288,52.378319]},"properties":{"category":"tram_halte","name":"Centraal Station","operator":""}},{"type":"Feature","geometry":{"type":"Point","coordinates":[4.899155,52.378281]},"properties":{"category":"tram_halte","name":"Centraal Station","operator":""}},{"type":"Feature","geometry":{"type":"Point","coordinates":[4.899218,52.378303]},"properties":{"category":"tram_halte","name":"Centraal Station","operator":""}},{"type":"Feature","geometry":{"type":"Point","coordinates":[4.899357,52.378342]},"properties":{"category":"tram_halte","name":"Centraal Station","operator":""}},{"type":"Feature","geometry":{"type":"Point","coordinates":[4.850068,52.370406]},"properties":{"category":"tram_halte","name":"Mercatorplein","operator":""}},{"type":"Feature","geometry":{"type":"Point","coordinates":[4.849979,52.370682]},"properties":{"category":"tram_halte","name":"Mercatorplein","operator":""}},{"type":"Feature","geometry":{"type":"Point","coordinates":[4.84645,52.377199]},"properties":{"category":"tram_halte","name":"Bos en Lommerplein","operator":""}},{"type":"Feature","geometry":{"type":"Point","coordinates":[4.865792,52.360364]},"properties":{"category":"tram_halte","name":"Jan Pieter Heijestraat","operator":""}},{"type":"Feature","geometry":{"type":"Point","coordinates":[4.853975,52.364248]},"properties":{"category":"tram_halte","name":"Hoofdweg","operator":""}},{"type":"Feature","geometry":{"type":"Point","coordinates":[4.903158,52.351773]},"properties":{"category":"tram_halte","name":"Lutmastraat","operator":""}},{"type":"Feature","geometry":{"type":"Point","coordinates":[4.892338,52.359333]},"properties":{"category":"tram_halte","name":"Vijzelgracht","operator":""}},{"type":"Feature","geometry":{"type":"Point","coordinates":[4.931041,52.353409]},"properties":{"category":"tram_halte","name":"Hogeweg","operator":""}},{"type":"Feature","geometry":{"type":"Point","coordinates":[4.882856,52.352756]},"properties":{"category":"tram_halte","name":"Roelof Hartplein","operator":""}},{"type":"Feature","geometry":{"type":"Point","coordinates":[4.882075,52.352643]},"properties":{"category":"tram_halte","name":"Roelof Hartplein","operator":""}},{"type":"Feature","geometry":{"type":"Point","coordinates":[4.878697,52.377883]},"properties":{"category":"tram_halte","name":"Marnixplein","operator":""}},{"type":"Feature","geometry":{"type":"Point","coordinates":[4.889347,52.367721]},"properties":{"category":"tram_halte","name":"Koningsplein","operator":""}},{"type":"Feature","geometry":{"type":"Point","coordinates":[4.880474,52.358675]},"properties":{"category":"tram_halte","name":"Museumplein","operator":""}},{"type":"Feature","geometry":{"type":"Point","coordinates":[4.88053,52.358678]},"properties":{"category":"tram_halte","name":"Museumplein","operator":""}},{"type":"Feature","geometry":{"type":"Point","coordinates":[4.914149,52.362436]},"properties":{"category":"tram_halte","name":"Korte 's-Gravesandestraat","operator":""}},{"type":"Feature","geometry":{"type":"Point","coordinates":[4.891442,52.34931]},"properties":{"category":"tram_halte","name":"v. Hilligaertstraat","operator":""}},{"type":"Feature","geometry":{"type":"Point","coordinates":[4.890641,52.371901]},"properties":{"category":"tram_halte","name":"Paleisstraat","operator":""}},{"type":"Feature","geometry":{"type":"Point","coordinates":[4.98995,52.358058]},"properties":{"category":"tram_halte","name":"Vennepluimstraat","operator":""}},{"type":"Feature","geometry":{"type":"Point","coordinates":[4.854849,52.357258]},"properties":{"category":"tram_halte","name":"Calamiteitenhalte, Overtoomsesluis","operator":""}},{"type":"Feature","geometry":{"type":"Point","coordinates":[4.855375,52.354973]},"properties":{"category":"tram_halte","name":"Oranje Nassaulaan","operator":""}},{"type":"Feature","geometry":{"type":"Point","coordinates":[4.938839,52.361539]},"properties":{"category":"tram_halte","name":"Molukkenstraat","operator":""}},{"type":"Feature","geometry":{"type":"Point","coordinates":[4.891719,52.374758]},"properties":{"category":"tram_halte","name":"Dam","operator":""}},{"type":"Feature","geometry":{"type":"Point","coordinates":[4.903277,52.379005]},"properties":{"category":"tram_halte","name":"Centraal Station","operator":""}},{"type":"Feature","geometry":{"type":"Point","coordinates":[4.891456,52.349711]},"properties":{"category":"tram_halte","name":"v. Hilligaertstraat","operator":""}},{"type":"Feature","geometry":{"type":"Point","coordinates":[4.817976,52.37579]},"properties":{"category":"tram_halte","name":"Slotermeerlaan","operator":""}},{"type":"Feature","geometry":{"type":"Point","coordinates":[4.81292,52.376317]},"properties":{"category":"tram_halte","name":"Burgemeester Van Leeuwenlaan","operator":""}},{"type":"Feature","geometry":{"type":"Point","coordinates":[4.899497,52.357269]},"properties":{"category":"tram_halte","name":"Albert Cuypstraat","operator":""}},{"type":"Feature","geometry":{"type":"Point","coordinates":[5.018434,52.355427]},"properties":{"category":"tram_halte","name":"","operator":""}},{"type":"Feature","geometry":{"type":"Point","coordinates":[5.019304,52.355657]},"properties":{"category":"tram_halte","name":"","operator":""}},{"type":"Feature","geometry":{"type":"Point","coordinates":[4.939266,52.361567]},"properties":{"category":"tram_halte","name":"Molukkenstraat","operator":""}},{"type":"Feature","geometry":{"type":"Point","coordinates":[4.910996,52.362575]},"properties":{"category":"tram_halte","name":"Roetersstraat","operator":""}},{"type":"Feature","geometry":{"type":"Point","coordinates":[4.911217,52.362088]},"properties":{"category":"tram_halte","name":"Roetersstraat","operator":""}},{"type":"Feature","geometry":{"type":"Point","coordinates":[4.909461,52.36754]},"properties":{"category":"tram_halte","name":"Plantage Parklaan","operator":""}},{"type":"Feature","geometry":{"type":"Point","coordinates":[4.912442,52.367155]},"properties":{"category":"tram_halte","name":"Artis/Holocaustmuseum","operator":"GVB Amsterdam"}},{"type":"Feature","geometry":{"type":"Point","coordinates":[4.881026,52.420431]},"properties":{"category":"bus_halte","name":"Oostzanerdijk","operator":""}},{"type":"Feature","geometry":{"type":"Point","coordinates":[4.881458,52.420202]},"properties":{"category":"bus_halte","name":"Oostzanerdijk","operator":""}},{"type":"Feature","geometry":{"type":"Point","coordinates":[4.882885,52.416617]},"properties":{"category":"bus_halte","name":"Kometensingel","operator":""}},{"type":"Feature","geometry":{"type":"Point","coordinates":[4.882545,52.416529]},"properties":{"category":"bus_halte","name":"Kometensingel","operator":""}},{"type":"Feature","geometry":{"type":"Point","coordinates":[4.892031,52.416184]},"properties":{"category":"bus_halte","name":"Standerdmolen","operator":""}},{"type":"Feature","geometry":{"type":"Point","coordinates":[4.893282,52.416268]},"properties":{"category":"bus_halte","name":"Standerdmolen","operator":""}},{"type":"Feature","geometry":{"type":"Point","coordinates":[4.881223,52.414715]},"properties":{"category":"bus_halte","name":"Meteorenweg","operator":""}},{"type":"Feature","geometry":{"type":"Point","coordinates":[4.864186,52.429993]},"properties":{"category":"bus_halte","name":"Westkolkdijk","operator":""}},{"type":"Feature","geometry":{"type":"Point","coordinates":[4.952773,52.422533]},"properties":{"category":"bus_halte","name":"Splitsing","operator":""}},{"type":"Feature","geometry":{"type":"Point","coordinates":[4.952313,52.422588]},"properties":{"category":"bus_halte","name":"Splitsing","operator":""}},{"type":"Feature","geometry":{"type":"Point","coordinates":[4.954712,52.421966]},"properties":{"category":"bus_halte","name":"Splitsing","operator":""}},{"type":"Feature","geometry":{"type":"Point","coordinates":[4.946408,52.305486]},"properties":{"category":"bus_halte","name":"Karspeldreef","operator":""}},{"type":"Feature","geometry":{"type":"Point","coordinates":[4.944256,52.307811]},"properties":{"category":"bus_halte","name":"Gebouw Atlas","operator":""}},{"type":"Feature","geometry":{"type":"Point","coordinates":[4.946915,52.304419]},"properties":{"category":"bus_halte","name":"Karspeldreef","operator":""}},{"type":"Feature","geometry":{"type":"Point","coordinates":[4.844942,52.377794]},"properties":{"category":"bus_halte","name":"Bos en Lommerplein","operator":""}},{"type":"Feature","geometry":{"type":"Point","coordinates":[4.949915,52.31275]},"properties":{"category":"bus_halte","name":"Foppingadreef","operator":""}},{"type":"Feature","geometry":{"type":"Point","coordinates":[4.881148,52.36196]},"properties":{"category":"bus_halte","name":"Leidseplein","operator":""}},{"type":"Feature","geometry":{"type":"Point","coordinates":[4.793205,52.341595]},"properties":{"category":"bus_halte","name":"Langsom","operator":""}},{"type":"Feature","geometry":{"type":"Point","coordinates":[4.793205,52.341804]},"properties":{"category":"bus_halte","name":"Langsom","operator":""}},{"type":"Feature","geometry":{"type":"Point","coordinates":[4.893008,52.420126]},"properties":{"category":"bus_halte","name":"Zuideinde","operator":""}},{"type":"Feature","geometry":{"type":"Point","coordinates":[4.892863,52.420077]},"properties":{"category":"bus_halte","name":"Zuideinde","operator":""}},{"type":"Feature","geometry":{"type":"Point","coordinates":[4.89189,52.421118]},"properties":{"category":"bus_halte","name":"Zuideinde/Molenaarsweg","operator":""}},{"type":"Feature","geometry":{"type":"Point","coordinates":[4.891177,52.421988]},"properties":{"category":"bus_halte","name":"Zuideinde/Molenaarsweg","operator":""}},{"type":"Feature","geometry":{"type":"Point","coordinates":[4.888641,52.424561]},"properties":{"category":"bus_halte","name":"Zuideinde/Viaduct","operator":""}},{"type":"Feature","geometry":{"type":"Point","coordinates":[4.888683,52.424611]},"properties":{"category":"bus_halte","name":"Zuideinde/Viaduct","operator":""}},{"type":"Feature","geometry":{"type":"Point","coordinates":[4.950787,52.354496]},"properties":{"category":"bus_halte","name":"Science Park","operator":""}},{"type":"Feature","geometry":{"type":"Point","coordinates":[4.9583,52.354343]},"properties":{"category":"bus_halte","name":"Science Park Terra","operator":""}},{"type":"Feature","geometry":{"type":"Point","coordinates":[4.954138,52.355976]},"properties":{"category":"bus_halte","name":"Science Park Aqua","operator":""}},{"type":"Feature","geometry":{"type":"Point","coordinates":[4.952672,52.355212]},"properties":{"category":"bus_halte","name":"Science Park Aer","operator":""}},{"type":"Feature","geometry":{"type":"Point","coordinates":[4.950758,52.354628]},"properties":{"category":"bus_halte","name":"Science Park","operator":""}},{"type":"Feature","geometry":{"type":"Point","coordinates":[4.952165,52.354749]},"properties":{"category":"bus_halte","name":"Science Park Aer","operator":""}},{"type":"Feature","geometry":{"type":"Point","coordinates":[4.944263,52.357715]},"properties":{"category":"bus_halte","name":"C. Mac Gillavrylaan","operator":""}},{"type":"Feature","geometry":{"type":"Point","coordinates":[4.944666,52.357613]},"properties":{"category":"bus_halte","name":"C. Mac Gillavrylaan","operator":""}},{"type":"Feature","geometry":{"type":"Point","coordinates":[4.940834,52.358997]},"properties":{"category":"bus_halte","name":"Valentijnkade","operator":""}},{"type":"Feature","geometry":{"type":"Point","coordinates":[4.932861,52.361345]},"properties":{"category":"bus_halte","name":"Muiderpoortstation","operator":""}},{"type":"Feature","geometry":{"type":"Point","coordinates":[4.947745,52.352359]},"properties":{"category":"bus_halte","name":"Station Science Park","operator":""}},{"type":"Feature","geometry":{"type":"Point","coordinates":[4.941494,52.348712]},"properties":{"category":"bus_halte","name":"Linnaeusparkweg","operator":""}},{"type":"Feature","geometry":{"type":"Point","coordinates":[4.936555,52.345515]},"properties":{"category":"bus_halte","name":"Pekelharingstraat","operator":""}},{"type":"Feature","geometry":{"type":"Point","coordinates":[4.931895,52.345872]},"properties":{"category":"bus_halte","name":"Lorentzlaan","operator":""}},{"type":"Feature","geometry":{"type":"Point","coordinates":[4.931439,52.346378]},"properties":{"category":"bus_halte","name":"Lorentzlaan","operator":""}},{"type":"Feature","geometry":{"type":"Point","coordinates":[4.928604,52.347278]},"properties":{"category":"bus_halte","name":"Maxwellstraat","operator":""}},{"type":"Feature","geometry":{"type":"Point","coordinates":[4.92432,52.346001]},"properties":{"category":"bus_halte","name":"Fizeaustraat","operator":""}},{"type":"Feature","geometry":{"type":"Point","coordinates":[4.924662,52.345865]},"properties":{"category":"bus_halte","name":"Fizeaustraat","operator":""}},{"type":"Feature","geometry":{"type":"Point","coordinates":[4.804252,52.365613]},"properties":{"category":"bus_halte","name":"Ookmeerweg","operator":""}},{"type":"Feature","geometry":{"type":"Point","coordinates":[4.804214,52.365991]},"properties":{"category":"bus_halte","name":"Ookmeerweg","operator":""}},{"type":"Feature","geometry":{"type":"Point","coordinates":[4.851493,52.370217]},"properties":{"category":"bus_halte","name":"Mercatorplein","operator":""}},{"type":"Feature","geometry":{"type":"Point","coordinates":[4.850038,52.370396]},"properties":{"category":"bus_halte","name":"Mercatorplein","operator":""}},{"type":"Feature","geometry":{"type":"Point","coordinates":[4.850785,52.370165]},"properties":{"category":"bus_halte","name":"Mercatorplein","operator":""}},{"type":"Feature","geometry":{"type":"Point","coordinates":[4.869607,52.324556]},"properties":{"category":"bus_halte","name":"Van Boshuizenstraat","operator":""}},{"type":"Feature","geometry":{"type":"Point","coordinates":[4.82797,52.34108]},"properties":{"category":"bus_halte","name":"IBM","operator":""}},{"type":"Feature","geometry":{"type":"Point","coordinates":[4.96792,52.299211]},"properties":{"category":"bus_halte","name":"Meernhof","operator":""}},{"type":"Feature","geometry":{"type":"Point","coordinates":[4.967053,52.29972]},"properties":{"category":"bus_halte","name":"Meernhof","operator":""}},{"type":"Feature","geometry":{"type":"Point","coordinates":[4.970032,52.298071]},"properties":{"category":"bus_halte","name":"Rhenenhof","operator":""}},{"type":"Feature","geometry":{"type":"Point","coordinates":[4.97086,52.298418]},"properties":{"category":"bus_halte","name":"Rhenenhof","operator":""}},{"type":"Feature","geometry":{"type":"Point","coordinates":[4.827531,52.340706]},"properties":{"category":"bus_halte","name":"IBM","operator":""}},{"type":"Feature","geometry":{"type":"Point","coordinates":[4.952596,52.293679]},"properties":{"category":"bus_halte","name":"Meibergdreef","operator":""}},{"type":"Feature","geometry":{"type":"Point","coordinates":[4.96228,52.287019]},"properties":{"category":"bus_halte","name":"Weltevreden","operator":""}},{"type":"Feature","geometry":{"type":"Point","coordinates":[4.96227,52.286756]},"properties":{"category":"bus_halte","name":"Weltevreden","operator":""}},{"type":"Feature","geometry":{"type":"Point","coordinates":[4.956003,52.291361]},"properties":{"category":"bus_halte","name":"AZUA","operator":""}},{"type":"Feature","geometry":{"type":"Point","coordinates":[4.955085,52.291638]},"properties":{"category":"bus_halte","name":"AZUA","operator":""}},{"type":"Feature","geometry":{"type":"Point","coordinates":[4.966296,52.280769]},"properties":{"category":"bus_halte","name":"Abcoudermeer","operator":""}},{"type":"Feature","geometry":{"type":"Point","coordinates":[4.966025,52.281441]},"properties":{"category":"bus_halte","name":"Abcoudermeer","operator":""}},{"type":"Feature","geometry":{"type":"Point","coordinates":[4.946943,52.302919]},"properties":{"category":"bus_halte","name":"Laarderhoogtweg","operator":""}},{"type":"Feature","geometry":{"type":"Point","coordinates":[4.948006,52.303147]},"properties":{"category":"bus_halte","name":"Laarderhoogtweg","operator":""}},{"type":"Feature","geometry":{"type":"Point","coordinates":[4.955897,52.296777]},"properties":{"category":"bus_halte","name":"Paasheuvelweg","operator":""}},{"type":"Feature","geometry":{"type":"Point","coordinates":[4.955017,52.296249]},"properties":{"category":"bus_halte","name":"Paasheuvelweg","operator":""}},{"type":"Feature","geometry":{"type":"Point","coordinates":[4.944459,52.307121]},"properties":{"category":"bus_halte","name":"Gebouw Atlas","operator":""}},{"type":"Feature","geometry":{"type":"Point","coordinates":[5.022477,52.302524]},"properties":{"category":"bus_halte","name":"Brug A'dam-Rijnkanaal","operator":""}},{"type":"Feature","geometry":{"type":"Point","coordinates":[5.022157,52.302863]},"properties":{"category":"bus_halte","name":"Brug A'dam-Rijnkanaal","operator":""}},{"type":"Feature","geometry":{"type":"Point","coordinates":[5.036892,52.303795]},"properties":{"category":"bus_halte","name":"C.J. van Houtenlaan","operator":""}},{"type":"Feature","geometry":{"type":"Point","coordinates":[5.037146,52.303806]},"properties":{"category":"bus_halte","name":"C.J. van Houtenlaan","operator":""}},{"type":"Feature","geometry":{"type":"Point","coordinates":[5.039559,52.30521]},"properties":{"category":"bus_halte","name":"Groeneweg","operator":""}},{"type":"Feature","geometry":{"type":"Point","coordinates":[5.039419,52.305231]},"properties":{"category":"bus_halte","name":"Groeneweg","operator":""}},{"type":"Feature","geometry":{"type":"Point","coordinates":[5.03712,52.3108]},"properties":{"category":"bus_halte","name":"Papelaan","operator":""}},{"type":"Feature","geometry":{"type":"Point","coordinates":[5.039747,52.306628]},"properties":{"category":"bus_halte","name":"Achtergracht","operator":""}},{"type":"Feature","geometry":{"type":"Point","coordinates":[5.038812,52.308145]},"properties":{"category":"bus_halte","name":"Binnenveer","operator":""}},{"type":"Feature","geometry":{"type":"Point","coordinates":[5.039966,52.308187]},"properties":{"category":"bus_halte","name":"Nieuwstad","operator":""}},{"type":"Feature","geometry":{"type":"Point","coordinates":[5.04114,52.306812]},"properties":{"category":"bus_halte","name":"Grote Plein","operator":""}},{"type":"Feature","geometry":{"type":"Point","coordinates":[5.03906,52.312172]},"properties":{"category":"bus_halte","name":"J.H. Leopoldhof","operator":""}},{"type":"Feature","geometry":{"type":"Point","coordinates":[5.038779,52.312387]},"properties":{"category":"bus_halte","name":"J.H. Leopoldhof","operator":""}},{"type":"Feature","geometry":{"type":"Point","coordinates":[4.949038,52.314343]},"properties":{"category":"bus_halte","name":"Bijlmerplein","operator":""}},{"type":"Feature","geometry":{"type":"Point","coordinates":[4.949542,52.314276]},"properties":{"category":"bus_halte","name":"Bijlmerplein","operator":""}},{"type":"Feature","geometry":{"type":"Point","coordinates":[4.947513,52.343215]},"properties":{"category":"bus_halte","name":"Brinkstraat","operator":""}},{"type":"Feature","geometry":{"type":"Point","coordinates":[4.951268,52.321977]},"properties":{"category":"bus_halte","name":"Dennenrode","operator":""}},{"type":"Feature","geometry":{"type":"Point","coordinates":[4.940476,52.347626]},"properties":{"category":"bus_halte","name":"Kruislaan","operator":""}},{"type":"Feature","geometry":{"type":"Point","coordinates":[4.933836,52.350194]},"properties":{"category":"bus_halte","name":"Middenweg","operator":""}},{"type":"Feature","geometry":{"type":"Point","coordinates":[4.972733,52.32797]},"properties":{"category":"bus_halte","name":"Provincialeweg","operator":""}},{"type":"Feature","geometry":{"type":"Point","coordinates":[4.951862,52.321919]},"properties":{"category":"bus_halte","name":"Dennenrode","operator":""}},{"type":"Feature","geometry":{"type":"Point","coordinates":[4.934556,52.350417]},"properties":{"category":"bus_halte","name":"Middenweg","operator":""}},{"type":"Feature","geometry":{"type":"Point","coordinates":[4.96729,52.327256]},"properties":{"category":"bus_halte","name":"Eekholt","operator":""}},{"type":"Feature","geometry":{"type":"Point","coordinates":[5.035389,52.309067]},"properties":{"category":"bus_halte","name":"Casparuslaan","operator":""}},{"type":"Feature","geometry":{"type":"Point","coordinates":[5.070065,52.284748]},"properties":{"category":"bus_halte","name":"Dammerweg 6","operator":""}},{"type":"Feature","geometry":{"type":"Point","coordinates":[4.965426,52.326828]},"properties":{"category":"bus_halte","name":"Eekholt","operator":""}},{"type":"Feature","geometry":{"type":"Point","coordinates":[4.949312,52.313062]},"properties":{"category":"bus_halte","name":"Foppingadreef","operator":""}},{"type":"Feature","geometry":{"type":"Point","coordinates":[5.064113,52.280066]},"properties":{"category":"bus_halte","name":"Dammerweg/Spiegelweg","operator":""}},{"type":"Feature","geometry":{"type":"Point","coordinates":[5.035123,52.309275]},"properties":{"category":"bus_halte","name":"Casparuslaan","operator":""}},{"type":"Feature","geometry":{"type":"Point","coordinates":[5.036215,52.310231]},"properties":{"category":"bus_halte","name":"Papelaan","operator":""}},{"type":"Feature","geometry":{"type":"Point","coordinates":[5.070152,52.284874]},"properties":{"category":"bus_halte","name":"Dammerweg 6","operator":""}},{"type":"Feature","geometry":{"type":"Point","coordinates":[4.9134,52.392821]},"properties":{"category":"bus_halte","name":"Mosplein","operator":""}},{"type":"Feature","geometry":{"type":"Point","coordinates":[4.899319,52.42213]},"properties":{"category":"bus_halte","name":"Pieter A van Heyningestraat","operator":""}},{"type":"Feature","geometry":{"type":"Point","coordinates":[4.864031,52.43003]},"properties":{"category":"bus_halte","name":"Westkolkdijk","operator":""}},{"type":"Feature","geometry":{"type":"Point","coordinates":[4.912081,52.398587]},"properties":{"category":"bus_halte","name":"Pinksterbloemstraat","operator":""}},{"type":"Feature","geometry":{"type":"Point","coordinates":[4.896144,52.421901]},"properties":{"category":"bus_halte","name":"Lange Vonder","operator":""}},{"type":"Feature","geometry":{"type":"Point","coordinates":[4.845092,52.392445]},"properties":{"category":"bus_halte","name":"Basisweg","operator":""}},{"type":"Feature","geometry":{"type":"Point","coordinates":[4.843208,52.392215]},"properties":{"category":"bus_halte","name":"Basisweg","operator":""}},{"type":"Feature","geometry":{"type":"Point","coordinates":[4.905498,52.373948]},"properties":{"category":"bus_halte","name":"Prins Hendrikkade","operator":"GVB"}},{"type":"Feature","geometry":{"type":"Point","coordinates":[4.913919,52.396322]},"properties":{"category":"bus_halte","name":"Sneeuwbalstraat","operator":""}},{"type":"Feature","geometry":{"type":"Point","coordinates":[4.913902,52.393157]},"properties":{"category":"bus_halte","name":"Mosplein","operator":""}},{"type":"Feature","geometry":{"type":"Point","coordinates":[4.914145,52.396416]},"properties":{"category":"bus_halte","name":"Sneeuwbalstraat","operator":""}},{"type":"Feature","geometry":{"type":"Point","coordinates":[4.89612,52.403348]},"properties":{"category":"bus_halte","name":"Klaprozenweg","operator":""}},{"type":"Feature","geometry":{"type":"Point","coordinates":[4.879847,52.413182]},"properties":{"category":"bus_halte","name":"Keerkringpark","operator":""}},{"type":"Feature","geometry":{"type":"Point","coordinates":[4.9121,52.398792]},"properties":{"category":"bus_halte","name":"Pinksterbloemstraat","operator":""}},{"type":"Feature","geometry":{"type":"Point","coordinates":[4.896802,52.403211]},"properties":{"category":"bus_halte","name":"Klaprozenweg","operator":""}},{"type":"Feature","geometry":{"type":"Point","coordinates":[4.896454,52.421889]},"properties":{"category":"bus_halte","name":"Lange Vonder","operator":""}},{"type":"Feature","geometry":{"type":"Point","coordinates":[4.879706,52.412861]},"properties":{"category":"bus_halte","name":"Keerkringpark","operator":""}},{"type":"Feature","geometry":{"type":"Point","coordinates":[4.91999,52.405301]},"properties":{"category":"bus_halte","name":"Boven IJ Ziekenhuis","operator":""}},{"type":"Feature","geometry":{"type":"Point","coordinates":[4.911288,52.413328]},"properties":{"category":"bus_halte","name":"Kadoelenpad","operator":""}},{"type":"Feature","geometry":{"type":"Point","coordinates":[4.918228,52.38529]},"properties":{"category":"bus_halte","name":"Havikslaan","operator":""}},{"type":"Feature","geometry":{"type":"Point","coordinates":[4.922315,52.405772]},"properties":{"category":"bus_halte","name":"Oosterlengte","operator":""}},{"type":"Feature","geometry":{"type":"Point","coordinates":[4.827504,52.344211]},"properties":{"category":"bus_halte","name":"Sloterweg","operator":""}},{"type":"Feature","geometry":{"type":"Point","coordinates":[4.827265,52.355134]},"properties":{"category":"bus_halte","name":"Sierplein","operator":""}},{"type":"Feature","geometry":{"type":"Point","coordinates":[4.922,52.406189]},"properties":{"category":"bus_halte","name":"Oosterlengte","operator":""}},{"type":"Feature","geometry":{"type":"Point","coordinates":[4.844329,52.369379]},"properties":{"category":"bus_halte","name":"Admiraal Helfrichstraat","operator":""}},{"type":"Feature","geometry":{"type":"Point","coordinates":[4.846423,52.377193]},"properties":{"category":"bus_halte","name":"Bos en Lommerplein","operator":""}},{"type":"Feature","geometry":{"type":"Point","coordinates":[4.928465,52.394658]},"properties":{"category":"bus_halte","name":"Rode Kruisstraat","operator":""}},{"type":"Feature","geometry":{"type":"Point","coordinates":[4.91117,52.405708]},"properties":{"category":"bus_halte","name":"Tjalkstraat","operator":""}},{"type":"Feature","geometry":{"type":"Point","coordinates":[4.922657,52.386261]},"properties":{"category":"bus_halte","name":"Hamerstraat","operator":""}},{"type":"Feature","geometry":{"type":"Point","coordinates":[4.920234,52.405839]},"properties":{"category":"bus_halte","name":"Boven IJ Ziekenhuis","operator":""}},{"type":"Feature","geometry":{"type":"Point","coordinates":[4.911722,52.387489]},"properties":{"category":"bus_halte","name":"Meidoornplein","operator":""}},{"type":"Feature","geometry":{"type":"Point","coordinates":[4.913591,52.38756]},"properties":{"category":"bus_halte","name":"Hagedoornplein","operator":""}},{"type":"Feature","geometry":{"type":"Point","coordinates":[4.844489,52.369258]},"properties":{"category":"bus_halte","name":"Admiraal Helfrichstraat","operator":""}},{"type":"Feature","geometry":{"type":"Point","coordinates":[4.925128,52.389101]},"properties":{"category":"bus_halte","name":"Merelstraat","operator":""}},{"type":"Feature","geometry":{"type":"Point","coordinates":[4.928841,52.394865]},"properties":{"category":"bus_halte","name":"Rode Kruisstraat","operator":""}},{"type":"Feature","geometry":{"type":"Point","coordinates":[4.910043,52.404976]},"properties":{"category":"bus_halte","name":"Tjalkstraat","operator":""}},{"type":"Feature","geometry":{"type":"Point","coordinates":[4.913845,52.407888]},"properties":{"category":"bus_halte","name":"Statenjachtstraat","operator":""}},{"type":"Feature","geometry":{"type":"Point","coordinates":[4.838342,52.369446]},"properties":{"category":"bus_halte","name":"Jan Voermanstraat","operator":""}},{"type":"Feature","geometry":{"type":"Point","coordinates":[4.911057,52.387402]},"properties":{"category":"bus_halte","name":"Meidoornplein","operator":""}},{"type":"Feature","geometry":{"type":"Point","coordinates":[4.827935,52.343414]},"properties":{"category":"bus_halte","name":"Sloterweg","operator":""}},{"type":"Feature","geometry":{"type":"Point","coordinates":[4.924861,52.388885]},"properties":{"category":"bus_halte","name":"Merelstraat","operator":""}},{"type":"Feature","geometry":{"type":"Point","coordinates":[4.913565,52.407893]},"properties":{"category":"bus_halte","name":"Statenjachtstraat","operator":""}},{"type":"Feature","geometry":{"type":"Point","coordinates":[4.838036,52.369619]},"properties":{"category":"bus_halte","name":"Jan Voermanstraat","operator":""}},{"type":"Feature","geometry":{"type":"Point","coordinates":[4.917619,52.385059]},"properties":{"category":"bus_halte","name":"Havikslaan","operator":""}},{"type":"Feature","geometry":{"type":"Point","coordinates":[4.920943,52.385998]},"properties":{"category":"bus_halte","name":"Hamerstraat","operator":""}},{"type":"Feature","geometry":{"type":"Point","coordinates":[4.929097,52.40392]},"properties":{"category":"bus_halte","name":"G.J. Scheurleerweg","operator":""}},{"type":"Feature","geometry":{"type":"Point","coordinates":[4.913435,52.38746]},"properties":{"category":"bus_halte","name":"Hagedoornplein","operator":""}},{"type":"Feature","geometry":{"type":"Point","coordinates":[4.862919,52.377155]},"properties":{"category":"bus_halte","name":"De Rijpgracht","operator":""}},{"type":"Feature","geometry":{"type":"Point","coordinates":[4.870595,52.375261]},"properties":{"category":"bus_halte","name":"Gillis van Ledenberchstraat","operator":""}},{"type":"Feature","geometry":{"type":"Point","coordinates":[4.758808,52.404425]},"properties":{"category":"bus_halte","name":"Oceaangroep","operator":""}},{"type":"Feature","geometry":{"type":"Point","coordinates":[4.808886,52.394548]},"properties":{"category":"bus_halte","name":"Hornhaven","operator":""}},{"type":"Feature","geometry":{"type":"Point","coordinates":[4.826968,52.390196]},"properties":{"category":"bus_halte","name":"Kapoeasweg","operator":""}},{"type":"Feature","geometry":{"type":"Point","coordinates":[4.870832,52.375082]},"properties":{"category":"bus_halte","name":"Gillis van Ledenberchstraat","operator":""}},{"type":"Feature","geometry":{"type":"Point","coordinates":[4.752291,52.406952]},"properties":{"category":"bus_halte","name":"Ruigoord Dorp","operator":""}},{"type":"Feature","geometry":{"type":"Point","coordinates":[4.777681,52.397974]},"properties":{"category":"bus_halte","name":"Dortmuiden","operator":""}},{"type":"Feature","geometry":{"type":"Point","coordinates":[4.820106,52.390256]},"properties":{"category":"bus_halte","name":"Oderweg","operator":""}},{"type":"Feature","geometry":{"type":"Point","coordinates":[4.833122,52.3902]},"properties":{"category":"bus_halte","name":"Kastrupstraat","operator":""}},{"type":"Feature","geometry":{"type":"Point","coordinates":[4.855153,52.381019]},"properties":{"category":"bus_halte","name":"Bos en Lommerweg","operator":""}},{"type":"Feature","geometry":{"type":"Point","coordinates":[4.759324,52.404934]},"properties":{"category":"bus_halte","name":"Oceaangroep","operator":""}},{"type":"Feature","geometry":{"type":"Point","coordinates":[4.795234,52.397555]},"properties":{"category":"bus_halte","name":"Westpoortweg","operator":""}},{"type":"Feature","geometry":{"type":"Point","coordinates":[4.827967,52.390086]},"properties":{"category":"bus_halte","name":"Kapoeasweg","operator":""}},{"type":"Feature","geometry":{"type":"Point","coordinates":[4.8588,52.381644]},"properties":{"category":"bus_halte","name":"Charlotte de Bourbonstraat","operator":""}},{"type":"Feature","geometry":{"type":"Point","coordinates":[4.749924,52.407655]},"properties":{"category":"bus_halte","name":"Ruigoord Dorp","operator":""}},{"type":"Feature","geometry":{"type":"Point","coordinates":[4.78032,52.397541]},"properties":{"category":"bus_halte","name":"Dortmuiden","operator":""}},{"type":"Feature","geometry":{"type":"Point","coordinates":[4.807438,52.395018]},"properties":{"category":"bus_halte","name":"Hornhaven","operator":""}},{"type":"Feature","geometry":{"type":"Point","coordinates":[4.833417,52.390094]},"properties":{"category":"bus_halte","name":"Kastrupstraat","operator":""}},{"type":"Feature","geometry":{"type":"Point","coordinates":[4.859733,52.380966]},"properties":{"category":"bus_halte","name":"Charlotte de Bourbonstraat","operator":""}},{"type":"Feature","geometry":{"type":"Point","coordinates":[4.862366,52.378167]},"properties":{"category":"bus_halte","name":"De Rijpgracht","operator":""}},{"type":"Feature","geometry":{"type":"Point","coordinates":[4.793835,52.397932]},"properties":{"category":"bus_halte","name":"Westpoortweg","operator":""}},{"type":"Feature","geometry":{"type":"Point","coordinates":[4.821562,52.390083]},"properties":{"category":"bus_halte","name":"Oderweg","operator":""}},{"type":"Feature","geometry":{"type":"Point","coordinates":[4.879436,52.326091]},"properties":{"category":"bus_halte","name":"Kastelenstraat","operator":""}},{"type":"Feature","geometry":{"type":"Point","coordinates":[4.879468,52.334158]},"properties":{"category":"bus_halte","name":"Hogewerf","operator":""}},{"type":"Feature","geometry":{"type":"Point","coordinates":[4.879578,52.326622]},"properties":{"category":"bus_halte","name":"Kastelenstraat","operator":""}},{"type":"Feature","geometry":{"type":"Point","coordinates":[4.877049,52.324852]},"properties":{"category":"bus_halte","name":"Backershagen","operator":""}},{"type":"Feature","geometry":{"type":"Point","coordinates":[4.879001,52.334475]},"properties":{"category":"bus_halte","name":"Hogewerf","operator":""}},{"type":"Feature","geometry":{"type":"Point","coordinates":[4.876677,52.337305]},"properties":{"category":"bus_halte","name":"Gustav Mahlerlaan","operator":""}},{"type":"Feature","geometry":{"type":"Point","coordinates":[4.87511,52.324668]},"properties":{"category":"bus_halte","name":"Backershagen","operator":""}},{"type":"Feature","geometry":{"type":"Point","coordinates":[4.879574,52.33092]},"properties":{"category":"bus_halte","name":"Gelderlandplein Oost","operator":""}},{"type":"Feature","geometry":{"type":"Point","coordinates":[4.877254,52.336963]},"properties":{"category":"bus_halte","name":"Gustav Mahlerlaan","operator":""}},{"type":"Feature","geometry":{"type":"Point","coordinates":[4.800975,52.341575]},"properties":{"category":"bus_halte","name":"Ditlaar","operator":""}},{"type":"Feature","geometry":{"type":"Point","coordinates":[4.856734,52.351242]},"properties":{"category":"bus_halte","name":"Zeilstraat","operator":""}},{"type":"Feature","geometry":{"type":"Point","coordinates":[4.797398,52.343227]},"properties":{"category":"bus_halte","name":"Osdorperweg","operator":""}},{"type":"Feature","geometry":{"type":"Point","coordinates":[4.846544,52.347038]},"properties":{"category":"bus_halte","name":"Aalsmeerplein","operator":""}},{"type":"Feature","geometry":{"type":"Point","coordinates":[4.838482,52.34704]},"properties":{"category":"bus_halte","name":"Maassluisstraat","operator":""}},{"type":"Feature","geometry":{"type":"Point","coordinates":[4.807475,52.34136]},"properties":{"category":"bus_halte","name":"Sportpark Sloten","operator":""}},{"type":"Feature","geometry":{"type":"Point","coordinates":[4.842646,52.346825]},"properties":{"category":"bus_halte","name":"Naaldwijkstraat","operator":""}},{"type":"Feature","geometry":{"type":"Point","coordinates":[4.849402,52.35063]},"properties":{"category":"bus_halte","name":"Hoofddorpplein","operator":""}},{"type":"Feature","geometry":{"type":"Point","coordinates":[4.801122,52.341665]},"properties":{"category":"bus_halte","name":"Ditlaar","operator":""}},{"type":"Feature","geometry":{"type":"Point","coordinates":[4.833723,52.346891]},"properties":{"category":"bus_halte","name":"Ottho Heldringstraat","operator":""}},{"type":"Feature","geometry":{"type":"Point","coordinates":[4.797639,52.343185]},"properties":{"category":"bus_halte","name":"Osdorperweg","operator":""}},{"type":"Feature","geometry":{"type":"Point","coordinates":[4.849523,52.350726]},"properties":{"category":"bus_halte","name":"Hoofddorpplein","operator":""}},{"type":"Feature","geometry":{"type":"Point","coordinates":[4.828514,52.346943]},"properties":{"category":"bus_halte","name":"Aletta Jacobslaan","operator":""}},{"type":"Feature","geometry":{"type":"Point","coordinates":[4.833151,52.347038]},"properties":{"category":"bus_halte","name":"Ottho Heldringstraat","operator":""}},{"type":"Feature","geometry":{"type":"Point","coordinates":[4.846836,52.347054]},"properties":{"category":"bus_halte","name":"Aalsmeerplein","operator":""}},{"type":"Feature","geometry":{"type":"Point","coordinates":[4.856472,52.351758]},"properties":{"category":"bus_halte","name":"Amstelveenseweg","operator":""}},{"type":"Feature","geometry":{"type":"Point","coordinates":[4.842424,52.346905]},"properties":{"category":"bus_halte","name":"Naaldwijkstraat","operator":""}},{"type":"Feature","geometry":{"type":"Point","coordinates":[4.838864,52.346938]},"properties":{"category":"bus_halte","name":"Maassluisstraat","operator":""}},{"type":"Feature","geometry":{"type":"Point","coordinates":[4.80676,52.341423]},"properties":{"category":"bus_halte","name":"Sportpark Sloten","operator":""}},{"type":"Feature","geometry":{"type":"Point","coordinates":[4.828974,52.346854]},"properties":{"category":"bus_halte","name":"Aletta Jacobslaan","operator":""}},{"type":"Feature","geometry":{"type":"Point","coordinates":[4.857352,52.338233]},"properties":{"category":"bus_halte","name":"Amstelveenseweg","operator":""}},{"type":"Feature","geometry":{"type":"Point","coordinates":[4.876199,52.335072]},"properties":{"category":"bus_halte","name":"Willem van Weldammelaan","operator":""}},{"type":"Feature","geometry":{"type":"Point","coordinates":[4.869693,52.332003]},"properties":{"category":"bus_halte","name":"Arent Janszoon Ernststraat","operator":""}},{"type":"Feature","geometry":{"type":"Point","coordinates":[4.876402,52.332044]},"properties":{"category":"bus_halte","name":"Gelderlandplein Noord","operator":""}},{"type":"Feature","geometry":{"type":"Point","coordinates":[4.869703,52.332124]},"properties":{"category":"bus_halte","name":"Arent Janszoon Ernststraat","operator":""}},{"type":"Feature","geometry":{"type":"Point","coordinates":[4.978679,52.316061]},"properties":{"category":"bus_halte","name":"Kraaienneststation","operator":""}},{"type":"Feature","geometry":{"type":"Point","coordinates":[4.980799,52.322845]},"properties":{"category":"bus_halte","name":"Geerdinkhof","operator":""}},{"type":"Feature","geometry":{"type":"Point","coordinates":[4.981377,52.316786]},"properties":{"category":"bus_halte","name":"Kraaienneststation","operator":""}},{"type":"Feature","geometry":{"type":"Point","coordinates":[4.984018,52.318986]},"properties":{"category":"bus_halte","name":"Koornhorst","operator":""}},{"type":"Feature","geometry":{"type":"Point","coordinates":[4.980305,52.32363]},"properties":{"category":"bus_halte","name":"Geerdinkhof","operator":""}},{"type":"Feature","geometry":{"type":"Point","coordinates":[4.980744,52.315985]},"properties":{"category":"bus_halte","name":"Kraaienneststation","operator":""}},{"type":"Feature","geometry":{"type":"Point","coordinates":[4.948252,52.319334]},"properties":{"category":"bus_halte","name":"Dolingadreef","operator":""}},{"type":"Feature","geometry":{"type":"Point","coordinates":[4.970949,52.325156]},"properties":{"category":"bus_halte","name":"Geldershoofd","operator":""}},{"type":"Feature","geometry":{"type":"Point","coordinates":[4.960145,52.325018]},"properties":{"category":"bus_halte","name":"Echtenstein","operator":""}},{"type":"Feature","geometry":{"type":"Point","coordinates":[4.984021,52.319289]},"properties":{"category":"bus_halte","name":"Koornhorst","operator":""}},{"type":"Feature","geometry":{"type":"Point","coordinates":[4.970832,52.32499]},"properties":{"category":"bus_halte","name":"Geldershoofd","operator":""}},{"type":"Feature","geometry":{"type":"Point","coordinates":[4.849571,52.351163]},"properties":{"category":"bus_halte","name":"Hoofddorpplein","operator":""}},{"type":"Feature","geometry":{"type":"Point","coordinates":[4.816288,52.346023]},"properties":{"category":"bus_halte","name":"Antwerpenbaan","operator":""}},{"type":"Feature","geometry":{"type":"Point","coordinates":[4.815886,52.34581]},"properties":{"category":"bus_halte","name":"Antwerpenbaan","operator":""}},{"type":"Feature","geometry":{"type":"Point","coordinates":[4.810512,52.350565]},"properties":{"category":"bus_halte","name":"Plesmanlaan","operator":""}},{"type":"Feature","geometry":{"type":"Point","coordinates":[4.805372,52.34752]},"properties":{"category":"bus_halte","name":"Westmallepad","operator":""}},{"type":"Feature","geometry":{"type":"Point","coordinates":[4.80531,52.346958]},"properties":{"category":"bus_halte","name":"Westmallepad","operator":"Connexxion"}},{"type":"Feature","geometry":{"type":"Point","coordinates":[4.807596,52.353718]},"properties":{"category":"bus_halte","name":"Louis Davidsstraat","operator":""}},{"type":"Feature","geometry":{"type":"Point","coordinates":[4.807781,52.359359]},"properties":{"category":"bus_halte","name":"Osdorpplein Oost","operator":""}},{"type":"Feature","geometry":{"type":"Point","coordinates":[4.926925,52.392622]},"properties":{"category":"bus_halte","name":"Waddenweg","operator":""}},{"type":"Feature","geometry":{"type":"Point","coordinates":[4.945681,52.390445]},"properties":{"category":"bus_halte","name":"Purmerplein","operator":""}},{"type":"Feature","geometry":{"type":"Point","coordinates":[4.934555,52.394161]},"properties":{"category":"bus_halte","name":"Nieuwe Purmerweg","operator":""}},{"type":"Feature","geometry":{"type":"Point","coordinates":[4.939523,52.392691]},"properties":{"category":"bus_halte","name":"Wervershoofstraat","operator":""}},{"type":"Feature","geometry":{"type":"Point","coordinates":[4.906477,52.373419]},"properties":{"category":"bus_halte","name":"Prins Hendrikkade","operator":""}},{"type":"Feature","geometry":{"type":"Point","coordinates":[4.952932,52.392617]},"properties":{"category":"bus_halte","name":"Waterlandplein","operator":""}},{"type":"Feature","geometry":{"type":"Point","coordinates":[4.944615,52.395005]},"properties":{"category":"bus_halte","name":"Ilperveldstraat","operator":""}},{"type":"Feature","geometry":{"type":"Point","coordinates":[4.953914,52.391771]},"properties":{"category":"bus_halte","name":"Waterlandplein","operator":""}},{"type":"Feature","geometry":{"type":"Point","coordinates":[4.948004,52.394148]},"properties":{"category":"bus_halte","name":"De Egmondenstraat","operator":""}},{"type":"Feature","geometry":{"type":"Point","coordinates":[4.923174,52.387722]},"properties":{"category":"bus_halte","name":"Johan van Hasseltweg","operator":""}},{"type":"Feature","geometry":{"type":"Point","coordinates":[4.945874,52.390785]},"properties":{"category":"bus_halte","name":"Purmerplein","operator":""}},{"type":"Feature","geometry":{"type":"Point","coordinates":[4.909484,52.372327]},"properties":{"category":"bus_halte","name":"IJ tunnel","operator":"GVB"}},{"type":"Feature","geometry":{"type":"Point","coordinates":[4.940395,52.392574]},"properties":{"category":"bus_halte","name":"Wervershoofstraat","operator":""}},{"type":"Feature","geometry":{"type":"Point","coordinates":[4.948812,52.389956]},"properties":{"category":"bus_halte","name":"Purmerweg","operator":""}},{"type":"Feature","geometry":{"type":"Point","coordinates":[4.949413,52.393614]},"properties":{"category":"bus_halte","name":"De Egmondenstraat","operator":""}},{"type":"Feature","geometry":{"type":"Point","coordinates":[4.954511,52.396233]},"properties":{"category":"bus_halte","name":"Dijkmanshuizenstraat","operator":""}},{"type":"Feature","geometry":{"type":"Point","coordinates":[4.941391,52.403404]},"properties":{"category":"bus_halte","name":"Amerbos","operator":""}},{"type":"Feature","geometry":{"type":"Point","coordinates":[4.956958,52.392479]},"properties":{"category":"bus_halte","name":"Volendammerweg","operator":""}},{"type":"Feature","geometry":{"type":"Point","coordinates":[4.952148,52.3971]},"properties":{"category":"bus_halte","name":"Beemsterstraat","operator":""}},{"type":"Feature","geometry":{"type":"Point","coordinates":[4.932258,52.398146]},"properties":{"category":"bus_halte","name":"Het Breed","operator":""}},{"type":"Feature","geometry":{"type":"Point","coordinates":[4.951101,52.397616]},"properties":{"category":"bus_halte","name":"Beemsterstraat","operator":""}},{"type":"Feature","geometry":{"type":"Point","coordinates":[4.942446,52.403129]},"properties":{"category":"bus_halte","name":"Amerbos","operator":""}},{"type":"Feature","geometry":{"type":"Point","coordinates":[4.954656,52.39553]},"properties":{"category":"bus_halte","name":"Dijkmanshuizenstraat","operator":""}},{"type":"Feature","geometry":{"type":"Point","coordinates":[4.944271,52.401377]},"properties":{"category":"bus_halte","name":"Spelderholt","operator":""}},{"type":"Feature","geometry":{"type":"Point","coordinates":[4.937605,52.402341]},"properties":{"category":"bus_halte","name":"Bakkerswaal","operator":""}},{"type":"Feature","geometry":{"type":"Point","coordinates":[4.917447,52.410975]},"properties":{"category":"bus_halte","name":"Voordek","operator":""}},{"type":"Feature","geometry":{"type":"Point","coordinates":[4.919295,52.412613]},"properties":{"category":"bus_halte","name":"Tussendek","operator":""}},{"type":"Feature","geometry":{"type":"Point","coordinates":[4.923074,52.408164]},"properties":{"category":"bus_halte","name":"Grootzeil","operator":""}},{"type":"Feature","geometry":{"type":"Point","coordinates":[4.922985,52.413377]},"properties":{"category":"bus_halte","name":"Staghof","operator":""}},{"type":"Feature","geometry":{"type":"Point","coordinates":[4.92001,52.413146]},"properties":{"category":"bus_halte","name":"Tussendek","operator":""}},{"type":"Feature","geometry":{"type":"Point","coordinates":[4.92412,52.408664]},"properties":{"category":"bus_halte","name":"Grootzeil","operator":""}},{"type":"Feature","geometry":{"type":"Point","coordinates":[4.916758,52.410529]},"properties":{"category":"bus_halte","name":"Voordek","operator":""}},{"type":"Feature","geometry":{"type":"Point","coordinates":[4.926065,52.411909]},"properties":{"category":"bus_halte","name":"Masthof","operator":""}},{"type":"Feature","geometry":{"type":"Point","coordinates":[4.898788,52.40826]},"properties":{"category":"bus_halte","name":"Nageljongenstraat","operator":""}},{"type":"Feature","geometry":{"type":"Point","coordinates":[4.907681,52.399174]},"properties":{"category":"bus_halte","name":"Slijperweg","operator":""}},{"type":"Feature","geometry":{"type":"Point","coordinates":[4.899605,52.408247]},"properties":{"category":"bus_halte","name":"Nageljongenstraat","operator":""}},{"type":"Feature","geometry":{"type":"Point","coordinates":[4.897765,52.4033]},"properties":{"category":"bus_halte","name":"Atatürk","operator":""}},{"type":"Feature","geometry":{"type":"Point","coordinates":[4.885496,52.417898]},"properties":{"category":"bus_halte","name":"Petmolen","operator":""}},{"type":"Feature","geometry":{"type":"Point","coordinates":[4.886927,52.412305]},"properties":{"category":"bus_halte","name":"Maanstraat","operator":""}},{"type":"Feature","geometry":{"type":"Point","coordinates":[4.893636,52.417975]},"properties":{"category":"bus_halte","name":"Molenwijk","operator":""}},{"type":"Feature","geometry":{"type":"Point","coordinates":[4.89545,52.408797]},"properties":{"category":"bus_halte","name":"Pomonastraat","operator":""}},{"type":"Feature","geometry":{"type":"Point","coordinates":[4.886216,52.417198]},"properties":{"category":"bus_halte","name":"Petmolen","operator":""}},{"type":"Feature","geometry":{"type":"Point","coordinates":[4.891048,52.410303]},"properties":{"category":"bus_halte","name":"Meteorensingel","operator":""}},{"type":"Feature","geometry":{"type":"Point","coordinates":[4.91598,52.403643]},"properties":{"category":"bus_halte","name":"Fluitschipstraat","operator":""}},{"type":"Feature","geometry":{"type":"Point","coordinates":[4.895469,52.415657]},"properties":{"category":"bus_halte","name":"Appelweg","operator":""}},{"type":"Feature","geometry":{"type":"Point","coordinates":[4.896487,52.340741]},"properties":{"category":"bus_halte","name":"Maasstraat","operator":""}},{"type":"Feature","geometry":{"type":"Point","coordinates":[4.825216,52.340098]},"properties":{"category":"bus_halte","name":"John M. Keynesplein","operator":""}},{"type":"Feature","geometry":{"type":"Point","coordinates":[5.06854,52.29238]},"properties":{"category":"bus_halte","name":"Lage Klompweg","operator":""}},{"type":"Feature","geometry":{"type":"Point","coordinates":[5.066522,52.293251]},"properties":{"category":"bus_halte","name":"Lage Klompweg","operator":""}},{"type":"Feature","geometry":{"type":"Point","coordinates":[4.964399,52.311166]},"properties":{"category":"bus_halte","name":"Nelson Mandelapark","operator":""}},{"type":"Feature","geometry":{"type":"Point","coordinates":[4.965369,52.311267]},"properties":{"category":"bus_halte","name":"Nelson Mandelapark","operator":""}},{"type":"Feature","geometry":{"type":"Point","coordinates":[5.012871,52.304433]},"properties":{"category":"bus_halte","name":"Geinbrug","operator":""}},{"type":"Feature","geometry":{"type":"Point","coordinates":[5.013127,52.304458]},"properties":{"category":"bus_halte","name":"Geinbrug","operator":""}},{"type":"Feature","geometry":{"type":"Point","coordinates":[4.907492,52.399326]},"properties":{"category":"bus_halte","name":"Slijperweg","operator":""}},{"type":"Feature","geometry":{"type":"Point","coordinates":[4.90194,52.34091]},"properties":{"category":"bus_halte","name":"President Kennedylaan","operator":""}},{"type":"Feature","geometry":{"type":"Point","coordinates":[4.898438,52.34044]},"properties":{"category":"bus_halte","name":"Maasstraat","operator":""}},{"type":"Feature","geometry":{"type":"Point","coordinates":[4.939679,52.338859]},"properties":{"category":"bus_halte","name":"Zaaiersweg","operator":""}},{"type":"Feature","geometry":{"type":"Point","coordinates":[4.938306,52.33995]},"properties":{"category":"bus_halte","name":"Zaaiersweg","operator":""}},{"type":"Feature","geometry":{"type":"Point","coordinates":[4.939747,52.347434]},"properties":{"category":"bus_halte","name":"Kruislaan","operator":""}},{"type":"Feature","geometry":{"type":"Point","coordinates":[4.936641,52.345733]},"properties":{"category":"bus_halte","name":"Pekelharingstraat","operator":""}},{"type":"Feature","geometry":{"type":"Point","coordinates":[4.942409,52.324767]},"properties":{"category":"bus_halte","name":"Dalsteindreef","operator":""}},{"type":"Feature","geometry":{"type":"Point","coordinates":[4.94245,52.324906]},"properties":{"category":"bus_halte","name":"Dalsteindreef","operator":""}},{"type":"Feature","geometry":{"type":"Point","coordinates":[4.945304,52.322754]},"properties":{"category":"bus_halte","name":"Dostojevskisingel","operator":""}},{"type":"Feature","geometry":{"type":"Point","coordinates":[4.944613,52.323149]},"properties":{"category":"bus_halte","name":"Dostojevskisingel","operator":""}},{"type":"Feature","geometry":{"type":"Point","coordinates":[4.81616,52.348566]},"properties":{"category":"bus_halte","name":"Maaseikpad","operator":""}},{"type":"Feature","geometry":{"type":"Point","coordinates":[4.815856,52.34815]},"properties":{"category":"bus_halte","name":"Maaspeikpad","operator":""}},{"type":"Feature","geometry":{"type":"Point","coordinates":[4.938359,52.37133]},"properties":{"category":"bus_halte","name":"Borneolaan","operator":""}},{"type":"Feature","geometry":{"type":"Point","coordinates":[4.93945,52.365436]},"properties":{"category":"bus_halte","name":"Zeeburgerdijk","operator":""}},{"type":"Feature","geometry":{"type":"Point","coordinates":[4.939248,52.371223]},"properties":{"category":"bus_halte","name":"Borneolaan","operator":""}},{"type":"Feature","geometry":{"type":"Point","coordinates":[4.939584,52.36553]},"properties":{"category":"bus_halte","name":"Zeeburgerdijk","operator":""}},{"type":"Feature","geometry":{"type":"Point","coordinates":[4.939273,52.361545]},"properties":{"category":"bus_halte","name":"Molukkenstraat","operator":""}},{"type":"Feature","geometry":{"type":"Point","coordinates":[4.821731,52.359221]},"properties":{"category":"bus_halte","name":"Hemsterhuisstraat","operator":""}},{"type":"Feature","geometry":{"type":"Point","coordinates":[4.821812,52.359052]},"properties":{"category":"bus_halte","name":"Hemsterhuisstraat","operator":""}},{"type":"Feature","geometry":{"type":"Point","coordinates":[4.808129,52.353624]},"properties":{"category":"bus_halte","name":"Louis Davidsstraat","operator":""}},{"type":"Feature","geometry":{"type":"Point","coordinates":[4.811593,52.354322]},"properties":{"category":"bus_halte","name":"C.K. Eloutstraat","operator":""}},{"type":"Feature","geometry":{"type":"Point","coordinates":[4.811729,52.354541]},"properties":{"category":"bus_halte","name":"C.K. Eloutstraat","operator":""}},{"type":"Feature","geometry":{"type":"Point","coordinates":[4.879322,52.330824]},"properties":{"category":"bus_halte","name":"Gelderlandplein Oost","operator":""}},{"type":"Feature","geometry":{"type":"Point","coordinates":[4.868818,52.324088]},"properties":{"category":"bus_halte","name":"Van Boshuizenstraat","operator":""}},{"type":"Feature","geometry":{"type":"Point","coordinates":[4.803644,52.362908]},"properties":{"category":"bus_halte","name":"Geer Ban","operator":""}},{"type":"Feature","geometry":{"type":"Point","coordinates":[4.949039,52.318974]},"properties":{"category":"bus_halte","name":"Dolingadreef","operator":""}},{"type":"Feature","geometry":{"type":"Point","coordinates":[4.959804,52.324681]},"properties":{"category":"bus_halte","name":"Echtenstein","operator":""}},{"type":"Feature","geometry":{"type":"Point","coordinates":[4.985179,52.31117]},"properties":{"category":"bus_halte","name":"Gaasperplasstation","operator":""}},{"type":"Feature","geometry":{"type":"Point","coordinates":[4.985113,52.311229]},"properties":{"category":"bus_halte","name":"Gaasperplasstation","operator":""}},{"type":"Feature","geometry":{"type":"Point","coordinates":[4.985071,52.311279]},"properties":{"category":"bus_halte","name":"Gaasperplasstation","operator":""}},{"type":"Feature","geometry":{"type":"Point","coordinates":[4.985066,52.311335]},"properties":{"category":"bus_halte","name":"Gaasperplasstation","operator":""}},{"type":"Feature","geometry":{"type":"Point","coordinates":[4.791496,52.360442]},"properties":{"category":"bus_halte","name":"Saaftingestraat","operator":""}},{"type":"Feature","geometry":{"type":"Point","coordinates":[4.789767,52.359946]},"properties":{"category":"bus_halte","name":"Saaftingestraat","operator":""}},{"type":"Feature","geometry":{"type":"Point","coordinates":[4.883403,52.384896]},"properties":{"category":"bus_halte","name":"Haarlemmerplein","operator":""}},{"type":"Feature","geometry":{"type":"Point","coordinates":[4.924192,52.361622]},"properties":{"category":"bus_halte","name":"Eerste Van Swindenstraat","operator":""}},{"type":"Feature","geometry":{"type":"Point","coordinates":[4.808011,52.358633]},"properties":{"category":"bus_halte","name":"Osdorpplein Oost","operator":""}},{"type":"Feature","geometry":{"type":"Point","coordinates":[4.800306,52.358345]},"properties":{"category":"bus_halte","name":"Hoekenes","operator":""}},{"type":"Feature","geometry":{"type":"Point","coordinates":[4.800764,52.358212]},"properties":{"category":"bus_halte","name":"Hoekenes","operator":""}},{"type":"Feature","geometry":{"type":"Point","coordinates":[4.807318,52.345022]},"properties":{"category":"bus_halte","name":"Brusselsingel","operator":""}},{"type":"Feature","geometry":{"type":"Point","coordinates":[4.807313,52.344865]},"properties":{"category":"bus_halte","name":"Brusselsingel","operator":""}},{"type":"Feature","geometry":{"type":"Point","coordinates":[4.811301,52.344477]},"properties":{"category":"bus_halte","name":"Belgiëplein","operator":"GVB"}},{"type":"Feature","geometry":{"type":"Point","coordinates":[4.957461,52.354011]},"properties":{"category":"bus_halte","name":"Science Park Terra","operator":""}},{"type":"Feature","geometry":{"type":"Point","coordinates":[4.893327,52.341867]},"properties":{"category":"bus_halte","name":"Dintelstraat","operator":""}},{"type":"Feature","geometry":{"type":"Point","coordinates":[4.85226,52.358207]},"properties":{"category":"bus_halte","name":"Surinameplein","operator":""}},{"type":"Feature","geometry":{"type":"Point","coordinates":[4.838912,52.387079]},"properties":{"category":"bus_halte","name":"Station Sloterdijk","operator":""}},{"type":"Feature","geometry":{"type":"Point","coordinates":[4.838871,52.387402]},"properties":{"category":"bus_halte","name":"Station Sloterdijk","operator":""}},{"type":"Feature","geometry":{"type":"Point","coordinates":[4.83886,52.387496]},"properties":{"category":"bus_halte","name":"Station Sloterdijk","operator":""}},{"type":"Feature","geometry":{"type":"Point","coordinates":[4.838829,52.38773]},"properties":{"category":"bus_halte","name":"Station Sloterdijk","operator":""}},{"type":"Feature","geometry":{"type":"Point","coordinates":[4.947855,52.342883]},"properties":{"category":"bus_halte","name":"Brinkstraat","operator":""}},{"type":"Feature","geometry":{"type":"Point","coordinates":[5.000215,52.352398]},"properties":{"category":"bus_halte","name":"Lumièrestraat","operator":""}},{"type":"Feature","geometry":{"type":"Point","coordinates":[4.995767,52.354782]},"properties":{"category":"bus_halte","name":"Diemerparklaan","operator":""}},{"type":"Feature","geometry":{"type":"Point","coordinates":[4.99132,52.35712]},"properties":{"category":"bus_halte","name":"Vennepluimstraat","operator":""}},{"type":"Feature","geometry":{"type":"Point","coordinates":[5.035846,52.30651]},"properties":{"category":"bus_halte","name":"Van Houten Industriepark","operator":""}},{"type":"Feature","geometry":{"type":"Point","coordinates":[4.959827,52.317809]},"properties":{"category":"bus_halte","name":"Florijn","operator":""}},{"type":"Feature","geometry":{"type":"Point","coordinates":[4.958672,52.317618]},"properties":{"category":"bus_halte","name":"Florijn","operator":""}},{"type":"Feature","geometry":{"type":"Point","coordinates":[4.939626,52.368442]},"properties":{"category":"bus_halte","name":"Veelaan","operator":""}},{"type":"Feature","geometry":{"type":"Point","coordinates":[4.939323,52.367678]},"properties":{"category":"bus_halte","name":"Veelaan","operator":""}},{"type":"Feature","geometry":{"type":"Point","coordinates":[4.913341,52.371007]},"properties":{"category":"bus_halte","name":"Kadijksplein","operator":""}},{"type":"Feature","geometry":{"type":"Point","coordinates":[4.913352,52.370744]},"properties":{"category":"bus_halte","name":"Kadijksplein","operator":""}},{"type":"Feature","geometry":{"type":"Point","coordinates":[4.861154,52.323636]},"properties":{"category":"bus_halte","name":"V. d. Boechorststraat","operator":""}},{"type":"Feature","geometry":{"type":"Point","coordinates":[4.872295,52.367083]},"properties":{"category":"bus_halte","name":"Kinkerstraat","operator":""}},{"type":"Feature","geometry":{"type":"Point","coordinates":[4.963307,52.383862]},"properties":{"category":"bus_halte","name":"","operator":""}},{"type":"Feature","geometry":{"type":"Point","coordinates":[5.001939,52.381083]},"properties":{"category":"bus_halte","name":"Uitdammerdijk","operator":""}},{"type":"Feature","geometry":{"type":"Point","coordinates":[5.002223,52.381148]},"properties":{"category":"bus_halte","name":"Uitdammerdijk","operator":""}},{"type":"Feature","geometry":{"type":"Point","coordinates":[4.974355,52.379502]},"properties":{"category":"bus_halte","name":"Volkstuin","operator":""}},{"type":"Feature","geometry":{"type":"Point","coordinates":[4.974048,52.379779]},"properties":{"category":"bus_halte","name":"Volkstuin","operator":""}},{"type":"Feature","geometry":{"type":"Point","coordinates":[4.988888,52.377475]},"properties":{"category":"bus_halte","name":"Durgerdammerdijk 82","operator":""}},{"type":"Feature","geometry":{"type":"Point","coordinates":[4.834453,52.356647]},"properties":{"category":"bus_halte","name":"Station Lelylaan","operator":""}},{"type":"Feature","geometry":{"type":"Point","coordinates":[4.83467,52.356677]},"properties":{"category":"bus_halte","name":"Station Lelylaan","operator":""}},{"type":"Feature","geometry":{"type":"Point","coordinates":[4.83457,52.356658]},"properties":{"category":"bus_halte","name":"Station Lelylaan","operator":""}},{"type":"Feature","geometry":{"type":"Point","coordinates":[5.024817,52.408884]},"properties":{"category":"bus_halte","name":"Blijkmeer","operator":""}},{"type":"Feature","geometry":{"type":"Point","coordinates":[5.024738,52.408948]},"properties":{"category":"bus_halte","name":"Blijkmeer","operator":""}},{"type":"Feature","geometry":{"type":"Point","coordinates":[5.025596,52.413237]},"properties":{"category":"bus_halte","name":"Bloemendalergouw 38","operator":""}},{"type":"Feature","geometry":{"type":"Point","coordinates":[5.025113,52.413209]},"properties":{"category":"bus_halte","name":"Holysloot","operator":""}},{"type":"Feature","geometry":{"type":"Point","coordinates":[4.954968,52.422256]},"properties":{"category":"bus_halte","name":"Splitsing","operator":""}},{"type":"Feature","geometry":{"type":"Point","coordinates":[4.938671,52.370811]},"properties":{"category":"bus_halte","name":"Borneolaan","operator":""}},{"type":"Feature","geometry":{"type":"Point","coordinates":[4.994219,52.393281]},"properties":{"category":"bus_halte","name":"Ransdorp (Kerk)","operator":""}},{"type":"Feature","geometry":{"type":"Point","coordinates":[4.994457,52.392432]},"properties":{"category":"bus_halte","name":"Dorpsweg 38","operator":""}},{"type":"Feature","geometry":{"type":"Point","coordinates":[4.995789,52.390764]},"properties":{"category":"bus_halte","name":"Dorpsweg","operator":""}},{"type":"Feature","geometry":{"type":"Point","coordinates":[4.996273,52.390802]},"properties":{"category":"bus_halte","name":"Dorpsweg","operator":""}},{"type":"Feature","geometry":{"type":"Point","coordinates":[4.95098,52.31116]},"properties":{"category":"bus_halte","name":"Haardstee","operator":""}},{"type":"Feature","geometry":{"type":"Point","coordinates":[4.959956,52.309405]},"properties":{"category":"bus_halte","name":"Hogevecht","operator":""}},{"type":"Feature","geometry":{"type":"Point","coordinates":[4.971747,52.31346]},"properties":{"category":"bus_halte","name":"Kelbergen","operator":""}},{"type":"Feature","geometry":{"type":"Point","coordinates":[4.883879,52.390846]},"properties":{"category":"bus_halte","name":"Houtmankade","operator":""}},{"type":"Feature","geometry":{"type":"Point","coordinates":[4.88446,52.391118]},"properties":{"category":"bus_halte","name":"Houtmankade","operator":""}},{"type":"Feature","geometry":{"type":"Point","coordinates":[4.877108,52.392353]},"properties":{"category":"bus_halte","name":"Spaarndammerstraat","operator":""}},{"type":"Feature","geometry":{"type":"Point","coordinates":[4.877725,52.392131]},"properties":{"category":"bus_halte","name":"Spaarndammerstraat","operator":""}},{"type":"Feature","geometry":{"type":"Point","coordinates":[4.862022,52.392373]},"properties":{"category":"bus_halte","name":"Spaarndammerdijk","operator":""}},{"type":"Feature","geometry":{"type":"Point","coordinates":[4.860403,52.392643]},"properties":{"category":"bus_halte","name":"Spaarndammerdijk","operator":""}},{"type":"Feature","geometry":{"type":"Point","coordinates":[4.856762,52.391953]},"properties":{"category":"bus_halte","name":"Contactweg","operator":""}},{"type":"Feature","geometry":{"type":"Point","coordinates":[4.854333,52.392181]},"properties":{"category":"bus_halte","name":"Contactweg","operator":""}},{"type":"Feature","geometry":{"type":"Point","coordinates":[4.891538,52.38905]},"properties":{"category":"bus_halte","name":"Barentszplein","operator":""}},{"type":"Feature","geometry":{"type":"Point","coordinates":[4.891636,52.389399]},"properties":{"category":"bus_halte","name":"Barentszplein","operator":""}},{"type":"Feature","geometry":{"type":"Point","coordinates":[4.893098,52.38509]},"properties":{"category":"bus_halte","name":"Westerdoksdijk","operator":"Gemeentelijk Vervoerbedrijf"}},{"type":"Feature","geometry":{"type":"Point","coordinates":[4.918366,52.372783]},"properties":{"category":"bus_halte","name":"Kattenburgerstraat","operator":""}},{"type":"Feature","geometry":{"type":"Point","coordinates":[4.917967,52.372254]},"properties":{"category":"bus_halte","name":"Kattenburgerstraat","operator":""}},{"type":"Feature","geometry":{"type":"Point","coordinates":[4.921955,52.376544]},"properties":{"category":"bus_halte","name":"Jan Schaeferbrug","operator":""}},{"type":"Feature","geometry":{"type":"Point","coordinates":[4.921711,52.376602]},"properties":{"category":"bus_halte","name":"Jan Schaeferbrug","operator":""}},{"type":"Feature","geometry":{"type":"Point","coordinates":[4.92366,52.379789]},"properties":{"category":"bus_halte","name":"Tosaristraat","operator":""}},{"type":"Feature","geometry":{"type":"Point","coordinates":[4.923129,52.379486]},"properties":{"category":"bus_halte","name":"Tosaristraat","operator":""}},{"type":"Feature","geometry":{"type":"Point","coordinates":[4.929655,52.379007]},"properties":{"category":"bus_halte","name":"Majanggracht","operator":""}},{"type":"Feature","geometry":{"type":"Point","coordinates":[4.931283,52.378684]},"properties":{"category":"bus_halte","name":"Majanggracht","operator":""}},{"type":"Feature","geometry":{"type":"Point","coordinates":[4.938645,52.373299]},"properties":{"category":"bus_halte","name":"C. van Eesterenlaan","operator":""}},{"type":"Feature","geometry":{"type":"Point","coordinates":[4.946742,52.372234]},"properties":{"category":"bus_halte","name":"R.J.H. Fortuynplein","operator":""}},{"type":"Feature","geometry":{"type":"Point","coordinates":[4.924421,52.367919]},"properties":{"category":"bus_halte","name":"Oostenburgergracht","operator":"GVB"}},{"type":"Feature","geometry":{"type":"Point","coordinates":[4.939612,52.364104]},"properties":{"category":"bus_halte","name":"Javaplein","operator":""}},{"type":"Feature","geometry":{"type":"Point","coordinates":[4.939447,52.364025]},"properties":{"category":"bus_halte","name":"Javaplein","operator":""}},{"type":"Feature","geometry":{"type":"Point","coordinates":[4.942776,52.377036]},"properties":{"category":"bus_halte","name":"Levantplein","operator":""}},{"type":"Feature","geometry":{"type":"Point","coordinates":[4.942409,52.377143]},"properties":{"category":"bus_halte","name":"Levantplein","operator":""}},{"type":"Feature","geometry":{"type":"Point","coordinates":[4.946023,52.37711]},"properties":{"category":"bus_halte","name":"KNSM-laan","operator":""}},{"type":"Feature","geometry":{"type":"Point","coordinates":[4.875234,52.385536]},"properties":{"category":"bus_halte","name":"Van Limburg Stirumstraat","operator":""}},{"type":"Feature","geometry":{"type":"Point","coordinates":[4.938839,52.373585]},"properties":{"category":"bus_halte","name":"C. van Eesterenlaan","operator":""}},{"type":"Feature","geometry":{"type":"Point","coordinates":[4.81896,52.386517]},"properties":{"category":"bus_halte","name":"Seineweg","operator":""}},{"type":"Feature","geometry":{"type":"Point","coordinates":[4.818553,52.386302]},"properties":{"category":"bus_halte","name":"Seineweg","operator":""}},{"type":"Feature","geometry":{"type":"Point","coordinates":[4.959641,52.30953]},"properties":{"category":"bus_halte","name":"Hogevecht","operator":""}},{"type":"Feature","geometry":{"type":"Point","coordinates":[4.975103,52.322945]},"properties":{"category":"bus_halte","name":"Station Ganzenhoef","operator":""}},{"type":"Feature","geometry":{"type":"Point","coordinates":[4.843359,52.3641]},"properties":{"category":"bus_halte","name":"Nachtwachtlaan","operator":""}},{"type":"Feature","geometry":{"type":"Point","coordinates":[4.843115,52.364203]},"properties":{"category":"bus_halte","name":"Nachtwachtlaan","operator":""}},{"type":"Feature","geometry":{"type":"Point","coordinates":[4.839589,52.364065]},"properties":{"category":"bus_halte","name":"Derkinderenstraat","operator":""}},{"type":"Feature","geometry":{"type":"Point","coordinates":[4.839331,52.364159]},"properties":{"category":"bus_halte","name":"Derkinderenstraat","operator":""}},{"type":"Feature","geometry":{"type":"Point","coordinates":[4.860301,52.374829]},"properties":{"category":"bus_halte","name":"Jan van Galenstraat","operator":""}},{"type":"Feature","geometry":{"type":"Point","coordinates":[4.858614,52.374302]},"properties":{"category":"bus_halte","name":"Jan van Galenstraat","operator":""}},{"type":"Feature","geometry":{"type":"Point","coordinates":[4.813385,52.383287]},"properties":{"category":"bus_halte","name":"Antony Moddermanstraat","operator":""}},{"type":"Feature","geometry":{"type":"Point","coordinates":[4.8146,52.383392]},"properties":{"category":"bus_halte","name":"Antony Moddermanstraat","operator":""}},{"type":"Feature","geometry":{"type":"Point","coordinates":[4.874082,52.378708]},"properties":{"category":"bus_halte","name":"Frederik Hendrikplantsoen","operator":""}},{"type":"Feature","geometry":{"type":"Point","coordinates":[4.855383,52.384277]},"properties":{"category":"bus_halte","name":"Solebaystraat","operator":""}},{"type":"Feature","geometry":{"type":"Point","coordinates":[4.875237,52.397887]},"properties":{"category":"bus_halte","name":"Koivistokade","operator":""}},{"type":"Feature","geometry":{"type":"Point","coordinates":[4.855975,52.384977]},"properties":{"category":"bus_halte","name":"Solebaystraat","operator":""}},{"type":"Feature","geometry":{"type":"Point","coordinates":[4.867524,52.385235]},"properties":{"category":"bus_halte","name":"Van Hallstraat","operator":""}},{"type":"Feature","geometry":{"type":"Point","coordinates":[4.868723,52.385399]},"properties":{"category":"bus_halte","name":"Van Hallstraat","operator":""}},{"type":"Feature","geometry":{"type":"Point","coordinates":[4.86387,52.3852]},"properties":{"category":"bus_halte","name":"Vredenhof","operator":""}},{"type":"Feature","geometry":{"type":"Point","coordinates":[4.862217,52.385298]},"properties":{"category":"bus_halte","name":"Vredenhof","operator":""}},{"type":"Feature","geometry":{"type":"Point","coordinates":[4.99449,52.378985]},"properties":{"category":"bus_halte","name":"Durgerdammerdijk 143","operator":""}},{"type":"Feature","geometry":{"type":"Point","coordinates":[4.996937,52.379559]},"properties":{"category":"bus_halte","name":"Durgerdammerdijk 175","operator":""}},{"type":"Feature","geometry":{"type":"Point","coordinates":[4.99844,52.380036]},"properties":{"category":"bus_halte","name":"Durgerdammerdijk 175","operator":""}},{"type":"Feature","geometry":{"type":"Point","coordinates":[4.986173,52.375792]},"properties":{"category":"bus_halte","name":"Durgerdammerdijk 36","operator":""}},{"type":"Feature","geometry":{"type":"Point","coordinates":[4.98622,52.375931]},"properties":{"category":"bus_halte","name":"Durgerdammerdijk 36","operator":""}},{"type":"Feature","geometry":{"type":"Point","coordinates":[4.978521,52.376139]},"properties":{"category":"bus_halte","name":"Durgerdammerdijk 4","operator":""}},{"type":"Feature","geometry":{"type":"Point","coordinates":[4.97815,52.376288]},"properties":{"category":"bus_halte","name":"Durgerdammerdijk 4","operator":""}},{"type":"Feature","geometry":{"type":"Point","coordinates":[4.988408,52.377321]},"properties":{"category":"bus_halte","name":"Durgerdammerdijk 82","operator":""}},{"type":"Feature","geometry":{"type":"Point","coordinates":[5.002681,52.387866]},"properties":{"category":"bus_halte","name":"Durgerdammergouw 20","operator":""}},{"type":"Feature","geometry":{"type":"Point","coordinates":[5.002579,52.387853]},"properties":{"category":"bus_halte","name":"Durgerdammergouw 20","operator":""}},{"type":"Feature","geometry":{"type":"Point","coordinates":[5.002345,52.38479]},"properties":{"category":"bus_halte","name":"Durgerdammergouw 37","operator":""}},{"type":"Feature","geometry":{"type":"Point","coordinates":[5.002437,52.384746]},"properties":{"category":"bus_halte","name":"Durgerdammergouw 37","operator":""}},{"type":"Feature","geometry":{"type":"Point","coordinates":[4.963079,52.383875]},"properties":{"category":"bus_halte","name":"","operator":""}},{"type":"Feature","geometry":{"type":"Point","coordinates":[4.991255,52.37786]},"properties":{"category":"bus_halte","name":"Kabelhuisje","operator":""}},{"type":"Feature","geometry":{"type":"Point","coordinates":[4.992094,52.378272]},"properties":{"category":"bus_halte","name":"Kabelhuisje","operator":""}},{"type":"Feature","geometry":{"type":"Point","coordinates":[4.966292,52.381746]},"properties":{"category":"bus_halte","name":"Liergouw","operator":""}},{"type":"Feature","geometry":{"type":"Point","coordinates":[4.966169,52.38192]},"properties":{"category":"bus_halte","name":"Liergouw","operator":""}},{"type":"Feature","geometry":{"type":"Point","coordinates":[4.939845,52.396674]},"properties":{"category":"bus_halte","name":"Olof Palmeplein","operator":""}},{"type":"Feature","geometry":{"type":"Point","coordinates":[4.948406,52.39005]},"properties":{"category":"bus_halte","name":"Purmerweg","operator":""}},{"type":"Feature","geometry":{"type":"Point","coordinates":[4.958354,52.385733]},"properties":{"category":"bus_halte","name":"Schellingwouderdijk 175","operator":""}},{"type":"Feature","geometry":{"type":"Point","coordinates":[4.958299,52.385823]},"properties":{"category":"bus_halte","name":"Schellingwouderdijk 175","operator":""}},{"type":"Feature","geometry":{"type":"Point","coordinates":[4.954032,52.386272]},"properties":{"category":"bus_halte","name":"Schellingwouderdijk 83","operator":""}},{"type":"Feature","geometry":{"type":"Point","coordinates":[4.953349,52.386359]},"properties":{"category":"bus_halte","name":"Schellingwouderdijk 83","operator":""}},{"type":"Feature","geometry":{"type":"Point","coordinates":[4.949611,52.387449]},"properties":{"category":"bus_halte","name":"Wognumerplantsoen","operator":""}},{"type":"Feature","geometry":{"type":"Point","coordinates":[4.949348,52.387574]},"properties":{"category":"bus_halte","name":"Wognumerplantsoen","operator":""}},{"type":"Feature","geometry":{"type":"Point","coordinates":[4.964995,52.409857]},"properties":{"category":"bus_halte","name":"'t Nopeind","operator":""}},{"type":"Feature","geometry":{"type":"Point","coordinates":[4.964556,52.409942]},"properties":{"category":"bus_halte","name":"'t Nopeind","operator":""}},{"type":"Feature","geometry":{"type":"Point","coordinates":[4.951896,52.397661]},"properties":{"category":"bus_halte","name":"Beemsterstraat","operator":""}},{"type":"Feature","geometry":{"type":"Point","coordinates":[5.025695,52.4133]},"properties":{"category":"bus_halte","name":"Bloemendalergouw 38","operator":""}},{"type":"Feature","geometry":{"type":"Point","coordinates":[5.006476,52.39618]},"properties":{"category":"bus_halte","name":"Bloemendalergouw 42","operator":""}},{"type":"Feature","geometry":{"type":"Point","coordinates":[5.004345,52.396379]},"properties":{"category":"bus_halte","name":"Bloemendalergouw 42","operator":""}},{"type":"Feature","geometry":{"type":"Point","coordinates":[5.008761,52.396031]},"properties":{"category":"bus_halte","name":"Bloemendalergouw 51","operator":""}},{"type":"Feature","geometry":{"type":"Point","coordinates":[5.008621,52.396074]},"properties":{"category":"bus_halte","name":"Bloemendalergouw 51","operator":""}},{"type":"Feature","geometry":{"type":"Point","coordinates":[5.018193,52.403371]},"properties":{"category":"bus_halte","name":"Bloemendalergouw 69","operator":""}},{"type":"Feature","geometry":{"type":"Point","coordinates":[5.017873,52.403202]},"properties":{"category":"bus_halte","name":"Bloemendalergouw 69","operator":""}},{"type":"Feature","geometry":{"type":"Point","coordinates":[4.957107,52.401329]},"properties":{"category":"bus_halte","name":"Buikslotermeerdijk","operator":""}},{"type":"Feature","geometry":{"type":"Point","coordinates":[4.95712,52.401405]},"properties":{"category":"bus_halte","name":"Buikslotermeerdijk","operator":""}},{"type":"Feature","geometry":{"type":"Point","coordinates":[4.964532,52.407298]},"properties":{"category":"bus_halte","name":"Kerklaan","operator":""}},{"type":"Feature","geometry":{"type":"Point","coordinates":[4.964389,52.407287]},"properties":{"category":"bus_halte","name":"Kerklaan","operator":""}},{"type":"Feature","geometry":{"type":"Point","coordinates":[5.010549,52.395998]},"properties":{"category":"bus_halte","name":"Kinselmeer","operator":""}},{"type":"Feature","geometry":{"type":"Point","coordinates":[5.010514,52.396076]},"properties":{"category":"bus_halte","name":"Kinselmeer","operator":""}},{"type":"Feature","geometry":{"type":"Point","coordinates":[4.952928,52.399208]},"properties":{"category":"bus_halte","name":"Markengouw","operator":""}},{"type":"Feature","geometry":{"type":"Point","coordinates":[4.953117,52.399186]},"properties":{"category":"bus_halte","name":"Markengouw","operator":""}},{"type":"Feature","geometry":{"type":"Point","coordinates":[4.99573,52.395854]},"properties":{"category":"bus_halte","name":"Nieuwe Gouw","operator":""}},{"type":"Feature","geometry":{"type":"Point","coordinates":[4.995623,52.395892]},"properties":{"category":"bus_halte","name":"Nieuwe Gouw","operator":""}},{"type":"Feature","geometry":{"type":"Point","coordinates":[4.962044,52.410037]},"properties":{"category":"bus_halte","name":"Zunderdorp","operator":""}},{"type":"Feature","geometry":{"type":"Point","coordinates":[4.960317,52.403334]},"properties":{"category":"bus_halte","name":"Zunderdorpergouw","operator":""}},{"type":"Feature","geometry":{"type":"Point","coordinates":[4.961479,52.404602]},"properties":{"category":"bus_halte","name":"Zunderdorpergouw","operator":""}},{"type":"Feature","geometry":{"type":"Point","coordinates":[4.937236,52.402247]},"properties":{"category":"bus_halte","name":"Bakkerswaal","operator":""}},{"type":"Feature","geometry":{"type":"Point","coordinates":[4.945227,52.394947]},"properties":{"category":"bus_halte","name":"Ilperveldstraat","operator":""}},{"type":"Feature","geometry":{"type":"Point","coordinates":[4.923031,52.388018]},"properties":{"category":"bus_halte","name":"Johan van Hasseltweg","operator":""}},{"type":"Feature","geometry":{"type":"Point","coordinates":[4.93421,52.394469]},"properties":{"category":"bus_halte","name":"Nieuwe Purmerweg","operator":""}},{"type":"Feature","geometry":{"type":"Point","coordinates":[4.902377,52.376845]},"properties":{"category":"bus_halte","name":"Prins Hendrikkade","operator":""}},{"type":"Feature","geometry":{"type":"Point","coordinates":[4.944295,52.401147]},"properties":{"category":"bus_halte","name":"Spelderholt","operator":""}},{"type":"Feature","geometry":{"type":"Point","coordinates":[4.957041,52.392734]},"properties":{"category":"bus_halte","name":"Volendammerweg","operator":""}},{"type":"Feature","geometry":{"type":"Point","coordinates":[4.925573,52.412253]},"properties":{"category":"bus_halte","name":"Masthof","operator":""}},{"type":"Feature","geometry":{"type":"Point","coordinates":[4.92254,52.413684]},"properties":{"category":"bus_halte","name":"Staghof","operator":""}},{"type":"Feature","geometry":{"type":"Point","coordinates":[4.898006,52.403208]},"properties":{"category":"bus_halte","name":"Atatürk","operator":""}},{"type":"Feature","geometry":{"type":"Point","coordinates":[4.918073,52.357052]},"properties":{"category":"bus_halte","name":"Beukenplein","operator":""}},{"type":"Feature","geometry":{"type":"Point","coordinates":[4.918099,52.357249]},"properties":{"category":"bus_halte","name":"Beukenplein","operator":""}},{"type":"Feature","geometry":{"type":"Point","coordinates":[4.884157,52.420316]},"properties":{"category":"bus_halte","name":"Bovenkruier","operator":""}},{"type":"Feature","geometry":{"type":"Point","coordinates":[4.9162,52.403733]},"properties":{"category":"bus_halte","name":"Fluitschipstraat","operator":""}},{"type":"Feature","geometry":{"type":"Point","coordinates":[4.959059,52.38966]},"properties":{"category":"bus_halte","name":"Hilversumstraat","operator":""}},{"type":"Feature","geometry":{"type":"Point","coordinates":[4.958897,52.390251]},"properties":{"category":"bus_halte","name":"Hilversumstraat","operator":""}},{"type":"Feature","geometry":{"type":"Point","coordinates":[4.923224,52.351146]},"properties":{"category":"bus_halte","name":"James Wattstraat","operator":""}},{"type":"Feature","geometry":{"type":"Point","coordinates":[4.922829,52.351533]},"properties":{"category":"bus_halte","name":"James Wattstraat","operator":""}},{"type":"Feature","geometry":{"type":"Point","coordinates":[4.920792,52.352962]},"properties":{"category":"bus_halte","name":"Krugerplein","operator":""}},{"type":"Feature","geometry":{"type":"Point","coordinates":[4.944527,52.398224]},"properties":{"category":"bus_halte","name":"Th. Weeversweg","operator":""}},{"type":"Feature","geometry":{"type":"Point","coordinates":[4.968311,52.387261]},"properties":{"category":"bus_halte","name":"Volkstuin","operator":""}},{"type":"Feature","geometry":{"type":"Point","coordinates":[4.968191,52.387127]},"properties":{"category":"bus_halte","name":"Volkstuin","operator":""}},{"type":"Feature","geometry":{"type":"Point","coordinates":[4.962409,52.371627]},"properties":{"category":"bus_halte","name":"Zuiderzeeweg","operator":""}},{"type":"Feature","geometry":{"type":"Point","coordinates":[4.96216,52.371395]},"properties":{"category":"bus_halte","name":"Zuiderzeeweg","operator":""}},{"type":"Feature","geometry":{"type":"Point","coordinates":[4.920733,52.353122]},"properties":{"category":"bus_halte","name":"Krugerplein","operator":""}},{"type":"Feature","geometry":{"type":"Point","coordinates":[4.970467,52.382887]},"properties":{"category":"bus_halte","name":"Liergouw","operator":""}},{"type":"Feature","geometry":{"type":"Point","coordinates":[4.970762,52.383335]},"properties":{"category":"bus_halte","name":"Liergouw","operator":""}},{"type":"Feature","geometry":{"type":"Point","coordinates":[4.886682,52.412299]},"properties":{"category":"bus_halte","name":"Maanstraat","operator":""}},{"type":"Feature","geometry":{"type":"Point","coordinates":[4.891631,52.410198]},"properties":{"category":"bus_halte","name":"Meteorensingel","operator":""}},{"type":"Feature","geometry":{"type":"Point","coordinates":[4.881072,52.414919]},"properties":{"category":"bus_halte","name":"Meteorenweg","operator":""}},{"type":"Feature","geometry":{"type":"Point","coordinates":[4.886371,52.421495]},"properties":{"category":"bus_halte","name":"Molenaarsweg","operator":""}},{"type":"Feature","geometry":{"type":"Point","coordinates":[4.887561,52.421476]},"properties":{"category":"bus_halte","name":"Molenaarsweg","operator":""}},{"type":"Feature","geometry":{"type":"Point","coordinates":[4.895477,52.408893]},"properties":{"category":"bus_halte","name":"Pomonastraat","operator":""}},{"type":"Feature","geometry":{"type":"Point","coordinates":[4.944358,52.398269]},"properties":{"category":"bus_halte","name":"Th. Weeversweg","operator":""}},{"type":"Feature","geometry":{"type":"Point","coordinates":[4.906335,52.398178]},"properties":{"category":"bus_halte","name":"Klaprozenweg","operator":""}},{"type":"Feature","geometry":{"type":"Point","coordinates":[4.906131,52.398992]},"properties":{"category":"bus_halte","name":"Floraweg","operator":""}},{"type":"Feature","geometry":{"type":"Point","coordinates":[4.91415,52.384482]},"properties":{"category":"bus_halte","name":"Spreeuwenpark","operator":""}},{"type":"Feature","geometry":{"type":"Point","coordinates":[4.914257,52.385178]},"properties":{"category":"bus_halte","name":"Spreeuwenpark","operator":""}},{"type":"Feature","geometry":{"type":"Point","coordinates":[4.913656,52.383025]},"properties":{"category":"bus_halte","name":"Valkenweg","operator":""}},{"type":"Feature","geometry":{"type":"Point","coordinates":[4.91324,52.383117]},"properties":{"category":"bus_halte","name":"Valkenweg","operator":""}},{"type":"Feature","geometry":{"type":"Point","coordinates":[4.895408,52.410248]},"properties":{"category":"bus_halte","name":"Ananasplein","operator":""}},{"type":"Feature","geometry":{"type":"Point","coordinates":[4.896084,52.410629]},"properties":{"category":"bus_halte","name":"Ananasplein","operator":""}},{"type":"Feature","geometry":{"type":"Point","coordinates":[4.895454,52.415801]},"properties":{"category":"bus_halte","name":"Appelweg","operator":""}},{"type":"Feature","geometry":{"type":"Point","coordinates":[4.902302,52.394235]},"properties":{"category":"bus_halte","name":"Distelweg","operator":""}},{"type":"Feature","geometry":{"type":"Point","coordinates":[4.902694,52.394397]},"properties":{"category":"bus_halte","name":"Distelweg","operator":""}},{"type":"Feature","geometry":{"type":"Point","coordinates":[4.898012,52.412297]},"properties":{"category":"bus_halte","name":"Druivenstraat","operator":""}},{"type":"Feature","geometry":{"type":"Point","coordinates":[4.898755,52.412743]},"properties":{"category":"bus_halte","name":"Druivenstraat","operator":""}},{"type":"Feature","geometry":{"type":"Point","coordinates":[4.938873,52.347063]},"properties":{"category":"bus_halte","name":"Kruislaan","operator":""}},{"type":"Feature","geometry":{"type":"Point","coordinates":[4.942734,52.34921]},"properties":{"category":"bus_halte","name":"Linnaeusparkweg","operator":""}},{"type":"Feature","geometry":{"type":"Point","coordinates":[4.95411,52.356073]},"properties":{"category":"bus_halte","name":"Science Park Aqua","operator":""}},{"type":"Feature","geometry":{"type":"Point","coordinates":[4.948002,52.352352]},"properties":{"category":"bus_halte","name":"Station Science Park","operator":""}},{"type":"Feature","geometry":{"type":"Point","coordinates":[4.940684,52.358862]},"properties":{"category":"bus_halte","name":"Valentijnkade","operator":""}},{"type":"Feature","geometry":{"type":"Point","coordinates":[4.96308,52.299102]},"properties":{"category":"bus_halte","name":"Holendrechtplein","operator":""}},{"type":"Feature","geometry":{"type":"Point","coordinates":[4.964049,52.299541]},"properties":{"category":"bus_halte","name":"Holendrechtplein","operator":""}},{"type":"Feature","geometry":{"type":"Point","coordinates":[4.960697,52.306666]},"properties":{"category":"bus_halte","name":"Huigenbos","operator":""}},{"type":"Feature","geometry":{"type":"Point","coordinates":[4.960911,52.306871]},"properties":{"category":"bus_halte","name":"Huigenbos","operator":""}},{"type":"Feature","geometry":{"type":"Point","coordinates":[4.971458,52.313601]},"properties":{"category":"bus_halte","name":"Kelbergen","operator":""}},{"type":"Feature","geometry":{"type":"Point","coordinates":[4.965554,52.301794]},"properties":{"category":"bus_halte","name":"Maasdrielhof","operator":""}},{"type":"Feature","geometry":{"type":"Point","coordinates":[4.964811,52.302194]},"properties":{"category":"bus_halte","name":"Maasdrielhof","operator":""}},{"type":"Feature","geometry":{"type":"Point","coordinates":[4.98915,52.296241]},"properties":{"category":"bus_halte","name":"Station Gein","operator":""}},{"type":"Feature","geometry":{"type":"Point","coordinates":[4.989349,52.296497]},"properties":{"category":"bus_halte","name":"Station Gein","operator":""}},{"type":"Feature","geometry":{"type":"Point","coordinates":[4.973683,52.296341]},"properties":{"category":"bus_halte","name":"Reigersbos","operator":""}},{"type":"Feature","geometry":{"type":"Point","coordinates":[4.973537,52.297372]},"properties":{"category":"bus_halte","name":"Station Reigersbos","operator":""}},{"type":"Feature","geometry":{"type":"Point","coordinates":[4.980823,52.30145]},"properties":{"category":"bus_halte","name":"Veenendaalplein","operator":""}},{"type":"Feature","geometry":{"type":"Point","coordinates":[4.980454,52.301582]},"properties":{"category":"bus_halte","name":"Veenendaalplein","operator":""}},{"type":"Feature","geometry":{"type":"Point","coordinates":[4.986017,52.292787]},"properties":{"category":"bus_halte","name":"Staverdenplein","operator":""}},{"type":"Feature","geometry":{"type":"Point","coordinates":[4.985847,52.292921]},"properties":{"category":"bus_halte","name":"Staverdenplein","operator":""}},{"type":"Feature","geometry":{"type":"Point","coordinates":[4.985779,52.301469]},"properties":{"category":"bus_halte","name":"Wamelstraat","operator":""}},{"type":"Feature","geometry":{"type":"Point","coordinates":[4.985581,52.301583]},"properties":{"category":"bus_halte","name":"Wamelstraat","operator":""}},{"type":"Feature","geometry":{"type":"Point","coordinates":[4.988833,52.29423]},"properties":{"category":"bus_halte","name":"Woudrichemstraat","operator":""}},{"type":"Feature","geometry":{"type":"Point","coordinates":[4.989107,52.294334]},"properties":{"category":"bus_halte","name":"Woudrichemstraat","operator":""}},{"type":"Feature","geometry":{"type":"Point","coordinates":[4.989106,52.298613]},"properties":{"category":"bus_halte","name":"W. Gertenbachstraat","operator":""}},{"type":"Feature","geometry":{"type":"Point","coordinates":[4.989352,52.298739]},"properties":{"category":"bus_halte","name":"W. Gertenbachstraat","operator":""}},{"type":"Feature","geometry":{"type":"Point","coordinates":[4.969312,52.319959]},"properties":{"category":"bus_halte","name":"Gooioord","operator":""}},{"type":"Feature","geometry":{"type":"Point","coordinates":[4.969081,52.320492]},"properties":{"category":"bus_halte","name":"Gooioord","operator":""}},{"type":"Feature","geometry":{"type":"Point","coordinates":[4.97265,52.316218]},"properties":{"category":"bus_halte","name":"Kikkenstein","operator":""}},{"type":"Feature","geometry":{"type":"Point","coordinates":[4.97245,52.316791]},"properties":{"category":"bus_halte","name":"Kikkenstein","operator":""}},{"type":"Feature","geometry":{"type":"Point","coordinates":[4.975235,52.305411]},"properties":{"category":"bus_halte","name":"Leerdamhof","operator":""}},{"type":"Feature","geometry":{"type":"Point","coordinates":[4.97402,52.307356]},"properties":{"category":"bus_halte","name":"Leerdamhof","operator":""}},{"type":"Feature","geometry":{"type":"Point","coordinates":[4.978538,52.309801]},"properties":{"category":"bus_halte","name":"Leusdenhof","operator":""}},{"type":"Feature","geometry":{"type":"Point","coordinates":[4.978252,52.309886]},"properties":{"category":"bus_halte","name":"Leusdenhof","operator":""}},{"type":"Feature","geometry":{"type":"Point","coordinates":[4.981604,52.29263]},"properties":{"category":"bus_halte","name":"Schaarsbergenstraat","operator":""}},{"type":"Feature","geometry":{"type":"Point","coordinates":[4.981334,52.292775]},"properties":{"category":"bus_halte","name":"Schaarsbergenstraat","operator":""}},{"type":"Feature","geometry":{"type":"Point","coordinates":[4.977342,52.292751]},"properties":{"category":"bus_halte","name":"Scherpenzeelstraat","operator":""}},{"type":"Feature","geometry":{"type":"Point","coordinates":[4.97727,52.292893]},"properties":{"category":"bus_halte","name":"Scherpenzeelstraat","operator":""}},{"type":"Feature","geometry":{"type":"Point","coordinates":[4.974461,52.293834]},"properties":{"category":"bus_halte","name":"Schoonhovendreef","operator":""}},{"type":"Feature","geometry":{"type":"Point","coordinates":[4.974686,52.294013]},"properties":{"category":"bus_halte","name":"Schoonhovendreef","operator":""}},{"type":"Feature","geometry":{"type":"Point","coordinates":[4.993005,52.314824]},"properties":{"category":"bus_halte","name":"Gaasp","operator":""}},{"type":"Feature","geometry":{"type":"Point","coordinates":[4.951417,52.311074]},"properties":{"category":"bus_halte","name":"Haardstee","operator":""}},{"type":"Feature","geometry":{"type":"Point","coordinates":[4.955756,52.307951]},"properties":{"category":"bus_halte","name":"Hakfort","operator":""}},{"type":"Feature","geometry":{"type":"Point","coordinates":[4.955458,52.308083]},"properties":{"category":"bus_halte","name":"Hakfort","operator":""}},{"type":"Feature","geometry":{"type":"Point","coordinates":[4.800776,52.367946]},"properties":{"category":"bus_halte","name":"Herman Bonpad","operator":""}},{"type":"Feature","geometry":{"type":"Point","coordinates":[4.800658,52.368941]},"properties":{"category":"bus_halte","name":"Herman Bonpad","operator":""}},{"type":"Feature","geometry":{"type":"Point","coordinates":[4.80952,52.353547]},"properties":{"category":"bus_halte","name":"Louis Davidsstraat","operator":""}},{"type":"Feature","geometry":{"type":"Point","coordinates":[4.809593,52.353803]},"properties":{"category":"bus_halte","name":"Louis Davidsstraat","operator":""}},{"type":"Feature","geometry":{"type":"Point","coordinates":[4.821868,52.387827]},"properties":{"category":"bus_halte","name":"Naritaweg","operator":""}},{"type":"Feature","geometry":{"type":"Point","coordinates":[4.821086,52.387916]},"properties":{"category":"bus_halte","name":"Naritaweg","operator":""}},{"type":"Feature","geometry":{"type":"Point","coordinates":[4.828473,52.38787]},"properties":{"category":"bus_halte","name":"Plesostraat","operator":""}},{"type":"Feature","geometry":{"type":"Point","coordinates":[4.826495,52.387961]},"properties":{"category":"bus_halte","name":"Plesostraat","operator":""}},{"type":"Feature","geometry":{"type":"Point","coordinates":[5.002732,52.309911]},"properties":{"category":"bus_halte","name":"Reigersbroeck","operator":""}},{"type":"Feature","geometry":{"type":"Point","coordinates":[5.000412,52.311028]},"properties":{"category":"bus_halte","name":"Reigersbroeck","operator":""}},{"type":"Feature","geometry":{"type":"Point","coordinates":[4.801412,52.374738]},"properties":{"category":"bus_halte","name":"Troelstralaan","operator":""}},{"type":"Feature","geometry":{"type":"Point","coordinates":[4.802038,52.37494]},"properties":{"category":"bus_halte","name":"Troelstralaan","operator":""}},{"type":"Feature","geometry":{"type":"Point","coordinates":[4.805842,52.362622]},"properties":{"category":"bus_halte","name":"Osdorper ban","operator":""}},{"type":"Feature","geometry":{"type":"Point","coordinates":[4.805382,52.363837]},"properties":{"category":"bus_halte","name":"Osdorper ban","operator":""}},{"type":"Feature","geometry":{"type":"Point","coordinates":[4.800246,52.370847]},"properties":{"category":"bus_halte","name":"Willinklaan","operator":""}},{"type":"Feature","geometry":{"type":"Point","coordinates":[4.800482,52.3711]},"properties":{"category":"bus_halte","name":"Willinklaan","operator":""}},{"type":"Feature","geometry":{"type":"Point","coordinates":[5.035608,52.30657]},"properties":{"category":"bus_halte","name":"Van Houten Industriepark","operator":""}},{"type":"Feature","geometry":{"type":"Point","coordinates":[4.889719,52.331745]},"properties":{"category":"bus_halte","name":"Amstelpark","operator":""}},{"type":"Feature","geometry":{"type":"Point","coordinates":[4.890216,52.33174]},"properties":{"category":"bus_halte","name":"Amstelpark","operator":""}},{"type":"Feature","geometry":{"type":"Point","coordinates":[4.889706,52.33401]},"properties":{"category":"bus_halte","name":"Europaboulevard","operator":""}},{"type":"Feature","geometry":{"type":"Point","coordinates":[4.890146,52.335062]},"properties":{"category":"bus_halte","name":"Europaboulevard","operator":""}},{"type":"Feature","geometry":{"type":"Point","coordinates":[4.89037,52.325857]},"properties":{"category":"bus_halte","name":"Nieuw Herlaer","operator":""}},{"type":"Feature","geometry":{"type":"Point","coordinates":[4.889828,52.325975]},"properties":{"category":"bus_halte","name":"Nieuw Herlaer","operator":""}},{"type":"Feature","geometry":{"type":"Point","coordinates":[4.901684,52.34098]},"properties":{"category":"bus_halte","name":"President Kennedylaan","operator":""}},{"type":"Feature","geometry":{"type":"Point","coordinates":[4.883351,52.324819]},"properties":{"category":"bus_halte","name":"Van Heenvlietlaan","operator":""}},{"type":"Feature","geometry":{"type":"Point","coordinates":[4.882048,52.324944]},"properties":{"category":"bus_halte","name":"Van Heenvlietlaan","operator":""}},{"type":"Feature","geometry":{"type":"Point","coordinates":[4.779937,52.358982]},"properties":{"category":"bus_halte","name":"Griendstraat","operator":""}},{"type":"Feature","geometry":{"type":"Point","coordinates":[4.783064,52.361562]},"properties":{"category":"bus_halte","name":"Jan Rebelstraat","operator":""}},{"type":"Feature","geometry":{"type":"Point","coordinates":[4.784282,52.361949]},"properties":{"category":"bus_halte","name":"Jan Rebelstraat","operator":""}},{"type":"Feature","geometry":{"type":"Point","coordinates":[4.7751,52.355002]},"properties":{"category":"bus_halte","name":"Matterhorn","operator":""}},{"type":"Feature","geometry":{"type":"Point","coordinates":[4.930239,52.348025]},"properties":{"category":"bus_halte","name":"Maxwellstraat","operator":""}},{"type":"Feature","geometry":{"type":"Point","coordinates":[4.815373,52.355117]},"properties":{"category":"bus_halte","name":"Piet Wiedijkstraat","operator":""}},{"type":"Feature","geometry":{"type":"Point","coordinates":[4.81528,52.355249]},"properties":{"category":"bus_halte","name":"Piet Wiedijkstraat","operator":""}},{"type":"Feature","geometry":{"type":"Point","coordinates":[4.939501,52.35337]},"properties":{"category":"bus_halte","name":"Radioweg","operator":""}},{"type":"Feature","geometry":{"type":"Point","coordinates":[4.939772,52.35365]},"properties":{"category":"bus_halte","name":"Radioweg","operator":""}},{"type":"Feature","geometry":{"type":"Point","coordinates":[4.794289,52.361011]},"properties":{"category":"bus_halte","name":"Reimerswaalstraat","operator":""}},{"type":"Feature","geometry":{"type":"Point","coordinates":[4.881905,52.348214]},"properties":{"category":"bus_halte","name":"Apollolaan","operator":""}},{"type":"Feature","geometry":{"type":"Point","coordinates":[4.882304,52.348215]},"properties":{"category":"bus_halte","name":"Apollolaan","operator":""}},{"type":"Feature","geometry":{"type":"Point","coordinates":[4.939766,52.355586]},"properties":{"category":"bus_halte","name":"Archimedesweg","operator":""}},{"type":"Feature","geometry":{"type":"Point","coordinates":[4.939716,52.355745]},"properties":{"category":"bus_halte","name":"Archimedesweg","operator":""}},{"type":"Feature","geometry":{"type":"Point","coordinates":[4.787674,52.3623]},"properties":{"category":"bus_halte","name":"Baden Powellweg","operator":""}},{"type":"Feature","geometry":{"type":"Point","coordinates":[4.787884,52.362447]},"properties":{"category":"bus_halte","name":"Baden Powellweg","operator":""}},{"type":"Feature","geometry":{"type":"Point","coordinates":[4.878222,52.347003]},"properties":{"category":"bus_halte","name":"Beethovenstraat","operator":""}},{"type":"Feature","geometry":{"type":"Point","coordinates":[4.799621,52.361983]},"properties":{"category":"bus_halte","name":"Bullepad","operator":""}},{"type":"Feature","geometry":{"type":"Point","coordinates":[4.799518,52.362063]},"properties":{"category":"bus_halte","name":"Bullepad","operator":""}},{"type":"Feature","geometry":{"type":"Point","coordinates":[4.779449,52.358332]},"properties":{"category":"bus_halte","name":"Griendstraat","operator":""}},{"type":"Feature","geometry":{"type":"Point","coordinates":[4.795716,52.361156]},"properties":{"category":"bus_halte","name":"Reimerswaalstraat","operator":""}},{"type":"Feature","geometry":{"type":"Point","coordinates":[4.890835,52.343608]},"properties":{"category":"bus_halte","name":"Scheldeplein","operator":""}},{"type":"Feature","geometry":{"type":"Point","coordinates":[4.890858,52.344448]},"properties":{"category":"bus_halte","name":"Scheldeplein","operator":""}},{"type":"Feature","geometry":{"type":"Point","coordinates":[4.889603,52.346964]},"properties":{"category":"bus_halte","name":"Scheldestraat","operator":""}},{"type":"Feature","geometry":{"type":"Point","coordinates":[4.88965,52.347431]},"properties":{"category":"bus_halte","name":"Scheldestraat","operator":""}},{"type":"Feature","geometry":{"type":"Point","coordinates":[4.822907,52.356121]},"properties":{"category":"bus_halte","name":"Louis Bouwmeesterstraat","operator":""}},{"type":"Feature","geometry":{"type":"Point","coordinates":[4.822045,52.356226]},"properties":{"category":"bus_halte","name":"Louis Bouwmeesterstraat","operator":""}},{"type":"Feature","geometry":{"type":"Point","coordinates":[4.821351,52.356447]},"properties":{"category":"bus_halte","name":"Van Mourik Broekmanstraat","operator":""}},{"type":"Feature","geometry":{"type":"Point","coordinates":[4.82151,52.356586]},"properties":{"category":"bus_halte","name":"Van Mourik Broekmanstraat","operator":""}},{"type":"Feature","geometry":{"type":"Point","coordinates":[4.781185,52.359899]},"properties":{"category":"bus_halte","name":"Zuidermolenweg","operator":""}},{"type":"Feature","geometry":{"type":"Point","coordinates":[4.811773,52.374475]},"properties":{"category":"bus_halte","name":"Confuciusplein","operator":""}},{"type":"Feature","geometry":{"type":"Point","coordinates":[4.812066,52.374574]},"properties":{"category":"bus_halte","name":"Confuciusplein","operator":""}},{"type":"Feature","geometry":{"type":"Point","coordinates":[4.805551,52.374771]},"properties":{"category":"bus_halte","name":"Doctor H. Colijnstraat","operator":""}},{"type":"Feature","geometry":{"type":"Point","coordinates":[4.78091,52.391765]},"properties":{"category":"bus_halte","name":"Abberdaan","operator":""}},{"type":"Feature","geometry":{"type":"Point","coordinates":[4.788617,52.391785]},"properties":{"category":"bus_halte","name":"Bolstoen","operator":""}},{"type":"Feature","geometry":{"type":"Point","coordinates":[4.79329,52.395752]},"properties":{"category":"bus_halte","name":"Bornhout","operator":""}},{"type":"Feature","geometry":{"type":"Point","coordinates":[4.794635,52.396252]},"properties":{"category":"bus_halte","name":"Bornhout","operator":""}},{"type":"Feature","geometry":{"type":"Point","coordinates":[4.787331,52.395745]},"properties":{"category":"bus_halte","name":"Herwijk","operator":""}},{"type":"Feature","geometry":{"type":"Point","coordinates":[4.790464,52.39092]},"properties":{"category":"bus_halte","name":"Jarmuiden","operator":""}},{"type":"Feature","geometry":{"type":"Point","coordinates":[4.785005,52.391774]},"properties":{"category":"bus_halte","name":"Pleimuiden","operator":""}},{"type":"Feature","geometry":{"type":"Point","coordinates":[4.779685,52.39573]},"properties":{"category":"bus_halte","name":"Scharenburg","operator":""}},{"type":"Feature","geometry":{"type":"Point","coordinates":[4.794259,52.396973]},"properties":{"category":"bus_halte","name":"Westpoortweg","operator":""}},{"type":"Feature","geometry":{"type":"Point","coordinates":[4.904502,52.368765]},"properties":{"category":"bus_halte","name":"Waterlooplein","operator":""}},{"type":"Feature","geometry":{"type":"Point","coordinates":[4.907609,52.361453]},"properties":{"category":"bus_halte","name":"Weesperplein","operator":""}},{"type":"Feature","geometry":{"type":"Point","coordinates":[4.806408,52.366773]},"properties":{"category":"bus_halte","name":"Doktor Meurerlaan","operator":""}},{"type":"Feature","geometry":{"type":"Point","coordinates":[5.028686,52.310291]},"properties":{"category":"bus_halte","name":"Sinnigvelderstraat","operator":""}},{"type":"Feature","geometry":{"type":"Point","coordinates":[5.032915,52.310278]},"properties":{"category":"bus_halte","name":"Winkelcentrum","operator":""}},{"type":"Feature","geometry":{"type":"Point","coordinates":[4.813147,52.376123]},"properties":{"category":"bus_halte","name":"Burgemeester Van Leeuwenlaan","operator":""}},{"type":"Feature","geometry":{"type":"Point","coordinates":[4.836501,52.372821]},"properties":{"category":"bus_halte","name":"Jan van Galenstraat","operator":""}},{"type":"Feature","geometry":{"type":"Point","coordinates":[4.781521,52.349859]},"properties":{"category":"bus_halte","name":"Allenstraat","operator":""}},{"type":"Feature","geometry":{"type":"Point","coordinates":[4.791685,52.35661]},"properties":{"category":"bus_halte","name":"Baden Powellweg","operator":""}},{"type":"Feature","geometry":{"type":"Point","coordinates":[4.787161,52.349237]},"properties":{"category":"bus_halte","name":"Ecuplein","operator":""}},{"type":"Feature","geometry":{"type":"Point","coordinates":[4.835728,52.364006]},"properties":{"category":"bus_halte","name":"Jan Tooropstraat","operator":""}},{"type":"Feature","geometry":{"type":"Point","coordinates":[4.835354,52.364129]},"properties":{"category":"bus_halte","name":"Jan Tooropstraat","operator":""}},{"type":"Feature","geometry":{"type":"Point","coordinates":[4.773754,52.353]},"properties":{"category":"bus_halte","name":"La Meye","operator":""}},{"type":"Feature","geometry":{"type":"Point","coordinates":[4.776816,52.351754]},"properties":{"category":"bus_halte","name":"Presanella","operator":""}},{"type":"Feature","geometry":{"type":"Point","coordinates":[4.797553,52.356924]},"properties":{"category":"bus_halte","name":"Wolbrantskerkweg","operator":""}},{"type":"Feature","geometry":{"type":"Point","coordinates":[4.881759,52.327874]},"properties":{"category":"bus_halte","name":"Bouvigne","operator":""}},{"type":"Feature","geometry":{"type":"Point","coordinates":[4.958642,52.312514]},"properties":{"category":"bus_halte","name":"Hofgeest","operator":""}},{"type":"Feature","geometry":{"type":"Point","coordinates":[4.957544,52.313358]},"properties":{"category":"bus_halte","name":"Hofgeest","operator":""}},{"type":"Feature","geometry":{"type":"Point","coordinates":[4.918059,52.348664]},"properties":{"category":"bus_halte","name":"Prins Bernhardplein","operator":""}},{"type":"Feature","geometry":{"type":"Point","coordinates":[4.917772,52.34924]},"properties":{"category":"bus_halte","name":"Prins Bernhardplein","operator":""}},{"type":"Feature","geometry":{"type":"Point","coordinates":[4.920067,52.340157]},"properties":{"category":"bus_halte","name":"Station Spaklerweg","operator":""}},{"type":"Feature","geometry":{"type":"Point","coordinates":[4.835346,52.351416]},"properties":{"category":"bus_halte","name":"Heemstedestraat","operator":""}},{"type":"Feature","geometry":{"type":"Point","coordinates":[4.831012,52.35155]},"properties":{"category":"bus_halte","name":"Jacques Veltmanstraat","operator":""}},{"type":"Feature","geometry":{"type":"Point","coordinates":[4.981342,52.362589]},"properties":{"category":"bus_halte","name":"Steigereiland","operator":""}},{"type":"Feature","geometry":{"type":"Point","coordinates":[4.97993,52.36354]},"properties":{"category":"bus_halte","name":"Steigereiland","operator":""}},{"type":"Feature","geometry":{"type":"Point","coordinates":[4.874896,52.397732]},"properties":{"category":"bus_halte","name":"Koivistokade","operator":""}},{"type":"Feature","geometry":{"type":"Point","coordinates":[4.799698,52.35297]},"properties":{"category":"bus_halte","name":"Koos Vorrinkweg","operator":""}},{"type":"Feature","geometry":{"type":"Point","coordinates":[4.967748,52.369702]},"properties":{"category":"bus_halte","name":"Bob Haarmslaan","operator":""}},{"type":"Feature","geometry":{"type":"Point","coordinates":[4.827417,52.354869]},"properties":{"category":"bus_halte","name":"Sierplein","operator":"GVB"}},{"type":"Feature","geometry":{"type":"Point","coordinates":[4.938917,52.399937]},"properties":{"category":"bus_halte","name":"Buikslotermeerplein","operator":""}},{"type":"Feature","geometry":{"type":"Point","coordinates":[4.81666,52.346401]},"properties":{"category":"bus_halte","name":"Antwerpenbaan","operator":""}},{"type":"Feature","geometry":{"type":"Point","coordinates":[4.81669,52.346234]},"properties":{"category":"bus_halte","name":"Antwerpenbaan","operator":""}},{"type":"Feature","geometry":{"type":"Point","coordinates":[4.833077,52.345794]},"properties":{"category":"bus_halte","name":"Henk Sneevlietweg","operator":""}},{"type":"Feature","geometry":{"type":"Point","coordinates":[4.946426,52.310353]},"properties":{"category":"bus_halte","name":"Station Bijlmer ArenA","operator":""}},{"type":"Feature","geometry":{"type":"Point","coordinates":[4.824365,52.340456]},"properties":{"category":"bus_halte","name":"John M. Keynesplein","operator":""}},{"type":"Feature","geometry":{"type":"Point","coordinates":[4.824919,52.341588]},"properties":{"category":"bus_halte","name":"Artemis","operator":""}},{"type":"Feature","geometry":{"type":"Point","coordinates":[4.821709,52.339696]},"properties":{"category":"bus_halte","name":"Adam Smithplein","operator":""}},{"type":"Feature","geometry":{"type":"Point","coordinates":[4.82157,52.339683]},"properties":{"category":"bus_halte","name":"Adam Smithplein","operator":""}},{"type":"Feature","geometry":{"type":"Point","coordinates":[4.929009,52.403728]},"properties":{"category":"bus_halte","name":"G.J. Scheurleerweg","operator":""}},{"type":"Feature","geometry":{"type":"Point","coordinates":[4.838774,52.388419]},"properties":{"category":"bus_halte","name":"Station Sloterdijk","operator":""}},{"type":"Feature","geometry":{"type":"Point","coordinates":[4.838749,52.38835]},"properties":{"category":"bus_halte","name":"Station Sloterdijk","operator":""}},{"type":"Feature","geometry":{"type":"Point","coordinates":[4.838763,52.38824]},"properties":{"category":"bus_halte","name":"Station Sloterdijk","operator":""}},{"type":"Feature","geometry":{"type":"Point","coordinates":[4.838803,52.38794]},"properties":{"category":"bus_halte","name":"Station Sloterdijk","operator":""}},{"type":"Feature","geometry":{"type":"Point","coordinates":[4.838817,52.387825]},"properties":{"category":"bus_halte","name":"Station Sloterdijk","operator":""}},{"type":"Feature","geometry":{"type":"Point","coordinates":[4.886494,52.360236]},"properties":{"category":"bus_halte","name":"Ruysdaelkade","operator":""}},{"type":"Feature","geometry":{"type":"Point","coordinates":[4.857324,52.34889]},"properties":{"category":"bus_halte","name":"Haarlemmermeerstation","operator":""}},{"type":"Feature","geometry":{"type":"Point","coordinates":[4.857291,52.349087]},"properties":{"category":"bus_halte","name":"Haarlemmermeerstation","operator":""}},{"type":"Feature","geometry":{"type":"Point","coordinates":[4.857375,52.349054]},"properties":{"category":"bus_halte","name":"Haarlemmermeerstation","operator":""}},{"type":"Feature","geometry":{"type":"Point","coordinates":[4.85767,52.349218]},"properties":{"category":"bus_halte","name":"Haarlemmermeerstation","operator":""}},{"type":"Feature","geometry":{"type":"Point","coordinates":[5.007525,52.351836]},"properties":{"category":"bus_halte","name":"Pieter Oosterhuisstraat","operator":""}},{"type":"Feature","geometry":{"type":"Point","coordinates":[5.007262,52.352061]},"properties":{"category":"bus_halte","name":"Pieter Oosterhuisstraat","operator":""}},{"type":"Feature","geometry":{"type":"Point","coordinates":[4.954115,52.31604]},"properties":{"category":"bus_halte","name":"Anton de Komplein","operator":""}},{"type":"Feature","geometry":{"type":"Point","coordinates":[4.882998,52.345049]},"properties":{"category":"bus_halte","name":"Guido Gezellestraat","operator":""}},{"type":"Feature","geometry":{"type":"Point","coordinates":[4.882636,52.345073]},"properties":{"category":"bus_halte","name":"Guido Gezellestraat","operator":""}},{"type":"Feature","geometry":{"type":"Point","coordinates":[4.800745,52.375459]},"properties":{"category":"bus_halte","name":"De Savornin Lohmanstraat","operator":""}},{"type":"Feature","geometry":{"type":"Point","coordinates":[4.800976,52.375205]},"properties":{"category":"bus_halte","name":"Nolensstraat","operator":""}},{"type":"Feature","geometry":{"type":"Point","coordinates":[4.798036,52.379719]},"properties":{"category":"bus_halte","name":"Sam van Houtenstraat","operator":""}},{"type":"Feature","geometry":{"type":"Point","coordinates":[4.879199,52.331853]},"properties":{"category":"bus_halte","name":"Gelderlandplein NO","operator":""}},{"type":"Feature","geometry":{"type":"Point","coordinates":[4.836409,52.38932]},"properties":{"category":"bus_halte","name":"Station Sloterdijk","operator":""}},{"type":"Feature","geometry":{"type":"Point","coordinates":[4.840345,52.391486]},"properties":{"category":"bus_halte","name":"La Guardiaweg","operator":""}},{"type":"Feature","geometry":{"type":"Point","coordinates":[5.043875,52.311448]},"properties":{"category":"bus_halte","name":"Station","operator":""}},{"type":"Feature","geometry":{"type":"Point","coordinates":[5.043824,52.311475]},"properties":{"category":"bus_halte","name":"Station","operator":""}},{"type":"Feature","geometry":{"type":"Point","coordinates":[5.043761,52.311506]},"properties":{"category":"bus_halte","name":"Station","operator":""}},{"type":"Feature","geometry":{"type":"Point","coordinates":[4.928931,52.360945]},"properties":{"category":"bus_halte","name":"Dapperstraat","operator":""}},{"type":"Feature","geometry":{"type":"Point","coordinates":[4.940171,52.361743]},"properties":{"category":"bus_halte","name":"Molukkenstraat","operator":""}},{"type":"Feature","geometry":{"type":"Point","coordinates":[4.944092,52.362294]},"properties":{"category":"bus_halte","name":"Soembawastraat","operator":""}},{"type":"Feature","geometry":{"type":"Point","coordinates":[4.947498,52.364792]},"properties":{"category":"bus_halte","name":"Insulindeweg","operator":""}},{"type":"Feature","geometry":{"type":"Point","coordinates":[4.937307,52.397699]},"properties":{"category":"bus_halte","name":"Winkelcentrum","operator":""}},{"type":"Feature","geometry":{"type":"Point","coordinates":[4.911788,52.402608]},"properties":{"category":"bus_halte","name":"Barkpad","operator":""}},{"type":"Feature","geometry":{"type":"Point","coordinates":[4.940155,52.39686]},"properties":{"category":"bus_halte","name":"Olof Palmeplein","operator":""}},{"type":"Feature","geometry":{"type":"Point","coordinates":[4.928649,52.348048]},"properties":{"category":"bus_halte","name":"Maxwellstraat","operator":""}},{"type":"Feature","geometry":{"type":"Point","coordinates":[4.911417,52.402703]},"properties":{"category":"bus_halte","name":"Barkpad","operator":""}},{"type":"Feature","geometry":{"type":"Point","coordinates":[4.94789,52.364933]},"properties":{"category":"bus_halte","name":"Insulindeweg","operator":""}},{"type":"Feature","geometry":{"type":"Point","coordinates":[4.943398,52.362125]},"properties":{"category":"bus_halte","name":"Soembawastraat","operator":""}},{"type":"Feature","geometry":{"type":"Point","coordinates":[4.929772,52.361081]},"properties":{"category":"bus_halte","name":"Dapperstraat","operator":""}},{"type":"Feature","geometry":{"type":"Point","coordinates":[4.924923,52.359896]},"properties":{"category":"bus_halte","name":"Linnaeusstraat","operator":""}},{"type":"Feature","geometry":{"type":"Point","coordinates":[4.9255,52.359802]},"properties":{"category":"bus_halte","name":"Wijttenbachstraat","operator":""}},{"type":"Feature","geometry":{"type":"Point","coordinates":[4.927255,52.357015]},"properties":{"category":"bus_halte","name":"Oostpoort","operator":""}},{"type":"Feature","geometry":{"type":"Point","coordinates":[4.930896,52.35358]},"properties":{"category":"bus_halte","name":"Hogeweg","operator":""}},{"type":"Feature","geometry":{"type":"Point","coordinates":[4.935427,52.350741]},"properties":{"category":"bus_halte","name":"Hugo de Vrieslaan","operator":""}},{"type":"Feature","geometry":{"type":"Point","coordinates":[4.931794,52.398054]},"properties":{"category":"bus_halte","name":"Het Breed","operator":""}},{"type":"Feature","geometry":{"type":"Point","coordinates":[4.938833,52.361558]},"properties":{"category":"bus_halte","name":"Molukkenstraat","operator":""}},{"type":"Feature","geometry":{"type":"Point","coordinates":[4.905023,52.388492]},"properties":{"category":"bus_halte","name":"Grasweg","operator":""}},{"type":"Feature","geometry":{"type":"Point","coordinates":[4.905147,52.388665]},"properties":{"category":"bus_halte","name":"Grasweg","operator":""}},{"type":"Feature","geometry":{"type":"Point","coordinates":[4.985205,52.311113]},"properties":{"category":"bus_halte","name":"Gaasperplasstation","operator":""}},{"type":"Feature","geometry":{"type":"Point","coordinates":[4.926876,52.35743]},"properties":{"category":"bus_halte","name":"Oostpoort","operator":""}},{"type":"Feature","geometry":{"type":"Point","coordinates":[4.925689,52.36013]},"properties":{"category":"bus_halte","name":"Linnaeusstraat","operator":""}},{"type":"Feature","geometry":{"type":"Point","coordinates":[4.87402,52.394698]},"properties":{"category":"bus_halte","name":"Haparandaweg","operator":""}},{"type":"Feature","geometry":{"type":"Point","coordinates":[4.873138,52.394677]},"properties":{"category":"bus_halte","name":"Haparandaweg","operator":""}},{"type":"Feature","geometry":{"type":"Point","coordinates":[4.934776,52.351052]},"properties":{"category":"bus_halte","name":"Hugo de Vrieslaan","operator":""}},{"type":"Feature","geometry":{"type":"Point","coordinates":[4.939857,52.347912]},"properties":{"category":"bus_halte","name":"Kruislaan","operator":""}},{"type":"Feature","geometry":{"type":"Point","coordinates":[4.937385,52.376818]},"properties":{"category":"bus_halte","name":"Azartplein","operator":""}},{"type":"Feature","geometry":{"type":"Point","coordinates":[4.937289,52.37661]},"properties":{"category":"bus_halte","name":"Azartplein","operator":""}},{"type":"Feature","geometry":{"type":"Point","coordinates":[4.827535,52.349103]},"properties":{"category":"bus_halte","name":"Johan Huizingalaan","operator":""}},{"type":"Feature","geometry":{"type":"Point","coordinates":[4.827409,52.349232]},"properties":{"category":"bus_halte","name":"Johan Huizingalaan","operator":""}},{"type":"Feature","geometry":{"type":"Point","coordinates":[4.805752,52.382418]},"properties":{"category":"bus_halte","name":"Doctor H. Colijnstraat","operator":""}},{"type":"Feature","geometry":{"type":"Point","coordinates":[4.798895,52.382288]},"properties":{"category":"bus_halte","name":"Aalbersestraat","operator":""}},{"type":"Feature","geometry":{"type":"Point","coordinates":[4.797648,52.376011]},"properties":{"category":"bus_halte","name":"Michel de Klerkhof","operator":""}},{"type":"Feature","geometry":{"type":"Point","coordinates":[4.82324,52.346288]},"properties":{"category":"bus_halte","name":"Louweshoek","operator":""}},{"type":"Feature","geometry":{"type":"Point","coordinates":[4.797569,52.376351]},"properties":{"category":"bus_halte","name":"Michel de Klerkhof","operator":""}},{"type":"Feature","geometry":{"type":"Point","coordinates":[4.797878,52.378768]},"properties":{"category":"bus_halte","name":"Sam van Houtenstraat","operator":""}},{"type":"Feature","geometry":{"type":"Point","coordinates":[4.797724,52.382069]},"properties":{"category":"bus_halte","name":"Aalbersestraat","operator":""}},{"type":"Feature","geometry":{"type":"Point","coordinates":[4.896337,52.342864]},"properties":{"category":"bus_halte","name":"Maasstraat","operator":""}},{"type":"Feature","geometry":{"type":"Point","coordinates":[4.890665,52.336909]},"properties":{"category":"bus_halte","name":"Station RAI","operator":""}},{"type":"Feature","geometry":{"type":"Point","coordinates":[4.86834,52.342959]},"properties":{"category":"bus_halte","name":"Prinses Irenestraat","operator":""}},{"type":"Feature","geometry":{"type":"Point","coordinates":[4.868176,52.342119]},"properties":{"category":"bus_halte","name":"Prinses Irenestraat","operator":""}},{"type":"Feature","geometry":{"type":"Point","coordinates":[4.774601,52.354386]},"properties":{"category":"bus_halte","name":"Matterhorn","operator":""}},{"type":"Feature","geometry":{"type":"Point","coordinates":[4.82676,52.357632]},"properties":{"category":"bus_halte","name":"Cornelis Lelylaan","operator":""}},{"type":"Feature","geometry":{"type":"Point","coordinates":[4.827736,52.35794]},"properties":{"category":"bus_halte","name":"Cornelis Lelylaan","operator":""}},{"type":"Feature","geometry":{"type":"Point","coordinates":[4.901039,52.344648]},"properties":{"category":"bus_halte","name":"Waalstraat","operator":""}},{"type":"Feature","geometry":{"type":"Point","coordinates":[4.813464,52.376466]},"properties":{"category":"bus_halte","name":"Burgemeester Van Leeuwenlaan","operator":""}},{"type":"Feature","geometry":{"type":"Point","coordinates":[4.853217,52.361594]},"properties":{"category":"bus_halte","name":"Corantijnstraat","operator":""}},{"type":"Feature","geometry":{"type":"Point","coordinates":[4.852334,52.367384]},"properties":{"category":"bus_halte","name":"W. Schoutenweg","operator":""}},{"type":"Feature","geometry":{"type":"Point","coordinates":[4.855486,52.37098]},"properties":{"category":"bus_halte","name":"Marco Polostraat","operator":""}},{"type":"Feature","geometry":{"type":"Point","coordinates":[4.859396,52.371799]},"properties":{"category":"bus_halte","name":"Jan Evertsenstraat","operator":""}},{"type":"Feature","geometry":{"type":"Point","coordinates":[4.894918,52.353352]},"properties":{"category":"bus_halte","name":"Tweede Van der Helststraat","operator":""}},{"type":"Feature","geometry":{"type":"Point","coordinates":[4.901045,52.355028]},"properties":{"category":"bus_halte","name":"Ceintuurbaan","operator":""}},{"type":"Feature","geometry":{"type":"Point","coordinates":[4.90773,52.419953]},"properties":{"category":"bus_halte","name":"Vorticellaweg","operator":""}},{"type":"Feature","geometry":{"type":"Point","coordinates":[4.899742,52.422046]},"properties":{"category":"bus_halte","name":"Pieter A van Heyningestraat","operator":""}},{"type":"Feature","geometry":{"type":"Point","coordinates":[4.944639,52.399316]},"properties":{"category":"bus_halte","name":"J. Drijverweg","operator":""}},{"type":"Feature","geometry":{"type":"Point","coordinates":[4.944334,52.399626]},"properties":{"category":"bus_halte","name":"J. Drijverweg","operator":""}},{"type":"Feature","geometry":{"type":"Point","coordinates":[4.9396,52.399442]},"properties":{"category":"bus_halte","name":"Buikslotermeerplein","operator":""}},{"type":"Feature","geometry":{"type":"Point","coordinates":[4.91138,52.413964]},"properties":{"category":"bus_halte","name":"Kadoelenpad","operator":""}},{"type":"Feature","geometry":{"type":"Point","coordinates":[4.907954,52.419744]},"properties":{"category":"bus_halte","name":"Vorticellaweg","operator":""}},{"type":"Feature","geometry":{"type":"Point","coordinates":[4.916168,52.370632]},"properties":{"category":"bus_halte","name":"Kattenburgerplein","operator":""}},{"type":"Feature","geometry":{"type":"Point","coordinates":[4.916098,52.37077]},"properties":{"category":"bus_halte","name":"Kattenburgerplein","operator":""}},{"type":"Feature","geometry":{"type":"Point","coordinates":[4.883718,52.385114]},"properties":{"category":"bus_halte","name":"Haarlemmerplein","operator":""}},{"type":"Feature","geometry":{"type":"Point","coordinates":[4.848677,52.391683]},"properties":{"category":"bus_halte","name":"Kabelweg","operator":""}},{"type":"Feature","geometry":{"type":"Point","coordinates":[4.840034,52.391944]},"properties":{"category":"bus_halte","name":"La Guardiaweg","operator":""}},{"type":"Feature","geometry":{"type":"Point","coordinates":[4.848241,52.392079]},"properties":{"category":"bus_halte","name":"Kabelweg","operator":""}},{"type":"Feature","geometry":{"type":"Point","coordinates":[4.8795,52.38936]},"properties":{"category":"bus_halte","name":"Assendelftstraat","operator":""}},{"type":"Feature","geometry":{"type":"Point","coordinates":[4.879771,52.388862]},"properties":{"category":"bus_halte","name":"Assendelftstraat","operator":""}},{"type":"Feature","geometry":{"type":"Point","coordinates":[4.881414,52.385259]},"properties":{"category":"bus_halte","name":"Nassauplein","operator":""}},{"type":"Feature","geometry":{"type":"Point","coordinates":[4.881555,52.385377]},"properties":{"category":"bus_halte","name":"Nassauplein","operator":""}},{"type":"Feature","geometry":{"type":"Point","coordinates":[4.888033,52.383113]},"properties":{"category":"bus_halte","name":"Buiten Oranjestraat","operator":""}},{"type":"Feature","geometry":{"type":"Point","coordinates":[4.887866,52.383302]},"properties":{"category":"bus_halte","name":"Buiten Oranjestraat","operator":""}},{"type":"Feature","geometry":{"type":"Point","coordinates":[4.857555,52.326749]},"properties":{"category":"bus_halte","name":"Amsterdamse Bos","operator":""}},{"type":"Feature","geometry":{"type":"Point","coordinates":[4.930921,52.367514]},"properties":{"category":"bus_halte","name":"Het Funen","operator":""}},{"type":"Feature","geometry":{"type":"Point","coordinates":[4.931568,52.367421]},"properties":{"category":"bus_halte","name":"Het Funen","operator":""}},{"type":"Feature","geometry":{"type":"Point","coordinates":[4.92433,52.367831]},"properties":{"category":"bus_halte","name":"Oostenburgergracht","operator":"gvb"}},{"type":"Feature","geometry":{"type":"Point","coordinates":[4.91969,52.36941]},"properties":{"category":"bus_halte","name":"Wittenburgergracht","operator":""}},{"type":"Feature","geometry":{"type":"Point","coordinates":[4.919574,52.369572]},"properties":{"category":"bus_halte","name":"Wittenburgergracht","operator":""}},{"type":"Feature","geometry":{"type":"Point","coordinates":[4.891511,52.381499]},"properties":{"category":"bus_halte","name":"Buiten Brouwersstraat","operator":""}},{"type":"Feature","geometry":{"type":"Point","coordinates":[4.891332,52.38167]},"properties":{"category":"bus_halte","name":"Buiten Brouwersstraat","operator":""}},{"type":"Feature","geometry":{"type":"Point","coordinates":[4.899525,52.380094]},"properties":{"category":"bus_halte","name":"Centraal Station","operator":""}},{"type":"Feature","geometry":{"type":"Point","coordinates":[4.876241,52.332164]},"properties":{"category":"bus_halte","name":"Gelderlandplein Noord","operator":""}},{"type":"Feature","geometry":{"type":"Point","coordinates":[4.862166,52.327747]},"properties":{"category":"bus_halte","name":"Egelenburg","operator":""}},{"type":"Feature","geometry":{"type":"Point","coordinates":[4.865861,52.32364]},"properties":{"category":"bus_halte","name":"Noordhollandstraat","operator":""}},{"type":"Feature","geometry":{"type":"Point","coordinates":[4.873102,52.336607]},"properties":{"category":"bus_halte","name":"Gustav Mahlerplein","operator":""}},{"type":"Feature","geometry":{"type":"Point","coordinates":[4.804183,52.382489]},"properties":{"category":"bus_halte","name":"Jacob Cabeliaustraat","operator":""}},{"type":"Feature","geometry":{"type":"Point","coordinates":[4.86695,52.375651]},"properties":{"category":"bus_halte","name":"Markthallen","operator":""}},{"type":"Feature","geometry":{"type":"Point","coordinates":[4.866633,52.375777]},"properties":{"category":"bus_halte","name":"Markthallen","operator":""}},{"type":"Feature","geometry":{"type":"Point","coordinates":[4.878673,52.364644]},"properties":{"category":"bus_halte","name":"Nassaukade","operator":""}},{"type":"Feature","geometry":{"type":"Point","coordinates":[4.875353,52.379026]},"properties":{"category":"bus_halte","name":"Frederik Hendrikplantsoen","operator":""}},{"type":"Feature","geometry":{"type":"Point","coordinates":[4.8034,52.359496]},"properties":{"category":"bus_halte","name":"Osdorpplein West","operator":""}},{"type":"Feature","geometry":{"type":"Point","coordinates":[4.803054,52.359061]},"properties":{"category":"bus_halte","name":"Osdorpplein West","operator":""}},{"type":"Feature","geometry":{"type":"Point","coordinates":[4.827295,52.361511]},"properties":{"category":"bus_halte","name":"Justus Lipsiusstraat","operator":""}},{"type":"Feature","geometry":{"type":"Point","coordinates":[4.827024,52.360793]},"properties":{"category":"bus_halte","name":"Justus Lipsiusstraat","operator":""}},{"type":"Feature","geometry":{"type":"Point","coordinates":[4.82913,52.364064]},"properties":{"category":"bus_halte","name":"Robert Fruinlaan","operator":""}},{"type":"Feature","geometry":{"type":"Point","coordinates":[4.830072,52.36397]},"properties":{"category":"bus_halte","name":"Robert Fruinlaan","operator":""}},{"type":"Feature","geometry":{"type":"Point","coordinates":[4.852512,52.364347]},"properties":{"category":"bus_halte","name":"Hoofdweg","operator":""}},{"type":"Feature","geometry":{"type":"Point","coordinates":[4.871176,52.381366]},"properties":{"category":"bus_halte","name":"Van Beuningenplein","operator":""}},{"type":"Feature","geometry":{"type":"Point","coordinates":[4.870996,52.381245]},"properties":{"category":"bus_halte","name":"Van Beuningenplein","operator":""}},{"type":"Feature","geometry":{"type":"Point","coordinates":[4.871758,52.379692]},"properties":{"category":"bus_halte","name":"Kostverlorenstraat","operator":""}},{"type":"Feature","geometry":{"type":"Point","coordinates":[4.871615,52.37951]},"properties":{"category":"bus_halte","name":"Kostverlorenstraat","operator":""}},{"type":"Feature","geometry":{"type":"Point","coordinates":[4.87044,52.383364]},"properties":{"category":"bus_halte","name":"Van der Hoopstraat","operator":""}},{"type":"Feature","geometry":{"type":"Point","coordinates":[4.870266,52.383325]},"properties":{"category":"bus_halte","name":"Van der Hoopstraat","operator":""}},{"type":"Feature","geometry":{"type":"Point","coordinates":[4.838752,52.351626]},"properties":{"category":"bus_halte","name":"Delflandlaan","operator":""}},{"type":"Feature","geometry":{"type":"Point","coordinates":[4.892312,52.358002]},"properties":{"category":"bus_halte","name":"Ferdinand Bolstraat","operator":""}},{"type":"Feature","geometry":{"type":"Point","coordinates":[4.891892,52.357912]},"properties":{"category":"bus_halte","name":"Ferdinand Bolstraat","operator":""}},{"type":"Feature","geometry":{"type":"Point","coordinates":[4.886607,52.36035]},"properties":{"category":"bus_halte","name":"Ruysdaelkade","operator":""}},{"type":"Feature","geometry":{"type":"Point","coordinates":[4.900341,52.379795]},"properties":{"category":"bus_halte","name":"Centraal Station","operator":""}},{"type":"Feature","geometry":{"type":"Point","coordinates":[4.900862,52.379784]},"properties":{"category":"bus_halte","name":"Centraal Station","operator":""}},{"type":"Feature","geometry":{"type":"Point","coordinates":[4.86912,52.328188]},"properties":{"category":"bus_halte","name":"Van Nijenrodeweg","operator":""}},{"type":"Feature","geometry":{"type":"Point","coordinates":[4.868664,52.327327]},"properties":{"category":"bus_halte","name":"Van Nijenrodeweg","operator":""}},{"type":"Feature","geometry":{"type":"Point","coordinates":[4.882978,52.3281]},"properties":{"category":"bus_halte","name":"Bouvigne","operator":""}},{"type":"Feature","geometry":{"type":"Point","coordinates":[4.917857,52.407926]},"properties":{"category":"bus_halte","name":"Banne Buikslootlaan","operator":""}},{"type":"Feature","geometry":{"type":"Point","coordinates":[4.893553,52.418304]},"properties":{"category":"bus_halte","name":"Molenwijk","operator":""}},{"type":"Feature","geometry":{"type":"Point","coordinates":[4.900713,52.37966]},"properties":{"category":"bus_halte","name":"Centraal Station","operator":""}},{"type":"Feature","geometry":{"type":"Point","coordinates":[4.901288,52.379452]},"properties":{"category":"bus_halte","name":"Centraal Station","operator":""}},{"type":"Feature","geometry":{"type":"Point","coordinates":[4.900153,52.380042]},"properties":{"category":"bus_halte","name":"Centraal Station","operator":""}},{"type":"Feature","geometry":{"type":"Point","coordinates":[4.913588,52.377374]},"properties":{"category":"bus_halte","name":"Piet Heinkade","operator":""}},{"type":"Feature","geometry":{"type":"Point","coordinates":[4.931079,52.375099]},"properties":{"category":"bus_halte","name":"Oostelijke Handelskade","operator":""}},{"type":"Feature","geometry":{"type":"Point","coordinates":[4.968017,52.369957]},"properties":{"category":"bus_halte","name":"Bob Haarmslaan","operator":""}},{"type":"Feature","geometry":{"type":"Point","coordinates":[4.937682,52.373897]},"properties":{"category":"bus_halte","name":"C. van Eesterenlaan","operator":""}},{"type":"Feature","geometry":{"type":"Point","coordinates":[4.930669,52.375056]},"properties":{"category":"bus_halte","name":"Oostelijke Handelskade","operator":""}},{"type":"Feature","geometry":{"type":"Point","coordinates":[4.922677,52.37605]},"properties":{"category":"bus_halte","name":"Kattenburg","operator":""}},{"type":"Feature","geometry":{"type":"Point","coordinates":[4.89956,52.380253]},"properties":{"category":"bus_halte","name":"Centraal Station","operator":""}},{"type":"Feature","geometry":{"type":"Point","coordinates":[4.958782,52.297028]},"properties":{"category":"bus_halte","name":"Station Holendrecht","operator":""}},{"type":"Feature","geometry":{"type":"Point","coordinates":[4.959347,52.297229]},"properties":{"category":"bus_halte","name":"Station Holendrecht","operator":""}},{"type":"Feature","geometry":{"type":"Point","coordinates":[4.95927,52.297204]},"properties":{"category":"bus_halte","name":"Station Holendrecht","operator":""}},{"type":"Feature","geometry":{"type":"Point","coordinates":[4.959185,52.297172]},"properties":{"category":"bus_halte","name":"Station Holendrecht","operator":""}},{"type":"Feature","geometry":{"type":"Point","coordinates":[4.959106,52.297145]},"properties":{"category":"bus_halte","name":"Station Holendrecht","operator":""}},{"type":"Feature","geometry":{"type":"Point","coordinates":[4.959022,52.297114]},"properties":{"category":"bus_halte","name":"Station Holendrecht","operator":""}},{"type":"Feature","geometry":{"type":"Point","coordinates":[4.958943,52.297086]},"properties":{"category":"bus_halte","name":"Station Holendrecht","operator":""}},{"type":"Feature","geometry":{"type":"Point","coordinates":[4.958864,52.297052]},"properties":{"category":"bus_halte","name":"Station Holendrecht","operator":""}},{"type":"Feature","geometry":{"type":"Point","coordinates":[4.965815,52.319829]},"properties":{"category":"bus_halte","name":"Tulastraat","operator":""}},{"type":"Feature","geometry":{"type":"Point","coordinates":[4.96537,52.319976]},"properties":{"category":"bus_halte","name":"Tulastraat","operator":""}},{"type":"Feature","geometry":{"type":"Point","coordinates":[4.850199,52.351553]},"properties":{"category":"bus_halte","name":"Hoofddorpplein","operator":""}},{"type":"Feature","geometry":{"type":"Point","coordinates":[4.994148,52.393164]},"properties":{"category":"bus_halte","name":"Ransdorp (Kerk)","operator":""}},{"type":"Feature","geometry":{"type":"Point","coordinates":[4.850183,52.355186]},"properties":{"category":"bus_halte","name":"Haarlemmermeerstraat","operator":""}},{"type":"Feature","geometry":{"type":"Point","coordinates":[4.850476,52.355408]},"properties":{"category":"bus_halte","name":"Haarlemmermeerstraat","operator":""}},{"type":"Feature","geometry":{"type":"Point","coordinates":[4.847007,52.376339]},"properties":{"category":"bus_halte","name":"Erasmusgracht","operator":""}},{"type":"Feature","geometry":{"type":"Point","coordinates":[4.880667,52.362575]},"properties":{"category":"bus_halte","name":"Leidseplein","operator":""}},{"type":"Feature","geometry":{"type":"Point","coordinates":[4.838766,52.388146]},"properties":{"category":"bus_halte","name":"Station Sloterdijk","operator":""}},{"type":"Feature","geometry":{"type":"Point","coordinates":[4.838777,52.38804]},"properties":{"category":"bus_halte","name":"Station Sloterdijk","operator":""}},{"type":"Feature","geometry":{"type":"Point","coordinates":[4.838894,52.387182]},"properties":{"category":"bus_halte","name":"Station Sloterdijk","operator":""}},{"type":"Feature","geometry":{"type":"Point","coordinates":[4.912674,52.392959]},"properties":{"category":"bus_halte","name":"Mosplein","operator":""}},{"type":"Feature","geometry":{"type":"Point","coordinates":[4.912751,52.393003]},"properties":{"category":"bus_halte","name":"Mosplein","operator":""}},{"type":"Feature","geometry":{"type":"Point","coordinates":[4.904476,52.37451]},"properties":{"category":"bus_halte","name":"Prins Hendrikkade","operator":"GVB"}},{"type":"Feature","geometry":{"type":"Point","coordinates":[4.940143,52.396732]},"properties":{"category":"bus_halte","name":"Olof Palmeplein","operator":""}},{"type":"Feature","geometry":{"type":"Point","coordinates":[4.869529,52.352913]},"properties":{"category":"bus_halte","name":"Emmastraat","operator":""}},{"type":"Feature","geometry":{"type":"Point","coordinates":[4.879609,52.355997]},"properties":{"category":"bus_halte","name":"Concertgebouw","operator":""}},{"type":"Feature","geometry":{"type":"Point","coordinates":[4.877568,52.369532]},"properties":{"category":"bus_halte","name":"Elandsgracht","operator":""}},{"type":"Feature","geometry":{"type":"Point","coordinates":[4.878457,52.368095]},"properties":{"category":"bus_halte","name":"Elandsgracht","operator":""}},{"type":"Feature","geometry":{"type":"Point","coordinates":[4.855732,52.351202]},"properties":{"category":"bus_halte","name":"Amstelveenseweg","operator":""}},{"type":"Feature","geometry":{"type":"Point","coordinates":[4.856764,52.351244]},"properties":{"category":"bus_halte","name":"Zeilstraat","operator":""}},{"type":"Feature","geometry":{"type":"Point","coordinates":[4.955888,52.316458]},"properties":{"category":"bus_halte","name":"Anton de Komplein","operator":""}},{"type":"Feature","geometry":{"type":"Point","coordinates":[4.795125,52.351013]},"properties":{"category":"bus_halte","name":"Baden Powellweg","operator":""}},{"type":"Feature","geometry":{"type":"Point","coordinates":[4.946487,52.310527]},"properties":{"category":"bus_halte","name":"Station Bijlmer ArenA","operator":""}},{"type":"Feature","geometry":{"type":"Point","coordinates":[5.046859,52.299808]},"properties":{"category":"bus_halte","name":"Reigersweide","operator":""}},{"type":"Feature","geometry":{"type":"Point","coordinates":[5.046956,52.299784]},"properties":{"category":"bus_halte","name":"Reigersweide","operator":""}},{"type":"Feature","geometry":{"type":"Point","coordinates":[5.041853,52.298442]},"properties":{"category":"bus_halte","name":"Sporthal Aetsveld","operator":""}},{"type":"Feature","geometry":{"type":"Point","coordinates":[5.041875,52.298373]},"properties":{"category":"bus_halte","name":"Sporthal Aetsveld","operator":""}},{"type":"Feature","geometry":{"type":"Point","coordinates":[5.038623,52.300541]},"properties":{"category":"bus_halte","name":"Blokland","operator":""}},{"type":"Feature","geometry":{"type":"Point","coordinates":[5.03857,52.30048]},"properties":{"category":"bus_halte","name":"Blokland","operator":""}},{"type":"Feature","geometry":{"type":"Point","coordinates":[4.859496,52.372052]},"properties":{"category":"bus_halte","name":"Jan Evertsenstraat","operator":""}},{"type":"Feature","geometry":{"type":"Point","coordinates":[4.91926,52.389184]},"properties":{"category":"bus_halte","name":"Noorderpark","operator":""}},{"type":"Feature","geometry":{"type":"Point","coordinates":[4.884003,52.420139]},"properties":{"category":"bus_halte","name":"Bovenkruier","operator":""}},{"type":"Feature","geometry":{"type":"Point","coordinates":[4.905786,52.401459]},"properties":{"category":"bus_halte","name":"Metaalbewerkerweg","operator":""}},{"type":"Feature","geometry":{"type":"Point","coordinates":[4.880859,52.381307]},"properties":{"category":"bus_halte","name":"Nieuwe Willemsstraat","operator":""}},{"type":"Feature","geometry":{"type":"Point","coordinates":[4.881259,52.38171]},"properties":{"category":"bus_halte","name":"Nieuwe Willemsstraat","operator":""}},{"type":"Feature","geometry":{"type":"Point","coordinates":[4.90573,52.383302]},"properties":{"category":"bus_halte","name":"Buiksloterwegveer","operator":""}},{"type":"Feature","geometry":{"type":"Point","coordinates":[4.947463,52.311344]},"properties":{"category":"bus_halte","name":"Station Bijlmer ArenA","operator":""}},{"type":"Feature","geometry":{"type":"Point","coordinates":[4.970013,52.321468]},"properties":{"category":"bus_halte","name":"Annie Romeinplein","operator":""}},{"type":"Feature","geometry":{"type":"Point","coordinates":[4.83331,52.390107]},"properties":{"category":"bus_halte","name":"Flixbus Amsterdam Sloterdijk","operator":""}},{"type":"Feature","geometry":{"type":"Point","coordinates":[4.869843,52.392861]},"properties":{"category":"bus_halte","name":"Zaanstraat","operator":""}},{"type":"Feature","geometry":{"type":"Point","coordinates":[4.870191,52.392929]},"properties":{"category":"bus_halte","name":"Zaanstraat","operator":""}},{"type":"Feature","geometry":{"type":"Point","coordinates":[4.872594,52.340896]},"properties":{"category":"bus_halte","name":"Station Zuid","operator":""}},{"type":"Feature","geometry":{"type":"Point","coordinates":[4.872788,52.34068]},"properties":{"category":"bus_halte","name":"Station Zuid","operator":""}},{"type":"Feature","geometry":{"type":"Point","coordinates":[4.838779,52.389723]},"properties":{"category":"bus_halte","name":"Amsterdam Sloterdijk","operator":"FlixBus"}},{"type":"Feature","geometry":{"type":"Point","coordinates":[4.838783,52.389675]},"properties":{"category":"bus_halte","name":"Amsterdam Sloterdijk","operator":""}},{"type":"Feature","geometry":{"type":"Point","coordinates":[5.014228,52.348471]},"properties":{"category":"bus_halte","name":"Peter Martensstraat","operator":""}},{"type":"Feature","geometry":{"type":"Point","coordinates":[5.014401,52.348829]},"properties":{"category":"bus_halte","name":"Peter Martensstraat","operator":""}},{"type":"Feature","geometry":{"type":"Point","coordinates":[4.931759,52.402355]},"properties":{"category":"bus_halte","name":"Station Noord","operator":""}},{"type":"Feature","geometry":{"type":"Point","coordinates":[4.931808,52.402397]},"properties":{"category":"bus_halte","name":"Station Noord","operator":""}},{"type":"Feature","geometry":{"type":"Point","coordinates":[4.931861,52.402437]},"properties":{"category":"bus_halte","name":"Station Noord","operator":""}},{"type":"Feature","geometry":{"type":"Point","coordinates":[4.931915,52.402479]},"properties":{"category":"bus_halte","name":"Station Noord","operator":""}},{"type":"Feature","geometry":{"type":"Point","coordinates":[4.93197,52.402521]},"properties":{"category":"bus_halte","name":"Station Noord","operator":""}},{"type":"Feature","geometry":{"type":"Point","coordinates":[4.932024,52.402562]},"properties":{"category":"bus_halte","name":"Station Noord","operator":""}},{"type":"Feature","geometry":{"type":"Point","coordinates":[4.932078,52.402602]},"properties":{"category":"bus_halte","name":"Station Noord","operator":""}},{"type":"Feature","geometry":{"type":"Point","coordinates":[4.932132,52.402645]},"properties":{"category":"bus_halte","name":"Station Noord","operator":""}},{"type":"Feature","geometry":{"type":"Point","coordinates":[4.93344,52.40205]},"properties":{"category":"bus_halte","name":"Station Noord","operator":""}},{"type":"Feature","geometry":{"type":"Point","coordinates":[4.933389,52.402005]},"properties":{"category":"bus_halte","name":"Station Noord","operator":""}},{"type":"Feature","geometry":{"type":"Point","coordinates":[4.933334,52.401963]},"properties":{"category":"bus_halte","name":"Station Noord","operator":""}},{"type":"Feature","geometry":{"type":"Point","coordinates":[4.933283,52.401923]},"properties":{"category":"bus_halte","name":"Station Noord","operator":""}},{"type":"Feature","geometry":{"type":"Point","coordinates":[4.933224,52.401885]},"properties":{"category":"bus_halte","name":"Station Noord","operator":""}},{"type":"Feature","geometry":{"type":"Point","coordinates":[4.933173,52.401842]},"properties":{"category":"bus_halte","name":"Station Noord","operator":""}},{"type":"Feature","geometry":{"type":"Point","coordinates":[4.933121,52.401801]},"properties":{"category":"bus_halte","name":"Station Noord","operator":""}},{"type":"Feature","geometry":{"type":"Point","coordinates":[4.933067,52.401761]},"properties":{"category":"bus_halte","name":"Station Noord","operator":""}},{"type":"Feature","geometry":{"type":"Point","coordinates":[4.820628,52.375407]},"properties":{"category":"bus_halte","name":"Slotermeerlaan","operator":""}},{"type":"Feature","geometry":{"type":"Point","coordinates":[4.82679,52.374451]},"properties":{"category":"bus_halte","name":"Burgemeester Rendorpstraat","operator":""}},{"type":"Feature","geometry":{"type":"Point","coordinates":[4.82749,52.380424]},"properties":{"category":"bus_halte","name":"Burgemeester Eliasstraat","operator":""}},{"type":"Feature","geometry":{"type":"Point","coordinates":[4.825818,52.380765]},"properties":{"category":"bus_halte","name":"Burgemeester Eliasstraat","operator":""}},{"type":"Feature","geometry":{"type":"Point","coordinates":[4.819644,52.377297]},"properties":{"category":"bus_halte","name":"Burgemeester Röellstraat","operator":""}},{"type":"Feature","geometry":{"type":"Point","coordinates":[4.819506,52.376656]},"properties":{"category":"bus_halte","name":"Burgemeester Röellstraat","operator":""}},{"type":"Feature","geometry":{"type":"Point","coordinates":[4.822517,52.381208]},"properties":{"category":"bus_halte","name":"Plein '40-'45","operator":""}},{"type":"Feature","geometry":{"type":"Point","coordinates":[4.821134,52.380838]},"properties":{"category":"bus_halte","name":"Plein '40-'45","operator":""}},{"type":"Feature","geometry":{"type":"Point","coordinates":[4.820435,52.381638]},"properties":{"category":"bus_halte","name":"Plein '40-'45","operator":""}},{"type":"Feature","geometry":{"type":"Point","coordinates":[4.838297,52.378729]},"properties":{"category":"bus_halte","name":"Burgemeester de Vlugtlaan","operator":""}},{"type":"Feature","geometry":{"type":"Point","coordinates":[4.837211,52.378986]},"properties":{"category":"bus_halte","name":"Burgemeester de Vlugtlaan","operator":""}},{"type":"Feature","geometry":{"type":"Point","coordinates":[4.833227,52.37953]},"properties":{"category":"bus_halte","name":"Burgemeester Fockstraat","operator":""}},{"type":"Feature","geometry":{"type":"Point","coordinates":[4.831281,52.379907]},"properties":{"category":"bus_halte","name":"Burgemeester Fockstraat","operator":""}},{"type":"Feature","geometry":{"type":"Point","coordinates":[4.857234,52.334701]},"properties":{"category":"bus_halte","name":"VU Medisch Centrum","operator":""}},{"type":"Feature","geometry":{"type":"Point","coordinates":[4.866275,52.335116]},"properties":{"category":"bus_halte","name":"De Boelelaan / VU","operator":""}},{"type":"Feature","geometry":{"type":"Point","coordinates":[4.867378,52.334966]},"properties":{"category":"bus_halte","name":"De Boelelaan / VU","operator":""}},{"type":"Feature","geometry":{"type":"Point","coordinates":[4.857223,52.338421]},"properties":{"category":"bus_halte","name":"Amstelveenseweg","operator":""}},{"type":"Feature","geometry":{"type":"Point","coordinates":[4.857538,52.340599]},"properties":{"category":"bus_halte","name":"IJsbaanpad","operator":""}},{"type":"Feature","geometry":{"type":"Point","coordinates":[4.857516,52.334914]},"properties":{"category":"bus_halte","name":"VU Medisch Centrum","operator":""}},{"type":"Feature","geometry":{"type":"Point","coordinates":[4.861117,52.335118]},"properties":{"category":"bus_halte","name":"VUmc Hoofdingang","operator":""}},{"type":"Feature","geometry":{"type":"Point","coordinates":[4.858751,52.339093]},"properties":{"category":"bus_halte","name":"Amstelveenseweg","operator":""}},{"type":"Feature","geometry":{"type":"Point","coordinates":[4.86006,52.335214]},"properties":{"category":"bus_halte","name":"VUmc Hoofdingang","operator":""}},{"type":"Feature","geometry":{"type":"Point","coordinates":[4.857,52.343854]},"properties":{"category":"bus_halte","name":"Olympisch Stadion","operator":""}},{"type":"Feature","geometry":{"type":"Point","coordinates":[4.856804,52.344022]},"properties":{"category":"bus_halte","name":"Olympisch Stadion","operator":""}},{"type":"Feature","geometry":{"type":"Point","coordinates":[4.857795,52.341593]},"properties":{"category":"bus_halte","name":"IJsbaanpad","operator":""}},{"type":"Feature","geometry":{"type":"Point","coordinates":[4.858648,52.345237]},"properties":{"category":"bus_halte","name":"Olympiaweg","operator":""}},{"type":"Feature","geometry":{"type":"Point","coordinates":[4.858332,52.345285]},"properties":{"category":"bus_halte","name":"Olympiaweg","operator":""}},{"type":"Feature","geometry":{"type":"Point","coordinates":[4.865844,52.346322]},"properties":{"category":"bus_halte","name":"Olympiaplein","operator":""}},{"type":"Feature","geometry":{"type":"Point","coordinates":[4.86665,52.346349]},"properties":{"category":"bus_halte","name":"Olympiaplein","operator":""}},{"type":"Feature","geometry":{"type":"Point","coordinates":[4.876818,52.343108]},"properties":{"category":"bus_halte","name":"Prinses Irenestraat","operator":""}},{"type":"Feature","geometry":{"type":"Point","coordinates":[4.876739,52.342612]},"properties":{"category":"bus_halte","name":"Prinses Irenestraat","operator":""}},{"type":"Feature","geometry":{"type":"Point","coordinates":[4.876902,52.346674]},"properties":{"category":"bus_halte","name":"Stadionweg","operator":""}},{"type":"Feature","geometry":{"type":"Point","coordinates":[4.876275,52.34685]},"properties":{"category":"bus_halte","name":"Beethovenstraat","operator":""}},{"type":"Feature","geometry":{"type":"Point","coordinates":[4.876856,52.347149]},"properties":{"category":"bus_halte","name":"Stadionweg","operator":""}},{"type":"Feature","geometry":{"type":"Point","coordinates":[4.872017,52.346671]},"properties":{"category":"bus_halte","name":"Minervaplein","operator":""}},{"type":"Feature","geometry":{"type":"Point","coordinates":[4.873029,52.346793]},"properties":{"category":"bus_halte","name":"Minervaplein","operator":""}},{"type":"Feature","geometry":{"type":"Point","coordinates":[4.919398,52.346676]},"properties":{"category":"bus_halte","name":"Amstelstation","operator":""}},{"type":"Feature","geometry":{"type":"Point","coordinates":[4.919441,52.346814]},"properties":{"category":"bus_halte","name":"Amstelstation","operator":""}},{"type":"Feature","geometry":{"type":"Point","coordinates":[4.910986,52.347133]},"properties":{"category":"bus_halte","name":"Amsteldijk","operator":""}},{"type":"Feature","geometry":{"type":"Point","coordinates":[4.911166,52.347082]},"properties":{"category":"bus_halte","name":"Amsteldijk","operator":""}},{"type":"Feature","geometry":{"type":"Point","coordinates":[4.919093,52.346258]},"properties":{"category":"bus_halte","name":"Amstelstation","operator":""}},{"type":"Feature","geometry":{"type":"Point","coordinates":[4.918971,52.34623]},"properties":{"category":"bus_halte","name":"Amstelstation","operator":""}},{"type":"Feature","geometry":{"type":"Point","coordinates":[4.918733,52.346177]},"properties":{"category":"bus_halte","name":"Amstelstation","operator":""}},{"type":"Feature","geometry":{"type":"Point","coordinates":[4.918651,52.346159]},"properties":{"category":"bus_halte","name":"Amstelstation","operator":""}},{"type":"Feature","geometry":{"type":"Point","coordinates":[4.918579,52.346144]},"properties":{"category":"bus_halte","name":"Amstelstation","operator":""}},{"type":"Feature","geometry":{"type":"Point","coordinates":[4.918501,52.346126]},"properties":{"category":"bus_halte","name":"Amstelstation","operator":""}},{"type":"Feature","geometry":{"type":"Point","coordinates":[4.918438,52.346111]},"properties":{"category":"bus_halte","name":"Amstelstation","operator":""}},{"type":"Feature","geometry":{"type":"Point","coordinates":[4.890939,52.337037]},"properties":{"category":"bus_halte","name":"Station RAI","operator":""}},{"type":"Feature","geometry":{"type":"Point","coordinates":[4.892167,52.340232]},"properties":{"category":"bus_halte","name":"Europaplein","operator":""}},{"type":"Feature","geometry":{"type":"Point","coordinates":[4.892318,52.340431]},"properties":{"category":"bus_halte","name":"Europaplein","operator":""}},{"type":"Feature","geometry":{"type":"Point","coordinates":[4.900623,52.34442]},"properties":{"category":"bus_halte","name":"Waalstraat","operator":""}},{"type":"Feature","geometry":{"type":"Point","coordinates":[4.896829,52.343121]},"properties":{"category":"bus_halte","name":"Maasstraat","operator":""}},{"type":"Feature","geometry":{"type":"Point","coordinates":[4.893008,52.341941]},"properties":{"category":"bus_halte","name":"Dintelstraat","operator":""}},{"type":"Feature","geometry":{"type":"Point","coordinates":[4.90636,52.346404]},"properties":{"category":"bus_halte","name":"Victorieplein","operator":""}},{"type":"Feature","geometry":{"type":"Point","coordinates":[4.905665,52.346384]},"properties":{"category":"bus_halte","name":"Victorieplein","operator":""}},{"type":"Feature","geometry":{"type":"Point","coordinates":[4.90507,52.346584]},"properties":{"category":"bus_halte","name":"Victorieplein","operator":""}},{"type":"Feature","geometry":{"type":"Point","coordinates":[4.905099,52.346778]},"properties":{"category":"bus_halte","name":"Victorieplein","operator":""}},{"type":"Feature","geometry":{"type":"Point","coordinates":[4.893195,52.385851]},"properties":{"category":"bus_halte","name":"Westerdoksdijk","operator":"Gemeentelijk Vervoerbedrijf"}},{"type":"Feature","geometry":{"type":"Point","coordinates":[4.838103,52.371633]},"properties":{"category":"bus_halte","name":"Jan Tooropstraat","operator":""}},{"type":"Feature","geometry":{"type":"Point","coordinates":[4.850012,52.370686]},"properties":{"category":"bus_halte","name":"Mercatorplein","operator":""}},{"type":"Feature","geometry":{"type":"Point","coordinates":[4.852628,52.367]},"properties":{"category":"bus_halte","name":"W. Schoutenweg","operator":""}},{"type":"Feature","geometry":{"type":"Point","coordinates":[4.848616,52.373335]},"properties":{"category":"bus_halte","name":"Jan van Galenstraat","operator":""}},{"type":"Feature","geometry":{"type":"Point","coordinates":[4.848697,52.37298]},"properties":{"category":"bus_halte","name":"Jan van Galenstraat","operator":""}},{"type":"Feature","geometry":{"type":"Point","coordinates":[4.847034,52.378096]},"properties":{"category":"bus_halte","name":"Bos en Lommerplein","operator":""}},{"type":"Feature","geometry":{"type":"Point","coordinates":[4.853738,52.380204]},"properties":{"category":"bus_halte","name":"Bos en Lommerweg","operator":""}},{"type":"Feature","geometry":{"type":"Point","coordinates":[4.850903,52.37896]},"properties":{"category":"bus_halte","name":"Egidiusstraat","operator":""}},{"type":"Feature","geometry":{"type":"Point","coordinates":[4.851505,52.379009]},"properties":{"category":"bus_halte","name":"Egidiusstraat","operator":""}},{"type":"Feature","geometry":{"type":"Point","coordinates":[4.892087,52.369459]},"properties":{"category":"bus_halte","name":"Rokin","operator":""}},{"type":"Feature","geometry":{"type":"Point","coordinates":[4.892305,52.369718]},"properties":{"category":"bus_halte","name":"Rokin","operator":""}},{"type":"Feature","geometry":{"type":"Point","coordinates":[4.893604,52.373543]},"properties":{"category":"bus_halte","name":"Dam","operator":""}},{"type":"Feature","geometry":{"type":"Point","coordinates":[4.895404,52.374855]},"properties":{"category":"bus_halte","name":"Dam","operator":""}},{"type":"Feature","geometry":{"type":"Point","coordinates":[4.894715,52.376808]},"properties":{"category":"bus_halte","name":"Nieuwezijds Kolk","operator":""}},{"type":"Feature","geometry":{"type":"Point","coordinates":[4.894617,52.376861]},"properties":{"category":"bus_halte","name":"Nieuwezijds Kolk","operator":""}},{"type":"Feature","geometry":{"type":"Point","coordinates":[4.884332,52.37399]},"properties":{"category":"bus_halte","name":"Westermarkt","operator":""}},{"type":"Feature","geometry":{"type":"Point","coordinates":[4.883776,52.374082]},"properties":{"category":"bus_halte","name":"Westermarkt","operator":""}},{"type":"Feature","geometry":{"type":"Point","coordinates":[4.875288,52.372037]},"properties":{"category":"bus_halte","name":"Marnixstraat","operator":""}},{"type":"Feature","geometry":{"type":"Point","coordinates":[4.876329,52.372356]},"properties":{"category":"bus_halte","name":"Marnixstraat","operator":""}},{"type":"Feature","geometry":{"type":"Point","coordinates":[4.875975,52.371826]},"properties":{"category":"bus_halte","name":"Rozengracht","operator":""}},{"type":"Feature","geometry":{"type":"Point","coordinates":[4.845608,52.351551]},"properties":{"category":"bus_halte","name":"Westlandgracht","operator":""}},{"type":"Feature","geometry":{"type":"Point","coordinates":[4.845011,52.351608]},"properties":{"category":"bus_halte","name":"Westlandgracht","operator":""}},{"type":"Feature","geometry":{"type":"Point","coordinates":[4.841642,52.351518]},"properties":{"category":"bus_halte","name":"Delflandlaan","operator":""}},{"type":"Feature","geometry":{"type":"Point","coordinates":[4.850449,52.352025]},"properties":{"category":"bus_halte","name":"Hoofddorpplein","operator":""}},{"type":"Feature","geometry":{"type":"Point","coordinates":[4.900875,52.354671]},"properties":{"category":"bus_halte","name":"Van Woustraat","operator":""}},{"type":"Feature","geometry":{"type":"Point","coordinates":[4.901566,52.354966]},"properties":{"category":"bus_halte","name":"Van Woustraat","operator":""}},{"type":"Feature","geometry":{"type":"Point","coordinates":[4.901466,52.354584]},"properties":{"category":"bus_halte","name":"Ceintuurbaan","operator":""}},{"type":"Feature","geometry":{"type":"Point","coordinates":[4.875011,52.363235]},"properties":{"category":"bus_halte","name":"Overtoom","operator":""}},{"type":"Feature","geometry":{"type":"Point","coordinates":[4.875053,52.363004]},"properties":{"category":"bus_halte","name":"Overtoom","operator":""}},{"type":"Feature","geometry":{"type":"Point","coordinates":[4.880905,52.363163]},"properties":{"category":"bus_halte","name":"Leidseplein","operator":""}},{"type":"Feature","geometry":{"type":"Point","coordinates":[4.852179,52.358024]},"properties":{"category":"bus_halte","name":"Surinameplein","operator":""}},{"type":"Feature","geometry":{"type":"Point","coordinates":[4.85321,52.364772]},"properties":{"category":"bus_halte","name":"Postjesweg","operator":""}},{"type":"Feature","geometry":{"type":"Point","coordinates":[4.853121,52.363854]},"properties":{"category":"bus_halte","name":"Postjesweg","operator":""}},{"type":"Feature","geometry":{"type":"Point","coordinates":[4.859182,52.364784]},"properties":{"category":"bus_halte","name":"Witte de Withstraat","operator":""}},{"type":"Feature","geometry":{"type":"Point","coordinates":[4.853324,52.36173]},"properties":{"category":"bus_halte","name":"Corantijnstraat","operator":""}},{"type":"Feature","geometry":{"type":"Point","coordinates":[4.858603,52.364804]},"properties":{"category":"bus_halte","name":"Witte de Withstraat","operator":""}},{"type":"Feature","geometry":{"type":"Point","coordinates":[4.947613,52.311171]},"properties":{"category":"bus_halte","name":"Station Bijlmer ArenA","operator":""}},{"type":"Feature","geometry":{"type":"Point","coordinates":[4.903346,52.351452]},"properties":{"category":"bus_halte","name":"Lutmastraat","operator":""}},{"type":"Feature","geometry":{"type":"Point","coordinates":[4.903129,52.35177]},"properties":{"category":"bus_halte","name":"Lutmastraat","operator":""}},{"type":"Feature","geometry":{"type":"Point","coordinates":[4.904367,52.348729]},"properties":{"category":"bus_halte","name":"Amstelkade","operator":""}},{"type":"Feature","geometry":{"type":"Point","coordinates":[4.904019,52.349407]},"properties":{"category":"bus_halte","name":"Amstelkade","operator":""}},{"type":"Feature","geometry":{"type":"Point","coordinates":[4.930769,52.309637]},"properties":{"category":"bus_halte","name":"Ventweg","operator":""}},{"type":"Feature","geometry":{"type":"Point","coordinates":[4.939622,52.308911]},"properties":{"category":"bus_halte","name":"Holterbergweg","operator":""}},{"type":"Feature","geometry":{"type":"Point","coordinates":[4.941148,52.308545]},"properties":{"category":"bus_halte","name":"Holterbergweg","operator":""}},{"type":"Feature","geometry":{"type":"Point","coordinates":[4.872325,52.36709]},"properties":{"category":"bus_halte","name":"Kinkerstraat","operator":""}},{"type":"Feature","geometry":{"type":"Point","coordinates":[4.90253,52.379179]},"properties":{"category":"bus_halte","name":"Centraal Station","operator":""}},{"type":"Feature","geometry":{"type":"Point","coordinates":[4.899201,52.380207]},"properties":{"category":"bus_halte","name":"Centraal Station","operator":""}},{"type":"Feature","geometry":{"type":"Point","coordinates":[4.901406,52.379583]},"properties":{"category":"bus_halte","name":"Centraal Station","operator":""}},{"type":"Feature","geometry":{"type":"Point","coordinates":[4.902023,52.379359]},"properties":{"category":"bus_halte","name":"Centraal Station","operator":""}},{"type":"Feature","geometry":{"type":"Point","coordinates":[4.902053,52.379173]},"properties":{"category":"bus_halte","name":"Centraal Station","operator":""}},{"type":"Feature","geometry":{"type":"Point","coordinates":[4.947526,52.311263]},"properties":{"category":"bus_halte","name":"Station Bijlmer ArenA","operator":""}},{"type":"Feature","geometry":{"type":"Point","coordinates":[4.947571,52.311216]},"properties":{"category":"bus_halte","name":"Station Bijlmer ArenA","operator":""}},{"type":"Feature","geometry":{"type":"Point","coordinates":[4.947677,52.311138]},"properties":{"category":"bus_halte","name":"Station Bijlmer ArenA","operator":""}},{"type":"Feature","geometry":{"type":"Point","coordinates":[4.911961,52.354949]},"properties":{"category":"bus_halte","name":"Wibautstraat","operator":""}},{"type":"Feature","geometry":{"type":"Point","coordinates":[4.9111,52.355635]},"properties":{"category":"bus_halte","name":"Wibautstraat","operator":""}},{"type":"Feature","geometry":{"type":"Point","coordinates":[4.947328,52.311486]},"properties":{"category":"bus_halte","name":"Station Bijlmer ArenA","operator":""}},{"type":"Feature","geometry":{"type":"Point","coordinates":[4.947407,52.311387]},"properties":{"category":"bus_halte","name":"Station Bijlmer ArenA","operator":""}},{"type":"Feature","geometry":{"type":"Point","coordinates":[4.947367,52.311435]},"properties":{"category":"bus_halte","name":"Station Bijlmer ArenA","operator":""}},{"type":"Feature","geometry":{"type":"Point","coordinates":[4.904832,52.368693]},"properties":{"category":"bus_halte","name":"Waterlooplein","operator":""}},{"type":"Feature","geometry":{"type":"Point","coordinates":[4.947214,52.311603]},"properties":{"category":"bus_halte","name":"Station Bijlmer ArenA","operator":""}},{"type":"Feature","geometry":{"type":"Point","coordinates":[4.947103,52.311636]},"properties":{"category":"bus_halte","name":"Station Bijlmer ArenA","operator":""}},{"type":"Feature","geometry":{"type":"Point","coordinates":[4.873716,52.340699]},"properties":{"category":"bus_halte","name":"Station Zuid","operator":""}},{"type":"Feature","geometry":{"type":"Point","coordinates":[4.873572,52.340958]},"properties":{"category":"bus_halte","name":"Station Zuid","operator":""}},{"type":"Feature","geometry":{"type":"Point","coordinates":[4.894813,52.404057]},"properties":{"category":"bus_halte","name":"Klaprozenweg","operator":""}},{"type":"Feature","geometry":{"type":"Point","coordinates":[4.91405,52.377167]},"properties":{"category":"bus_halte","name":"Piet Heinkade","operator":""}},{"type":"Feature","geometry":{"type":"Point","coordinates":[4.89285,52.406285]},"properties":{"category":"bus_halte","name":"Stenendokweg","operator":""}},{"type":"Feature","geometry":{"type":"Point","coordinates":[4.891866,52.40734]},"properties":{"category":"bus_halte","name":"Stenendokweg","operator":""}},{"type":"Feature","geometry":{"type":"Point","coordinates":[4.834815,52.356676]},"properties":{"category":"bus_halte","name":"Station Lelylaan","operator":""}},{"type":"Feature","geometry":{"type":"Point","coordinates":[4.919378,52.389286]},"properties":{"category":"bus_halte","name":"Noorderpark","operator":""}},{"type":"Feature","geometry":{"type":"Point","coordinates":[4.898863,52.358996]},"properties":{"category":"bus_halte","name":"Frederiksplein","operator":""}},{"type":"Feature","geometry":{"type":"Point","coordinates":[4.899114,52.359926]},"properties":{"category":"bus_halte","name":"Amsterdam, Frederiksplein","operator":""}},{"type":"Feature","geometry":{"type":"Point","coordinates":[4.94051,52.361724]},"properties":{"category":"bus_halte","name":"Molukkenstraat","operator":""}},{"type":"Feature","geometry":{"type":"Point","coordinates":[4.933707,52.361041]},"properties":{"category":"bus_halte","name":"Muiderpoortstation","operator":""}},{"type":"Feature","geometry":{"type":"Point","coordinates":[4.947612,52.364765]},"properties":{"category":"bus_halte","name":"Insulindeweg","operator":""}},{"type":"Feature","geometry":{"type":"Point","coordinates":[4.925058,52.360251]},"properties":{"category":"bus_halte","name":"Wijttenbachstraat","operator":""}},{"type":"Feature","geometry":{"type":"Point","coordinates":[4.931024,52.353395]},"properties":{"category":"bus_halte","name":"Hogeweg","operator":""}},{"type":"Feature","geometry":{"type":"Point","coordinates":[4.910968,52.366731]},"properties":{"category":"bus_halte","name":"Artis","operator":""}},{"type":"Feature","geometry":{"type":"Point","coordinates":[4.915293,52.365236]},"properties":{"category":"bus_halte","name":"Plantage Lepellaan","operator":""}},{"type":"Feature","geometry":{"type":"Point","coordinates":[4.896423,52.366276]},"properties":{"category":"bus_halte","name":"Rembrandtplein","operator":""}},{"type":"Feature","geometry":{"type":"Point","coordinates":[4.896817,52.366211]},"properties":{"category":"bus_halte","name":"Rembrandtplein","operator":""}},{"type":"Feature","geometry":{"type":"Point","coordinates":[4.902261,52.36716]},"properties":{"category":"bus_halte","name":"Waterlooplein","operator":""}},{"type":"Feature","geometry":{"type":"Point","coordinates":[4.901957,52.367003]},"properties":{"category":"bus_halte","name":"Waterlooplein","operator":""}},{"type":"Feature","geometry":{"type":"Point","coordinates":[4.919601,52.363416]},"properties":{"category":"bus_halte","name":"Alexanderplein","operator":""}},{"type":"Feature","geometry":{"type":"Point","coordinates":[4.919374,52.363525]},"properties":{"category":"bus_halte","name":"Alexanderplein","operator":""}},{"type":"Feature","geometry":{"type":"Point","coordinates":[4.923786,52.36219]},"properties":{"category":"bus_halte","name":"Eerste Van Swindenstraat","operator":""}},{"type":"Feature","geometry":{"type":"Point","coordinates":[4.898349,52.363837]},"properties":{"category":"bus_halte","name":"Keizersgracht","operator":""}},{"type":"Feature","geometry":{"type":"Point","coordinates":[4.898264,52.363787]},"properties":{"category":"bus_halte","name":"Keizersgracht","operator":""}},{"type":"Feature","geometry":{"type":"Point","coordinates":[4.870155,52.353205]},"properties":{"category":"bus_halte","name":"Emmastraat","operator":""}},{"type":"Feature","geometry":{"type":"Point","coordinates":[4.878497,52.355524]},"properties":{"category":"bus_halte","name":"Concertgebouw","operator":""}},{"type":"Feature","geometry":{"type":"Point","coordinates":[4.87978,52.356399]},"properties":{"category":"bus_halte","name":"Concertgebouw","operator":""}},{"type":"Feature","geometry":{"type":"Point","coordinates":[4.879671,52.356701]},"properties":{"category":"bus_halte","name":"Concertgebouw","operator":""}},{"type":"Feature","geometry":{"type":"Point","coordinates":[4.882092,52.352624]},"properties":{"category":"bus_halte","name":"Roelof Hartplein","operator":""}},{"type":"Feature","geometry":{"type":"Point","coordinates":[4.881944,52.353291]},"properties":{"category":"bus_halte","name":"Roelof Hartplein","operator":""}},{"type":"Feature","geometry":{"type":"Point","coordinates":[4.814456,52.335488]},"properties":{"category":"bus_halte","name":"Anderlechtlaan","operator":""}},{"type":"Feature","geometry":{"type":"Point","coordinates":[4.81385,52.335361]},"properties":{"category":"bus_halte","name":"Anderlechtlaan","operator":""}},{"type":"Feature","geometry":{"type":"Point","coordinates":[4.838498,52.388553]},"properties":{"category":"bus_halte","name":"Station Sloterdijk","operator":""}},{"type":"Feature","geometry":{"type":"Point","coordinates":[4.877236,52.348817]},"properties":{"category":"bus_halte","name":"Gerrit van der Veenstraat","operator":""}},{"type":"Feature","geometry":{"type":"Point","coordinates":[4.86941,52.322114]},"properties":{"category":"bus_halte","name":"Uilenstede","operator":""}},{"type":"Feature","geometry":{"type":"Point","coordinates":[4.877334,52.349227]},"properties":{"category":"bus_halte","name":"Gerrit van der Veenstraat","operator":""}},{"type":"Feature","geometry":{"type":"Point","coordinates":[4.855111,52.370843]},"properties":{"category":"bus_halte","name":"Marco Polostraat","operator":""}},{"type":"Feature","geometry":{"type":"Point","coordinates":[4.901466,52.344656]},"properties":{"category":"bus_halte","name":"Waalstraat","operator":""}},{"type":"Feature","geometry":{"type":"Point","coordinates":[4.99923,52.35328]},"properties":{"category":"bus_halte","name":"Lumièrestraat","operator":""}},{"type":"Feature","geometry":{"type":"Point","coordinates":[4.994777,52.355657]},"properties":{"category":"bus_halte","name":"Diemerparklaan","operator":""}},{"type":"Feature","geometry":{"type":"Point","coordinates":[4.990389,52.357982]},"properties":{"category":"bus_halte","name":"Vennepluimstraat","operator":""}},{"type":"Feature","geometry":{"type":"Point","coordinates":[4.972552,52.322348]},"properties":{"category":"bus_halte","name":"Station Ganzenhoef","operator":""}},{"type":"Feature","geometry":{"type":"Point","coordinates":[4.95275,52.293783]},"properties":{"category":"bus_halte","name":"Meibergdreef","operator":""}},{"type":"Feature","geometry":{"type":"Point","coordinates":[4.971647,52.32173]},"properties":{"category":"bus_halte","name":"Annie Romeinplein","operator":""}},{"type":"Feature","geometry":{"type":"Point","coordinates":[4.825078,52.346682]},"properties":{"category":"bus_halte","name":"Louwesweg","operator":""}},{"type":"Feature","geometry":{"type":"Point","coordinates":[4.82425,52.346709]},"properties":{"category":"bus_halte","name":"Louwesweg","operator":""}},{"type":"Feature","geometry":{"type":"Point","coordinates":[4.876562,52.374444]},"properties":{"category":"bus_halte","name":"Bloemgracht","operator":""}},{"type":"Feature","geometry":{"type":"Point","coordinates":[4.875806,52.372559]},"properties":{"category":"bus_halte","name":"Rozengracht","operator":""}},{"type":"Feature","geometry":{"type":"Point","coordinates":[4.87942,52.378806]},"properties":{"category":"bus_halte","name":"Marnixplein","operator":""}},{"type":"Feature","geometry":{"type":"Point","coordinates":[4.911335,52.366573]},"properties":{"category":"bus_halte","name":"Artis","operator":""}},{"type":"Feature","geometry":{"type":"Point","coordinates":[4.898992,52.362186]},"properties":{"category":"bus_halte","name":"Prinsengracht","operator":""}},{"type":"Feature","geometry":{"type":"Point","coordinates":[4.898947,52.362016]},"properties":{"category":"bus_halte","name":"Prinsengracht","operator":""}},{"type":"Feature","geometry":{"type":"Point","coordinates":[4.880658,52.364748]},"properties":{"category":"bus_halte","name":"Leidseplein","operator":""}},{"type":"Feature","geometry":{"type":"Point","coordinates":[4.856995,52.378877]},"properties":{"category":"bus_halte","name":"Karel Doormanstraat","operator":""}},{"type":"Feature","geometry":{"type":"Point","coordinates":[4.858513,52.375137]},"properties":{"category":"bus_halte","name":"Jan van Galenstraat","operator":""}},{"type":"Feature","geometry":{"type":"Point","coordinates":[4.857697,52.377353]},"properties":{"category":"bus_halte","name":"De Rijpstraat","operator":""}},{"type":"Feature","geometry":{"type":"Point","coordinates":[4.855254,52.380285]},"properties":{"category":"bus_halte","name":"Bos en Lommerweg","operator":""}},{"type":"Feature","geometry":{"type":"Point","coordinates":[4.832338,52.373543]},"properties":{"category":"bus_halte","name":"Burgemeester van de Pollstraat","operator":""}},{"type":"Feature","geometry":{"type":"Point","coordinates":[4.881836,52.332158]},"properties":{"category":"bus_halte","name":"Oldengaarde","operator":""}},{"type":"Feature","geometry":{"type":"Point","coordinates":[4.8884,52.332164]},"properties":{"category":"bus_halte","name":"Weerdestein","operator":""}},{"type":"Feature","geometry":{"type":"Point","coordinates":[4.887568,52.334348]},"properties":{"category":"bus_halte","name":"De Boelelaan/De Klencke","operator":""}},{"type":"Feature","geometry":{"type":"Point","coordinates":[4.867509,52.327592]},"properties":{"category":"bus_halte","name":"Radboud","operator":""}},{"type":"Feature","geometry":{"type":"Point","coordinates":[4.859742,52.324981]},"properties":{"category":"bus_halte","name":"Bolestein","operator":""}},{"type":"Feature","geometry":{"type":"Point","coordinates":[4.869901,52.336599]},"properties":{"category":"bus_halte","name":"Benjamin Brittenstraat","operator":""}},{"type":"Feature","geometry":{"type":"Point","coordinates":[4.857584,52.322472]},"properties":{"category":"bus_halte","name":"Kalfjeslaan","operator":""}},{"type":"Feature","geometry":{"type":"Point","coordinates":[4.857409,52.322402]},"properties":{"category":"bus_halte","name":"Kalfjeslaan","operator":""}},{"type":"Feature","geometry":{"type":"Point","coordinates":[4.857364,52.327009]},"properties":{"category":"bus_halte","name":"Amsterdamse Bos","operator":""}},{"type":"Feature","geometry":{"type":"Point","coordinates":[4.805226,52.360354]},"properties":{"category":"bus_halte","name":"Osdorpplein Noord","operator":""}},{"type":"Feature","geometry":{"type":"Point","coordinates":[4.812525,52.344922]},"properties":{"category":"bus_halte","name":"Belgiëplein","operator":""}},{"type":"Feature","geometry":{"type":"Point","coordinates":[5.016322,52.358282]},"properties":{"category":"bus_halte","name":"","operator":""}},{"type":"Feature","geometry":{"type":"Point","coordinates":[4.932644,52.402576]},"properties":{"category":"bus_halte","name":"Station Noord","operator":""}},{"type":"Feature","geometry":{"type":"Point","coordinates":[4.869805,52.335138]},"properties":{"category":"bus_halte","name":"De Boelelaan / Parnassusweg","operator":""}},{"type":"Feature","geometry":{"type":"Point","coordinates":[4.869112,52.334702]},"properties":{"category":"bus_halte","name":"De Boelelaan / VU","operator":""}},{"type":"Feature","geometry":{"type":"Point","coordinates":[4.868596,52.334485]},"properties":{"category":"bus_halte","name":"De Boelelaan / VU","operator":""}},{"type":"Feature","geometry":{"type":"Point","coordinates":[4.883904,52.334871]},"properties":{"category":"bus_halte","name":"Antonio Vivaldistraat","operator":""}},{"type":"Feature","geometry":{"type":"Point","coordinates":[4.891515,52.373576]},"properties":{"category":"bus_halte","name":"Dam","operator":""}},{"type":"Feature","geometry":{"type":"Point","coordinates":[4.804757,52.363148]},"properties":{"category":"bus_halte","name":"Osdorper ban","operator":""}},{"type":"Feature","geometry":{"type":"Point","coordinates":[4.89311,52.366237]},"properties":{"category":"bus_halte","name":"Muntplein","operator":""}},{"type":"Feature","geometry":{"type":"Point","coordinates":[4.860309,52.371463]},"properties":{"category":"bus_halte","name":"Admiraal De Ruijterweg","operator":""}},{"type":"Feature","geometry":{"type":"Point","coordinates":[4.86028,52.371404]},"properties":{"category":"bus_halte","name":"Admiraal De Ruijterweg","operator":""}},{"type":"Feature","geometry":{"type":"Point","coordinates":[4.92265,52.334189]},"properties":{"category":"bus_halte","name":"Daniël Goedkoopstraat","operator":""}},{"type":"Feature","geometry":{"type":"Point","coordinates":[4.900365,52.357932]},"properties":{"category":"bus_halte","name":"Van Woustraat","operator":""}},{"type":"Feature","geometry":{"type":"Point","coordinates":[4.907694,52.361914]},"properties":{"category":"bus_halte","name":"Weesperplein","operator":""}},{"type":"Feature","geometry":{"type":"Point","coordinates":[4.949768,52.294752]},"properties":{"category":"bus_halte","name":"Tafelbergweg","operator":""}},{"type":"Feature","geometry":{"type":"Point","coordinates":[4.948844,52.294009]},"properties":{"category":"bus_halte","name":"Tafelbergweg","operator":""}},{"type":"Feature","geometry":{"type":"Point","coordinates":[4.985069,52.310953]},"properties":{"category":"bus_halte","name":"Gaasperplasstation","operator":""}},{"type":"Feature","geometry":{"type":"Point","coordinates":[4.891334,52.374413]},"properties":{"category":"bus_halte","name":"Dam","operator":""}},{"type":"Feature","geometry":{"type":"Point","coordinates":[4.89145,52.34985]},"properties":{"category":"bus_halte","name":"Van Hilligaertstraat","operator":""}},{"type":"Feature","geometry":{"type":"Point","coordinates":[4.891661,52.374631]},"properties":{"category":"bus_halte","name":"Dam","operator":""}},{"type":"Feature","geometry":{"type":"Point","coordinates":[4.880912,52.358665]},"properties":{"category":"bus_halte","name":"Museumplein","operator":""}},{"type":"Feature","geometry":{"type":"Point","coordinates":[4.868864,52.339295]},"properties":{"category":"bus_halte","name":"Parnassusweg","operator":""}},{"type":"Feature","geometry":{"type":"Point","coordinates":[4.869091,52.331659]},"properties":{"category":"bus_halte","name":"Arent Janszoon Ernststraat","operator":""}},{"type":"Feature","geometry":{"type":"Point","coordinates":[4.855166,52.357469]},"properties":{"category":"bus_halte","name":"Overtoomsesluis","operator":""}},{"type":"Feature","geometry":{"type":"Point","coordinates":[4.855351,52.354969]},"properties":{"category":"bus_halte","name":"Oranje Nassaulaan","operator":""}},{"type":"Feature","geometry":{"type":"Point","coordinates":[4.855375,52.354973]},"properties":{"category":"bus_halte","name":"Oranje Nassaulaan","operator":""}},{"type":"Feature","geometry":{"type":"Point","coordinates":[4.855344,52.355233]},"properties":{"category":"bus_halte","name":"Oranje Nassaulaan","operator":""}},{"type":"Feature","geometry":{"type":"Point","coordinates":[4.907631,52.398315]},"properties":{"category":"bus_halte","name":"Floraweg","operator":""}},{"type":"Feature","geometry":{"type":"Point","coordinates":[5.044617,52.313107]},"properties":{"category":"bus_halte","name":"Leeuwenveldseweg/Station","operator":""}},{"type":"Feature","geometry":{"type":"Point","coordinates":[5.044538,52.312937]},"properties":{"category":"bus_halte","name":"Leeuwenveldseweg/Station","operator":""}},{"type":"Feature","geometry":{"type":"Point","coordinates":[4.90731,52.378237]},"properties":{"category":"bus_halte","name":"DFDS Shuttle-Service, Amsterdam - Newcastle","operator":""}},{"type":"Feature","geometry":{"type":"Point","coordinates":[4.80649,52.376649]},"properties":{"category":"bus_halte","name":"Burgemeester Roellstraat","operator":""}},{"type":"Feature","geometry":{"type":"Point","coordinates":[4.890456,52.336865]},"properties":{"category":"bus_halte","name":"Station RAI","operator":""}},{"type":"Feature","geometry":{"type":"Point","coordinates":[4.879305,52.378817]},"properties":{"category":"bus_halte","name":"Amsterdam, Marnixplein","operator":""}},{"type":"Feature","geometry":{"type":"Point","coordinates":[4.740002,52.410956]},"properties":{"category":"bus_halte","name":"Kaapstadweg","operator":""}},{"type":"Feature","geometry":{"type":"Point","coordinates":[4.740233,52.412341]},"properties":{"category":"bus_halte","name":"Kaapstadweg","operator":""}},{"type":"Feature","geometry":{"type":"Point","coordinates":[4.812451,52.340036]},"properties":{"category":"bus_halte","name":"Anderlechtlaan, tijdelijke halte","operator":""}},{"type":"Feature","geometry":{"type":"Point","coordinates":[4.812032,52.340058]},"properties":{"category":"bus_halte","name":"Anderlechtlaan, tijdelijke halte","operator":""}},{"type":"Feature","geometry":{"type":"Point","coordinates":[4.85754,52.331688]},"properties":{"category":"bus_halte","name":"Koenenkade","operator":""}},{"type":"Feature","geometry":{"type":"Point","coordinates":[4.857323,52.330625]},"properties":{"category":"bus_halte","name":"Koenenkade","operator":""}},{"type":"Feature","geometry":{"type":"Point","coordinates":[4.962475,52.374519]},"properties":{"category":"bus_halte","name":"Amsterdam, Rudolf Nurejevstraat","operator":""}},{"type":"Feature","geometry":{"type":"Point","coordinates":[4.962721,52.374474]},"properties":{"category":"bus_halte","name":"Amsterdam, Rudolf Nurejevstraat","operator":""}},{"type":"Feature","geometry":{"type":"Point","coordinates":[4.985292,52.311316]},"properties":{"category":"bus_halte","name":"Gaasperplasstation","operator":""}},{"type":"Feature","geometry":{"type":"Point","coordinates":[4.920641,52.376524]},"properties":{"category":"bus_halte","name":"Kattenburg","operator":""}},{"type":"Feature","geometry":{"type":"Point","coordinates":[4.813641,52.335411]},"properties":{"category":"bus_halte","name":"Anderlechtlaan","operator":""}},{"type":"Feature","geometry":{"type":"Point","coordinates":[4.893479,52.418193]},"properties":{"category":"bus_halte","name":"Molenwijk","operator":""}},{"type":"Feature","geometry":{"type":"Point","coordinates":[4.893681,52.418007]},"properties":{"category":"bus_halte","name":"Molenwijk","operator":""}},{"type":"Feature","geometry":{"type":"Point","coordinates":[4.893675,52.418051]},"properties":{"category":"bus_halte","name":"Molenwijk","operator":""}},{"type":"Feature","geometry":{"type":"Point","coordinates":[5.018522,52.35591]},"properties":{"category":"bus_halte","name":"Buiteneilandlaan","operator":""}},{"type":"Feature","geometry":{"type":"Point","coordinates":[5.017766,52.355889]},"properties":{"category":"bus_halte","name":"Buiteneilandlaan","operator":""}},{"type":"Feature","geometry":{"type":"Point","coordinates":[5.013692,52.353763]},"properties":{"category":"bus_halte","name":"Centrumeiland","operator":""}},{"type":"Feature","geometry":{"type":"Point","coordinates":[4.856914,52.336925]},"properties":{"category":"bus_halte","name":"Amstelveenseweg","operator":""}},{"type":"Feature","geometry":{"type":"Point","coordinates":[4.881194,52.35897]},"properties":{"category":"bus_halte","name":"Museumplein","operator":""}},{"type":"Feature","geometry":{"type":"Point","coordinates":[4.890077,52.373143]},"properties":{"category":"bus_halte","name":"Dam","operator":""}},{"type":"Feature","geometry":{"type":"Point","coordinates":[4.925086,52.390001]},"properties":{"category":"bus_halte","name":"Merelstraat","operator":""}},{"type":"Feature","geometry":{"type":"Point","coordinates":[4.924897,52.389848]},"properties":{"category":"bus_halte","name":"Merelstraat","operator":""}},{"type":"Feature","geometry":{"type":"Point","coordinates":[4.876276,52.394508]},"properties":{"category":"bus_halte","name":"Haparandaweg","operator":""}},{"type":"Feature","geometry":{"type":"Point","coordinates":[4.875769,52.394603]},"properties":{"category":"bus_halte","name":"Haparandaweg","operator":""}},{"type":"Feature","geometry":{"type":"Point","coordinates":[4.818014,52.375687]},"properties":{"category":"bus_halte","name":"Slotermeerlaan","operator":""}},{"type":"Feature","geometry":{"type":"Point","coordinates":[4.886468,52.365938]},"properties":{"category":"bus_halte","name":"keizersgracht","operator":""}},{"type":"Feature","geometry":{"type":"Point","coordinates":[4.886414,52.365991]},"properties":{"category":"bus_halte","name":"keizersgracht","operator":""}},{"type":"Feature","geometry":{"type":"Point","coordinates":[4.884415,52.365042]},"properties":{"category":"bus_halte","name":"Prinsengracht","operator":""}},{"type":"Feature","geometry":{"type":"Point","coordinates":[4.790126,52.38171]},"properties":{"category":"bus_halte","name":"J.M. den Uylstraat","operator":""}},{"type":"Feature","geometry":{"type":"Point","coordinates":[4.791141,52.381493]},"properties":{"category":"bus_halte","name":"J.M. den Uylstraat","operator":""}},{"type":"Feature","geometry":{"type":"Point","coordinates":[4.856592,52.351788]},"properties":{"category":"bus_halte","name":"Amstelveenseweg","operator":""}},{"type":"Feature","geometry":{"type":"Point","coordinates":[4.905947,52.383393]},"properties":{"category":"bus_halte","name":"Buiksloterwegveer","operator":""}},{"type":"Feature","geometry":{"type":"Point","coordinates":[4.924634,52.388112]},"properties":{"category":"bus_halte","name":"Johan van Hasseltweg","operator":""}},{"type":"Feature","geometry":{"type":"Point","coordinates":[4.940315,52.396809]},"properties":{"category":"bus_halte","name":"Olof Palmeplein","operator":""}},{"type":"Feature","geometry":{"type":"Point","coordinates":[4.984535,52.311301]},"properties":{"category":"bus_halte","name":"Gaasperplasstation","operator":""}},{"type":"Feature","geometry":{"type":"Point","coordinates":[4.983904,52.311284]},"properties":{"category":"bus_halte","name":"Gaasperplasstation","operator":""}},{"type":"Feature","geometry":{"type":"Point","coordinates":[4.890728,52.358635]},"properties":{"category":"bus_halte","name":"","operator":""}},{"type":"Feature","geometry":{"type":"Point","coordinates":[4.936795,52.311104]},"properties":{"category":"bus_halte","name":"De Entree","operator":""}},{"type":"Feature","geometry":{"type":"Point","coordinates":[4.935396,52.310809]},"properties":{"category":"bus_halte","name":"De Entree","operator":""}},{"type":"Feature","geometry":{"type":"Point","coordinates":[4.83879,52.389627]},"properties":{"category":"bus_halte","name":"Amsterdam Sloterdijk","operator":""}},{"type":"Feature","geometry":{"type":"Point","coordinates":[4.877195,52.368641]},"properties":{"category":"bus_halte","name":"Elandsgracht","operator":""}},{"type":"Feature","geometry":{"type":"Point","coordinates":[4.876914,52.369637]},"properties":{"category":"bus_halte","name":"Busstation Elandsgracht","operator":""}},{"type":"Feature","geometry":{"type":"Point","coordinates":[4.876774,52.369602]},"properties":{"category":"bus_halte","name":"Busstation Elandsgracht","operator":""}},{"type":"Feature","geometry":{"type":"Point","coordinates":[4.877218,52.369082]},"properties":{"category":"bus_halte","name":"Busstation Elandsgracht","operator":""}},{"type":"Feature","geometry":{"type":"Point","coordinates":[4.877293,52.369103]},"properties":{"category":"bus_halte","name":"Busstation Elandsgracht","operator":""}},{"type":"Feature","geometry":{"type":"Point","coordinates":[4.872031,52.340878]},"properties":{"category":"bus_halte","name":"Station Zuid","operator":""}},{"type":"Feature","geometry":{"type":"Point","coordinates":[4.918802,52.346193]},"properties":{"category":"bus_halte","name":"Amstelstation","operator":""}},{"type":"Feature","geometry":{"type":"Point","coordinates":[4.832183,52.373722]},"properties":{"category":"bus_halte","name":"Burgemeester van de Pollstraat","operator":""}},{"type":"Feature","geometry":{"type":"Point","coordinates":[5.012262,52.353688]},"properties":{"category":"bus_halte","name":"Centrumeiland","operator":""}},{"type":"Feature","geometry":{"type":"Point","coordinates":[4.8755,52.378588]},"properties":{"category":"bus_halte","name":"Frederik Hendrikplantsoen","operator":""}},{"type":"Feature","geometry":{"type":"Point","coordinates":[4.875192,52.378581]},"properties":{"category":"bus_halte","name":"Frederik Hendrikplantsoen","operator":""}},{"type":"Feature","geometry":{"type":"Point","coordinates":[4.818568,52.374778]},"properties":{"category":"bus_halte","name":"Burgemeester Roëllstraat","operator":""}},{"type":"Feature","geometry":{"type":"Point","coordinates":[4.827931,52.342503]},"properties":{"category":"bus_halte","name":"IBM","operator":""}},{"type":"Feature","geometry":{"type":"Point","coordinates":[4.827765,52.341168]},"properties":{"category":"bus_halte","name":"IBM","operator":""}},{"type":"Feature","geometry":{"type":"Point","coordinates":[4.946013,52.368381]},"properties":{"category":"bus_halte","name":"Cruquiusweg","operator":""}},{"type":"Feature","geometry":{"type":"Point","coordinates":[4.953073,52.368141]},"properties":{"category":"bus_halte","name":"Pigmentstraat","operator":""}},{"type":"Feature","geometry":{"type":"Point","coordinates":[4.946176,52.368429]},"properties":{"category":"bus_halte","name":"Cruquiusweg","operator":""}},{"type":"Feature","geometry":{"type":"Point","coordinates":[4.877468,52.336196]},"properties":{"category":"bus_halte","name":"George Gershwinlaan","operator":""}},{"type":"Feature","geometry":{"type":"Point","coordinates":[4.884459,52.335816]},"properties":{"category":"bus_halte","name":"Antonio Vivaldistraat","operator":""}},{"type":"Feature","geometry":{"type":"Point","coordinates":[4.886271,52.336995]},"properties":{"category":"bus_halte","name":"Domenico Scarlattilaan","operator":""}},{"type":"Feature","geometry":{"type":"Point","coordinates":[4.887543,52.336083]},"properties":{"category":"bus_halte","name":"Barbara Strozzilaan","operator":""}},{"type":"Feature","geometry":{"type":"Point","coordinates":[4.888402,52.33204]},"properties":{"category":"bus_halte","name":"Weerdestein","operator":""}},{"type":"Feature","geometry":{"type":"Point","coordinates":[4.857577,52.338403]},"properties":{"category":"ov_knooppunt","name":"Amstelveenseweg","operator":"GVB"}},{"type":"Feature","geometry":{"type":"Point","coordinates":[4.835294,52.372658]},"properties":{"category":"ov_knooppunt","name":"Jan van Galenstraat","operator":"GVB"}},{"type":"Feature","geometry":{"type":"Point","coordinates":[4.960171,52.297989]},"properties":{"category":"ov_knooppunt","name":"Amsterdam Holendrecht","operator":"Nederlandse Spoorwegen;GVB"}},{"type":"Feature","geometry":{"type":"Point","coordinates":[4.900694,52.379741]},"properties":{"category":"ov_knooppunt","name":"CS IJzijde","operator":"GVB; Connexxion; EBS"}},{"type":"Feature","geometry":{"type":"Point","coordinates":[4.917627,52.331732]},"properties":{"category":"ov_knooppunt","name":"Overamstel","operator":"GVB"}},{"type":"Feature","geometry":{"type":"Point","coordinates":[4.985309,52.31093]},"properties":{"category":"ov_knooppunt","name":"Gaasperplasstation","operator":""}},{"type":"Feature","geometry":{"type":"Point","coordinates":[4.818713,52.32569]},"properties":{"category":"ov_knooppunt","name":"","operator":""}},{"type":"Feature","geometry":{"type":"Point","coordinates":[4.953748,52.384419]},"properties":{"category":"ov_knooppunt","name":"","operator":""}},{"type":"Feature","geometry":{"type":"Point","coordinates":[4.96088,52.38327]},"properties":{"category":"ov_knooppunt","name":"","operator":""}},{"type":"Feature","geometry":{"type":"Point","coordinates":[4.953482,52.38439]},"properties":{"category":"ov_knooppunt","name":"","operator":""}},{"type":"Feature","geometry":{"type":"Point","coordinates":[4.838222,52.379613]},"properties":{"category":"ov_knooppunt","name":"De Vlugtlaan","operator":"GVB"}},{"type":"Feature","geometry":{"type":"Point","coordinates":[4.960755,52.383322]},"properties":{"category":"ov_knooppunt","name":"","operator":""}},{"type":"Feature","geometry":{"type":"Point","coordinates":[4.96206,52.356795]},"properties":{"category":"ov_knooppunt","name":"","operator":""}},{"type":"Feature","geometry":{"type":"Point","coordinates":[4.962203,52.356903]},"properties":{"category":"ov_knooppunt","name":"","operator":""}},{"type":"Feature","geometry":{"type":"Point","coordinates":[4.838106,52.389032]},"properties":{"category":"ov_knooppunt","name":"Amsterdam Sloterdijk","operator":"Nederlandse Spoorwegen"}},{"type":"Feature","geometry":{"type":"Point","coordinates":[4.947088,52.312245]},"properties":{"category":"ov_knooppunt","name":"Amsterdam Bijlmer ArenA","operator":"NS;GVB"}},{"type":"Feature","geometry":{"type":"Point","coordinates":[4.917557,52.346466]},"properties":{"category":"ov_knooppunt","name":"Amsterdam Amstel","operator":"Nederlandse Spoorwegen;GVB"}},{"type":"Feature","geometry":{"type":"Point","coordinates":[4.989013,52.296338]},"properties":{"category":"ov_knooppunt","name":"Gein","operator":"GVB"}},{"type":"Feature","geometry":{"type":"Point","coordinates":[4.974422,52.295648]},"properties":{"category":"ov_knooppunt","name":"Reigersbos","operator":"GVB"}},{"type":"Feature","geometry":{"type":"Point","coordinates":[4.984322,52.311318]},"properties":{"category":"ov_knooppunt","name":"Gaasperplas","operator":"GVB"}},{"type":"Feature","geometry":{"type":"Point","coordinates":[4.97355,52.323079]},"properties":{"category":"ov_knooppunt","name":"Ganzenhoef","operator":"GVB"}},{"type":"Feature","geometry":{"type":"Point","coordinates":[4.979123,52.317031]},"properties":{"category":"ov_knooppunt","name":"Kraaiennest","operator":"GVB"}},{"type":"Feature","geometry":{"type":"Point","coordinates":[4.94634,52.326767]},"properties":{"category":"ov_knooppunt","name":"Venserpolder","operator":"GVB"}},{"type":"Feature","geometry":{"type":"Point","coordinates":[4.890229,52.337035]},"properties":{"category":"ov_knooppunt","name":"Amsterdam RAI","operator":"Nederlandse Spoorwegen"}},{"type":"Feature","geometry":{"type":"Point","coordinates":[4.941356,52.318536]},"properties":{"category":"ov_knooppunt","name":"Strandvliet","operator":"GVB"}},{"type":"Feature","geometry":{"type":"Point","coordinates":[4.952236,52.306611]},"properties":{"category":"ov_knooppunt","name":"Bullewijk","operator":"GVB"}},{"type":"Feature","geometry":{"type":"Point","coordinates":[4.834303,52.352471]},"properties":{"category":"ov_knooppunt","name":"Heemstedestraat","operator":"GVB"}},{"type":"Feature","geometry":{"type":"Point","coordinates":[4.921011,52.339959]},"properties":{"category":"ov_knooppunt","name":"Spaklerweg","operator":"GVB"}},{"type":"Feature","geometry":{"type":"Point","coordinates":[4.912025,52.354462]},"properties":{"category":"ov_knooppunt","name":"Wibautstraat","operator":"GVB"}},{"type":"Feature","geometry":{"type":"Point","coordinates":[4.900879,52.371318]},"properties":{"category":"ov_knooppunt","name":"Nieuwmarkt","operator":"GVB"}},{"type":"Feature","geometry":{"type":"Point","coordinates":[4.834503,52.346403]},"properties":{"category":"ov_knooppunt","name":"Henk Sneevlietweg","operator":"GVB"}},{"type":"Feature","geometry":{"type":"Point","coordinates":[4.834027,52.357837]},"properties":{"category":"ov_knooppunt","name":"Amsterdam Lelylaan","operator":"Nederlandse Spoorwegen;GVB"}},{"type":"Feature","geometry":{"type":"Point","coordinates":[4.850791,52.395171]},"properties":{"category":"ov_knooppunt","name":"Isolatorweg","operator":"GVB"}},{"type":"Feature","geometry":{"type":"Point","coordinates":[4.833961,52.364292]},"properties":{"category":"ov_knooppunt","name":"Postjesweg","operator":"GVB"}},{"type":"Feature","geometry":{"type":"Point","coordinates":[4.89347,52.418129]},"properties":{"category":"ov_knooppunt","name":"Molenwijk","operator":""}},{"type":"Feature","geometry":{"type":"Point","coordinates":[4.900581,52.378901]},"properties":{"category":"ov_knooppunt","name":"Amsterdam Centraal","operator":"NS"}},{"type":"Feature","geometry":{"type":"Point","coordinates":[4.768426,52.384644]},"properties":{"category":"ov_knooppunt","name":"","operator":""}},{"type":"Feature","geometry":{"type":"Point","coordinates":[4.768495,52.384642]},"properties":{"category":"ov_knooppunt","name":"","operator":""}},{"type":"Feature","geometry":{"type":"Point","coordinates":[4.873191,52.338807]},"properties":{"category":"ov_knooppunt","name":"Amsterdam Zuid","operator":"Nederlandse Spoorwegen"}},{"type":"Feature","geometry":{"type":"Point","coordinates":[4.874613,52.339203]},"properties":{"category":"ov_knooppunt","name":"Zuid","operator":"Gemeentelijk Vervoerbedrijf"}},{"type":"Feature","geometry":{"type":"Point","coordinates":[4.838877,52.389016]},"properties":{"category":"ov_knooppunt","name":"Station Sloterdijk","operator":"GVB"}},{"type":"Feature","geometry":{"type":"Point","coordinates":[4.889326,52.337712]},"properties":{"category":"ov_knooppunt","name":"Station RAI","operator":"GVB"}},{"type":"Feature","geometry":{"type":"Point","coordinates":[4.900958,52.377432]},"properties":{"category":"ov_knooppunt","name":"Centraal Station","operator":"GVB"}},{"type":"Feature","geometry":{"type":"Point","coordinates":[4.891473,52.341606]},"properties":{"category":"ov_knooppunt","name":"Europaplein","operator":"Gemeentelijk Vervoerbedrijf"}},{"type":"Feature","geometry":{"type":"Point","coordinates":[4.890693,52.353975]},"properties":{"category":"ov_knooppunt","name":"De Pijp","operator":"GVB"}},{"type":"Feature","geometry":{"type":"Point","coordinates":[4.891165,52.360817]},"properties":{"category":"ov_knooppunt","name":"Vijzelgracht","operator":"GVB"}},{"type":"Feature","geometry":{"type":"Point","coordinates":[4.9187,52.388932]},"properties":{"category":"ov_knooppunt","name":"Noorderpark","operator":"GVB"}},{"type":"Feature","geometry":{"type":"Point","coordinates":[4.932359,52.401993]},"properties":{"category":"ov_knooppunt","name":"Noord","operator":"GVB"}},{"type":"Feature","geometry":{"type":"Point","coordinates":[4.767046,52.384903]},"properties":{"category":"ov_knooppunt","name":"","operator":""}},{"type":"Feature","geometry":{"type":"Point","coordinates":[4.78248,52.388019]},"properties":{"category":"ov_knooppunt","name":"","operator":""}},{"type":"Feature","geometry":{"type":"Point","coordinates":[4.782574,52.387969]},"properties":{"category":"ov_knooppunt","name":"","operator":""}},{"type":"Feature","geometry":{"type":"Point","coordinates":[4.767154,52.384906]},"properties":{"category":"ov_knooppunt","name":"","operator":""}},{"type":"Feature","geometry":{"type":"Point","coordinates":[4.80329,52.385807]},"properties":{"category":"ov_knooppunt","name":"","operator":""}},{"type":"Feature","geometry":{"type":"Point","coordinates":[4.803203,52.385727]},"properties":{"category":"ov_knooppunt","name":"","operator":""}},{"type":"Feature","geometry":{"type":"Point","coordinates":[4.946316,52.310697]},"properties":{"category":"ov_knooppunt","name":"Flixbus","operator":""}},{"type":"Feature","geometry":{"type":"Point","coordinates":[5.044048,52.312207]},"properties":{"category":"ov_knooppunt","name":"Weesp","operator":""}},{"type":"Feature","geometry":{"type":"Point","coordinates":[4.948315,52.352926]},"properties":{"category":"ov_knooppunt","name":"Amsterdam Science Park","operator":""}},{"type":"Feature","geometry":{"type":"Point","coordinates":[4.776225,52.38007]},"properties":{"category":"ov_knooppunt","name":"","operator":""}},{"type":"Feature","geometry":{"type":"Point","coordinates":[4.776072,52.380066]},"properties":{"category":"ov_knooppunt","name":"","operator":""}},{"type":"Feature","geometry":{"type":"Point","coordinates":[4.900906,52.379198]},"properties":{"category":"ov_knooppunt","name":"Centraal Station","operator":"Gemeentelijk Vervoerbedrijf"}},{"type":"Feature","geometry":{"type":"Point","coordinates":[5.00265,52.353156]},"properties":{"category":"ov_knooppunt","name":"","operator":""}},{"type":"Feature","geometry":{"type":"Point","coordinates":[5.002664,52.353213]},"properties":{"category":"ov_knooppunt","name":"","operator":""}},{"type":"Feature","geometry":{"type":"Point","coordinates":[4.89258,52.370597]},"properties":{"category":"ov_knooppunt","name":"Rokin","operator":"Gemeentelijk Vervoerbedrijf"}},{"type":"Feature","geometry":{"type":"Point","coordinates":[4.902464,52.36739]},"properties":{"category":"ov_knooppunt","name":"Waterlooplein","operator":"Gemeentelijk Vervoerbedrijf"}},{"type":"Feature","geometry":{"type":"Point","coordinates":[4.907974,52.361185]},"properties":{"category":"ov_knooppunt","name":"Weesperplein","operator":"Gemeentelijk Vervoerbedrijf"}},{"type":"Feature","geometry":{"type":"Point","coordinates":[4.904889,52.366147]},"properties":{"category":"ov_knooppunt","name":"","operator":""}},{"type":"Feature","geometry":{"type":"Point","coordinates":[4.877114,52.369417]},"properties":{"category":"ov_knooppunt","name":"Busstation Elandsgracht","operator":"Connexxion"}},{"type":"Feature","geometry":{"type":"Point","coordinates":[4.900909,52.377752]},"properties":{"category":"ov_knooppunt","name":"","operator":""}},{"type":"Feature","geometry":{"type":"Point","coordinates":[4.931193,52.360854]},"properties":{"category":"ov_knooppunt","name":"Amsterdam Muiderpoort","operator":""}},{"type":"Feature","geometry":{"type":"Point","coordinates":[4.958972,52.297173]},"properties":{"category":"ov_knooppunt","name":"Busstation Holendrecht","operator":""}},{"type":"Feature","geometry":{"type":"Point","coordinates":[4.821145,52.379106]},"properties":{"category":"gemeentehuis","name":"Stadsdeel Nieuw-West","operator":"Gemeente Amsterdam"}},{"type":"Feature","geometry":{"type":"Point","coordinates":[4.956475,52.316241]},"properties":{"category":"gemeentehuis","name":"Stadsloket Zuidoost","operator":"Gemeente Amsterdam"}},{"type":"Feature","geometry":{"type":"Point","coordinates":[4.930896,52.356747]},"properties":{"category":"gemeentehuis","name":"Stadsloket Oost","operator":"Gemeente Amsterdam"}},{"type":"Feature","geometry":{"type":"Point","coordinates":[4.932977,52.400928]},"properties":{"category":"gemeentehuis","name":"Stadsloket Noord","operator":"Gemeente Amsterdam"}},{"type":"Feature","geometry":{"type":"Point","coordinates":[4.845261,52.378139]},"properties":{"category":"gemeentehuis","name":"Stadsloket West","operator":"Gemeente Amsterdam"}},{"type":"Feature","geometry":{"type":"Point","coordinates":[4.900226,52.367684]},"properties":{"category":"gemeentehuis","name":"Stadsloket Centrum","operator":"Gemeente Amsterdam"}},{"type":"Feature","geometry":{"type":"Point","coordinates":[4.893953,52.340478]},"properties":{"category":"gemeentehuis","name":"Stadsloket Zuid","operator":"Gemeente Amsterdam"}},{"type":"Feature","geometry":{"type":"Point","coordinates":[5.04277,52.306515]},"properties":{"category":"gemeentehuis","name":"Stadsloket Weesp","operator":"Gemeente Amsterdam"}},{"type":"Feature","geometry":{"type":"Point","coordinates":[4.805397,52.358051]},"properties":{"category":"gemeentehuis","name":"Stadsloket Nieuw-West","operator":"Gemeente Amsterdam"}},{"type":"Feature","geometry":{"type":"Point","coordinates":[5.014474,52.308663]},"properties":{"category":"gemeentehuis","name":"Dorpsraad Driemond","operator":""}},{"type":"Feature","geometry":{"type":"Point","coordinates":[4.925002,52.355589]},"properties":{"category":"inzamelpunt","name":"Joe's Garage","operator":""}},{"type":"Feature","geometry":{"type":"Point","coordinates":[4.833456,52.343293]},"properties":{"category":"inzamelpunt","name":"Afvalpunt Henk Sneevlietweg","operator":"Gemeente Amsterdam"}},{"type":"Feature","geometry":{"type":"Point","coordinates":[5.05102,52.312349]},"properties":{"category":"inzamelpunt","name":"GAD scheidingsstation","operator":""}},{"type":"Feature","geometry":{"type":"Point","coordinates":[4.869685,52.413607]},"properties":{"category":"inzamelpunt","name":"Afvalpunt Toetsenbordweg","operator":"Gemeente Amsterdam"}},{"type":"Feature","geometry":{"type":"Point","coordinates":[4.992197,52.378082]},"properties":{"category":"inzamelpunt","name":"","operator":""}},{"type":"Feature","geometry":{"type":"Point","coordinates":[4.903415,52.339907]},"properties":{"category":"inzamelpunt","name":"","operator":""}},{"type":"Feature","geometry":{"type":"Point","coordinates":[4.906571,52.338579]},"properties":{"category":"inzamelpunt","name":"","operator":""}},{"type":"Feature","geometry":{"type":"Point","coordinates":[4.875454,52.384329]},"properties":{"category":"inzamelpunt","name":"Droppie","operator":"Droppie"}},{"type":"Feature","geometry":{"type":"Point","coordinates":[4.893191,52.365709]},"properties":{"category":"inzamelpunt","name":"Statiegeld Retourshop","operator":"Statiegeld Nederland"}},{"type":"Feature","geometry":{"type":"Point","coordinates":[4.820774,52.385908]},"properties":{"category":"inzamelpunt","name":"Afvalpunt Seineweg","operator":""}},{"type":"Feature","geometry":{"type":"Point","coordinates":[4.937347,52.338747]},"properties":{"category":"inzamelpunt","name":"Afvalpunt Rozenburglaan","operator":""}},{"type":"Feature","geometry":{"type":"Point","coordinates":[4.849214,52.404767]},"properties":{"category":"inzamelpunt","name":"","operator":""}},{"type":"Feature","geometry":{"type":"Point","coordinates":[4.866874,52.367135]},"properties":{"category":"inzamelpunt","name":"Inzamel Eiland","operator":""}},{"type":"Feature","geometry":{"type":"Point","coordinates":[4.977716,52.302287]},"properties":{"category":"inzamelpunt","name":"Afvalpunt Meerkerkdreef","operator":""}},{"type":"Feature","geometry":{"type":"Point","coordinates":[4.959432,52.356495]},"properties":{"category":"inzamelpunt","name":"","operator":""}},{"type":"Feature","geometry":{"type":"Point","coordinates":[4.986925,52.310993]},"properties":{"category":"inzamelpunt","name":"","operator":""}},{"type":"Feature","geometry":{"type":"Point","coordinates":[4.971808,52.369747]},"properties":{"category":"inzamelpunt","name":"Afvalpunt Marie Baronlaan","operator":""}},{"type":"Feature","geometry":{"type":"Point","coordinates":[4.970874,52.324298]},"properties":{"category":"inzamelpunt","name":"","operator":"Gemeente Amsterdam"}},{"type":"Feature","geometry":{"type":"Point","coordinates":[4.969759,52.325062]},"properties":{"category":"inzamelpunt","name":"","operator":"Gemeente Amsterdam"}},{"type":"Feature","geometry":{"type":"Point","coordinates":[4.968064,52.323671]},"properties":{"category":"inzamelpunt","name":"","operator":"Gemeente Amsterdam"}},{"type":"Feature","geometry":{"type":"Point","coordinates":[4.968416,52.324441]},"properties":{"category":"inzamelpunt","name":"","operator":"Gemeente Amsterdam"}},{"type":"Feature","geometry":{"type":"Point","coordinates":[4.967922,52.323992]},"properties":{"category":"inzamelpunt","name":"","operator":"Gemeente Amsterdam"}},{"type":"Feature","geometry":{"type":"Point","coordinates":[4.968389,52.323328]},"properties":{"category":"inzamelpunt","name":"","operator":"Gemeente Amsterdam"}},{"type":"Feature","geometry":{"type":"Point","coordinates":[4.969585,52.323129]},"properties":{"category":"inzamelpunt","name":"","operator":"Gemeente Amsterdam"}},{"type":"Feature","geometry":{"type":"Point","coordinates":[4.970087,52.322402]},"properties":{"category":"inzamelpunt","name":"","operator":"Gemeente Amsterdam"}},{"type":"Feature","geometry":{"type":"Point","coordinates":[4.970338,52.322932]},"properties":{"category":"inzamelpunt","name":"","operator":"Gemeente Amsterdam"}},{"type":"Feature","geometry":{"type":"Point","coordinates":[4.966032,52.319804]},"properties":{"category":"inzamelpunt","name":"","operator":"Gemeente Amsterdam"}},{"type":"Feature","geometry":{"type":"Point","coordinates":[4.969297,52.319735]},"properties":{"category":"inzamelpunt","name":"","operator":"Gemeente Amsterdam"}},{"type":"Feature","geometry":{"type":"Point","coordinates":[4.970598,52.319949]},"properties":{"category":"inzamelpunt","name":"","operator":"Gemeente Amsterdam"}},{"type":"Feature","geometry":{"type":"Point","coordinates":[4.970087,52.320532]},"properties":{"category":"inzamelpunt","name":"","operator":"Gemeente Amsterdam"}},{"type":"Feature","geometry":{"type":"Point","coordinates":[4.971477,52.319782]},"properties":{"category":"inzamelpunt","name":"","operator":"Gemeente Amsterdam"}},{"type":"Feature","geometry":{"type":"Point","coordinates":[4.955129,52.298654]},"properties":{"category":"inzamelpunt","name":"","operator":"Gemeente Amsterdam"}},{"type":"Feature","geometry":{"type":"Point","coordinates":[4.953905,52.298233]},"properties":{"category":"inzamelpunt","name":"","operator":"Gemeente Amsterdam"}},{"type":"Feature","geometry":{"type":"Point","coordinates":[4.955214,52.299112]},"properties":{"category":"inzamelpunt","name":"","operator":"Gemeente Amsterdam"}},{"type":"Feature","geometry":{"type":"Point","coordinates":[4.97327,52.322216]},"properties":{"category":"inzamelpunt","name":"","operator":"Gemeente Amsterdam"}},{"type":"Feature","geometry":{"type":"Point","coordinates":[4.977705,52.322119]},"properties":{"category":"inzamelpunt","name":"","operator":"Gemeente Amsterdam"}},{"type":"Feature","geometry":{"type":"Point","coordinates":[4.976393,52.321675]},"properties":{"category":"inzamelpunt","name":"","operator":"Gemeente Amsterdam"}},{"type":"Feature","geometry":{"type":"Point","coordinates":[4.908198,52.376246]},"properties":{"category":"bibliotheek","name":"OBA Oosterdok","operator":"OBA"}},{"type":"Feature","geometry":{"type":"Point","coordinates":[4.855887,52.345285]},"properties":{"category":"bibliotheek","name":"OBA Olympisch Kwartier","operator":"OBA"}},{"type":"Feature","geometry":{"type":"Point","coordinates":[4.882601,52.35261]},"properties":{"category":"bibliotheek","name":"OBA Roelof Hartplein","operator":"OBA"}},{"type":"Feature","geometry":{"type":"Point","coordinates":[4.875945,52.332607]},"properties":{"category":"bibliotheek","name":"OBA Buitenveldert","operator":"OBA"}},{"type":"Feature","geometry":{"type":"Point","coordinates":[4.911444,52.363533]},"properties":{"category":"bibliotheek","name":"LLC","operator":"UvA"}},{"type":"Feature","geometry":{"type":"Point","coordinates":[4.93883,52.364178]},"properties":{"category":"bibliotheek","name":"OBA Javaplein","operator":"OBA"}},{"type":"Feature","geometry":{"type":"Point","coordinates":[4.939385,52.369]},"properties":{"category":"bibliotheek","name":"Internationaal Instituut voor Sociale Geschiedenis","operator":""}},{"type":"Feature","geometry":{"type":"Point","coordinates":[4.80687,52.358922]},"properties":{"category":"bibliotheek","name":"OBA Osdorp","operator":"OBA"}},{"type":"Feature","geometry":{"type":"Point","coordinates":[4.872042,52.379671]},"properties":{"category":"bibliotheek","name":"OBA Staatsliedenbuurt","operator":"OBA"}},{"type":"Feature","geometry":{"type":"Point","coordinates":[4.850232,52.369389]},"properties":{"category":"bibliotheek","name":"OBA Mercatorplein","operator":"OBA"}},{"type":"Feature","geometry":{"type":"Point","coordinates":[4.886316,52.368094]},"properties":{"category":"bibliotheek","name":"NIOD Instituut voor Oorlogs-, Holocaust- en Genocidestudies.","operator":""}},{"type":"Feature","geometry":{"type":"Point","coordinates":[4.894049,52.368575]},"properties":{"category":"bibliotheek","name":"CEDLA Library","operator":"CEDLA"}},{"type":"Feature","geometry":{"type":"Point","coordinates":[4.894934,52.368266]},"properties":{"category":"bibliotheek","name":"Bibliotheek Universiteit van Amsterdam","operator":""}},{"type":"Feature","geometry":{"type":"Point","coordinates":[4.914769,52.365577]},"properties":{"category":"bibliotheek","name":"Artis Bibliotheek","operator":""}},{"type":"Feature","geometry":{"type":"Point","coordinates":[4.868892,52.366904]},"properties":{"category":"bibliotheek","name":"OBA De Hallen","operator":"OBA"}},{"type":"Feature","geometry":{"type":"Point","coordinates":[4.88,52.388909]},"properties":{"category":"bibliotheek","name":"OBA Spaarndammerbuurt","operator":"OBA"}},{"type":"Feature","geometry":{"type":"Point","coordinates":[4.819917,52.378696]},"properties":{"category":"bibliotheek","name":"OBA Slotermeer","operator":"OBA"}},{"type":"Feature","geometry":{"type":"Point","coordinates":[4.802581,52.378028]},"properties":{"category":"bibliotheek","name":"OBA Geuzenveld","operator":"OBA"}},{"type":"Feature","geometry":{"type":"Point","coordinates":[4.851227,52.37877]},"properties":{"category":"bibliotheek","name":"OBA Bos en Lommer","operator":"OBA"}},{"type":"Feature","geometry":{"type":"Point","coordinates":[4.926209,52.358108]},"properties":{"category":"bibliotheek","name":"OBA Linnaeus","operator":"OBA"}},{"type":"Feature","geometry":{"type":"Point","coordinates":[4.943275,52.339934]},"properties":{"category":"bibliotheek","name":"Openbare Leeszaal en Bibliotheek","operator":""}},{"type":"Feature","geometry":{"type":"Point","coordinates":[4.996847,52.356655]},"properties":{"category":"bibliotheek","name":"OBA IJburg","operator":"OBA"}},{"type":"Feature","geometry":{"type":"Point","coordinates":[4.892972,52.417805]},"properties":{"category":"bibliotheek","name":"OBA Molenwijk","operator":"OBA"}},{"type":"Feature","geometry":{"type":"Point","coordinates":[4.916894,52.408096]},"properties":{"category":"bibliotheek","name":"OBA Banne","operator":"OBA"}},{"type":"Feature","geometry":{"type":"Point","coordinates":[5.043243,52.306152]},"properties":{"category":"bibliotheek","name":"OBA Weesp","operator":"OBA"}},{"type":"Feature","geometry":{"type":"Point","coordinates":[4.976459,52.296287]},"properties":{"category":"bibliotheek","name":"OBA Reigersbos","operator":"OBA"}},{"type":"Feature","geometry":{"type":"Point","coordinates":[4.97588,52.322699]},"properties":{"category":"bibliotheek","name":"OBA Ganzenhoef","operator":"OBA"}},{"type":"Feature","geometry":{"type":"Point","coordinates":[4.953581,52.315389]},"properties":{"category":"bibliotheek","name":"OBA Bijlmerplein","operator":"OBA"}},{"type":"Feature","geometry":{"type":"Point","coordinates":[4.836482,52.336291]},"properties":{"category":"bibliotheek","name":"Bieb","operator":""}},{"type":"Feature","geometry":{"type":"Point","coordinates":[4.869478,52.363562]},"properties":{"category":"bibliotheek","name":"Stichting L.A.K.A.","operator":""}},{"type":"Feature","geometry":{"type":"Point","coordinates":[4.954832,52.393115]},"properties":{"category":"bibliotheek","name":"OBA Waterlandplein","operator":"OBA"}},{"type":"Feature","geometry":{"type":"Point","coordinates":[4.911796,52.390937]},"properties":{"category":"bibliotheek","name":"OBA Van der Pek","operator":"OBA"}},{"type":"Feature","geometry":{"type":"Point","coordinates":[4.835058,52.364284]},"properties":{"category":"bibliotheek","name":"OBA Postjesweg","operator":"OBA"}},{"type":"Feature","geometry":{"type":"Point","coordinates":[4.906366,52.353355]},"properties":{"category":"bibliotheek","name":"OBA CC Amstel","operator":"OBA"}},{"type":"Feature","geometry":{"type":"Point","coordinates":[4.867492,52.334556]},"properties":{"category":"bibliotheek","name":"Universiteitsbibliotheek","operator":"Vrije Universiteit Amsterdam"}},{"type":"Feature","geometry":{"type":"Point","coordinates":[4.994281,52.357048]},"properties":{"category":"bibliotheek","name":"FlexBieb","operator":""}},{"type":"Feature","geometry":{"type":"Point","coordinates":[4.959572,52.376414]},"properties":{"category":"bibliotheek","name":"OBA Next Lab Sluisbuurt","operator":"OBA"}},{"type":"Feature","geometry":{"type":"Point","coordinates":[4.904846,52.371847]},"properties":{"category":"bibliotheek","name":"Internet Archive Europe","operator":"Stichting Internet Archive"}},{"type":"Feature","geometry":{"type":"Point","coordinates":[4.854555,52.354161]},"properties":{"category":"bibliotheek","name":"Anarchistische Bibliotheek Amsterdam","operator":"Anarchistische Groep Amsterdam"}},{"type":"Feature","geometry":{"type":"Point","coordinates":[4.885225,52.367615]},"properties":{"category":"bibliotheek","name":"Fotografie Bibliotheek","operator":""}},{"type":"Feature","geometry":{"type":"Point","coordinates":[4.979866,52.316764]},"properties":{"category":"bibliotheek","name":"OBA Next","operator":"Amsterdam"}},{"type":"Feature","geometry":{"type":"Point","coordinates":[4.956917,52.2925]},"properties":{"category":"ziekenhuis","name":"Amsterdam UMC locatie AMC","operator":""}},{"type":"Feature","geometry":{"type":"Point","coordinates":[4.825757,52.35029]},"properties":{"category":"ziekenhuis","name":"Antoni van Leeuwenhoek","operator":""}},{"type":"Feature","geometry":{"type":"Point","coordinates":[4.859926,52.334535]},"properties":{"category":"ziekenhuis","name":"Amsterdam UMC - locatie VUMC","operator":""}},{"type":"Feature","geometry":{"type":"Point","coordinates":[4.915322,52.358151]},"properties":{"category":"ziekenhuis","name":"OLVG, locatie Oost","operator":"Onze Lieve Vrouwe Gasthuis (OLVG)"}},{"type":"Feature","geometry":{"type":"Point","coordinates":[4.921916,52.404648]},"properties":{"category":"ziekenhuis","name":"BovenIJ Ziekenhuis","operator":""}},{"type":"Feature","geometry":{"type":"Point","coordinates":[4.84449,52.370631]},"properties":{"category":"ziekenhuis","name":"Reade (JBI)","operator":""}},{"type":"Feature","geometry":{"type":"Point","coordinates":[4.839731,52.371011]},"properties":{"category":"ziekenhuis","name":"OLVG West","operator":""}},{"type":"Feature","geometry":{"type":"Point","coordinates":[4.948073,52.29521]},"properties":{"category":"transformatorhuisje","name":"","operator":""}},{"type":"Feature","geometry":{"type":"Point","coordinates":[4.947994,52.295285]},"properties":{"category":"transformatorhuisje","name":"","operator":""}},{"type":"Feature","geometry":{"type":"Point","coordinates":[4.94792,52.295373]},"properties":{"category":"transformatorhuisje","name":"","operator":""}},{"type":"Feature","geometry":{"type":"Point","coordinates":[4.813253,52.336726]},"properties":{"category":"transformatorhuisje","name":"","operator":""}},{"type":"Feature","geometry":{"type":"Point","coordinates":[4.813182,52.336816]},"properties":{"category":"transformatorhuisje","name":"","operator":""}},{"type":"Feature","geometry":{"type":"Point","coordinates":[4.884967,52.388647]},"properties":{"category":"transformatorhuisje","name":"9007534","operator":"Liander"}},{"type":"Feature","geometry":{"type":"Point","coordinates":[4.794413,52.356935]},"properties":{"category":"transformatorhuisje","name":"","operator":""}},{"type":"Feature","geometry":{"type":"Point","coordinates":[4.852192,52.348936]},"properties":{"category":"transformatorhuisje","name":"","operator":""}},{"type":"Feature","geometry":{"type":"Point","coordinates":[4.823479,52.346443]},"properties":{"category":"transformatorhuisje","name":"","operator":""}},{"type":"Feature","geometry":{"type":"Point","coordinates":[4.843343,52.345342]},"properties":{"category":"transformatorhuisje","name":"","operator":""}},{"type":"Feature","geometry":{"type":"Point","coordinates":[4.8422,52.346223]},"properties":{"category":"transformatorhuisje","name":"","operator":""}},{"type":"Feature","geometry":{"type":"Point","coordinates":[4.856254,52.346079]},"properties":{"category":"transformatorhuisje","name":"","operator":""}},{"type":"Feature","geometry":{"type":"Point","coordinates":[4.816218,52.348288]},"properties":{"category":"transformatorhuisje","name":"","operator":""}},{"type":"Feature","geometry":{"type":"Point","coordinates":[4.795573,52.354016]},"properties":{"category":"transformatorhuisje","name":"","operator":""}},{"type":"Feature","geometry":{"type":"Point","coordinates":[4.816161,52.35116]},"properties":{"category":"transformatorhuisje","name":"","operator":""}},{"type":"Feature","geometry":{"type":"Point","coordinates":[4.812824,52.389734]},"properties":{"category":"transformatorhuisje","name":"","operator":""}},{"type":"Feature","geometry":{"type":"Point","coordinates":[4.81297,52.389732]},"properties":{"category":"transformatorhuisje","name":"","operator":""}},{"type":"Feature","geometry":{"type":"Point","coordinates":[4.813119,52.389734]},"properties":{"category":"transformatorhuisje","name":"","operator":""}},{"type":"Feature","geometry":{"type":"Point","coordinates":[4.813883,52.389608]},"properties":{"category":"transformatorhuisje","name":"","operator":""}},{"type":"Feature","geometry":{"type":"Point","coordinates":[4.870781,52.399072]},"properties":{"category":"transformatorhuisje","name":"","operator":""}},{"type":"Feature","geometry":{"type":"Point","coordinates":[4.863704,52.394903]},"properties":{"category":"transformatorhuisje","name":"","operator":""}},{"type":"Feature","geometry":{"type":"Point","coordinates":[4.848934,52.40251]},"properties":{"category":"transformatorhuisje","name":"","operator":""}},{"type":"Feature","geometry":{"type":"Point","coordinates":[4.848488,52.402731]},"properties":{"category":"transformatorhuisje","name":"","operator":""}},{"type":"Feature","geometry":{"type":"Point","coordinates":[4.848179,52.402869]},"properties":{"category":"transformatorhuisje","name":"","operator":""}},{"type":"Feature","geometry":{"type":"Point","coordinates":[4.848028,52.402934]},"properties":{"category":"transformatorhuisje","name":"","operator":""}},{"type":"Feature","geometry":{"type":"Point","coordinates":[4.847869,52.403002]},"properties":{"category":"transformatorhuisje","name":"","operator":""}},{"type":"Feature","geometry":{"type":"Point","coordinates":[4.847561,52.403139]},"properties":{"category":"transformatorhuisje","name":"","operator":""}},{"type":"Feature","geometry":{"type":"Point","coordinates":[4.827211,52.400393]},"properties":{"category":"transformatorhuisje","name":"","operator":""}},{"type":"Feature","geometry":{"type":"Point","coordinates":[4.839622,52.395551]},"properties":{"category":"transformatorhuisje","name":"","operator":""}},{"type":"Feature","geometry":{"type":"Point","coordinates":[4.837599,52.402507]},"properties":{"category":"transformatorhuisje","name":"","operator":""}},{"type":"Feature","geometry":{"type":"Point","coordinates":[4.842375,52.399963]},"properties":{"category":"transformatorhuisje","name":"","operator":"Liander"}},{"type":"Feature","geometry":{"type":"Point","coordinates":[4.852124,52.397566]},"properties":{"category":"transformatorhuisje","name":"","operator":""}},{"type":"Feature","geometry":{"type":"Point","coordinates":[4.956461,52.299006]},"properties":{"category":"transformatorhuisje","name":"","operator":"Liander"}},{"type":"Feature","geometry":{"type":"Point","coordinates":[4.950316,52.345185]},"properties":{"category":"transformatorhuisje","name":"","operator":"Liander"}},{"type":"Feature","geometry":{"type":"Point","coordinates":[4.955909,52.355055]},"properties":{"category":"transformatorhuisje","name":"","operator":""}},{"type":"Feature","geometry":{"type":"Point","coordinates":[4.955923,52.355064]},"properties":{"category":"transformatorhuisje","name":"","operator":""}},{"type":"Feature","geometry":{"type":"Point","coordinates":[4.955948,52.355084]},"properties":{"category":"transformatorhuisje","name":"","operator":""}},{"type":"Feature","geometry":{"type":"Point","coordinates":[4.955968,52.355101]},"properties":{"category":"transformatorhuisje","name":"","operator":""}},{"type":"Feature","geometry":{"type":"Point","coordinates":[4.955987,52.355118]},"properties":{"category":"transformatorhuisje","name":"","operator":""}},{"type":"Feature","geometry":{"type":"Point","coordinates":[4.957011,52.354942]},"properties":{"category":"transformatorhuisje","name":"","operator":"Liander"}},{"type":"Feature","geometry":{"type":"Point","coordinates":[4.956984,52.354959]},"properties":{"category":"transformatorhuisje","name":"","operator":"Liander"}},{"type":"Feature","geometry":{"type":"Point","coordinates":[4.956959,52.354975]},"properties":{"category":"transformatorhuisje","name":"","operator":"Liander"}},{"type":"Feature","geometry":{"type":"Point","coordinates":[4.956937,52.354989]},"properties":{"category":"transformatorhuisje","name":"","operator":"Liander"}},{"type":"Feature","geometry":{"type":"Point","coordinates":[4.957099,52.354973]},"properties":{"category":"transformatorhuisje","name":"","operator":"Liander"}},{"type":"Feature","geometry":{"type":"Point","coordinates":[4.958472,52.356147]},"properties":{"category":"transformatorhuisje","name":"","operator":""}},{"type":"Feature","geometry":{"type":"Point","coordinates":[4.950163,52.354671]},"properties":{"category":"transformatorhuisje","name":"","operator":""}},{"type":"Feature","geometry":{"type":"Point","coordinates":[4.95014,52.354686]},"properties":{"category":"transformatorhuisje","name":"","operator":""}},{"type":"Feature","geometry":{"type":"Point","coordinates":[4.949292,52.355233]},"properties":{"category":"transformatorhuisje","name":"","operator":""}},{"type":"Feature","geometry":{"type":"Point","coordinates":[4.817831,52.377569]},"properties":{"category":"transformatorhuisje","name":"","operator":"Liander"}},{"type":"Feature","geometry":{"type":"Point","coordinates":[4.896106,52.422651]},"properties":{"category":"transformatorhuisje","name":"","operator":""}},{"type":"Feature","geometry":{"type":"Point","coordinates":[4.8789,52.39532]},"properties":{"category":"transformatorhuisje","name":"","operator":""}},{"type":"Feature","geometry":{"type":"Point","coordinates":[4.878853,52.395354]},"properties":{"category":"transformatorhuisje","name":"","operator":""}},{"type":"Feature","geometry":{"type":"Point","coordinates":[4.878818,52.395379]},"properties":{"category":"transformatorhuisje","name":"","operator":""}},{"type":"Feature","geometry":{"type":"Point","coordinates":[4.935795,52.398582]},"properties":{"category":"transformatorhuisje","name":"","operator":""}},{"type":"Feature","geometry":{"type":"Point","coordinates":[4.827137,52.355942]},"properties":{"category":"transformatorhuisje","name":"","operator":""}},{"type":"Feature","geometry":{"type":"Point","coordinates":[4.892619,52.402169]},"properties":{"category":"transformatorhuisje","name":"","operator":""}},{"type":"Feature","geometry":{"type":"Point","coordinates":[4.90504,52.38734]},"properties":{"category":"transformatorhuisje","name":"","operator":""}},{"type":"Feature","geometry":{"type":"Point","coordinates":[4.901803,52.386756]},"properties":{"category":"transformatorhuisje","name":"","operator":""}},{"type":"Feature","geometry":{"type":"Point","coordinates":[4.901268,52.386658]},"properties":{"category":"transformatorhuisje","name":"","operator":""}},{"type":"Feature","geometry":{"type":"Point","coordinates":[4.905724,52.386857]},"properties":{"category":"transformatorhuisje","name":"","operator":"Liander"}},{"type":"Feature","geometry":{"type":"Point","coordinates":[4.905713,52.386879]},"properties":{"category":"transformatorhuisje","name":"","operator":"Liander"}},{"type":"Feature","geometry":{"type":"Point","coordinates":[4.903763,52.386268]},"properties":{"category":"transformatorhuisje","name":"","operator":"Liander"}},{"type":"Feature","geometry":{"type":"Point","coordinates":[4.903757,52.38628]},"properties":{"category":"transformatorhuisje","name":"","operator":"Liander"}},{"type":"Feature","geometry":{"type":"Point","coordinates":[4.90137,52.387479]},"properties":{"category":"transformatorhuisje","name":"","operator":""}},{"type":"Feature","geometry":{"type":"Point","coordinates":[4.902184,52.387023]},"properties":{"category":"transformatorhuisje","name":"","operator":"Liander"}},{"type":"Feature","geometry":{"type":"Point","coordinates":[4.902536,52.384241]},"properties":{"category":"transformatorhuisje","name":"","operator":""}},{"type":"Feature","geometry":{"type":"Point","coordinates":[4.902088,52.384013]},"properties":{"category":"transformatorhuisje","name":"","operator":""}},{"type":"Feature","geometry":{"type":"Point","coordinates":[4.90207,52.384029]},"properties":{"category":"transformatorhuisje","name":"","operator":""}},{"type":"Feature","geometry":{"type":"Point","coordinates":[4.902026,52.384028]},"properties":{"category":"transformatorhuisje","name":"","operator":""}},{"type":"Feature","geometry":{"type":"Point","coordinates":[4.917873,52.389989]},"properties":{"category":"transformatorhuisje","name":"","operator":""}},{"type":"Feature","geometry":{"type":"Point","coordinates":[4.888413,52.339438]},"properties":{"category":"transformatorhuisje","name":"","operator":"Liander"}},{"type":"Feature","geometry":{"type":"Point","coordinates":[4.888341,52.339465]},"properties":{"category":"transformatorhuisje","name":"","operator":"Liander"}},{"type":"Feature","geometry":{"type":"Point","coordinates":[4.888377,52.339451]},"properties":{"category":"transformatorhuisje","name":"","operator":"Liander"}},{"type":"Feature","geometry":{"type":"Point","coordinates":[4.888622,52.3394]},"properties":{"category":"transformatorhuisje","name":"","operator":"Liander"}},{"type":"Feature","geometry":{"type":"Point","coordinates":[4.888539,52.339404]},"properties":{"category":"transformatorhuisje","name":"","operator":"Liander"}},{"type":"Feature","geometry":{"type":"Point","coordinates":[4.88858,52.339402]},"properties":{"category":"transformatorhuisje","name":"","operator":"Liander"}},{"type":"Feature","geometry":{"type":"Point","coordinates":[4.888691,52.339396]},"properties":{"category":"transformatorhuisje","name":"","operator":"Liander"}},{"type":"Feature","geometry":{"type":"Point","coordinates":[4.885974,52.339868]},"properties":{"category":"transformatorhuisje","name":"","operator":"Liander"}},{"type":"Feature","geometry":{"type":"Point","coordinates":[4.885895,52.339872]},"properties":{"category":"transformatorhuisje","name":"","operator":"Liander"}},{"type":"Feature","geometry":{"type":"Point","coordinates":[4.885834,52.339875]},"properties":{"category":"transformatorhuisje","name":"","operator":"Liander"}},{"type":"Feature","geometry":{"type":"Point","coordinates":[4.893579,52.340076]},"properties":{"category":"transformatorhuisje","name":"","operator":"Liander"}},{"type":"Feature","geometry":{"type":"Point","coordinates":[4.893575,52.340044]},"properties":{"category":"transformatorhuisje","name":"","operator":"Liander"}},{"type":"Feature","geometry":{"type":"Point","coordinates":[4.893251,52.339709]},"properties":{"category":"transformatorhuisje","name":"","operator":"Liander"}},{"type":"Feature","geometry":{"type":"Point","coordinates":[4.893261,52.33979]},"properties":{"category":"transformatorhuisje","name":"","operator":"Liander"}},{"type":"Feature","geometry":{"type":"Point","coordinates":[4.900931,52.33985]},"properties":{"category":"transformatorhuisje","name":"","operator":"Liander"}},{"type":"Feature","geometry":{"type":"Point","coordinates":[4.895204,52.360651]},"properties":{"category":"transformatorhuisje","name":"","operator":""}},{"type":"Feature","geometry":{"type":"Point","coordinates":[4.895086,52.360664]},"properties":{"category":"transformatorhuisje","name":"","operator":""}},{"type":"Feature","geometry":{"type":"Point","coordinates":[4.894964,52.360678]},"properties":{"category":"transformatorhuisje","name":"","operator":""}},{"type":"Feature","geometry":{"type":"Point","coordinates":[4.91972,52.367518]},"properties":{"category":"transformatorhuisje","name":"","operator":""}},{"type":"Feature","geometry":{"type":"Point","coordinates":[4.919588,52.367567]},"properties":{"category":"transformatorhuisje","name":"","operator":""}},{"type":"Feature","geometry":{"type":"Point","coordinates":[4.919462,52.367613]},"properties":{"category":"transformatorhuisje","name":"","operator":""}},{"type":"Feature","geometry":{"type":"Point","coordinates":[4.841386,52.405944]},"properties":{"category":"transformatorhuisje","name":"","operator":""}},{"type":"Feature","geometry":{"type":"Point","coordinates":[4.792094,52.400156]},"properties":{"category":"transformatorhuisje","name":"","operator":""}},{"type":"Feature","geometry":{"type":"Point","coordinates":[4.793993,52.400835]},"properties":{"category":"transformatorhuisje","name":"","operator":""}},{"type":"Feature","geometry":{"type":"Point","coordinates":[4.793875,52.400836]},"properties":{"category":"transformatorhuisje","name":"","operator":""}},{"type":"Feature","geometry":{"type":"Point","coordinates":[4.875783,52.370565]},"properties":{"category":"transformatorhuisje","name":"","operator":""}},{"type":"Feature","geometry":{"type":"Point","coordinates":[4.875892,52.370597]},"properties":{"category":"transformatorhuisje","name":"","operator":""}},{"type":"Feature","geometry":{"type":"Point","coordinates":[4.876016,52.37063]},"properties":{"category":"transformatorhuisje","name":"","operator":""}},{"type":"Feature","geometry":{"type":"Point","coordinates":[4.888857,52.336448]},"properties":{"category":"transformatorhuisje","name":"","operator":""}},{"type":"Feature","geometry":{"type":"Point","coordinates":[4.88882,52.336449]},"properties":{"category":"transformatorhuisje","name":"","operator":""}},{"type":"Feature","geometry":{"type":"Point","coordinates":[4.888785,52.336449]},"properties":{"category":"transformatorhuisje","name":"","operator":""}},{"type":"Feature","geometry":{"type":"Point","coordinates":[4.888598,52.33614]},"properties":{"category":"transformatorhuisje","name":"","operator":""}},{"type":"Feature","geometry":{"type":"Point","coordinates":[4.8886,52.336233]},"properties":{"category":"transformatorhuisje","name":"","operator":""}},{"type":"Feature","geometry":{"type":"Point","coordinates":[4.888592,52.336333]},"properties":{"category":"transformatorhuisje","name":"","operator":""}},{"type":"Feature","geometry":{"type":"Point","coordinates":[4.888305,52.336501]},"properties":{"category":"transformatorhuisje","name":"","operator":""}},{"type":"Feature","geometry":{"type":"Point","coordinates":[4.888308,52.336398]},"properties":{"category":"transformatorhuisje","name":"","operator":""}},{"type":"Feature","geometry":{"type":"Point","coordinates":[4.888307,52.336306]},"properties":{"category":"transformatorhuisje","name":"","operator":""}},{"type":"Feature","geometry":{"type":"Point","coordinates":[4.813303,52.336649]},"properties":{"category":"transformatorhuisje","name":"","operator":""}},{"type":"Feature","geometry":{"type":"Point","coordinates":[4.901137,52.33991]},"properties":{"category":"transformatorhuisje","name":"","operator":"Liander"}},{"type":"Feature","geometry":{"type":"Point","coordinates":[5.020189,52.351816]},"properties":{"category":"transformatorhuisje","name":"","operator":""}},{"type":"Feature","geometry":{"type":"Point","coordinates":[5.020131,52.351888]},"properties":{"category":"transformatorhuisje","name":"","operator":""}},{"type":"Feature","geometry":{"type":"Point","coordinates":[5.020919,52.352128]},"properties":{"category":"transformatorhuisje","name":"","operator":""}},{"type":"Feature","geometry":{"type":"Point","coordinates":[5.020733,52.352065]},"properties":{"category":"transformatorhuisje","name":"","operator":""}},{"type":"Feature","geometry":{"type":"Point","coordinates":[5.020537,52.352004]},"properties":{"category":"transformatorhuisje","name":"","operator":""}},{"type":"Feature","geometry":{"type":"Point","coordinates":[4.953381,52.303489]},"properties":{"category":"transformatorhuisje","name":"","operator":"Liander"}},{"type":"Feature","geometry":{"type":"Point","coordinates":[4.953796,52.303036]},"properties":{"category":"transformatorhuisje","name":"","operator":""}},{"type":"Feature","geometry":{"type":"Point","coordinates":[4.951551,52.304488]},"properties":{"category":"transformatorhuisje","name":"","operator":"Liander"}},{"type":"Feature","geometry":{"type":"Point","coordinates":[4.951421,52.305254]},"properties":{"category":"transformatorhuisje","name":"","operator":"Liander"}},{"type":"Feature","geometry":{"type":"Point","coordinates":[4.968185,52.324732]},"properties":{"category":"transformatorhuisje","name":"","operator":"Liander"}},{"type":"Feature","geometry":{"type":"Point","coordinates":[4.969603,52.32069]},"properties":{"category":"transformatorhuisje","name":"","operator":"Liander"}},{"type":"Feature","geometry":{"type":"Point","coordinates":[4.829948,52.408]},"properties":{"category":"transformatorhuisje","name":"","operator":""}},{"type":"Feature","geometry":{"type":"Point","coordinates":[4.829807,52.407878]},"properties":{"category":"transformatorhuisje","name":"","operator":""}},{"type":"Feature","geometry":{"type":"Point","coordinates":[4.829666,52.407757]},"properties":{"category":"transformatorhuisje","name":"","operator":""}},{"type":"Feature","geometry":{"type":"Point","coordinates":[4.875067,52.384436]},"properties":{"category":"transformatorhuisje","name":"Peperbus","operator":""}},{"type":"Feature","geometry":{"type":"Point","coordinates":[4.895101,52.356468]},"properties":{"category":"transformatorhuisje","name":"T1785","operator":"Liander"}},{"type":"Feature","geometry":{"type":"Point","coordinates":[4.886813,52.356803]},"properties":{"category":"transformatorhuisje","name":"T1513A","operator":""}},{"type":"Feature","geometry":{"type":"Point","coordinates":[4.886714,52.352427]},"properties":{"category":"transformatorhuisje","name":"T96","operator":""}},{"type":"Feature","geometry":{"type":"Point","coordinates":[4.888734,52.35254]},"properties":{"category":"transformatorhuisje","name":"T533A","operator":""}},{"type":"Feature","geometry":{"type":"Point","coordinates":[4.894168,52.354064]},"properties":{"category":"transformatorhuisje","name":"T498","operator":"Liander"}},{"type":"Feature","geometry":{"type":"Point","coordinates":[4.898249,52.355183]},"properties":{"category":"transformatorhuisje","name":"T370","operator":"Liander"}},{"type":"Feature","geometry":{"type":"Point","coordinates":[4.898798,52.354249]},"properties":{"category":"transformatorhuisje","name":"T144A","operator":"Liander"}},{"type":"Feature","geometry":{"type":"Point","coordinates":[4.888284,52.354123]},"properties":{"category":"transformatorhuisje","name":"T109A","operator":"Liander"}},{"type":"Feature","geometry":{"type":"Point","coordinates":[4.975921,52.323068]},"properties":{"category":"transformatorhuisje","name":"","operator":"Liander"}},{"type":"Feature","geometry":{"type":"Point","coordinates":[4.837997,52.394731]},"properties":{"category":"transformatorhuisje","name":"","operator":""}},{"type":"Feature","geometry":{"type":"Point","coordinates":[4.839069,52.40829]},"properties":{"category":"transformatorhuisje","name":"","operator":""}},{"type":"Feature","geometry":{"type":"Point","coordinates":[4.870678,52.392765]},"properties":{"category":"transformatorhuisje","name":"","operator":""}},{"type":"Feature","geometry":{"type":"Point","coordinates":[4.841275,52.402556]},"properties":{"category":"transformatorhuisje","name":"","operator":""}},{"type":"Feature","geometry":{"type":"Point","coordinates":[4.835941,52.407723]},"properties":{"category":"transformatorhuisje","name":"","operator":""}},{"type":"Feature","geometry":{"type":"Point","coordinates":[4.833836,52.400723]},"properties":{"category":"transformatorhuisje","name":"","operator":""}},{"type":"Feature","geometry":{"type":"Point","coordinates":[4.851697,52.411777]},"properties":{"category":"transformatorhuisje","name":"","operator":""}},{"type":"Feature","geometry":{"type":"Point","coordinates":[4.841341,52.410173]},"properties":{"category":"transformatorhuisje","name":"","operator":""}},{"type":"Feature","geometry":{"type":"Point","coordinates":[4.949678,52.355877]},"properties":{"category":"transformatorhuisje","name":"","operator":""}},{"type":"Feature","geometry":{"type":"Point","coordinates":[4.841811,52.346712]},"properties":{"category":"transformatorhuisje","name":"","operator":""}},{"type":"Feature","geometry":{"type":"Point","coordinates":[4.847866,52.40256]},"properties":{"category":"transformatorhuisje","name":"150 kV Hemweg","operator":""}},{"type":"Feature","geometry":{"type":"Point","coordinates":[4.812407,52.353502]},"properties":{"category":"transformatorhuisje","name":"","operator":""}},{"type":"Feature","geometry":{"type":"Point","coordinates":[4.831601,52.346597]},"properties":{"category":"transformatorhuisje","name":"","operator":""}},{"type":"Feature","geometry":{"type":"Point","coordinates":[4.961802,52.323963]},"properties":{"category":"transformatorhuisje","name":"","operator":"Liander"}},{"type":"Feature","geometry":{"type":"Point","coordinates":[4.828248,52.408066]},"properties":{"category":"transformatorhuisje","name":"","operator":""}},{"type":"Feature","geometry":{"type":"Point","coordinates":[4.83675,52.404567]},"properties":{"category":"transformatorhuisje","name":"","operator":""}},{"type":"Feature","geometry":{"type":"Point","coordinates":[4.829438,52.3922]},"properties":{"category":"transformatorhuisje","name":"","operator":""}},{"type":"Feature","geometry":{"type":"Point","coordinates":[4.830143,52.407636]},"properties":{"category":"transformatorhuisje","name":"","operator":""}},{"type":"Feature","geometry":{"type":"Point","coordinates":[4.835106,52.405903]},"properties":{"category":"transformatorhuisje","name":"","operator":""}},{"type":"Feature","geometry":{"type":"Point","coordinates":[4.839897,52.395744]},"properties":{"category":"transformatorhuisje","name":"","operator":""}},{"type":"Feature","geometry":{"type":"Point","coordinates":[4.84451,52.399636]},"properties":{"category":"transformatorhuisje","name":"","operator":""}},{"type":"Feature","geometry":{"type":"Point","coordinates":[4.83692,52.392696]},"properties":{"category":"transformatorhuisje","name":"","operator":""}},{"type":"Feature","geometry":{"type":"Point","coordinates":[4.838608,52.401429]},"properties":{"category":"transformatorhuisje","name":"","operator":""}},{"type":"Feature","geometry":{"type":"Point","coordinates":[4.83666,52.392552]},"properties":{"category":"transformatorhuisje","name":"","operator":""}},{"type":"Feature","geometry":{"type":"Point","coordinates":[4.845259,52.401011]},"properties":{"category":"transformatorhuisje","name":"","operator":""}},{"type":"Feature","geometry":{"type":"Point","coordinates":[4.839887,52.39802]},"properties":{"category":"transformatorhuisje","name":"","operator":"Liander"}},{"type":"Feature","geometry":{"type":"Point","coordinates":[4.843179,52.400941]},"properties":{"category":"transformatorhuisje","name":"","operator":""}},{"type":"Feature","geometry":{"type":"Point","coordinates":[4.841957,52.401944]},"properties":{"category":"transformatorhuisje","name":"","operator":""}},{"type":"Feature","geometry":{"type":"Point","coordinates":[4.848916,52.397366]},"properties":{"category":"transformatorhuisje","name":"","operator":""}},{"type":"Feature","geometry":{"type":"Point","coordinates":[4.850951,52.395965]},"properties":{"category":"transformatorhuisje","name":"","operator":"Liander"}},{"type":"Feature","geometry":{"type":"Point","coordinates":[4.849804,52.39814]},"properties":{"category":"transformatorhuisje","name":"","operator":""}},{"type":"Feature","geometry":{"type":"Point","coordinates":[4.850527,52.396297]},"properties":{"category":"transformatorhuisje","name":"","operator":""}},{"type":"Feature","geometry":{"type":"Point","coordinates":[4.849736,52.396819]},"properties":{"category":"transformatorhuisje","name":"","operator":""}},{"type":"Feature","geometry":{"type":"Point","coordinates":[4.874538,52.394843]},"properties":{"category":"transformatorhuisje","name":"","operator":""}},{"type":"Feature","geometry":{"type":"Point","coordinates":[4.867105,52.404535]},"properties":{"category":"transformatorhuisje","name":"","operator":""}},{"type":"Feature","geometry":{"type":"Point","coordinates":[4.87585,52.397464]},"properties":{"category":"transformatorhuisje","name":"","operator":""}},{"type":"Feature","geometry":{"type":"Point","coordinates":[4.862547,52.402211]},"properties":{"category":"transformatorhuisje","name":"","operator":""}},{"type":"Feature","geometry":{"type":"Point","coordinates":[4.86498,52.402224]},"properties":{"category":"transformatorhuisje","name":"","operator":""}},{"type":"Feature","geometry":{"type":"Point","coordinates":[4.876752,52.396102]},"properties":{"category":"transformatorhuisje","name":"","operator":""}},{"type":"Feature","geometry":{"type":"Point","coordinates":[4.836422,52.407667]},"properties":{"category":"transformatorhuisje","name":"","operator":""}},{"type":"Feature","geometry":{"type":"Point","coordinates":[4.85412,52.407371]},"properties":{"category":"transformatorhuisje","name":"","operator":""}},{"type":"Feature","geometry":{"type":"Point","coordinates":[4.84838,52.401604]},"properties":{"category":"transformatorhuisje","name":"","operator":""}},{"type":"Feature","geometry":{"type":"Point","coordinates":[4.82858,52.413753]},"properties":{"category":"transformatorhuisje","name":"","operator":""}},{"type":"Feature","geometry":{"type":"Point","coordinates":[4.827574,52.415644]},"properties":{"category":"transformatorhuisje","name":"","operator":""}},{"type":"Feature","geometry":{"type":"Point","coordinates":[4.830086,52.4113]},"properties":{"category":"transformatorhuisje","name":"","operator":""}},{"type":"Feature","geometry":{"type":"Point","coordinates":[4.830312,52.417227]},"properties":{"category":"transformatorhuisje","name":"","operator":""}},{"type":"Feature","geometry":{"type":"Point","coordinates":[4.823701,52.41496]},"properties":{"category":"transformatorhuisje","name":"","operator":""}},{"type":"Feature","geometry":{"type":"Point","coordinates":[4.824208,52.417701]},"properties":{"category":"transformatorhuisje","name":"","operator":""}},{"type":"Feature","geometry":{"type":"Point","coordinates":[4.869691,52.381202]},"properties":{"category":"transformatorhuisje","name":"","operator":"Liander"}},{"type":"Feature","geometry":{"type":"Point","coordinates":[4.868406,52.383116]},"properties":{"category":"transformatorhuisje","name":"","operator":"Liander"}},{"type":"Feature","geometry":{"type":"Point","coordinates":[4.88093,52.384963]},"properties":{"category":"transformatorhuisje","name":"","operator":""}},{"type":"Feature","geometry":{"type":"Point","coordinates":[4.907684,52.341254]},"properties":{"category":"transformatorhuisje","name":"","operator":"Liander"}},{"type":"Feature","geometry":{"type":"Point","coordinates":[4.898039,52.342246]},"properties":{"category":"transformatorhuisje","name":"","operator":"Liander"}},{"type":"Feature","geometry":{"type":"Point","coordinates":[4.893128,52.341091]},"properties":{"category":"transformatorhuisje","name":"","operator":"Liander"}},{"type":"Feature","geometry":{"type":"Point","coordinates":[4.956183,52.366702]},"properties":{"category":"transformatorhuisje","name":"","operator":""}},{"type":"Feature","geometry":{"type":"Point","coordinates":[4.949325,52.352232]},"properties":{"category":"transformatorhuisje","name":"","operator":""}},{"type":"Feature","geometry":{"type":"Point","coordinates":[4.943069,52.349828]},"properties":{"category":"transformatorhuisje","name":"","operator":""}},{"type":"Feature","geometry":{"type":"Point","coordinates":[4.954464,52.358712]},"properties":{"category":"transformatorhuisje","name":"","operator":""}},{"type":"Feature","geometry":{"type":"Point","coordinates":[4.940858,52.347128]},"properties":{"category":"transformatorhuisje","name":"","operator":""}},{"type":"Feature","geometry":{"type":"Point","coordinates":[4.940526,52.34733]},"properties":{"category":"transformatorhuisje","name":"","operator":""}},{"type":"Feature","geometry":{"type":"Point","coordinates":[4.94882,52.34208]},"properties":{"category":"transformatorhuisje","name":"","operator":""}},{"type":"Feature","geometry":{"type":"Point","coordinates":[4.951604,52.342991]},"properties":{"category":"transformatorhuisje","name":"","operator":""}},{"type":"Feature","geometry":{"type":"Point","coordinates":[4.949616,52.344746]},"properties":{"category":"transformatorhuisje","name":"","operator":""}},{"type":"Feature","geometry":{"type":"Point","coordinates":[4.948886,52.344299]},"properties":{"category":"transformatorhuisje","name":"","operator":""}},{"type":"Feature","geometry":{"type":"Point","coordinates":[4.921413,52.346422]},"properties":{"category":"transformatorhuisje","name":"","operator":""}},{"type":"Feature","geometry":{"type":"Point","coordinates":[4.922314,52.345107]},"properties":{"category":"transformatorhuisje","name":"","operator":"Liander"}},{"type":"Feature","geometry":{"type":"Point","coordinates":[4.893957,52.424169]},"properties":{"category":"transformatorhuisje","name":"","operator":""}},{"type":"Feature","geometry":{"type":"Point","coordinates":[4.941596,52.398959]},"properties":{"category":"transformatorhuisje","name":"","operator":""}},{"type":"Feature","geometry":{"type":"Point","coordinates":[4.924625,52.394326]},"properties":{"category":"transformatorhuisje","name":"","operator":"Liander"}},{"type":"Feature","geometry":{"type":"Point","coordinates":[4.992074,52.378293]},"properties":{"category":"transformatorhuisje","name":"","operator":"Liander"}},{"type":"Feature","geometry":{"type":"Point","coordinates":[4.98035,52.37414]},"properties":{"category":"transformatorhuisje","name":"","operator":"Liander"}},{"type":"Feature","geometry":{"type":"Point","coordinates":[5.002525,52.381687]},"properties":{"category":"transformatorhuisje","name":"","operator":"Liander"}},{"type":"Feature","geometry":{"type":"Point","coordinates":[4.949581,52.356238]},"properties":{"category":"transformatorhuisje","name":"","operator":""}},{"type":"Feature","geometry":{"type":"Point","coordinates":[4.956395,52.356862]},"properties":{"category":"transformatorhuisje","name":"","operator":""}},{"type":"Feature","geometry":{"type":"Point","coordinates":[4.962867,52.321175]},"properties":{"category":"transformatorhuisje","name":"","operator":"Liander"}},{"type":"Feature","geometry":{"type":"Point","coordinates":[4.980791,52.326277]},"properties":{"category":"transformatorhuisje","name":"","operator":""}},{"type":"Feature","geometry":{"type":"Point","coordinates":[4.980302,52.326133]},"properties":{"category":"transformatorhuisje","name":"","operator":""}},{"type":"Feature","geometry":{"type":"Point","coordinates":[4.959275,52.30002]},"properties":{"category":"transformatorhuisje","name":"","operator":"Liander"}},{"type":"Feature","geometry":{"type":"Point","coordinates":[4.958537,52.301189]},"properties":{"category":"transformatorhuisje","name":"","operator":"Liander"}},{"type":"Feature","geometry":{"type":"Point","coordinates":[4.950683,52.305002]},"properties":{"category":"transformatorhuisje","name":"","operator":"Liander"}},{"type":"Feature","geometry":{"type":"Point","coordinates":[4.949728,52.305345]},"properties":{"category":"transformatorhuisje","name":"","operator":"Liander"}},{"type":"Feature","geometry":{"type":"Point","coordinates":[4.976581,52.321987]},"properties":{"category":"transformatorhuisje","name":"","operator":"Liander"}},{"type":"Feature","geometry":{"type":"Point","coordinates":[4.87588,52.370525]},"properties":{"category":"transformatorhuisje","name":"Onderstation Marnixstraat","operator":"Liander"}},{"type":"Feature","geometry":{"type":"Point","coordinates":[4.845766,52.376824]},"properties":{"category":"transformatorhuisje","name":"","operator":""}},{"type":"Feature","geometry":{"type":"Point","coordinates":[4.852188,52.351167]},"properties":{"category":"transformatorhuisje","name":"","operator":""}},{"type":"Feature","geometry":{"type":"Point","coordinates":[4.824638,52.346528]},"properties":{"category":"transformatorhuisje","name":"","operator":""}},{"type":"Feature","geometry":{"type":"Point","coordinates":[4.843366,52.345347]},"properties":{"category":"transformatorhuisje","name":"","operator":""}},{"type":"Feature","geometry":{"type":"Point","coordinates":[4.843685,52.339226]},"properties":{"category":"transformatorhuisje","name":"","operator":""}},{"type":"Feature","geometry":{"type":"Point","coordinates":[4.843684,52.339199]},"properties":{"category":"transformatorhuisje","name":"","operator":""}},{"type":"Feature","geometry":{"type":"Point","coordinates":[4.823009,52.415068]},"properties":{"category":"transformatorhuisje","name":"","operator":""}},{"type":"Feature","geometry":{"type":"Point","coordinates":[4.845785,52.345428]},"properties":{"category":"transformatorhuisje","name":"","operator":""}},{"type":"Feature","geometry":{"type":"Point","coordinates":[4.813157,52.389634]},"properties":{"category":"transformatorhuisje","name":"","operator":"Liander"}},{"type":"Feature","geometry":{"type":"Point","coordinates":[4.962954,52.303346]},"properties":{"category":"transformatorhuisje","name":"","operator":"Liander"}},{"type":"Feature","geometry":{"type":"Point","coordinates":[4.876817,52.399667]},"properties":{"category":"transformatorhuisje","name":"","operator":""}},{"type":"Feature","geometry":{"type":"Point","coordinates":[4.87673,52.398168]},"properties":{"category":"transformatorhuisje","name":"","operator":""}},{"type":"Feature","geometry":{"type":"Point","coordinates":[4.876743,52.399842]},"properties":{"category":"transformatorhuisje","name":"","operator":""}},{"type":"Feature","geometry":{"type":"Point","coordinates":[4.883977,52.398761]},"properties":{"category":"transformatorhuisje","name":"","operator":""}},{"type":"Feature","geometry":{"type":"Point","coordinates":[4.880136,52.396304]},"properties":{"category":"transformatorhuisje","name":"","operator":""}},{"type":"Feature","geometry":{"type":"Point","coordinates":[4.876122,52.398126]},"properties":{"category":"transformatorhuisje","name":"","operator":""}},{"type":"Feature","geometry":{"type":"Point","coordinates":[4.873989,52.395579]},"properties":{"category":"transformatorhuisje","name":"","operator":""}},{"type":"Feature","geometry":{"type":"Point","coordinates":[4.873339,52.396951]},"properties":{"category":"transformatorhuisje","name":"","operator":""}},{"type":"Feature","geometry":{"type":"Point","coordinates":[4.871034,52.398633]},"properties":{"category":"transformatorhuisje","name":"","operator":""}},{"type":"Feature","geometry":{"type":"Point","coordinates":[4.871136,52.397374]},"properties":{"category":"transformatorhuisje","name":"","operator":""}},{"type":"Feature","geometry":{"type":"Point","coordinates":[4.871714,52.396582]},"properties":{"category":"transformatorhuisje","name":"","operator":""}},{"type":"Feature","geometry":{"type":"Point","coordinates":[4.872299,52.395808]},"properties":{"category":"transformatorhuisje","name":"","operator":""}},{"type":"Feature","geometry":{"type":"Point","coordinates":[4.864249,52.394536]},"properties":{"category":"transformatorhuisje","name":"","operator":""}},{"type":"Feature","geometry":{"type":"Point","coordinates":[4.864146,52.394595]},"properties":{"category":"transformatorhuisje","name":"","operator":""}},{"type":"Feature","geometry":{"type":"Point","coordinates":[4.869014,52.39434]},"properties":{"category":"transformatorhuisje","name":"","operator":""}},{"type":"Feature","geometry":{"type":"Point","coordinates":[4.867724,52.395436]},"properties":{"category":"transformatorhuisje","name":"","operator":""}},{"type":"Feature","geometry":{"type":"Point","coordinates":[4.875851,52.398939]},"properties":{"category":"transformatorhuisje","name":"","operator":""}},{"type":"Feature","geometry":{"type":"Point","coordinates":[4.862054,52.393343]},"properties":{"category":"transformatorhuisje","name":"","operator":""}},{"type":"Feature","geometry":{"type":"Point","coordinates":[4.862799,52.391669]},"properties":{"category":"transformatorhuisje","name":"","operator":""}},{"type":"Feature","geometry":{"type":"Point","coordinates":[4.854912,52.39977]},"properties":{"category":"transformatorhuisje","name":"","operator":""}},{"type":"Feature","geometry":{"type":"Point","coordinates":[4.853086,52.402671]},"properties":{"category":"transformatorhuisje","name":"","operator":""}},{"type":"Feature","geometry":{"type":"Point","coordinates":[4.859282,52.403852]},"properties":{"category":"transformatorhuisje","name":"","operator":""}},{"type":"Feature","geometry":{"type":"Point","coordinates":[4.855697,52.405037]},"properties":{"category":"transformatorhuisje","name":"","operator":""}},{"type":"Feature","geometry":{"type":"Point","coordinates":[4.861018,52.404213]},"properties":{"category":"transformatorhuisje","name":"","operator":""}},{"type":"Feature","geometry":{"type":"Point","coordinates":[4.86402,52.403369]},"properties":{"category":"transformatorhuisje","name":"","operator":""}},{"type":"Feature","geometry":{"type":"Point","coordinates":[4.866428,52.403812]},"properties":{"category":"transformatorhuisje","name":"","operator":""}},{"type":"Feature","geometry":{"type":"Point","coordinates":[4.86865,52.403087]},"properties":{"category":"transformatorhuisje","name":"","operator":""}},{"type":"Feature","geometry":{"type":"Point","coordinates":[4.860576,52.411458]},"properties":{"category":"transformatorhuisje","name":"","operator":""}},{"type":"Feature","geometry":{"type":"Point","coordinates":[4.852846,52.404905]},"properties":{"category":"transformatorhuisje","name":"","operator":""}},{"type":"Feature","geometry":{"type":"Point","coordinates":[4.852923,52.404993]},"properties":{"category":"transformatorhuisje","name":"","operator":""}},{"type":"Feature","geometry":{"type":"Point","coordinates":[4.828251,52.413695]},"properties":{"category":"transformatorhuisje","name":"","operator":"ICOVA"}},{"type":"Feature","geometry":{"type":"Point","coordinates":[4.834042,52.416778]},"properties":{"category":"transformatorhuisje","name":"","operator":""}},{"type":"Feature","geometry":{"type":"Point","coordinates":[4.835478,52.416754]},"properties":{"category":"transformatorhuisje","name":"","operator":"Liander"}},{"type":"Feature","geometry":{"type":"Point","coordinates":[4.824876,52.417079]},"properties":{"category":"transformatorhuisje","name":"","operator":""}},{"type":"Feature","geometry":{"type":"Point","coordinates":[4.82229,52.418194]},"properties":{"category":"transformatorhuisje","name":"","operator":""}},{"type":"Feature","geometry":{"type":"Point","coordinates":[4.829171,52.408495]},"properties":{"category":"transformatorhuisje","name":"","operator":""}},{"type":"Feature","geometry":{"type":"Point","coordinates":[4.83583,52.400723]},"properties":{"category":"transformatorhuisje","name":"","operator":""}},{"type":"Feature","geometry":{"type":"Point","coordinates":[4.832606,52.400548]},"properties":{"category":"transformatorhuisje","name":"","operator":""}},{"type":"Feature","geometry":{"type":"Point","coordinates":[4.835975,52.39903]},"properties":{"category":"transformatorhuisje","name":"","operator":""}},{"type":"Feature","geometry":{"type":"Point","coordinates":[4.836685,52.392423]},"properties":{"category":"transformatorhuisje","name":"","operator":""}},{"type":"Feature","geometry":{"type":"Point","coordinates":[4.83773,52.394467]},"properties":{"category":"transformatorhuisje","name":"","operator":""}},{"type":"Feature","geometry":{"type":"Point","coordinates":[4.838865,52.395307]},"properties":{"category":"transformatorhuisje","name":"","operator":""}},{"type":"Feature","geometry":{"type":"Point","coordinates":[4.839123,52.395556]},"properties":{"category":"transformatorhuisje","name":"","operator":""}},{"type":"Feature","geometry":{"type":"Point","coordinates":[4.840328,52.399915]},"properties":{"category":"transformatorhuisje","name":"","operator":""}},{"type":"Feature","geometry":{"type":"Point","coordinates":[4.837344,52.398444]},"properties":{"category":"transformatorhuisje","name":"","operator":""}},{"type":"Feature","geometry":{"type":"Point","coordinates":[4.842088,52.400106]},"properties":{"category":"transformatorhuisje","name":"","operator":""}},{"type":"Feature","geometry":{"type":"Point","coordinates":[4.965739,52.315034]},"properties":{"category":"transformatorhuisje","name":"","operator":"Vattenvall"}},{"type":"Feature","geometry":{"type":"Point","coordinates":[4.919143,52.346566]},"properties":{"category":"transformatorhuisje","name":"","operator":"Liander"}},{"type":"Feature","geometry":{"type":"Point","coordinates":[4.8429,52.400662]},"properties":{"category":"transformatorhuisje","name":"","operator":""}},{"type":"Feature","geometry":{"type":"Point","coordinates":[4.848346,52.398522]},"properties":{"category":"transformatorhuisje","name":"","operator":""}},{"type":"Feature","geometry":{"type":"Point","coordinates":[4.968634,52.312197]},"properties":{"category":"transformatorhuisje","name":"","operator":"Liander"}},{"type":"Feature","geometry":{"type":"Point","coordinates":[4.834896,52.3961]},"properties":{"category":"transformatorhuisje","name":"","operator":""}},{"type":"Feature","geometry":{"type":"Point","coordinates":[4.92553,52.349574]},"properties":{"category":"transformatorhuisje","name":"","operator":"Liander"}},{"type":"Feature","geometry":{"type":"Point","coordinates":[4.952039,52.347908]},"properties":{"category":"transformatorhuisje","name":"","operator":""}},{"type":"Feature","geometry":{"type":"Point","coordinates":[4.948333,52.352179]},"properties":{"category":"transformatorhuisje","name":"","operator":""}},{"type":"Feature","geometry":{"type":"Point","coordinates":[4.947322,52.350459]},"properties":{"category":"transformatorhuisje","name":"","operator":""}},{"type":"Feature","geometry":{"type":"Point","coordinates":[4.956693,52.299317]},"properties":{"category":"transformatorhuisje","name":"","operator":"Liander"}},{"type":"Feature","geometry":{"type":"Point","coordinates":[4.945031,52.350986]},"properties":{"category":"transformatorhuisje","name":"","operator":""}},{"type":"Feature","geometry":{"type":"Point","coordinates":[4.939116,52.339793]},"properties":{"category":"transformatorhuisje","name":"","operator":""}},{"type":"Feature","geometry":{"type":"Point","coordinates":[4.971171,52.315309]},"properties":{"category":"transformatorhuisje","name":"","operator":""}},{"type":"Feature","geometry":{"type":"Point","coordinates":[4.95434,52.356624]},"properties":{"category":"transformatorhuisje","name":"","operator":""}},{"type":"Feature","geometry":{"type":"Point","coordinates":[4.9485,52.357028]},"properties":{"category":"transformatorhuisje","name":"","operator":""}},{"type":"Feature","geometry":{"type":"Point","coordinates":[4.94095,52.357107]},"properties":{"category":"transformatorhuisje","name":"","operator":""}},{"type":"Feature","geometry":{"type":"Point","coordinates":[4.964387,52.35525]},"properties":{"category":"transformatorhuisje","name":"","operator":""}},{"type":"Feature","geometry":{"type":"Point","coordinates":[4.959772,52.354397]},"properties":{"category":"transformatorhuisje","name":"","operator":""}},{"type":"Feature","geometry":{"type":"Point","coordinates":[4.957783,52.353994]},"properties":{"category":"transformatorhuisje","name":"","operator":""}},{"type":"Feature","geometry":{"type":"Point","coordinates":[4.954738,52.36609]},"properties":{"category":"transformatorhuisje","name":"","operator":""}},{"type":"Feature","geometry":{"type":"Point","coordinates":[4.95644,52.366903]},"properties":{"category":"transformatorhuisje","name":"","operator":""}},{"type":"Feature","geometry":{"type":"Point","coordinates":[4.982983,52.313417]},"properties":{"category":"transformatorhuisje","name":"","operator":""}},{"type":"Feature","geometry":{"type":"Point","coordinates":[4.986892,52.313937]},"properties":{"category":"transformatorhuisje","name":"","operator":""}},{"type":"Feature","geometry":{"type":"Point","coordinates":[4.893181,52.42085]},"properties":{"category":"transformatorhuisje","name":"","operator":"Liander"}},{"type":"Feature","geometry":{"type":"Point","coordinates":[4.901142,52.419214]},"properties":{"category":"transformatorhuisje","name":"","operator":""}},{"type":"Feature","geometry":{"type":"Point","coordinates":[4.912622,52.340807]},"properties":{"category":"transformatorhuisje","name":"","operator":"Liander"}},{"type":"Feature","geometry":{"type":"Point","coordinates":[4.926962,52.39909]},"properties":{"category":"transformatorhuisje","name":"","operator":""}},{"type":"Feature","geometry":{"type":"Point","coordinates":[4.940706,52.397316]},"properties":{"category":"transformatorhuisje","name":"","operator":""}},{"type":"Feature","geometry":{"type":"Point","coordinates":[4.957798,52.353985]},"properties":{"category":"transformatorhuisje","name":"","operator":""}},{"type":"Feature","geometry":{"type":"Point","coordinates":[4.957821,52.353967]},"properties":{"category":"transformatorhuisje","name":"","operator":""}},{"type":"Feature","geometry":{"type":"Point","coordinates":[4.811227,52.345592]},"properties":{"category":"transformatorhuisje","name":"","operator":""}},{"type":"Feature","geometry":{"type":"Point","coordinates":[4.843154,52.344491]},"properties":{"category":"transformatorhuisje","name":"","operator":""}},{"type":"Feature","geometry":{"type":"Point","coordinates":[4.822048,52.346832]},"properties":{"category":"transformatorhuisje","name":"","operator":""}},{"type":"Feature","geometry":{"type":"Point","coordinates":[4.797435,52.35758]},"properties":{"category":"transformatorhuisje","name":"","operator":""}},{"type":"Feature","geometry":{"type":"Point","coordinates":[4.772945,52.356019]},"properties":{"category":"transformatorhuisje","name":"","operator":""}},{"type":"Feature","geometry":{"type":"Point","coordinates":[4.772906,52.356035]},"properties":{"category":"transformatorhuisje","name":"","operator":""}},{"type":"Feature","geometry":{"type":"Point","coordinates":[4.794287,52.341639]},"properties":{"category":"transformatorhuisje","name":"","operator":""}},{"type":"Feature","geometry":{"type":"Point","coordinates":[5.013265,52.354083]},"properties":{"category":"transformatorhuisje","name":"","operator":"Liander"}},{"type":"Feature","geometry":{"type":"Point","coordinates":[4.929263,52.395098]},"properties":{"category":"transformatorhuisje","name":"","operator":""}},{"type":"Feature","geometry":{"type":"Point","coordinates":[4.903495,52.386097]},"properties":{"category":"transformatorhuisje","name":"","operator":""}},{"type":"Feature","geometry":{"type":"Point","coordinates":[4.90331,52.388363]},"properties":{"category":"transformatorhuisje","name":"","operator":""}},{"type":"Feature","geometry":{"type":"Point","coordinates":[4.903444,52.384356]},"properties":{"category":"transformatorhuisje","name":"","operator":""}},{"type":"Feature","geometry":{"type":"Point","coordinates":[4.90323,52.384415]},"properties":{"category":"transformatorhuisje","name":"","operator":""}},{"type":"Feature","geometry":{"type":"Point","coordinates":[4.905804,52.383733]},"properties":{"category":"transformatorhuisje","name":"","operator":""}},{"type":"Feature","geometry":{"type":"Point","coordinates":[4.915407,52.386889]},"properties":{"category":"transformatorhuisje","name":"","operator":""}},{"type":"Feature","geometry":{"type":"Point","coordinates":[4.925719,52.392905]},"properties":{"category":"transformatorhuisje","name":"","operator":""}},{"type":"Feature","geometry":{"type":"Point","coordinates":[4.963684,52.375993]},"properties":{"category":"transformatorhuisje","name":"","operator":""}},{"type":"Feature","geometry":{"type":"Point","coordinates":[4.842516,52.345359]},"properties":{"category":"transformatorhuisje","name":"","operator":""}},{"type":"Feature","geometry":{"type":"Point","coordinates":[4.888784,52.336225]},"properties":{"category":"transformatorhuisje","name":"20kV Zorgvlied","operator":"TenneT"}},{"type":"Feature","geometry":{"type":"Point","coordinates":[4.90245,52.339736]},"properties":{"category":"transformatorhuisje","name":"","operator":""}},{"type":"Feature","geometry":{"type":"Point","coordinates":[4.900696,52.339171]},"properties":{"category":"transformatorhuisje","name":"","operator":"Liander"}},{"type":"Feature","geometry":{"type":"Point","coordinates":[4.904585,52.339951]},"properties":{"category":"transformatorhuisje","name":"","operator":"Liander"}},{"type":"Feature","geometry":{"type":"Point","coordinates":[4.913708,52.341888]},"properties":{"category":"transformatorhuisje","name":"","operator":"Liander"}},{"type":"Feature","geometry":{"type":"Point","coordinates":[4.901031,52.340963]},"properties":{"category":"transformatorhuisje","name":"","operator":"Liander"}},{"type":"Feature","geometry":{"type":"Point","coordinates":[4.928622,52.340463]},"properties":{"category":"transformatorhuisje","name":"","operator":"Liander"}},{"type":"Feature","geometry":{"type":"Point","coordinates":[4.922758,52.342267]},"properties":{"category":"transformatorhuisje","name":"Weesperzijde 286 f0","operator":"Liander"}},{"type":"Feature","geometry":{"type":"Point","coordinates":[4.919543,52.343455]},"properties":{"category":"transformatorhuisje","name":"","operator":""}},{"type":"Feature","geometry":{"type":"Point","coordinates":[4.955014,52.32346]},"properties":{"category":"transformatorhuisje","name":"","operator":"Liander"}},{"type":"Feature","geometry":{"type":"Point","coordinates":[4.958716,52.321334]},"properties":{"category":"transformatorhuisje","name":"","operator":"Liander"}},{"type":"Feature","geometry":{"type":"Point","coordinates":[4.95538,52.355496]},"properties":{"category":"transformatorhuisje","name":"","operator":"Liander"}},{"type":"Feature","geometry":{"type":"Point","coordinates":[4.948297,52.304427]},"properties":{"category":"transformatorhuisje","name":"","operator":"Liander"}},{"type":"Feature","geometry":{"type":"Point","coordinates":[4.966241,52.325472]},"properties":{"category":"transformatorhuisje","name":"","operator":"Liander"}},{"type":"Feature","geometry":{"type":"Point","coordinates":[4.959329,52.32373]},"properties":{"category":"transformatorhuisje","name":"","operator":"Liander"}},{"type":"Feature","geometry":{"type":"Point","coordinates":[4.971741,52.323665]},"properties":{"category":"transformatorhuisje","name":"","operator":"Liander"}},{"type":"Feature","geometry":{"type":"Point","coordinates":[4.954993,52.299722]},"properties":{"category":"transformatorhuisje","name":"","operator":"Liander"}},{"type":"Feature","geometry":{"type":"Point","coordinates":[4.972784,52.320613]},"properties":{"category":"transformatorhuisje","name":"","operator":"Liander"}},{"type":"Feature","geometry":{"type":"Point","coordinates":[4.954773,52.296994]},"properties":{"category":"transformatorhuisje","name":"","operator":"Liander"}},{"type":"Feature","geometry":{"type":"Point","coordinates":[4.954904,52.299187]},"properties":{"category":"transformatorhuisje","name":"","operator":""}},{"type":"Feature","geometry":{"type":"Point","coordinates":[4.973583,52.321948]},"properties":{"category":"transformatorhuisje","name":"","operator":"Liander"}},{"type":"Feature","geometry":{"type":"Point","coordinates":[4.978495,52.376169]},"properties":{"category":"transformatorhuisje","name":"","operator":"Liander"}},{"type":"Feature","geometry":{"type":"Point","coordinates":[5.012526,52.384367]},"properties":{"category":"transformatorhuisje","name":"","operator":"Liander"}},{"type":"Feature","geometry":{"type":"Point","coordinates":[5.002318,52.386769]},"properties":{"category":"transformatorhuisje","name":"","operator":"Liander"}},{"type":"Feature","geometry":{"type":"Point","coordinates":[4.911543,52.363773]},"properties":{"category":"universiteit","name":"UvA Faculteit der Economische Wetenschappen en Econometrie","operator":"Universiteit van Amsterdam"}},{"type":"Feature","geometry":{"type":"Point","coordinates":[4.889688,52.368593]},"properties":{"category":"universiteit","name":"Spui25","operator":""}},{"type":"Feature","geometry":{"type":"Point","coordinates":[4.91235,52.364207]},"properties":{"category":"universiteit","name":"Ruimtelijke Wetenschappen (FMG)","operator":"Universiteit van Amsterdam"}},{"type":"Feature","geometry":{"type":"Point","coordinates":[4.890201,52.368585]},"properties":{"category":"universiteit","name":"Universiteit van Amsterdam","operator":"Universiteit van Amsterdam"}},{"type":"Feature","geometry":{"type":"Point","coordinates":[4.91168,52.362704]},"properties":{"category":"universiteit","name":"UvA Faculteit der Maatschappij-en Gedragswetenschappen","operator":"Universiteit van Amsterdam"}},{"type":"Feature","geometry":{"type":"Point","coordinates":[4.889187,52.368281]},"properties":{"category":"universiteit","name":"Aula UvA","operator":""}},{"type":"Feature","geometry":{"type":"Point","coordinates":[4.901968,52.369569]},"properties":{"category":"universiteit","name":"Amsterdamse Hogeschool voor de Kunsten","operator":""}},{"type":"Feature","geometry":{"type":"Point","coordinates":[4.905577,52.368389]},"properties":{"category":"universiteit","name":"Nederlandse Film en Televisie Academie","operator":""}},{"type":"Feature","geometry":{"type":"Point","coordinates":[4.836886,52.367488]},"properties":{"category":"universiteit","name":"IPABO","operator":""}},{"type":"Feature","geometry":{"type":"Point","coordinates":[4.95109,52.354977]},"properties":{"category":"universiteit","name":"Amsterdam University College","operator":""}},{"type":"Feature","geometry":{"type":"Point","coordinates":[4.867898,52.334495]},"properties":{"category":"universiteit","name":"Protestantse Theologische Universiteit","operator":""}},{"type":"Feature","geometry":{"type":"Point","coordinates":[4.864918,52.334721]},"properties":{"category":"universiteit","name":"Open Universiteit","operator":""}},{"type":"Feature","geometry":{"type":"Point","coordinates":[4.960017,52.37623]},"properties":{"category":"universiteit","name":"Hogeschool Inholland Amsterdam","operator":"Hogeschool Inholland"}},{"type":"Feature","geometry":{"type":"Point","coordinates":[4.902839,52.384277]},"properties":{"category":"universiteit","name":"Breitner Academie","operator":"Amsterdamse Hogeschool voor de Kunsten"}},{"type":"Feature","geometry":{"type":"Point","coordinates":[4.893177,52.344582]},"properties":{"category":"universiteit","name":"Mediacollege Amsterdam","operator":""}},{"type":"Feature","geometry":{"type":"Point","coordinates":[4.95532,52.354451]},"properties":{"category":"universiteit","name":"Science Park Amsterdam","operator":""}},{"type":"Feature","geometry":{"type":"Point","coordinates":[4.913226,52.363765]},"properties":{"category":"universiteit","name":"Roeterseiland (UvA)","operator":"Universiteit van Amsterdam"}},{"type":"Feature","geometry":{"type":"Point","coordinates":[4.914738,52.364067]},"properties":{"category":"universiteit","name":"P","operator":""}},{"type":"Feature","geometry":{"type":"Point","coordinates":[4.889706,52.373851]},"properties":{"category":"universiteit","name":"UvA PC Hoofthuis","operator":""}},{"type":"Feature","geometry":{"type":"Point","coordinates":[4.894414,52.368704]},"properties":{"category":"universiteit","name":"UvA Binnengasthuisterrein","operator":"Universiteit van Amsterdam"}},{"type":"Feature","geometry":{"type":"Point","coordinates":[4.889793,52.368143]},"properties":{"category":"universiteit","name":"Universiteit van Amsterdam","operator":""}},{"type":"Feature","geometry":{"type":"Point","coordinates":[4.806142,52.367938]},"properties":{"category":"universiteit","name":"Hogeschool van Amsterdam (BSV)","operator":""}},{"type":"Feature","geometry":{"type":"Point","coordinates":[4.951259,52.355006]},"properties":{"category":"universiteit","name":"","operator":""}},{"type":"Feature","geometry":{"type":"Point","coordinates":[4.885433,52.370768]},"properties":{"category":"universiteit","name":"Nyenrode Business Universiteit","operator":""}},{"type":"Feature","geometry":{"type":"Point","coordinates":[4.89631,52.369603]},"properties":{"category":"universiteit","name":"UvA Oudemanhuispoort","operator":"Universiteit van Amsterdam"}},{"type":"Feature","geometry":{"type":"Point","coordinates":[4.864135,52.334551]},"properties":{"category":"universiteit","name":"Vrije Universiteit Amsterdam","operator":""}},{"type":"Feature","geometry":{"type":"Point","coordinates":[4.90955,52.359282]},"properties":{"category":"universiteit","name":"Amstelcampus","operator":"Hogeschool van Amsterdam"}},{"type":"Feature","geometry":{"type":"Point","coordinates":[4.864868,52.334556]},"properties":{"category":"hogeschool","name":"Amstel Academie","operator":""}},{"type":"Feature","geometry":{"type":"Point","coordinates":[4.887929,52.3682]},"properties":{"category":"hogeschool","name":"Art of Colors Makeup Artist School","operator":""}},{"type":"Feature","geometry":{"type":"Point","coordinates":[4.887734,52.367399]},"properties":{"category":"hogeschool","name":"Amsterdam Film School","operator":""}},{"type":"Feature","geometry":{"type":"Point","coordinates":[4.901658,52.369605]},"properties":{"category":"hogeschool","name":"Academie voor Theater en Dans","operator":""}},{"type":"Feature","geometry":{"type":"Point","coordinates":[4.827374,52.383767]},"properties":{"category":"hogeschool","name":"Koninklijke Visio Onderwijs Amsterdam","operator":"Visio"}},{"type":"Feature","geometry":{"type":"Point","coordinates":[4.840882,52.349486]},"properties":{"category":"hogeschool","name":"Wackers Academie","operator":""}},{"type":"Feature","geometry":{"type":"Point","coordinates":[4.864043,52.360591]},"properties":{"category":"hogeschool","name":"Wackers Academie","operator":""}},{"type":"Feature","geometry":{"type":"Point","coordinates":[4.894654,52.357685]},"properties":{"category":"hogeschool","name":"De Ateliers","operator":""}},{"type":"Feature","geometry":{"type":"Point","coordinates":[4.931225,52.401649]},"properties":{"category":"hogeschool","name":"MBO College Noord","operator":"ROC van Amsterdam"}},{"type":"Feature","geometry":{"type":"Point","coordinates":[4.928839,52.385339]},"properties":{"category":"hogeschool","name":"SAE Institute Amsterdam","operator":""}},{"type":"Feature","geometry":{"type":"Point","coordinates":[4.896596,52.370578]},"properties":{"category":"hogeschool","name":"Meertens Instituut","operator":"KNAW"}},{"type":"Feature","geometry":{"type":"Point","coordinates":[4.911718,52.365107]},"properties":{"category":"hogeschool","name":"Amsterdam Business School","operator":""}},{"type":"Feature","geometry":{"type":"Point","coordinates":[4.857211,52.341686]},"properties":{"category":"hogeschool","name":"Open Universiteit (Amsterdam)","operator":"Open Universiteit (NL)"}},{"type":"Feature","geometry":{"type":"Point","coordinates":[4.856225,52.360174]},"properties":{"category":"hogeschool","name":"NJMT - Nationaal Jeugd Musical Theater","operator":"NJMT"}},{"type":"Feature","geometry":{"type":"Point","coordinates":[4.915559,52.374534]},"properties":{"category":"hogeschool","name":"Codam Coding College","operator":"42 Network"}},{"type":"Feature","geometry":{"type":"Point","coordinates":[4.865033,52.334703]},"properties":{"category":"hogeschool","name":"Hogeschool Inholland","operator":""}},{"type":"Feature","geometry":{"type":"Point","coordinates":[4.864871,52.334462]},"properties":{"category":"hogeschool","name":"Opleidinginstituut Zorg & Welzijn","operator":""}},{"type":"Feature","geometry":{"type":"Point","coordinates":[4.829692,52.375499]},"properties":{"category":"hogeschool","name":"Kentalis Signis Amsterdam vso voor jongeren met cmb","operator":"Koninklijke Kentalis"}},{"type":"Feature","geometry":{"type":"Point","coordinates":[4.840733,52.373014]},"properties":{"category":"hogeschool","name":"MBO College West","operator":"ROC van Amsterdam"}},{"type":"Feature","geometry":{"type":"Point","coordinates":[4.859847,52.341625]},"properties":{"category":"hogeschool","name":"Gerrit Rietveld Academie","operator":""}},{"type":"Feature","geometry":{"type":"Point","coordinates":[4.860972,52.336262]},"properties":{"category":"hogeschool","name":"ACTA","operator":"Vrije Universiteit Amsterdam"}},{"type":"Feature","geometry":{"type":"Point","coordinates":[4.91165,52.360112]},"properties":{"category":"hogeschool","name":"Koetsier-Montaignehuis","operator":"Hogeschool van Amsterdam"}},{"type":"Feature","geometry":{"type":"Point","coordinates":[4.909853,52.359871]},"properties":{"category":"hogeschool","name":"Benno Premselahuis","operator":"Hogeschool van Amsterdam"}},{"type":"Feature","geometry":{"type":"Point","coordinates":[4.916142,52.345763]},"properties":{"category":"hogeschool","name":"Leeuwenburg","operator":""}},{"type":"Feature","geometry":{"type":"Point","coordinates":[4.94908,52.316156]},"properties":{"category":"hogeschool","name":"MBO College Zuidoost","operator":""}},{"type":"Feature","geometry":{"type":"Point","coordinates":[4.947629,52.315731]},"properties":{"category":"hogeschool","name":"HvA","operator":"Hogeschool van Amsterdam"}},{"type":"Feature","geometry":{"type":"Point","coordinates":[4.905492,52.360908]},"properties":{"category":"hogeschool","name":"Fotoacademie","operator":""}},{"type":"Feature","geometry":{"type":"Point","coordinates":[4.878902,52.326779]},"properties":{"category":"hogeschool","name":"Cheider","operator":"Stichting Joodse Leerschool"}},{"type":"Feature","geometry":{"type":"Point","coordinates":[4.827895,52.383896]},"properties":{"category":"hogeschool","name":"VierTaal College Amsterdam","operator":""}},{"type":"Feature","geometry":{"type":"Point","coordinates":[4.925958,52.390484]},"properties":{"category":"hogeschool","name":"Kairos Tienercollege","operator":"Kairos"}},{"type":"Feature","geometry":{"type":"Point","coordinates":[4.928693,52.33736]},"properties":{"category":"hogeschool","name":"Hogeschool van Amsterdam","operator":""}},{"type":"Feature","geometry":{"type":"Point","coordinates":[4.903373,52.367524]},"properties":{"category":"hogeschool","name":"Academie van Bouwkunst","operator":""}},{"type":"Feature","geometry":{"type":"Point","coordinates":[4.892556,52.352364]},"properties":{"category":"middelbare_school","name":"Montessori Lyceum Amsterdam","operator":"Montessori Scholengemeenschap Amsterdam"}},{"type":"Feature","geometry":{"type":"Point","coordinates":[4.905885,52.353844]},"properties":{"category":"middelbare_school","name":"Individueel Voortgezet Kunstzinnig Onderwijs","operator":"Montessori Scholengemeenschap Amsterdam"}},{"type":"Feature","geometry":{"type":"Point","coordinates":[4.938146,52.37258]},"properties":{"category":"middelbare_school","name":"Pax","operator":"Montessori Scholengemeenschap Amsterdam"}},{"type":"Feature","geometry":{"type":"Point","coordinates":[4.944353,52.362681]},"properties":{"category":"middelbare_school","name":"LUCA","operator":"Voortgezet Onderwijs van Amsterdam"}},{"type":"Feature","geometry":{"type":"Point","coordinates":[4.943806,52.363092]},"properties":{"category":"middelbare_school","name":"Montessori Lyceum Oostpoort","operator":"Montessori Scholengemeenschap Amsterdam"}},{"type":"Feature","geometry":{"type":"Point","coordinates":[5.004335,52.351296]},"properties":{"category":"middelbare_school","name":"Terra Nova","operator":"Montessori Scholengemeenschap Amsterdam"}},{"type":"Feature","geometry":{"type":"Point","coordinates":[4.931065,52.401925]},"properties":{"category":"middelbare_school","name":"Bredero","operator":"Voortgezet Onderwijs van Amsterdam"}},{"type":"Feature","geometry":{"type":"Point","coordinates":[4.925318,52.388614]},"properties":{"category":"middelbare_school","name":"Metropolis lyceum","operator":"Voortgezet Onderwijs van Amsterdam"}},{"type":"Feature","geometry":{"type":"Point","coordinates":[4.969058,52.371396]},"properties":{"category":"middelbare_school","name":"ALASCA","operator":""}},{"type":"Feature","geometry":{"type":"Point","coordinates":[4.89381,52.339357]},"properties":{"category":"middelbare_school","name":"Hubertus & Berkhoff Vakschool","operator":"Voortgezet Onderwijs van Amsterdam"}},{"type":"Feature","geometry":{"type":"Point","coordinates":[4.905966,52.385571]},"properties":{"category":"middelbare_school","name":"Hyperion Lyceum","operator":"Voortgezet Onderwijs van Amsterdam"}},{"type":"Feature","geometry":{"type":"Point","coordinates":[4.968078,52.371995]},"properties":{"category":"middelbare_school","name":"Cburg college","operator":"Voortgezet Onderwijs van Amsterdam"}},{"type":"Feature","geometry":{"type":"Point","coordinates":[4.892914,52.339686]},"properties":{"category":"middelbare_school","name":"MBO College Zuid","operator":"ROC van Amsterdam"}},{"type":"Feature","geometry":{"type":"Point","coordinates":[4.925499,52.336456]},"properties":{"category":"middelbare_school","name":"Spinoza20first","operator":""}},{"type":"Feature","geometry":{"type":"Point","coordinates":[4.902387,52.356112]},"properties":{"category":"middelbare_school","name":"Pax","operator":"Montessori Scholengemeenschap Amsterdam"}},{"type":"Feature","geometry":{"type":"Point","coordinates":[4.862611,52.341818]},"properties":{"category":"middelbare_school","name":"Geert Groote College","operator":"Voortgezet Vrijeschoolonderwijs Noord-Holland"}},{"type":"Feature","geometry":{"type":"Point","coordinates":[4.874074,52.349563]},"properties":{"category":"middelbare_school","name":"St. Ignatiusgymnasium","operator":""}},{"type":"Feature","geometry":{"type":"Point","coordinates":[4.885705,52.355129]},"properties":{"category":"middelbare_school","name":"Montessori Lyceum Amsterdam","operator":"Montessori Scholengemeenschap Amsterdam"}},{"type":"Feature","geometry":{"type":"Point","coordinates":[5.030715,52.309859]},"properties":{"category":"middelbare_school","name":"Vechtstede College","operator":"Gooise Scholen Federatie"}},{"type":"Feature","geometry":{"type":"Point","coordinates":[4.978659,52.297315]},"properties":{"category":"middelbare_school","name":"Ingenieur Lely Lyceum","operator":""}},{"type":"Feature","geometry":{"type":"Point","coordinates":[4.865752,52.375153]},"properties":{"category":"middelbare_school","name":"Marcanti College","operator":"Esprit Scholen"}},{"type":"Feature","geometry":{"type":"Point","coordinates":[4.923731,52.349691]},"properties":{"category":"middelbare_school","name":"Pieter Nieuwland College","operator":""}},{"type":"Feature","geometry":{"type":"Point","coordinates":[4.964877,52.318277]},"properties":{"category":"middelbare_school","name":"Open Schoolgemeenschap Bijlmer","operator":""}},{"type":"Feature","geometry":{"type":"Point","coordinates":[4.884595,52.362396]},"properties":{"category":"middelbare_school","name":"Barlaeus Gymnasium","operator":"Onderwijsstichting Zelfstandige Gymnasia (OSZG)"}},{"type":"Feature","geometry":{"type":"Point","coordinates":[4.90035,52.348998]},"properties":{"category":"middelbare_school","name":"Berlage Lyceum","operator":"Esprit Scholen"}},{"type":"Feature","geometry":{"type":"Point","coordinates":[4.898942,52.348792]},"properties":{"category":"middelbare_school","name":"Berlage Lyceum","operator":"Esprit Scholen"}},{"type":"Feature","geometry":{"type":"Point","coordinates":[4.877842,52.341349]},"properties":{"category":"middelbare_school","name":"Sint-Nicolaaslyceum","operator":""}},{"type":"Feature","geometry":{"type":"Point","coordinates":[4.905156,52.339332]},"properties":{"category":"middelbare_school","name":"Berlage Lyceum (tijdelijke locatie bovenbouw)","operator":"esprit scholen"}},{"type":"Feature","geometry":{"type":"Point","coordinates":[4.896686,52.341403]},"properties":{"category":"middelbare_school","name":"Luzac Lyceum","operator":"Luzac"}},{"type":"Feature","geometry":{"type":"Point","coordinates":[4.929394,52.358235]},"properties":{"category":"middelbare_school","name":"Montessori Lyceum Oostpoort","operator":"Montessori Scholengemeenschap Amsterdam"}},{"type":"Feature","geometry":{"type":"Point","coordinates":[4.912676,52.356301]},"properties":{"category":"middelbare_school","name":"Kiem Montessori","operator":"Montessori Scholengemeenschap Amsterdam"}},{"type":"Feature","geometry":{"type":"Point","coordinates":[4.925403,52.358623]},"properties":{"category":"middelbare_school","name":"Metis Montessori Lyceum","operator":"Montessori Scholengemeenschap Amsterdam"}},{"type":"Feature","geometry":{"type":"Point","coordinates":[4.847287,52.34929]},"properties":{"category":"middelbare_school","name":"Tobiasschool","operator":"Voortgezet Onderwijs van Amsterdam"}},{"type":"Feature","geometry":{"type":"Point","coordinates":[4.944974,52.35324]},"properties":{"category":"middelbare_school","name":"Yuverta vmbo en pro","operator":"Yuverta"}},{"type":"Feature","geometry":{"type":"Point","coordinates":[4.79529,52.349996]},"properties":{"category":"middelbare_school","name":"Yuverta vmbo","operator":"Yuverta"}},{"type":"Feature","geometry":{"type":"Point","coordinates":[4.858677,52.350481]},"properties":{"category":"middelbare_school","name":"Montessori Lyceum Oostpoort","operator":"Montessori Scholengemeenschap Amsterdam"}},{"type":"Feature","geometry":{"type":"Point","coordinates":[4.918824,52.361618]},"properties":{"category":"middelbare_school","name":"Metis Montessori Lyceum","operator":"Montessori Scholengemeenschap Amsterdam"}},{"type":"Feature","geometry":{"type":"Point","coordinates":[4.887722,52.351194]},"properties":{"category":"middelbare_school","name":"College ZUYD","operator":"ZAAM"}},{"type":"Feature","geometry":{"type":"Point","coordinates":[4.89598,52.351061]},"properties":{"category":"middelbare_school","name":"College ZUYD","operator":"ZAAM"}},{"type":"Feature","geometry":{"type":"Point","coordinates":[5.036347,52.306439]},"properties":{"category":"middelbare_school","name":"Casparus College","operator":"Gooise Scholen Federatie"}},{"type":"Feature","geometry":{"type":"Point","coordinates":[4.792466,52.34175]},"properties":{"category":"middelbare_school","name":"Democratische School Amsterdam","operator":""}},{"type":"Feature","geometry":{"type":"Point","coordinates":[4.953785,52.358788]},"properties":{"category":"sportveld","name":"Tie Breakers","operator":""}},{"type":"Feature","geometry":{"type":"Point","coordinates":[4.949576,52.349719]},"properties":{"category":"sportveld","name":"Sportpark Middenmeer","operator":""}},{"type":"Feature","geometry":{"type":"Point","coordinates":[4.871872,52.361284]},"properties":{"category":"sportveld","name":"Hollandsche Manege","operator":""}},{"type":"Feature","geometry":{"type":"Point","coordinates":[5.015534,52.308571]},"properties":{"category":"sportveld","name":"Sportpark Bob de Vries","operator":""}},{"type":"Feature","geometry":{"type":"Point","coordinates":[4.865899,52.359385]},"properties":{"category":"sportveld","name":"Tennispark Kattenlaan","operator":""}},{"type":"Feature","geometry":{"type":"Point","coordinates":[4.866402,52.348483]},"properties":{"category":"sportveld","name":"","operator":""}},{"type":"Feature","geometry":{"type":"Point","coordinates":[4.795832,52.339499]},"properties":{"category":"sportveld","name":"Sportpark Sloten-West","operator":""}},{"type":"Feature","geometry":{"type":"Point","coordinates":[4.987393,52.379333]},"properties":{"category":"sportveld","name":"Sportpark Durgerdam (DRC)","operator":""}},{"type":"Feature","geometry":{"type":"Point","coordinates":[4.959277,52.41092]},"properties":{"category":"sportveld","name":"Sportpark Zunderdorp","operator":""}},{"type":"Feature","geometry":{"type":"Point","coordinates":[4.805862,52.337507]},"properties":{"category":"sportveld","name":"Sportpark Sloten","operator":""}},{"type":"Feature","geometry":{"type":"Point","coordinates":[4.881173,52.337554]},"properties":{"category":"sportveld","name":"Sportpark Goed Genoeg","operator":""}},{"type":"Feature","geometry":{"type":"Point","coordinates":[4.821749,52.341428]},"properties":{"category":"sportveld","name":"Manege De Ruif","operator":""}},{"type":"Feature","geometry":{"type":"Point","coordinates":[4.851305,52.339179]},"properties":{"category":"sportveld","name":"Frans Otten Stadion","operator":""}},{"type":"Feature","geometry":{"type":"Point","coordinates":[4.865904,52.335961]},"properties":{"category":"sportveld","name":"Sportpark Buitenveldert","operator":"Sc Buitenveldert"}},{"type":"Feature","geometry":{"type":"Point","coordinates":[4.852863,52.331217]},"properties":{"category":"sportveld","name":"Sportcentrum Amstelpark","operator":"AMSTELPARK"}},{"type":"Feature","geometry":{"type":"Point","coordinates":[4.850809,52.339637]},"properties":{"category":"sportveld","name":"Tenniseiland","operator":"Stadsdeel Zuid"}},{"type":"Feature","geometry":{"type":"Point","coordinates":[4.859109,52.39371]},"properties":{"category":"sportveld","name":"Sportpark Transformatorweg","operator":""}},{"type":"Feature","geometry":{"type":"Point","coordinates":[4.799613,52.366847]},"properties":{"category":"sportveld","name":"Loek Loevendie Ballpark","operator":""}},{"type":"Feature","geometry":{"type":"Point","coordinates":[4.911187,52.348325]},"properties":{"category":"sportveld","name":"ASR Nereus","operator":""}},{"type":"Feature","geometry":{"type":"Point","coordinates":[4.904051,52.343186]},"properties":{"category":"sportveld","name":"Winterdijkplein","operator":""}},{"type":"Feature","geometry":{"type":"Point","coordinates":[4.904621,52.327186]},"properties":{"category":"sportveld","name":"Sportpark Overamstel","operator":""}},{"type":"Feature","geometry":{"type":"Point","coordinates":[4.800367,52.369176]},"properties":{"category":"sportveld","name":"Sportpark Ookmeer","operator":""}},{"type":"Feature","geometry":{"type":"Point","coordinates":[4.932505,52.340736]},"properties":{"category":"sportveld","name":"Sportpark Drieburg","operator":""}},{"type":"Feature","geometry":{"type":"Point","coordinates":[4.953925,52.346873]},"properties":{"category":"sportveld","name":"Sportpark Voorland","operator":""}},{"type":"Feature","geometry":{"type":"Point","coordinates":[4.825807,52.386422]},"properties":{"category":"sportveld","name":"Sportpark Spieringhorn","operator":""}},{"type":"Feature","geometry":{"type":"Point","coordinates":[4.784891,52.380358]},"properties":{"category":"sportveld","name":"Sportpark De Eendracht","operator":""}},{"type":"Feature","geometry":{"type":"Point","coordinates":[4.94573,52.346421]},"properties":{"category":"sportveld","name":"Sportpark Middenmeer","operator":""}},{"type":"Feature","geometry":{"type":"Point","coordinates":[4.860477,52.329403]},"properties":{"category":"sportveld","name":"","operator":""}},{"type":"Feature","geometry":{"type":"Point","coordinates":[4.854061,52.343507]},"properties":{"category":"sportveld","name":"Olympisch Stadion","operator":"Stichting Exploitatie Olympisch Stadion Amsterdam"}},{"type":"Feature","geometry":{"type":"Point","coordinates":[4.807689,52.339599]},"properties":{"category":"sportveld","name":"Velodrome","operator":""}},{"type":"Feature","geometry":{"type":"Point","coordinates":[4.817702,52.370243]},"properties":{"category":"sportveld","name":"Sloterparkbad","operator":""}},{"type":"Feature","geometry":{"type":"Point","coordinates":[4.830701,52.333835]},"properties":{"category":"sportveld","name":"Amsterdam Windsurfing","operator":""}},{"type":"Feature","geometry":{"type":"Point","coordinates":[4.850694,52.340466]},"properties":{"category":"sportveld","name":"Witte Huis","operator":""}},{"type":"Feature","geometry":{"type":"Point","coordinates":[4.959767,52.399978]},"properties":{"category":"sportveld","name":"Friendship Sports Centre","operator":""}},{"type":"Feature","geometry":{"type":"Point","coordinates":[4.967391,52.392942]},"properties":{"category":"sportveld","name":"Sportpark De Weeren","operator":""}},{"type":"Feature","geometry":{"type":"Point","coordinates":[4.912549,52.414078]},"properties":{"category":"sportveld","name":"Sportpark Kadoelen","operator":""}},{"type":"Feature","geometry":{"type":"Point","coordinates":[4.956773,52.355823]},"properties":{"category":"sportveld","name":"USC Universum","operator":""}},{"type":"Feature","geometry":{"type":"Point","coordinates":[4.963753,52.312354]},"properties":{"category":"sportveld","name":"Bijlmer Sportpark","operator":""}},{"type":"Feature","geometry":{"type":"Point","coordinates":[4.980591,52.355859]},"properties":{"category":"sportveld","name":"Sportpark IJburg","operator":""}},{"type":"Feature","geometry":{"type":"Point","coordinates":[4.803926,52.368271]},"properties":{"category":"sportveld","name":"Sportcentrum Ookmeer","operator":""}},{"type":"Feature","geometry":{"type":"Point","coordinates":[4.908498,52.35414]},"properties":{"category":"sportveld","name":"Roeivereniging De Hoop","operator":""}},{"type":"Feature","geometry":{"type":"Point","coordinates":[4.9209,52.40197]},"properties":{"category":"sportveld","name":"Sportpark Buiksloterbanne","operator":""}},{"type":"Feature","geometry":{"type":"Point","coordinates":[4.809314,52.340339]},"properties":{"category":"sportveld","name":"Sportcentrum Sloten","operator":"Gemeente Amsterdam"}},{"type":"Feature","geometry":{"type":"Point","coordinates":[4.880716,52.421891]},"properties":{"category":"sportveld","name":"Sportpark Oostzanerwerf","operator":""}},{"type":"Feature","geometry":{"type":"Point","coordinates":[4.87257,52.419959]},"properties":{"category":"sportveld","name":"Sportpark Melkweg","operator":""}},{"type":"Feature","geometry":{"type":"Point","coordinates":[4.896497,52.413325]},"properties":{"category":"sportveld","name":"Sportpark Tuindorp Oostzaan","operator":""}},{"type":"Feature","geometry":{"type":"Point","coordinates":[4.859917,52.329136]},"properties":{"category":"sportveld","name":"Tennispark Buitenveldert","operator":""}},{"type":"Feature","geometry":{"type":"Point","coordinates":[4.878294,52.37794]},"properties":{"category":"sportveld","name":"Het Marnix","operator":""}},{"type":"Feature","geometry":{"type":"Point","coordinates":[4.934761,52.35242]},"properties":{"category":"sportveld","name":"TV Linnaeushof","operator":""}},{"type":"Feature","geometry":{"type":"Point","coordinates":[4.998214,52.304177]},"properties":{"category":"sportveld","name":"Windsurf– Sup– & Zwemvereniging Gaasperplas","operator":""}},{"type":"Feature","geometry":{"type":"Point","coordinates":[5.014709,52.308815]},"properties":{"category":"sportveld","name":"MatchZO","operator":""}},{"type":"Feature","geometry":{"type":"Point","coordinates":[4.867735,52.38121]},"properties":{"category":"sportveld","name":"Sporthal van Hogendorp","operator":"Gemeente Amsterdam"}},{"type":"Feature","geometry":{"type":"Point","coordinates":[5.005713,52.345139]},"properties":{"category":"sportveld","name":"Tennisclub IJburg","operator":""}},{"type":"Feature","geometry":{"type":"Point","coordinates":[4.965555,52.310368]},"properties":{"category":"sportveld","name":"Bijlmer Sportpark","operator":""}},{"type":"Feature","geometry":{"type":"Point","coordinates":[5.031631,52.316111]},"properties":{"category":"sportveld","name":"Sportpark Papelaan","operator":""}},{"type":"Feature","geometry":{"type":"Point","coordinates":[4.936204,52.389602]},"properties":{"category":"sportveld","name":"Tennispark Elzenhagen","operator":""}},{"type":"Feature","geometry":{"type":"Point","coordinates":[4.989098,52.313534]},"properties":{"category":"sportveld","name":"TPC Gaasperpark","operator":""}},{"type":"Feature","geometry":{"type":"Point","coordinates":[4.948714,52.345086]},"properties":{"category":"sportveld","name":"VVGA","operator":""}},{"type":"Feature","geometry":{"type":"Point","coordinates":[4.955309,52.355157]},"properties":{"category":"sportveld","name":"","operator":""}},{"type":"Feature","geometry":{"type":"Point","coordinates":[4.956283,52.355498]},"properties":{"category":"sportveld","name":"USC: Universum","operator":""}},{"type":"Feature","geometry":{"type":"Point","coordinates":[4.804153,52.338785]},"properties":{"category":"sportveld","name":"Xenios","operator":""}},{"type":"Feature","geometry":{"type":"Point","coordinates":[5.051654,52.303177]},"properties":{"category":"sportveld","name":"Roeivereniging Weesp","operator":""}},{"type":"Feature","geometry":{"type":"Point","coordinates":[4.868117,52.359166]},"properties":{"category":"sportveld","name":"Lawn Tennis Club Festina","operator":""}},{"type":"Feature","geometry":{"type":"Point","coordinates":[4.915957,52.340246]},"properties":{"category":"sportveld","name":"Roeivereniging RIC","operator":""}},{"type":"Feature","geometry":{"type":"Point","coordinates":[5.051495,52.306469]},"properties":{"category":"sportveld","name":"","operator":""}},{"type":"Feature","geometry":{"type":"Point","coordinates":[4.910146,52.325655]},"properties":{"category":"sportveld","name":"Sportpark Overamstel","operator":""}},{"type":"Feature","geometry":{"type":"Point","coordinates":[4.941714,52.314345]},"properties":{"category":"sportveld","name":"Johan Cruijff ArenA","operator":"Stadion Amsterdam N.V."}},{"type":"Feature","geometry":{"type":"Point","coordinates":[4.807386,52.354548]},"properties":{"category":"sportveld","name":"Sportcentrum Caland","operator":""}},{"type":"Feature","geometry":{"type":"Point","coordinates":[4.981624,52.329413]},"properties":{"category":"sportveld","name":"","operator":""}},{"type":"Feature","geometry":{"type":"Point","coordinates":[4.850814,52.341812]},"properties":{"category":"sportveld","name":"Sportpark de Schinkel","operator":"Stadsdeel Zuid"}},{"type":"Feature","geometry":{"type":"Point","coordinates":[4.822469,52.380077]},"properties":{"category":"winkelcentrum","name":"Winkelcentrum Plein '40-'45","operator":""}},{"type":"Feature","geometry":{"type":"Point","coordinates":[4.845764,52.378396]},"properties":{"category":"winkelcentrum","name":"Bos en Lommerplein","operator":""}},{"type":"Feature","geometry":{"type":"Point","coordinates":[4.892949,52.417196]},"properties":{"category":"winkelcentrum","name":"Molenwijk","operator":""}},{"type":"Feature","geometry":{"type":"Point","coordinates":[4.877483,52.331221]},"properties":{"category":"winkelcentrum","name":"Gelderlandplein","operator":""}},{"type":"Feature","geometry":{"type":"Point","coordinates":[4.938675,52.312069]},"properties":{"category":"winkelcentrum","name":"Villa Arena","operator":""}},{"type":"Feature","geometry":{"type":"Point","coordinates":[4.890238,52.373656]},"properties":{"category":"winkelcentrum","name":"Magna Plaza","operator":""}},{"type":"Feature","geometry":{"type":"Point","coordinates":[4.963462,52.299601]},"properties":{"category":"winkelcentrum","name":"Boodschappencentrum Holendrecht","operator":""}},{"type":"Feature","geometry":{"type":"Point","coordinates":[4.944073,52.313291]},"properties":{"category":"winkelcentrum","name":"","operator":""}},{"type":"Feature","geometry":{"type":"Point","coordinates":[4.891561,52.367473]},"properties":{"category":"winkelcentrum","name":"Kalverpassage","operator":""}},{"type":"Feature","geometry":{"type":"Point","coordinates":[4.822991,52.380232]},"properties":{"category":"winkelcentrum","name":"Winkelcentrum Plein '40-'45","operator":""}},{"type":"Feature","geometry":{"type":"Point","coordinates":[4.782711,52.360546]},"properties":{"category":"winkelcentrum","name":"Akerpoort","operator":""}},{"type":"Feature","geometry":{"type":"Point","coordinates":[4.904089,52.346961]},"properties":{"category":"winkelcentrum","name":"","operator":""}},{"type":"Feature","geometry":{"type":"Point","coordinates":[4.916095,52.408238]},"properties":{"category":"winkelcentrum","name":"Banne Centrum","operator":""}},{"type":"Feature","geometry":{"type":"Point","coordinates":[4.936646,52.374354]},"properties":{"category":"winkelcentrum","name":"Brazilië","operator":""}},{"type":"Feature","geometry":{"type":"Point","coordinates":[4.953144,52.31416]},"properties":{"category":"winkelcentrum","name":"Amsterdamse Poort","operator":""}},{"type":"Feature","geometry":{"type":"Point","coordinates":[4.975303,52.362182]},"properties":{"category":"winkelcentrum","name":"Design020","operator":""}},{"type":"Feature","geometry":{"type":"Point","coordinates":[4.955099,52.315619]},"properties":{"category":"supermarkt","name":"Albert Heijn","operator":"Albert Heijn"}},{"type":"Feature","geometry":{"type":"Point","coordinates":[4.840269,52.34894]},"properties":{"category":"supermarkt","name":"Albert Heijn","operator":""}},{"type":"Feature","geometry":{"type":"Point","coordinates":[4.826773,52.354993]},"properties":{"category":"supermarkt","name":"Albert Heijn","operator":""}},{"type":"Feature","geometry":{"type":"Point","coordinates":[4.92018,52.354718]},"properties":{"category":"supermarkt","name":"Albert Heijn","operator":""}},{"type":"Feature","geometry":{"type":"Point","coordinates":[4.879776,52.357214]},"properties":{"category":"supermarkt","name":"Albert Heijn","operator":"Albert Heijn"}},{"type":"Feature","geometry":{"type":"Point","coordinates":[4.877746,52.348821]},"properties":{"category":"supermarkt","name":"Albert Heijn","operator":""}},{"type":"Feature","geometry":{"type":"Point","coordinates":[4.902601,52.352758]},"properties":{"category":"supermarkt","name":"Albert Heijn","operator":""}},{"type":"Feature","geometry":{"type":"Point","coordinates":[4.863689,52.345754]},"properties":{"category":"supermarkt","name":"Albert Heijn","operator":""}},{"type":"Feature","geometry":{"type":"Point","coordinates":[4.87804,52.331068]},"properties":{"category":"supermarkt","name":"Albert Heijn XL","operator":""}},{"type":"Feature","geometry":{"type":"Point","coordinates":[4.869631,52.35366]},"properties":{"category":"supermarkt","name":"Albert Heijn","operator":""}},{"type":"Feature","geometry":{"type":"Point","coordinates":[4.855153,52.364062]},"properties":{"category":"supermarkt","name":"Albert Heijn","operator":""}},{"type":"Feature","geometry":{"type":"Point","coordinates":[4.837582,52.363673]},"properties":{"category":"supermarkt","name":"Albert Heijn","operator":""}},{"type":"Feature","geometry":{"type":"Point","coordinates":[4.888881,52.381614]},"properties":{"category":"supermarkt","name":"Albert Heijn","operator":"Albert Heijn"}},{"type":"Feature","geometry":{"type":"Point","coordinates":[4.883927,52.373881]},"properties":{"category":"supermarkt","name":"Albert Heijn","operator":""}},{"type":"Feature","geometry":{"type":"Point","coordinates":[4.884454,52.378446]},"properties":{"category":"supermarkt","name":"Albert Heijn","operator":""}},{"type":"Feature","geometry":{"type":"Point","coordinates":[4.939839,52.362436]},"properties":{"category":"supermarkt","name":"Albert Heijn","operator":""}},{"type":"Feature","geometry":{"type":"Point","coordinates":[4.925553,52.362449]},"properties":{"category":"supermarkt","name":"Albert Heijn","operator":""}},{"type":"Feature","geometry":{"type":"Point","coordinates":[4.89973,52.372688]},"properties":{"category":"supermarkt","name":"Albert Heijn","operator":""}},{"type":"Feature","geometry":{"type":"Point","coordinates":[4.892207,52.362843]},"properties":{"category":"supermarkt","name":"Albert Heijn","operator":"Albert Heijn"}},{"type":"Feature","geometry":{"type":"Point","coordinates":[4.88187,52.369856]},"properties":{"category":"supermarkt","name":"Albert Heijn","operator":""}},{"type":"Feature","geometry":{"type":"Point","coordinates":[4.87464,52.362763]},"properties":{"category":"supermarkt","name":"Albert Heijn","operator":""}},{"type":"Feature","geometry":{"type":"Point","coordinates":[4.8599,52.325899]},"properties":{"category":"supermarkt","name":"ALDI","operator":""}},{"type":"Feature","geometry":{"type":"Point","coordinates":[4.908663,52.343843]},"properties":{"category":"supermarkt","name":"ALDI","operator":""}},{"type":"Feature","geometry":{"type":"Point","coordinates":[4.890204,52.360578]},"properties":{"category":"supermarkt","name":"ALDI","operator":""}},{"type":"Feature","geometry":{"type":"Point","coordinates":[4.888611,52.350081]},"properties":{"category":"supermarkt","name":"ALDI","operator":""}},{"type":"Feature","geometry":{"type":"Point","coordinates":[4.98755,52.296945]},"properties":{"category":"supermarkt","name":"Jumbo","operator":""}},{"type":"Feature","geometry":{"type":"Point","coordinates":[4.93575,52.3991]},"properties":{"category":"supermarkt","name":"Jumbo","operator":""}},{"type":"Feature","geometry":{"type":"Point","coordinates":[4.883151,52.326242]},"properties":{"category":"supermarkt","name":"Jumbo Velu","operator":""}},{"type":"Feature","geometry":{"type":"Point","coordinates":[4.910792,52.355746]},"properties":{"category":"supermarkt","name":"Albert Heijn","operator":""}},{"type":"Feature","geometry":{"type":"Point","coordinates":[4.786632,52.34972]},"properties":{"category":"supermarkt","name":"Jumbo","operator":""}},{"type":"Feature","geometry":{"type":"Point","coordinates":[4.931694,52.36325]},"properties":{"category":"supermarkt","name":"Albert Heijn","operator":""}},{"type":"Feature","geometry":{"type":"Point","coordinates":[4.871218,52.368213]},"properties":{"category":"supermarkt","name":"Dirk","operator":""}},{"type":"Feature","geometry":{"type":"Point","coordinates":[4.877868,52.382555]},"properties":{"category":"supermarkt","name":"Dirk","operator":""}},{"type":"Feature","geometry":{"type":"Point","coordinates":[4.877886,52.391553]},"properties":{"category":"supermarkt","name":"Albert Heijn","operator":"Albert Heijn"}},{"type":"Feature","geometry":{"type":"Point","coordinates":[4.891905,52.351067]},"properties":{"category":"supermarkt","name":"Albert Heijn","operator":""}},{"type":"Feature","geometry":{"type":"Point","coordinates":[4.904688,52.34678]},"properties":{"category":"supermarkt","name":"Dirk","operator":""}},{"type":"Feature","geometry":{"type":"Point","coordinates":[4.900195,52.371992]},"properties":{"category":"supermarkt","name":"Amazing Oriental","operator":""}},{"type":"Feature","geometry":{"type":"Point","coordinates":[4.846008,52.383727]},"properties":{"category":"supermarkt","name":"Lidl","operator":"Lidl Nederland GmbH"}},{"type":"Feature","geometry":{"type":"Point","coordinates":[4.918113,52.384728]},"properties":{"category":"supermarkt","name":"Dirk","operator":""}},{"type":"Feature","geometry":{"type":"Point","coordinates":[4.892286,52.357173]},"properties":{"category":"supermarkt","name":"Dirk","operator":"Dirk"}},{"type":"Feature","geometry":{"type":"Point","coordinates":[4.890945,52.35383]},"properties":{"category":"supermarkt","name":"Jumbo","operator":""}},{"type":"Feature","geometry":{"type":"Point","coordinates":[4.896182,52.422532]},"properties":{"category":"supermarkt","name":"DekaMarkt","operator":""}},{"type":"Feature","geometry":{"type":"Point","coordinates":[4.846761,52.378658]},"properties":{"category":"supermarkt","name":"Albert Heijn","operator":""}},{"type":"Feature","geometry":{"type":"Point","coordinates":[4.855981,52.381842]},"properties":{"category":"supermarkt","name":"Albert Heijn","operator":""}},{"type":"Feature","geometry":{"type":"Point","coordinates":[4.82325,52.37965]},"properties":{"category":"supermarkt","name":"Albert Heijn","operator":""}},{"type":"Feature","geometry":{"type":"Point","coordinates":[4.799498,52.352157]},"properties":{"category":"supermarkt","name":"Albert Heijn","operator":""}},{"type":"Feature","geometry":{"type":"Point","coordinates":[4.864292,52.362]},"properties":{"category":"supermarkt","name":"Albert Heijn","operator":"Albert Heijn"}},{"type":"Feature","geometry":{"type":"Point","coordinates":[4.891425,52.34429]},"properties":{"category":"supermarkt","name":"Albert Heijn","operator":""}},{"type":"Feature","geometry":{"type":"Point","coordinates":[5.033813,52.310609]},"properties":{"category":"supermarkt","name":"Albert Heijn","operator":""}},{"type":"Feature","geometry":{"type":"Point","coordinates":[4.821912,52.380928]},"properties":{"category":"supermarkt","name":"Tangermarkt","operator":""}},{"type":"Feature","geometry":{"type":"Point","coordinates":[4.839915,52.34923]},"properties":{"category":"supermarkt","name":"Lidl","operator":"Lidl Nederland GmbH"}},{"type":"Feature","geometry":{"type":"Point","coordinates":[4.883807,52.378644]},"properties":{"category":"supermarkt","name":"Jumbo","operator":""}},{"type":"Feature","geometry":{"type":"Point","coordinates":[4.870368,52.366607]},"properties":{"category":"supermarkt","name":"Albert Heijn","operator":""}},{"type":"Feature","geometry":{"type":"Point","coordinates":[4.80285,52.359172]},"properties":{"category":"supermarkt","name":"Albert Heijn XL","operator":"Albert Heijn"}},{"type":"Feature","geometry":{"type":"Point","coordinates":[4.868348,52.324498]},"properties":{"category":"supermarkt","name":"Jumbo","operator":""}},{"type":"Feature","geometry":{"type":"Point","coordinates":[4.92682,52.368716]},"properties":{"category":"supermarkt","name":"Amarkt Czar Peter","operator":""}},{"type":"Feature","geometry":{"type":"Point","coordinates":[4.963451,52.299827]},"properties":{"category":"supermarkt","name":"Vomar","operator":""}},{"type":"Feature","geometry":{"type":"Point","coordinates":[4.906696,52.343208]},"properties":{"category":"supermarkt","name":"Albert Heijn","operator":""}},{"type":"Feature","geometry":{"type":"Point","coordinates":[4.895887,52.378478]},"properties":{"category":"supermarkt","name":"Albert Heijn","operator":""}},{"type":"Feature","geometry":{"type":"Point","coordinates":[4.871421,52.325733]},"properties":{"category":"supermarkt","name":"Mouwes","operator":"Mouwes Kosher Delicatessen"}},{"type":"Feature","geometry":{"type":"Point","coordinates":[4.905255,52.347016]},"properties":{"category":"supermarkt","name":"Genco","operator":""}},{"type":"Feature","geometry":{"type":"Point","coordinates":[4.900723,52.374003]},"properties":{"category":"supermarkt","name":"Wah Nam Hong","operator":""}},{"type":"Feature","geometry":{"type":"Point","coordinates":[4.860445,52.351761]},"properties":{"category":"supermarkt","name":"Jumbo","operator":""}},{"type":"Feature","geometry":{"type":"Point","coordinates":[4.897888,52.365416]},"properties":{"category":"supermarkt","name":"Albert Heijn","operator":"Albert Heijn"}},{"type":"Feature","geometry":{"type":"Point","coordinates":[4.876657,52.364107]},"properties":{"category":"supermarkt","name":"Lidl","operator":"Lidl Nederland GmbH"}},{"type":"Feature","geometry":{"type":"Point","coordinates":[4.879283,52.369425]},"properties":{"category":"supermarkt","name":"Ekoplaza","operator":""}},{"type":"Feature","geometry":{"type":"Point","coordinates":[4.901531,52.354736]},"properties":{"category":"supermarkt","name":"Ekoplaza Foodmarqt","operator":"Ekoplaza"}},{"type":"Feature","geometry":{"type":"Point","coordinates":[4.951902,52.396862]},"properties":{"category":"supermarkt","name":"DekaMarkt","operator":""}},{"type":"Feature","geometry":{"type":"Point","coordinates":[4.852273,52.352388]},"properties":{"category":"supermarkt","name":"Dirk","operator":"Dirk van den Broek"}},{"type":"Feature","geometry":{"type":"Point","coordinates":[4.874468,52.368016]},"properties":{"category":"supermarkt","name":"Vomar","operator":""}},{"type":"Feature","geometry":{"type":"Point","coordinates":[5.008334,52.351929]},"properties":{"category":"supermarkt","name":"Versmarkt","operator":""}},{"type":"Feature","geometry":{"type":"Point","coordinates":[4.899754,52.361175]},"properties":{"category":"supermarkt","name":"Albert Heijn","operator":""}},{"type":"Feature","geometry":{"type":"Point","coordinates":[4.918742,52.356597]},"properties":{"category":"supermarkt","name":"Ekodis","operator":""}},{"type":"Feature","geometry":{"type":"Point","coordinates":[4.902302,52.368552]},"properties":{"category":"supermarkt","name":"Ekoplaza","operator":""}},{"type":"Feature","geometry":{"type":"Point","coordinates":[4.873835,52.371588]},"properties":{"category":"supermarkt","name":"Sterk","operator":""}},{"type":"Feature","geometry":{"type":"Point","coordinates":[4.938745,52.373237]},"properties":{"category":"supermarkt","name":"Turkse supermarkt Borneo","operator":""}},{"type":"Feature","geometry":{"type":"Point","coordinates":[4.968267,52.380914]},"properties":{"category":"supermarkt","name":"Landmarkt","operator":""}},{"type":"Feature","geometry":{"type":"Point","coordinates":[4.84655,52.379044]},"properties":{"category":"supermarkt","name":"Vomar","operator":""}},{"type":"Feature","geometry":{"type":"Point","coordinates":[4.826001,52.355831]},"properties":{"category":"supermarkt","name":"Dirk","operator":""}},{"type":"Feature","geometry":{"type":"Point","coordinates":[4.903662,52.368846]},"properties":{"category":"supermarkt","name":"Albert Heijn","operator":""}},{"type":"Feature","geometry":{"type":"Point","coordinates":[4.924354,52.366434]},"properties":{"category":"supermarkt","name":"Albert Heijn","operator":""}},{"type":"Feature","geometry":{"type":"Point","coordinates":[4.940593,52.361537]},"properties":{"category":"supermarkt","name":"Lidl","operator":"Lidl Nederland GmbH"}},{"type":"Feature","geometry":{"type":"Point","coordinates":[4.86179,52.371324]},"properties":{"category":"supermarkt","name":"ALDI","operator":""}},{"type":"Feature","geometry":{"type":"Point","coordinates":[4.912285,52.362253]},"properties":{"category":"supermarkt","name":"Albert Heijn","operator":""}},{"type":"Feature","geometry":{"type":"Point","coordinates":[4.939726,52.349932]},"properties":{"category":"supermarkt","name":"Albert Heijn","operator":""}},{"type":"Feature","geometry":{"type":"Point","coordinates":[4.972265,52.322627]},"properties":{"category":"supermarkt","name":"Albert Heijn","operator":"Albert Heijn"}},{"type":"Feature","geometry":{"type":"Point","coordinates":[4.785606,52.35507]},"properties":{"category":"supermarkt","name":"Vomar","operator":""}},{"type":"Feature","geometry":{"type":"Point","coordinates":[4.87439,52.331906]},"properties":{"category":"supermarkt","name":"Ekoplaza","operator":""}},{"type":"Feature","geometry":{"type":"Point","coordinates":[4.797535,52.361877]},"properties":{"category":"supermarkt","name":"Darna Supermarkt","operator":""}},{"type":"Feature","geometry":{"type":"Point","coordinates":[4.849778,52.349288]},"properties":{"category":"supermarkt","name":"Albert Heijn","operator":""}},{"type":"Feature","geometry":{"type":"Point","coordinates":[4.802944,52.358556]},"properties":{"category":"supermarkt","name":"Dirk","operator":"Dirk van den Broek"}},{"type":"Feature","geometry":{"type":"Point","coordinates":[4.876026,52.383624]},"properties":{"category":"supermarkt","name":"Albert Heijn","operator":""}},{"type":"Feature","geometry":{"type":"Point","coordinates":[4.978743,52.316292]},"properties":{"category":"supermarkt","name":"Albert Heijn","operator":""}},{"type":"Feature","geometry":{"type":"Point","coordinates":[4.88961,52.381195]},"properties":{"category":"supermarkt","name":"Ekoplaza Foodmarqt","operator":"Ekoplaza"}},{"type":"Feature","geometry":{"type":"Point","coordinates":[4.937345,52.363894]},"properties":{"category":"supermarkt","name":"Het Lange Mes","operator":""}},{"type":"Feature","geometry":{"type":"Point","coordinates":[4.932127,52.363661]},"properties":{"category":"supermarkt","name":"Yakhlaf","operator":""}},{"type":"Feature","geometry":{"type":"Point","coordinates":[4.933815,52.363571]},"properties":{"category":"supermarkt","name":"M. Merkato","operator":""}},{"type":"Feature","geometry":{"type":"Point","coordinates":[4.934977,52.363585]},"properties":{"category":"supermarkt","name":"Bilal Aben Rabah","operator":""}},{"type":"Feature","geometry":{"type":"Point","coordinates":[4.932362,52.363391]},"properties":{"category":"supermarkt","name":"Öz Yildiz","operator":""}},{"type":"Feature","geometry":{"type":"Point","coordinates":[4.918517,52.356156]},"properties":{"category":"supermarkt","name":"Aslan","operator":""}},{"type":"Feature","geometry":{"type":"Point","coordinates":[4.927178,52.363678]},"properties":{"category":"supermarkt","name":"Continent Afrique Foods","operator":""}},{"type":"Feature","geometry":{"type":"Point","coordinates":[4.928065,52.362511]},"properties":{"category":"supermarkt","name":"Surima","operator":""}},{"type":"Feature","geometry":{"type":"Point","coordinates":[4.927482,52.36314]},"properties":{"category":"supermarkt","name":"Malhi Afro-Tropics","operator":""}},{"type":"Feature","geometry":{"type":"Point","coordinates":[4.928679,52.361256]},"properties":{"category":"supermarkt","name":"Milly Tropical","operator":""}},{"type":"Feature","geometry":{"type":"Point","coordinates":[4.940261,52.360975]},"properties":{"category":"supermarkt","name":"Türker Supermarkt","operator":""}},{"type":"Feature","geometry":{"type":"Point","coordinates":[4.940455,52.360409]},"properties":{"category":"supermarkt","name":"El Jawhara","operator":""}},{"type":"Feature","geometry":{"type":"Point","coordinates":[4.954152,52.39251]},"properties":{"category":"supermarkt","name":"ALDI","operator":""}},{"type":"Feature","geometry":{"type":"Point","coordinates":[4.955404,52.392756]},"properties":{"category":"supermarkt","name":"Albert Heijn","operator":""}},{"type":"Feature","geometry":{"type":"Point","coordinates":[4.889624,52.423144]},"properties":{"category":"supermarkt","name":"Lidl","operator":"Lidl Nederland GmbH"}},{"type":"Feature","geometry":{"type":"Point","coordinates":[5.039727,52.306494]},"properties":{"category":"supermarkt","name":"Albert Heijn","operator":""}},{"type":"Feature","geometry":{"type":"Point","coordinates":[4.889904,52.354045]},"properties":{"category":"supermarkt","name":"Albert Heijn","operator":"Ahold Delhaize"}},{"type":"Feature","geometry":{"type":"Point","coordinates":[4.901508,52.357909]},"properties":{"category":"supermarkt","name":"Lidl","operator":"Lidl Nederland GmbH"}},{"type":"Feature","geometry":{"type":"Point","coordinates":[4.897093,52.357334]},"properties":{"category":"supermarkt","name":"Albert Heijn","operator":"Albert Heijn"}},{"type":"Feature","geometry":{"type":"Point","coordinates":[4.88511,52.370417]},"properties":{"category":"supermarkt","name":"Jumbo","operator":"Jumbo"}},{"type":"Feature","geometry":{"type":"Point","coordinates":[4.902838,52.352226]},"properties":{"category":"supermarkt","name":"Genco versmarkt","operator":""}},{"type":"Feature","geometry":{"type":"Point","coordinates":[4.885178,52.383899]},"properties":{"category":"supermarkt","name":"Ekoplaza","operator":""}},{"type":"Feature","geometry":{"type":"Point","coordinates":[4.893878,52.379308]},"properties":{"category":"supermarkt","name":"Daily Fresh","operator":""}},{"type":"Feature","geometry":{"type":"Point","coordinates":[4.895215,52.373281]},"properties":{"category":"supermarkt","name":"Dirk","operator":""}},{"type":"Feature","geometry":{"type":"Point","coordinates":[4.882068,52.363384]},"properties":{"category":"supermarkt","name":"Albert Heijn","operator":""}},{"type":"Feature","geometry":{"type":"Point","coordinates":[4.919803,52.369959]},"properties":{"category":"supermarkt","name":"Albert Heijn","operator":""}},{"type":"Feature","geometry":{"type":"Point","coordinates":[4.879233,52.378916]},"properties":{"category":"supermarkt","name":"Slagerij Rief","operator":""}},{"type":"Feature","geometry":{"type":"Point","coordinates":[4.906755,52.376088]},"properties":{"category":"supermarkt","name":"Albert Heijn","operator":"Albert Heijn"}},{"type":"Feature","geometry":{"type":"Point","coordinates":[4.92816,52.357056]},"properties":{"category":"supermarkt","name":"Albert Heijn","operator":""}},{"type":"Feature","geometry":{"type":"Point","coordinates":[4.879643,52.389385]},"properties":{"category":"supermarkt","name":"Jumbo","operator":""}},{"type":"Feature","geometry":{"type":"Point","coordinates":[4.801304,52.379064]},"properties":{"category":"supermarkt","name":"Vomar","operator":""}},{"type":"Feature","geometry":{"type":"Point","coordinates":[4.803667,52.379165]},"properties":{"category":"supermarkt","name":"Emre Supermarkt","operator":""}},{"type":"Feature","geometry":{"type":"Point","coordinates":[4.818717,52.376473]},"properties":{"category":"supermarkt","name":"DekaMarkt","operator":""}},{"type":"Feature","geometry":{"type":"Point","coordinates":[4.81946,52.377669]},"properties":{"category":"supermarkt","name":"Unal Versmarkt","operator":""}},{"type":"Feature","geometry":{"type":"Point","coordinates":[4.827651,52.356992]},"properties":{"category":"supermarkt","name":"Bulgarije Shop","operator":""}},{"type":"Feature","geometry":{"type":"Point","coordinates":[4.825801,52.355616]},"properties":{"category":"supermarkt","name":"Liya Supermarkt","operator":""}},{"type":"Feature","geometry":{"type":"Point","coordinates":[4.79346,52.356684]},"properties":{"category":"supermarkt","name":"Tanger Markt Osdorp","operator":""}},{"type":"Feature","geometry":{"type":"Point","coordinates":[4.791564,52.356294]},"properties":{"category":"supermarkt","name":"Kapriz","operator":""}},{"type":"Feature","geometry":{"type":"Point","coordinates":[4.810915,52.345802]},"properties":{"category":"supermarkt","name":"Albert Heijn","operator":"Koninklijke Ahold NV"}},{"type":"Feature","geometry":{"type":"Point","coordinates":[4.811501,52.345913]},"properties":{"category":"supermarkt","name":"Dirk","operator":""}},{"type":"Feature","geometry":{"type":"Point","coordinates":[4.864402,52.383682]},"properties":{"category":"supermarkt","name":"Eco-Logisch","operator":"Building Materials"}},{"type":"Feature","geometry":{"type":"Point","coordinates":[4.870878,52.371209]},"properties":{"category":"supermarkt","name":"Bilder & de Clercq","operator":""}},{"type":"Feature","geometry":{"type":"Point","coordinates":[4.855006,52.358781]},"properties":{"category":"supermarkt","name":"Jumbo","operator":""}},{"type":"Feature","geometry":{"type":"Point","coordinates":[4.851971,52.35119]},"properties":{"category":"supermarkt","name":"Ekoplaza Foodmarqt","operator":"Ekoplaza"}},{"type":"Feature","geometry":{"type":"Point","coordinates":[4.855852,52.352333]},"properties":{"category":"supermarkt","name":"Albert Heijn","operator":"Albert Heijn"}},{"type":"Feature","geometry":{"type":"Point","coordinates":[4.854219,52.350967]},"properties":{"category":"supermarkt","name":"Kokkes","operator":""}},{"type":"Feature","geometry":{"type":"Point","coordinates":[4.85382,52.3507]},"properties":{"category":"supermarkt","name":"Albert Heijn","operator":""}},{"type":"Feature","geometry":{"type":"Point","coordinates":[4.935934,52.374448]},"properties":{"category":"supermarkt","name":"Jumbo","operator":""}},{"type":"Feature","geometry":{"type":"Point","coordinates":[4.93772,52.374052]},"properties":{"category":"supermarkt","name":"Ekoplaza Foodmarqt","operator":"Ekoplaza"}},{"type":"Feature","geometry":{"type":"Point","coordinates":[4.938617,52.373939]},"properties":{"category":"supermarkt","name":"Albert Heijn","operator":""}},{"type":"Feature","geometry":{"type":"Point","coordinates":[4.877204,52.347248]},"properties":{"category":"supermarkt","name":"Marqt","operator":""}},{"type":"Feature","geometry":{"type":"Point","coordinates":[4.866357,52.346068]},"properties":{"category":"supermarkt","name":"Ekoplaza Foodmarqt","operator":"Ekoplaza"}},{"type":"Feature","geometry":{"type":"Point","coordinates":[4.894951,52.35599]},"properties":{"category":"supermarkt","name":"Toko Hola","operator":""}},{"type":"Feature","geometry":{"type":"Point","coordinates":[4.899159,52.356933]},"properties":{"category":"supermarkt","name":"Kosher Point","operator":""}},{"type":"Feature","geometry":{"type":"Point","coordinates":[4.90201,52.354105]},"properties":{"category":"supermarkt","name":"Stadsmarkt De Pijp","operator":""}},{"type":"Feature","geometry":{"type":"Point","coordinates":[4.905207,52.347114]},"properties":{"category":"supermarkt","name":"Nuri Genco","operator":""}},{"type":"Feature","geometry":{"type":"Point","coordinates":[4.884305,52.331939]},"properties":{"category":"supermarkt","name":"Kosher Point","operator":""}},{"type":"Feature","geometry":{"type":"Point","coordinates":[4.876074,52.330736]},"properties":{"category":"supermarkt","name":"Shilla","operator":""}},{"type":"Feature","geometry":{"type":"Point","coordinates":[4.914248,52.357097]},"properties":{"category":"supermarkt","name":"Sara supermarket slagerij","operator":""}},{"type":"Feature","geometry":{"type":"Point","coordinates":[4.92534,52.362045]},"properties":{"category":"supermarkt","name":"Authentic India","operator":""}},{"type":"Feature","geometry":{"type":"Point","coordinates":[4.926012,52.362175]},"properties":{"category":"supermarkt","name":"Ekoplaza","operator":""}},{"type":"Feature","geometry":{"type":"Point","coordinates":[4.924979,52.362327]},"properties":{"category":"supermarkt","name":"Versmarkt van Swinden","operator":""}},{"type":"Feature","geometry":{"type":"Point","coordinates":[4.92823,52.362659]},"properties":{"category":"supermarkt","name":"C&C Asian Market","operator":""}},{"type":"Feature","geometry":{"type":"Point","coordinates":[4.93254,52.363442]},"properties":{"category":"supermarkt","name":"Tigris en Eufraat","operator":""}},{"type":"Feature","geometry":{"type":"Point","coordinates":[4.928239,52.355703]},"properties":{"category":"supermarkt","name":"Jumbo","operator":""}},{"type":"Feature","geometry":{"type":"Point","coordinates":[4.931557,52.353442]},"properties":{"category":"supermarkt","name":"Vomar","operator":""}},{"type":"Feature","geometry":{"type":"Point","coordinates":[4.990041,52.358669]},"properties":{"category":"supermarkt","name":"Vomar","operator":""}},{"type":"Feature","geometry":{"type":"Point","coordinates":[4.990485,52.358039]},"properties":{"category":"supermarkt","name":"Albert Heijn","operator":""}},{"type":"Feature","geometry":{"type":"Point","coordinates":[4.913273,52.392183]},"properties":{"category":"supermarkt","name":"Genco","operator":""}},{"type":"Feature","geometry":{"type":"Point","coordinates":[4.915375,52.408373]},"properties":{"category":"supermarkt","name":"Lidl Non Food","operator":""}},{"type":"Feature","geometry":{"type":"Point","coordinates":[4.915788,52.408355]},"properties":{"category":"supermarkt","name":"Lidl","operator":"Lidl Nederland GmbH"}},{"type":"Feature","geometry":{"type":"Point","coordinates":[4.915929,52.408298]},"properties":{"category":"supermarkt","name":"PLUS Slooten","operator":""}},{"type":"Feature","geometry":{"type":"Point","coordinates":[4.937612,52.399209]},"properties":{"category":"supermarkt","name":"ADL Supermarkt","operator":""}},{"type":"Feature","geometry":{"type":"Point","coordinates":[4.938388,52.397998]},"properties":{"category":"supermarkt","name":"Amazing Oriental","operator":""}},{"type":"Feature","geometry":{"type":"Point","coordinates":[4.939737,52.398272]},"properties":{"category":"supermarkt","name":"G&W GezondheidsWinkel","operator":""}},{"type":"Feature","geometry":{"type":"Point","coordinates":[4.94007,52.398696]},"properties":{"category":"supermarkt","name":"Mix Markt","operator":""}},{"type":"Feature","geometry":{"type":"Point","coordinates":[4.940129,52.398669]},"properties":{"category":"supermarkt","name":"Mixmarkt","operator":""}},{"type":"Feature","geometry":{"type":"Point","coordinates":[4.924556,52.390146]},"properties":{"category":"supermarkt","name":"Aitmaten","operator":""}},{"type":"Feature","geometry":{"type":"Point","coordinates":[4.919768,52.383264]},"properties":{"category":"supermarkt","name":"Jumbo Foodmarkt","operator":"Jumbo"}},{"type":"Feature","geometry":{"type":"Point","coordinates":[4.939413,52.35744]},"properties":{"category":"supermarkt","name":"Albert Heijn","operator":""}},{"type":"Feature","geometry":{"type":"Point","coordinates":[5.03411,52.310639]},"properties":{"category":"supermarkt","name":"Boz Versmarkt","operator":""}},{"type":"Feature","geometry":{"type":"Point","coordinates":[5.042884,52.298429]},"properties":{"category":"supermarkt","name":"SPAR","operator":""}},{"type":"Feature","geometry":{"type":"Point","coordinates":[4.976123,52.294533]},"properties":{"category":"supermarkt","name":"Jumbo","operator":""}},{"type":"Feature","geometry":{"type":"Point","coordinates":[4.975177,52.297002]},"properties":{"category":"supermarkt","name":"Vomar","operator":""}},{"type":"Feature","geometry":{"type":"Point","coordinates":[4.954931,52.315518]},"properties":{"category":"supermarkt","name":"Celik","operator":""}},{"type":"Feature","geometry":{"type":"Point","coordinates":[4.951174,52.313965]},"properties":{"category":"supermarkt","name":"Lidl","operator":"Lidl Nederland GmbH"}},{"type":"Feature","geometry":{"type":"Point","coordinates":[4.945785,52.313062]},"properties":{"category":"supermarkt","name":"Albert Heijn","operator":"Albert Heijn"}},{"type":"Feature","geometry":{"type":"Point","coordinates":[4.884057,52.384902]},"properties":{"category":"supermarkt","name":"Albert Heijn","operator":""}},{"type":"Feature","geometry":{"type":"Point","coordinates":[4.870961,52.374892]},"properties":{"category":"supermarkt","name":"Dirk","operator":""}},{"type":"Feature","geometry":{"type":"Point","coordinates":[4.870832,52.368646]},"properties":{"category":"supermarkt","name":"Ekoplaza Foodmarqt","operator":"Ekoplaza"}},{"type":"Feature","geometry":{"type":"Point","coordinates":[4.878907,52.369213]},"properties":{"category":"supermarkt","name":"Yenba","operator":""}},{"type":"Feature","geometry":{"type":"Point","coordinates":[4.924227,52.350833]},"properties":{"category":"supermarkt","name":"Lidl","operator":"Lidl Nederland GmbH"}},{"type":"Feature","geometry":{"type":"Point","coordinates":[4.870686,52.370859]},"properties":{"category":"supermarkt","name":"Albert Heijn","operator":""}},{"type":"Feature","geometry":{"type":"Point","coordinates":[4.857721,52.371504]},"properties":{"category":"supermarkt","name":"Albert Heijn","operator":"Lindeman"}},{"type":"Feature","geometry":{"type":"Point","coordinates":[4.939541,52.397239]},"properties":{"category":"supermarkt","name":"Albert Heijn","operator":""}},{"type":"Feature","geometry":{"type":"Point","coordinates":[4.925443,52.355701]},"properties":{"category":"supermarkt","name":"Flour.ish De Glutenvrije Winkel","operator":""}},{"type":"Feature","geometry":{"type":"Point","coordinates":[4.891796,52.359713]},"properties":{"category":"supermarkt","name":"Albert Heijn","operator":""}},{"type":"Feature","geometry":{"type":"Point","coordinates":[4.889229,52.360126]},"properties":{"category":"supermarkt","name":"Ekoplaza","operator":""}},{"type":"Feature","geometry":{"type":"Point","coordinates":[4.801056,52.352021]},"properties":{"category":"supermarkt","name":"Food Plus (Poolse Markt Krakus)","operator":""}},{"type":"Feature","geometry":{"type":"Point","coordinates":[4.837087,52.363275]},"properties":{"category":"supermarkt","name":"Lidl","operator":"Lidl Nederland GmbH"}},{"type":"Feature","geometry":{"type":"Point","coordinates":[4.920604,52.339086]},"properties":{"category":"supermarkt","name":"Foodlovers","operator":""}},{"type":"Feature","geometry":{"type":"Point","coordinates":[4.906085,52.343383]},"properties":{"category":"supermarkt","name":"Vomar","operator":""}},{"type":"Feature","geometry":{"type":"Point","coordinates":[4.903164,52.407118]},"properties":{"category":"supermarkt","name":"PLUS","operator":"Sperwer Groep"}},{"type":"Feature","geometry":{"type":"Point","coordinates":[4.915172,52.390356]},"properties":{"category":"supermarkt","name":"Albert Heijn","operator":""}},{"type":"Feature","geometry":{"type":"Point","coordinates":[4.926514,52.36761]},"properties":{"category":"supermarkt","name":"Vomar","operator":""}},{"type":"Feature","geometry":{"type":"Point","coordinates":[4.903242,52.384763]},"properties":{"category":"supermarkt","name":"Albert Heijn","operator":""}},{"type":"Feature","geometry":{"type":"Point","coordinates":[4.913226,52.391191]},"properties":{"category":"supermarkt","name":"Vomar","operator":""}},{"type":"Feature","geometry":{"type":"Point","coordinates":[4.860784,52.374728]},"properties":{"category":"supermarkt","name":"Albert Heijn","operator":""}},{"type":"Feature","geometry":{"type":"Point","coordinates":[4.865787,52.333412]},"properties":{"category":"supermarkt","name":"SPAR university","operator":"SPAR"}},{"type":"Feature","geometry":{"type":"Point","coordinates":[4.847598,52.377939]},"properties":{"category":"supermarkt","name":"Dirk","operator":""}},{"type":"Feature","geometry":{"type":"Point","coordinates":[4.873602,52.375525]},"properties":{"category":"supermarkt","name":"Albert Heijn","operator":""}},{"type":"Feature","geometry":{"type":"Point","coordinates":[4.890246,52.372842]},"properties":{"category":"supermarkt","name":"Albert Heijn","operator":"Albert Heijn"}},{"type":"Feature","geometry":{"type":"Point","coordinates":[4.851777,52.369458]},"properties":{"category":"supermarkt","name":"Dirk","operator":""}},{"type":"Feature","geometry":{"type":"Point","coordinates":[4.862091,52.359677]},"properties":{"category":"supermarkt","name":"Albert Heijn","operator":"Albert Heijn"}},{"type":"Feature","geometry":{"type":"Point","coordinates":[4.801643,52.377533]},"properties":{"category":"supermarkt","name":"Albert Heijn","operator":""}},{"type":"Feature","geometry":{"type":"Point","coordinates":[4.892877,52.339508]},"properties":{"category":"supermarkt","name":"Dirk","operator":""}},{"type":"Feature","geometry":{"type":"Point","coordinates":[5.032941,52.310491]},"properties":{"category":"supermarkt","name":"DekaMarkt","operator":""}},{"type":"Feature","geometry":{"type":"Point","coordinates":[5.008527,52.352583]},"properties":{"category":"supermarkt","name":"DekaMarkt","operator":""}},{"type":"Feature","geometry":{"type":"Point","coordinates":[4.977978,52.316302]},"properties":{"category":"supermarkt","name":"ALDI","operator":""}},{"type":"Feature","geometry":{"type":"Point","coordinates":[4.895228,52.346037]},"properties":{"category":"supermarkt","name":"Albert Heijn","operator":""}},{"type":"Feature","geometry":{"type":"Point","coordinates":[4.871785,52.336494]},"properties":{"category":"supermarkt","name":"Albert Heijn","operator":""}},{"type":"Feature","geometry":{"type":"Point","coordinates":[4.905054,52.347628]},"properties":{"category":"supermarkt","name":"Albert Heijn","operator":""}},{"type":"Feature","geometry":{"type":"Point","coordinates":[4.926837,52.362368]},"properties":{"category":"supermarkt","name":"Lidl","operator":"Lidl Nederland GmbH"}},{"type":"Feature","geometry":{"type":"Point","coordinates":[4.859547,52.359737]},"properties":{"category":"supermarkt","name":"Serhat Market","operator":""}},{"type":"Feature","geometry":{"type":"Point","coordinates":[4.857109,52.344588]},"properties":{"category":"supermarkt","name":"Albert Heijn","operator":""}},{"type":"Feature","geometry":{"type":"Point","coordinates":[5.040207,52.306202]},"properties":{"category":"supermarkt","name":"Vomar","operator":""}},{"type":"Feature","geometry":{"type":"Point","coordinates":[4.863668,52.363537]},"properties":{"category":"supermarkt","name":"Ekoplaza","operator":""}},{"type":"Feature","geometry":{"type":"Point","coordinates":[4.864471,52.362276]},"properties":{"category":"supermarkt","name":"Aldisco","operator":""}},{"type":"Feature","geometry":{"type":"Point","coordinates":[4.865174,52.360611]},"properties":{"category":"supermarkt","name":"Abyssinia African grocery","operator":""}},{"type":"Feature","geometry":{"type":"Point","coordinates":[4.964175,52.373264]},"properties":{"category":"supermarkt","name":"Albert Heijn","operator":""}},{"type":"Feature","geometry":{"type":"Point","coordinates":[4.909844,52.358828]},"properties":{"category":"supermarkt","name":"SPAR university","operator":"SPAR"}},{"type":"Feature","geometry":{"type":"Point","coordinates":[4.854357,52.364432]},"properties":{"category":"supermarkt","name":"Supermarkt Toubkal","operator":""}},{"type":"Feature","geometry":{"type":"Point","coordinates":[4.902731,52.369191]},"properties":{"category":"supermarkt","name":"Jumbo","operator":""}},{"type":"Feature","geometry":{"type":"Point","coordinates":[4.893107,52.417066]},"properties":{"category":"supermarkt","name":"Albert Heijn","operator":""}},{"type":"Feature","geometry":{"type":"Point","coordinates":[4.878776,52.33155]},"properties":{"category":"supermarkt","name":"Jumbo","operator":""}},{"type":"Feature","geometry":{"type":"Point","coordinates":[4.797614,52.382355]},"properties":{"category":"supermarkt","name":"Lidl","operator":"Lidl Nederland GmbH"}},{"type":"Feature","geometry":{"type":"Point","coordinates":[4.936297,52.399449]},"properties":{"category":"supermarkt","name":"Lidl","operator":"Lidl Nederland GmbH"}},{"type":"Feature","geometry":{"type":"Point","coordinates":[4.853885,52.364046]},"properties":{"category":"supermarkt","name":"ALDI","operator":""}},{"type":"Feature","geometry":{"type":"Point","coordinates":[4.892536,52.401779]},"properties":{"category":"supermarkt","name":"Albert Heijn","operator":""}},{"type":"Feature","geometry":{"type":"Point","coordinates":[4.95716,52.29746]},"properties":{"category":"supermarkt","name":"Jumbo City","operator":"Jumbo"}},{"type":"Feature","geometry":{"type":"Point","coordinates":[4.80447,52.357594]},"properties":{"category":"supermarkt","name":"Jumbo","operator":""}},{"type":"Feature","geometry":{"type":"Point","coordinates":[4.920034,52.346624]},"properties":{"category":"supermarkt","name":"Jumbo","operator":"Jumbo"}},{"type":"Feature","geometry":{"type":"Point","coordinates":[4.86906,52.33969]},"properties":{"category":"supermarkt","name":"Albert Heijn","operator":""}},{"type":"Feature","geometry":{"type":"Point","coordinates":[4.898853,52.357082]},"properties":{"category":"supermarkt","name":"C&C Asian Market","operator":""}},{"type":"Feature","geometry":{"type":"Point","coordinates":[4.803956,52.358258]},"properties":{"category":"supermarkt","name":"Lidl","operator":"Lidl Nederland GmbH"}},{"type":"Feature","geometry":{"type":"Point","coordinates":[4.856631,52.384216]},"properties":{"category":"supermarkt","name":"Albert Heijn","operator":""}},{"type":"Feature","geometry":{"type":"Point","coordinates":[4.87568,52.365323]},"properties":{"category":"supermarkt","name":"Little Plant Pantry","operator":""}},{"type":"Feature","geometry":{"type":"Point","coordinates":[4.888902,52.367112]},"properties":{"category":"supermarkt","name":"Albert Heijn","operator":""}},{"type":"Feature","geometry":{"type":"Point","coordinates":[5.04409,52.318541]},"properties":{"category":"supermarkt","name":"Albert Heijn","operator":""}},{"type":"Feature","geometry":{"type":"Point","coordinates":[4.868283,52.325951]},"properties":{"category":"supermarkt","name":"Albert Heijn","operator":""}},{"type":"Feature","geometry":{"type":"Point","coordinates":[4.891212,52.345919]},"properties":{"category":"supermarkt","name":"Ekoplaza","operator":""}},{"type":"Feature","geometry":{"type":"Point","coordinates":[4.861177,52.364334]},"properties":{"category":"supermarkt","name":"Finalemente Brasil","operator":""}},{"type":"Feature","geometry":{"type":"Point","coordinates":[4.950783,52.368462]},"properties":{"category":"supermarkt","name":"Albert Heijn","operator":""}},{"type":"Feature","geometry":{"type":"Point","coordinates":[4.836492,52.356557]},"properties":{"category":"supermarkt","name":"SPAR","operator":""}},{"type":"Feature","geometry":{"type":"Point","coordinates":[4.956869,52.315152]},"properties":{"category":"supermarkt","name":"Vomar","operator":""}},{"type":"Feature","geometry":{"type":"Point","coordinates":[4.935349,52.363584]},"properties":{"category":"supermarkt","name":"Late Night Liquorstore","operator":""}},{"type":"Feature","geometry":{"type":"Point","coordinates":[4.936364,52.360892]},"properties":{"category":"supermarkt","name":"Bismillah","operator":""}},{"type":"Feature","geometry":{"type":"Point","coordinates":[4.912962,52.356759]},"properties":{"category":"supermarkt","name":"Albert Heijn","operator":""}},{"type":"Feature","geometry":{"type":"Point","coordinates":[4.836293,52.363591]},"properties":{"category":"supermarkt","name":"Ummah Supermarkt","operator":""}},{"type":"Feature","geometry":{"type":"Point","coordinates":[4.861392,52.348081]},"properties":{"category":"supermarkt","name":"Ekoplaza","operator":"Ekoplaza"}},{"type":"Feature","geometry":{"type":"Point","coordinates":[4.838661,52.355674]},"properties":{"category":"supermarkt","name":"Albert Heijn","operator":""}},{"type":"Feature","geometry":{"type":"Point","coordinates":[4.895451,52.378374]},"properties":{"category":"supermarkt","name":"Albert Heijn","operator":""}},{"type":"Feature","geometry":{"type":"Point","coordinates":[4.893831,52.37664]},"properties":{"category":"supermarkt","name":"Supermarket Big Banana","operator":""}},{"type":"Feature","geometry":{"type":"Point","coordinates":[4.940718,52.398069]},"properties":{"category":"supermarkt","name":"Dirk van den Broek","operator":""}},{"type":"Feature","geometry":{"type":"Point","coordinates":[4.905303,52.385634]},"properties":{"category":"supermarkt","name":"Albert Heijn","operator":""}},{"type":"Feature","geometry":{"type":"Point","coordinates":[4.902511,52.377578]},"properties":{"category":"fietsenstalling","name":"","operator":""}},{"type":"Feature","geometry":{"type":"Point","coordinates":[4.873352,52.33986]},"properties":{"category":"fietsenstalling","name":"Fietspunt Station Zuid WTC","operator":""}},{"type":"Feature","geometry":{"type":"Point","coordinates":[4.873119,52.339856]},"properties":{"category":"fietsenstalling","name":"Fietspunt Station Zuid WTC","operator":""}},{"type":"Feature","geometry":{"type":"Point","coordinates":[4.834648,52.346828]},"properties":{"category":"fietsenstalling","name":"","operator":""}},{"type":"Feature","geometry":{"type":"Point","coordinates":[4.824337,52.34764]},"properties":{"category":"fietsenstalling","name":"","operator":""}},{"type":"Feature","geometry":{"type":"Point","coordinates":[4.960089,52.29749]},"properties":{"category":"fietsenstalling","name":"","operator":""}},{"type":"Feature","geometry":{"type":"Point","coordinates":[4.834451,52.35695]},"properties":{"category":"fietsenstalling","name":"","operator":""}},{"type":"Feature","geometry":{"type":"Point","coordinates":[4.834043,52.35675]},"properties":{"category":"fietsenstalling","name":"","operator":""}},{"type":"Feature","geometry":{"type":"Point","coordinates":[4.833593,52.358506]},"properties":{"category":"fietsenstalling","name":"","operator":""}},{"type":"Feature","geometry":{"type":"Point","coordinates":[4.834486,52.35873]},"properties":{"category":"fietsenstalling","name":"","operator":""}},{"type":"Feature","geometry":{"type":"Point","coordinates":[4.824063,52.349514]},"properties":{"category":"fietsenstalling","name":"","operator":""}},{"type":"Feature","geometry":{"type":"Point","coordinates":[4.823478,52.349469]},"properties":{"category":"fietsenstalling","name":"","operator":""}},{"type":"Feature","geometry":{"type":"Point","coordinates":[4.82866,52.340923]},"properties":{"category":"fietsenstalling","name":"","operator":""}},{"type":"Feature","geometry":{"type":"Point","coordinates":[4.955762,52.315562]},"properties":{"category":"fietsenstalling","name":"","operator":""}},{"type":"Feature","geometry":{"type":"Point","coordinates":[4.955736,52.315732]},"properties":{"category":"fietsenstalling","name":"","operator":""}},{"type":"Feature","geometry":{"type":"Point","coordinates":[4.807428,52.359163]},"properties":{"category":"fietsenstalling","name":"","operator":""}},{"type":"Feature","geometry":{"type":"Point","coordinates":[4.873098,52.364604]},"properties":{"category":"fietsenstalling","name":"","operator":""}},{"type":"Feature","geometry":{"type":"Point","coordinates":[4.87521,52.363588]},"properties":{"category":"fietsenstalling","name":"","operator":""}},{"type":"Feature","geometry":{"type":"Point","coordinates":[4.959962,52.297628]},"properties":{"category":"fietsenstalling","name":"","operator":""}},{"type":"Feature","geometry":{"type":"Point","coordinates":[4.890914,52.35455]},"properties":{"category":"fietsenstalling","name":"Buurtstalling Govert Flinckstraat","operator":""}},{"type":"Feature","geometry":{"type":"Point","coordinates":[4.892774,52.36573]},"properties":{"category":"fietsenstalling","name":"Fietspunt Vijzelstraat","operator":""}},{"type":"Feature","geometry":{"type":"Point","coordinates":[4.893377,52.355946]},"properties":{"category":"fietsenstalling","name":"Fietsenstalling Gerard Douplein","operator":"U-stal"}},{"type":"Feature","geometry":{"type":"Point","coordinates":[4.8905,52.352876]},"properties":{"category":"fietsenstalling","name":"Gemeentelijke Fietsenstalling Ceintuurbaan","operator":"Gemeente Amsterdam"}},{"type":"Feature","geometry":{"type":"Point","coordinates":[4.891346,52.35426]},"properties":{"category":"fietsenstalling","name":"Buurtstalling Eerste Jan Steenstraat","operator":"U-Stal"}},{"type":"Feature","geometry":{"type":"Point","coordinates":[4.90913,52.343471]},"properties":{"category":"fietsenstalling","name":"DrBeyk's Fietsenstalling Rivierenbuurt 2","operator":"DrBeyk"}},{"type":"Feature","geometry":{"type":"Point","coordinates":[4.868747,52.366767]},"properties":{"category":"fietsenstalling","name":"","operator":""}},{"type":"Feature","geometry":{"type":"Point","coordinates":[4.918966,52.34687]},"properties":{"category":"fietsenstalling","name":"Bewaakte fietsenstalling","operator":"NS"}},{"type":"Feature","geometry":{"type":"Point","coordinates":[4.872585,52.382799]},"properties":{"category":"fietsenstalling","name":"De Baron de stalling","operator":""}},{"type":"Feature","geometry":{"type":"Point","coordinates":[4.854278,52.353376]},"properties":{"category":"fietsenstalling","name":"Schinkel-Stalling","operator":""}},{"type":"Feature","geometry":{"type":"Point","coordinates":[4.949345,52.30222]},"properties":{"category":"fietsenstalling","name":"","operator":""}},{"type":"Feature","geometry":{"type":"Point","coordinates":[4.906528,52.376177]},"properties":{"category":"fietsenstalling","name":"","operator":""}},{"type":"Feature","geometry":{"type":"Point","coordinates":[4.898679,52.380077]},"properties":{"category":"fietsenstalling","name":"","operator":""}},{"type":"Feature","geometry":{"type":"Point","coordinates":[4.93296,52.400714]},"properties":{"category":"fietsenstalling","name":"","operator":""}},{"type":"Feature","geometry":{"type":"Point","coordinates":[4.876763,52.394194]},"properties":{"category":"fietsenstalling","name":"","operator":""}},{"type":"Feature","geometry":{"type":"Point","coordinates":[4.908774,52.358767]},"properties":{"category":"fietsenstalling","name":"","operator":""}},{"type":"Feature","geometry":{"type":"Point","coordinates":[4.829951,52.346436]},"properties":{"category":"fietsenstalling","name":"","operator":""}},{"type":"Feature","geometry":{"type":"Point","coordinates":[4.824046,52.348346]},"properties":{"category":"fietsenstalling","name":"","operator":""}},{"type":"Feature","geometry":{"type":"Point","coordinates":[4.906246,52.385497]},"properties":{"category":"fietsenstalling","name":"","operator":"Hyperion Lyceum"}},{"type":"Feature","geometry":{"type":"Point","coordinates":[4.931998,52.402157]},"properties":{"category":"fietsenstalling","name":"","operator":""}},{"type":"Feature","geometry":{"type":"Point","coordinates":[4.957619,52.292864]},"properties":{"category":"fietsenstalling","name":"","operator":""}},{"type":"Feature","geometry":{"type":"Point","coordinates":[4.977101,52.325098]},"properties":{"category":"fietsenstalling","name":"","operator":""}},{"type":"Feature","geometry":{"type":"Point","coordinates":[4.97688,52.324609]},"properties":{"category":"fietsenstalling","name":"","operator":""}},{"type":"Feature","geometry":{"type":"Point","coordinates":[4.977085,52.324595]},"properties":{"category":"fietsenstalling","name":"","operator":""}},{"type":"Feature","geometry":{"type":"Point","coordinates":[4.97545,52.326092]},"properties":{"category":"fietsenstalling","name":"","operator":""}},{"type":"Feature","geometry":{"type":"Point","coordinates":[4.931355,52.360738]},"properties":{"category":"fietsenstalling","name":"","operator":""}},{"type":"Feature","geometry":{"type":"Point","coordinates":[4.890058,52.353433]},"properties":{"category":"fietsenstalling","name":"Gemeentelijke Fietsenstalling Ferdinand Bolstraat","operator":"Gemeente Amsterdam"}},{"type":"Feature","geometry":{"type":"Point","coordinates":[4.883746,52.375143]},"properties":{"category":"fietsenstalling","name":"","operator":""}},{"type":"Feature","geometry":{"type":"Point","coordinates":[4.883831,52.375234]},"properties":{"category":"fietsenstalling","name":"","operator":""}},{"type":"Feature","geometry":{"type":"Point","coordinates":[4.883895,52.37531]},"properties":{"category":"fietsenstalling","name":"","operator":""}},{"type":"Feature","geometry":{"type":"Point","coordinates":[4.884841,52.374322]},"properties":{"category":"fietsenstalling","name":"","operator":""}},{"type":"Feature","geometry":{"type":"Point","coordinates":[4.933476,52.354245]},"properties":{"category":"fietsenstalling","name":"","operator":""}},{"type":"Feature","geometry":{"type":"Point","coordinates":[4.996194,52.407132]},"properties":{"category":"fietsenstalling","name":"","operator":""}},{"type":"Feature","geometry":{"type":"Point","coordinates":[4.903531,52.382209]},"properties":{"category":"fietsenstalling","name":"Automatische Stalling Tolhuisplein","operator":"Lo Minck Mobility"}},{"type":"Feature","geometry":{"type":"Point","coordinates":[4.950049,52.355234]},"properties":{"category":"fietsenstalling","name":"","operator":""}},{"type":"Feature","geometry":{"type":"Point","coordinates":[4.932636,52.337183]},"properties":{"category":"fietsenstalling","name":"","operator":""}},{"type":"Feature","geometry":{"type":"Point","coordinates":[4.893718,52.404136]},"properties":{"category":"fietsenstalling","name":"","operator":""}},{"type":"Feature","geometry":{"type":"Point","coordinates":[4.894438,52.403789]},"properties":{"category":"fietsenstalling","name":"","operator":""}},{"type":"Feature","geometry":{"type":"Point","coordinates":[4.948137,52.311805]},"properties":{"category":"fietsenstalling","name":"","operator":""}},{"type":"Feature","geometry":{"type":"Point","coordinates":[4.90035,52.380274]},"properties":{"category":"fietsenstalling","name":"Fietsenstalling IJboulevard (ingang west)","operator":""}},{"type":"Feature","geometry":{"type":"Point","coordinates":[4.902732,52.379406]},"properties":{"category":"fietsenstalling","name":"Fietsenstalling IJboulevard (ingang oost)","operator":""}},{"type":"Feature","geometry":{"type":"Point","coordinates":[4.864648,52.334692]},"properties":{"category":"fietsenstalling","name":"","operator":""}},{"type":"Feature","geometry":{"type":"Point","coordinates":[4.873117,52.393942]},"properties":{"category":"fietsenstalling","name":"","operator":""}},{"type":"Feature","geometry":{"type":"Point","coordinates":[4.905506,52.387302]},"properties":{"category":"fietsenstalling","name":"","operator":""}},{"type":"Feature","geometry":{"type":"Point","coordinates":[4.903664,52.38709]},"properties":{"category":"fietsenstalling","name":"","operator":""}},{"type":"Feature","geometry":{"type":"Point","coordinates":[4.903394,52.387031]},"properties":{"category":"fietsenstalling","name":"","operator":""}},{"type":"Feature","geometry":{"type":"Point","coordinates":[4.9055,52.387315]},"properties":{"category":"fietsenstalling","name":"","operator":""}},{"type":"Feature","geometry":{"type":"Point","coordinates":[4.903506,52.386131]},"properties":{"category":"fietsenstalling","name":"","operator":""}},{"type":"Feature","geometry":{"type":"Point","coordinates":[4.903055,52.386657]},"properties":{"category":"fietsenstalling","name":"","operator":""}},{"type":"Feature","geometry":{"type":"Point","coordinates":[4.905691,52.386924]},"properties":{"category":"fietsenstalling","name":"13","operator":""}},{"type":"Feature","geometry":{"type":"Point","coordinates":[4.902327,52.387048]},"properties":{"category":"fietsenstalling","name":"","operator":""}},{"type":"Feature","geometry":{"type":"Point","coordinates":[4.90578,52.385113]},"properties":{"category":"fietsenstalling","name":"","operator":"BOLD"}},{"type":"Feature","geometry":{"type":"Point","coordinates":[4.891827,52.366181]},"properties":{"category":"fietsenstalling","name":"Fietsenstalling Reguliers","operator":""}},{"type":"Feature","geometry":{"type":"Point","coordinates":[4.893004,52.338235]},"properties":{"category":"fietsenstalling","name":"","operator":"Terrace Tower"}},{"type":"Feature","geometry":{"type":"Point","coordinates":[4.893447,52.339046]},"properties":{"category":"fietsenstalling","name":"","operator":""}},{"type":"Feature","geometry":{"type":"Point","coordinates":[4.893268,52.339846]},"properties":{"category":"fietsenstalling","name":"","operator":"MBO College Zuid"}},{"type":"Feature","geometry":{"type":"Point","coordinates":[4.901592,52.342768]},"properties":{"category":"fietsenstalling","name":"DrBeyk's Fietsenstalling Rivierenbuurt 1","operator":"DrBeyk"}},{"type":"Feature","geometry":{"type":"Point","coordinates":[4.91698,52.372895]},"properties":{"category":"fietsenstalling","name":"","operator":""}},{"type":"Feature","geometry":{"type":"Point","coordinates":[4.875839,52.384053]},"properties":{"category":"fietsenstalling","name":"","operator":""}},{"type":"Feature","geometry":{"type":"Point","coordinates":[4.909001,52.377255]},"properties":{"category":"fietsenstalling","name":"","operator":""}},{"type":"Feature","geometry":{"type":"Point","coordinates":[4.924759,52.345312]},"properties":{"category":"fietsenstalling","name":"Rsthf 37","operator":"De Baron De Stalling"}},{"type":"Feature","geometry":{"type":"Point","coordinates":[4.923044,52.379062]},"properties":{"category":"fietsenstalling","name":"","operator":""}},{"type":"Feature","geometry":{"type":"Point","coordinates":[4.877783,52.382568]},"properties":{"category":"fietsenstalling","name":"","operator":""}},{"type":"Feature","geometry":{"type":"Point","coordinates":[4.871646,52.380376]},"properties":{"category":"fietsenstalling","name":"","operator":"Stalling Amsterdam"}},{"type":"Feature","geometry":{"type":"Point","coordinates":[4.892061,52.369477]},"properties":{"category":"fietsenstalling","name":"Fietsenstalling Rokin","operator":""}},{"type":"Feature","geometry":{"type":"Point","coordinates":[4.854518,52.385608]},"properties":{"category":"fietsenstalling","name":"Westerpark West","operator":""}},{"type":"Feature","geometry":{"type":"Point","coordinates":[4.853011,52.385803]},"properties":{"category":"fietsenstalling","name":"Westerpark West","operator":""}},{"type":"Feature","geometry":{"type":"Point","coordinates":[4.913365,52.369416]},"properties":{"category":"fietsenstalling","name":"","operator":""}},{"type":"Feature","geometry":{"type":"Point","coordinates":[4.95181,52.303984]},"properties":{"category":"fietsenstalling","name":"","operator":""}},{"type":"Feature","geometry":{"type":"Point","coordinates":[4.94774,52.311606]},"properties":{"category":"fietsenstalling","name":"","operator":""}},{"type":"Feature","geometry":{"type":"Point","coordinates":[4.89108,52.340486]},"properties":{"category":"fietsenstalling","name":"","operator":""}},{"type":"Feature","geometry":{"type":"Point","coordinates":[4.894474,52.355983]},"properties":{"category":"fietsenstalling","name":"Buurtstalling Gerard Doustraat","operator":""}},{"type":"Feature","geometry":{"type":"Point","coordinates":[4.975967,52.321725]},"properties":{"category":"fietsenstalling","name":"","operator":""}},{"type":"Feature","geometry":{"type":"Point","coordinates":[4.975524,52.322195]},"properties":{"category":"fietsenstalling","name":"","operator":""}},{"type":"Feature","geometry":{"type":"Point","coordinates":[4.908845,52.375544]},"properties":{"category":"fietsenstalling","name":"","operator":""}},{"type":"Feature","geometry":{"type":"Point","coordinates":[4.873218,52.339935]},"properties":{"category":"fietsenstalling","name":"Fietspunt Station Zuid WTC","operator":""}},{"type":"Feature","geometry":{"type":"Point","coordinates":[4.953326,52.356601]},"properties":{"category":"fietsenstalling","name":"","operator":""}},{"type":"Feature","geometry":{"type":"Point","coordinates":[4.792967,52.398553]},"properties":{"category":"fietsenstalling","name":"","operator":""}},{"type":"Feature","geometry":{"type":"Point","coordinates":[4.902396,52.338293]},"properties":{"category":"fietsenstalling","name":"","operator":""}},{"type":"Feature","geometry":{"type":"Point","coordinates":[4.890321,52.337442]},"properties":{"category":"fietsenstalling","name":"","operator":"Nederlandse Spoorwegen"}},{"type":"Feature","geometry":{"type":"Point","coordinates":[4.911724,52.354069]},"properties":{"category":"fietsenstalling","name":"","operator":""}},{"type":"Feature","geometry":{"type":"Point","coordinates":[4.954779,52.357169]},"properties":{"category":"fietsenstalling","name":"","operator":""}},{"type":"Feature","geometry":{"type":"Point","coordinates":[4.952881,52.320617]},"properties":{"category":"fietsenstalling","name":"","operator":""}},{"type":"Feature","geometry":{"type":"Point","coordinates":[4.955052,52.321396]},"properties":{"category":"fietsenstalling","name":"","operator":""}},{"type":"Feature","geometry":{"type":"Point","coordinates":[4.956143,52.321739]},"properties":{"category":"fietsenstalling","name":"","operator":""}},{"type":"Feature","geometry":{"type":"Point","coordinates":[4.926101,52.395184]},"properties":{"category":"fietsenstalling","name":"","operator":""}},{"type":"Feature","geometry":{"type":"Point","coordinates":[4.94145,52.310051]},"properties":{"category":"fietsenstalling","name":"","operator":""}},{"type":"Feature","geometry":{"type":"Point","coordinates":[4.87313,52.340803]},"properties":{"category":"fietsenstalling","name":"","operator":""}},{"type":"Feature","geometry":{"type":"Point","coordinates":[4.873445,52.340807]},"properties":{"category":"fietsenstalling","name":"","operator":""}},{"type":"Feature","geometry":{"type":"Point","coordinates":[4.873309,52.340809]},"properties":{"category":"fietsenstalling","name":"","operator":""}},{"type":"Feature","geometry":{"type":"Point","coordinates":[4.921432,52.40419]},"properties":{"category":"fietsenstalling","name":"","operator":""}},{"type":"Feature","geometry":{"type":"Point","coordinates":[4.907457,52.419935]},"properties":{"category":"fietsenstalling","name":"","operator":""}},{"type":"Feature","geometry":{"type":"Point","coordinates":[4.873517,52.337322]},"properties":{"category":"fietsenstalling","name":"Fietsenstalling Mahlerplein","operator":"Gemeente Amsterdam"}},{"type":"Feature","geometry":{"type":"Point","coordinates":[4.88231,52.326475]},"properties":{"category":"fietsenstalling","name":"","operator":""}},{"type":"Feature","geometry":{"type":"Point","coordinates":[4.947896,52.35282]},"properties":{"category":"fietsenstalling","name":"","operator":""}},{"type":"Feature","geometry":{"type":"Point","coordinates":[4.956485,52.356809]},"properties":{"category":"fietsenstalling","name":"","operator":""}},{"type":"Feature","geometry":{"type":"Point","coordinates":[4.843427,52.344233]},"properties":{"category":"fietsenstalling","name":"","operator":""}},{"type":"Feature","geometry":{"type":"Point","coordinates":[4.930488,52.360424]},"properties":{"category":"fietsenstalling","name":"","operator":""}},{"type":"Feature","geometry":{"type":"Point","coordinates":[4.931659,52.360503]},"properties":{"category":"fietsenstalling","name":"","operator":""}},{"type":"Feature","geometry":{"type":"Point","coordinates":[4.89525,52.374284]},"properties":{"category":"fietsenstalling","name":"","operator":"Gemeente Amsterdam"}},{"type":"Feature","geometry":{"type":"Point","coordinates":[4.828339,52.346111]},"properties":{"category":"fietsenstalling","name":"","operator":""}},{"type":"Feature","geometry":{"type":"Point","coordinates":[4.828425,52.34611]},"properties":{"category":"fietsenstalling","name":"","operator":""}},{"type":"Feature","geometry":{"type":"Point","coordinates":[4.956242,52.355494]},"properties":{"category":"fietsenstalling","name":"","operator":""}},{"type":"Feature","geometry":{"type":"Point","coordinates":[4.831794,52.346613]},"properties":{"category":"fietsenstalling","name":"","operator":""}},{"type":"Feature","geometry":{"type":"Point","coordinates":[4.973683,52.321988]},"properties":{"category":"fietsenstalling","name":"","operator":""}},{"type":"Feature","geometry":{"type":"Point","coordinates":[4.873073,52.341363]},"properties":{"category":"fietsenstalling","name":"Fietsparkeergarage Strawinskylaan","operator":""}},{"type":"Feature","geometry":{"type":"Point","coordinates":[4.843533,52.344228]},"properties":{"category":"fietsenstalling","name":"","operator":""}},{"type":"Feature","geometry":{"type":"Point","coordinates":[4.898308,52.377967]},"properties":{"category":"fietsenstalling","name":"Fietsenstalling Stationsplein","operator":""}},{"type":"Feature","geometry":{"type":"Point","coordinates":[4.955328,52.293363]},"properties":{"category":"fietsenstalling","name":"","operator":""}},{"type":"Feature","geometry":{"type":"Point","coordinates":[4.958131,52.293081]},"properties":{"category":"fietsenstalling","name":"","operator":""}},{"type":"Feature","geometry":{"type":"Point","coordinates":[4.953367,52.422035]},"properties":{"category":"fietsenstalling","name":"","operator":""}},{"type":"Feature","geometry":{"type":"Point","coordinates":[4.974,52.324748]},"properties":{"category":"fietsenstalling","name":"","operator":""}},{"type":"Feature","geometry":{"type":"Point","coordinates":[4.974593,52.323853]},"properties":{"category":"fietsenstalling","name":"","operator":""}},{"type":"Feature","geometry":{"type":"Point","coordinates":[4.912974,52.355002]},"properties":{"category":"fietsenstalling","name":"","operator":"ZAAM"}},{"type":"Feature","geometry":{"type":"Point","coordinates":[4.826721,52.400676]},"properties":{"category":"fietsenstalling","name":"","operator":""}},{"type":"Feature","geometry":{"type":"Point","coordinates":[4.829909,52.392479]},"properties":{"category":"fietsenstalling","name":"","operator":""}},{"type":"Feature","geometry":{"type":"Point","coordinates":[4.829822,52.392479]},"properties":{"category":"fietsenstalling","name":"","operator":""}},{"type":"Feature","geometry":{"type":"Point","coordinates":[4.829736,52.392478]},"properties":{"category":"fietsenstalling","name":"","operator":""}},{"type":"Feature","geometry":{"type":"Point","coordinates":[4.832172,52.393552]},"properties":{"category":"fietsenstalling","name":"","operator":""}},{"type":"Feature","geometry":{"type":"Point","coordinates":[4.837267,52.398225]},"properties":{"category":"fietsenstalling","name":"","operator":""}},{"type":"Feature","geometry":{"type":"Point","coordinates":[4.839028,52.401128]},"properties":{"category":"fietsenstalling","name":"","operator":""}},{"type":"Feature","geometry":{"type":"Point","coordinates":[4.839137,52.402348]},"properties":{"category":"fietsenstalling","name":"","operator":""}},{"type":"Feature","geometry":{"type":"Point","coordinates":[4.839418,52.396819]},"properties":{"category":"fietsenstalling","name":"","operator":""}},{"type":"Feature","geometry":{"type":"Point","coordinates":[4.83963,52.397848]},"properties":{"category":"fietsenstalling","name":"","operator":""}},{"type":"Feature","geometry":{"type":"Point","coordinates":[4.844566,52.399687]},"properties":{"category":"fietsenstalling","name":"","operator":""}},{"type":"Feature","geometry":{"type":"Point","coordinates":[4.844636,52.400136]},"properties":{"category":"fietsenstalling","name":"","operator":""}},{"type":"Feature","geometry":{"type":"Point","coordinates":[4.851753,52.396964]},"properties":{"category":"fietsenstalling","name":"","operator":""}},{"type":"Feature","geometry":{"type":"Point","coordinates":[4.98129,52.325421]},"properties":{"category":"fietsenstalling","name":"","operator":""}},{"type":"Feature","geometry":{"type":"Point","coordinates":[4.981524,52.325578]},"properties":{"category":"fietsenstalling","name":"","operator":""}},{"type":"Feature","geometry":{"type":"Point","coordinates":[4.883507,52.363323]},"properties":{"category":"fietsenstalling","name":"Fietsenstalling Leidseplein","operator":"Gemeente Amsterdam"}},{"type":"Feature","geometry":{"type":"Point","coordinates":[4.949138,52.352149]},"properties":{"category":"fietsenstalling","name":"","operator":""}},{"type":"Feature","geometry":{"type":"Point","coordinates":[4.915737,52.372172]},"properties":{"category":"fietsenstalling","name":"","operator":""}},{"type":"Feature","geometry":{"type":"Point","coordinates":[4.937102,52.341858]},"properties":{"category":"fietsenstalling","name":"","operator":""}},{"type":"Feature","geometry":{"type":"Point","coordinates":[4.951862,52.356336]},"properties":{"category":"fietsenstalling","name":"","operator":""}},{"type":"Feature","geometry":{"type":"Point","coordinates":[4.952734,52.356048]},"properties":{"category":"fietsenstalling","name":"","operator":""}},{"type":"Feature","geometry":{"type":"Point","coordinates":[4.952662,52.355994]},"properties":{"category":"fietsenstalling","name":"","operator":""}},{"type":"Feature","geometry":{"type":"Point","coordinates":[4.951648,52.35647]},"properties":{"category":"fietsenstalling","name":"","operator":""}},{"type":"Feature","geometry":{"type":"Point","coordinates":[4.951744,52.356366]},"properties":{"category":"fietsenstalling","name":"","operator":""}},{"type":"Feature","geometry":{"type":"Point","coordinates":[4.950059,52.355529]},"properties":{"category":"fietsenstalling","name":"","operator":""}},{"type":"Feature","geometry":{"type":"Point","coordinates":[4.948603,52.357025]},"properties":{"category":"fietsenstalling","name":"","operator":""}},{"type":"Feature","geometry":{"type":"Point","coordinates":[4.946486,52.357859]},"properties":{"category":"fietsenstalling","name":"","operator":""}},{"type":"Feature","geometry":{"type":"Point","coordinates":[4.943679,52.358024]},"properties":{"category":"fietsenstalling","name":"","operator":""}},{"type":"Feature","geometry":{"type":"Point","coordinates":[4.948124,52.354836]},"properties":{"category":"fietsenstalling","name":"","operator":""}},{"type":"Feature","geometry":{"type":"Point","coordinates":[4.947802,52.354972]},"properties":{"category":"fietsenstalling","name":"","operator":""}},{"type":"Feature","geometry":{"type":"Point","coordinates":[4.950524,52.352713]},"properties":{"category":"fietsenstalling","name":"","operator":"Nederlandse Spoorwegen"}},{"type":"Feature","geometry":{"type":"Point","coordinates":[4.839419,52.389882]},"properties":{"category":"fietsenstalling","name":"","operator":""}},{"type":"Feature","geometry":{"type":"Point","coordinates":[4.901492,52.419195]},"properties":{"category":"fietsenstalling","name":"","operator":"OBS Twiske"}},{"type":"Feature","geometry":{"type":"Point","coordinates":[4.945397,52.398752]},"properties":{"category":"fietsenstalling","name":"","operator":""}},{"type":"Feature","geometry":{"type":"Point","coordinates":[4.945464,52.398835]},"properties":{"category":"fietsenstalling","name":"","operator":""}},{"type":"Feature","geometry":{"type":"Point","coordinates":[4.870113,52.39934]},"properties":{"category":"fietsenstalling","name":"","operator":""}},{"type":"Feature","geometry":{"type":"Point","coordinates":[4.870072,52.399394]},"properties":{"category":"fietsenstalling","name":"","operator":""}},{"type":"Feature","geometry":{"type":"Point","coordinates":[4.876673,52.394855]},"properties":{"category":"fietsenstalling","name":"","operator":""}},{"type":"Feature","geometry":{"type":"Point","coordinates":[4.939695,52.397276]},"properties":{"category":"fietsenstalling","name":"","operator":""}},{"type":"Feature","geometry":{"type":"Point","coordinates":[4.878616,52.378232]},"properties":{"category":"fietsenstalling","name":"","operator":"Het Plein"}},{"type":"Feature","geometry":{"type":"Point","coordinates":[5.043403,52.312107]},"properties":{"category":"fietsenstalling","name":"","operator":""}},{"type":"Feature","geometry":{"type":"Point","coordinates":[4.953371,52.294725]},"properties":{"category":"fietsenstalling","name":"","operator":""}},{"type":"Feature","geometry":{"type":"Point","coordinates":[4.95293,52.294573]},"properties":{"category":"fietsenstalling","name":"","operator":""}},{"type":"Feature","geometry":{"type":"Point","coordinates":[4.835918,52.371888]},"properties":{"category":"fietsenstalling","name":"","operator":""}},{"type":"Feature","geometry":{"type":"Point","coordinates":[4.901355,52.384253]},"properties":{"category":"fietsenstalling","name":"","operator":""}},{"type":"Feature","geometry":{"type":"Point","coordinates":[4.907663,52.382771]},"properties":{"category":"fietsenstalling","name":"","operator":""}},{"type":"Feature","geometry":{"type":"Point","coordinates":[4.911485,52.382078]},"properties":{"category":"fietsenstalling","name":"","operator":""}},{"type":"Feature","geometry":{"type":"Point","coordinates":[4.911558,52.382233]},"properties":{"category":"fietsenstalling","name":"","operator":""}},{"type":"Feature","geometry":{"type":"Point","coordinates":[4.925146,52.35832]},"properties":{"category":"fietsenstalling","name":"","operator":""}},{"type":"Feature","geometry":{"type":"Point","coordinates":[4.928816,52.395744]},"properties":{"category":"fietsenstalling","name":"","operator":""}},{"type":"Feature","geometry":{"type":"Point","coordinates":[4.928983,52.395743]},"properties":{"category":"fietsenstalling","name":"","operator":"Bastion hotel Noord"}},{"type":"Feature","geometry":{"type":"Point","coordinates":[4.901586,52.379929]},"properties":{"category":"fietsenstalling","name":"Amsterdam Centraal IJboulevard","operator":""}},{"type":"Feature","geometry":{"type":"Point","coordinates":[4.889711,52.341093]},"properties":{"category":"fietsenstalling","name":"","operator":""}},{"type":"Feature","geometry":{"type":"Point","coordinates":[4.90011,52.338779]},"properties":{"category":"fietsenstalling","name":"","operator":"HKC De Wereldboom"}},{"type":"Feature","geometry":{"type":"Point","coordinates":[4.902571,52.339744]},"properties":{"category":"fietsenstalling","name":"","operator":"Politiebureau Zuid-De Pijp"}},{"type":"Feature","geometry":{"type":"Point","coordinates":[4.901129,52.340099]},"properties":{"category":"fietsenstalling","name":"","operator":""}},{"type":"Feature","geometry":{"type":"Point","coordinates":[4.900992,52.340105]},"properties":{"category":"fietsenstalling","name":"","operator":""}},{"type":"Feature","geometry":{"type":"Point","coordinates":[4.903525,52.343946]},"properties":{"category":"fietsenstalling","name":"","operator":""}},{"type":"Feature","geometry":{"type":"Point","coordinates":[4.903655,52.34371]},"properties":{"category":"fietsenstalling","name":"","operator":""}},{"type":"Feature","geometry":{"type":"Point","coordinates":[4.904481,52.343785]},"properties":{"category":"fietsenstalling","name":"","operator":""}},{"type":"Feature","geometry":{"type":"Point","coordinates":[4.951697,52.423084]},"properties":{"category":"fietsenstalling","name":"","operator":""}},{"type":"Feature","geometry":{"type":"Point","coordinates":[4.954126,52.321072]},"properties":{"category":"fietsenstalling","name":"","operator":""}},{"type":"Feature","geometry":{"type":"Point","coordinates":[4.954069,52.321135]},"properties":{"category":"fietsenstalling","name":"","operator":""}},{"type":"Feature","geometry":{"type":"Point","coordinates":[4.917214,52.373069]},"properties":{"category":"fietsenstalling","name":"","operator":""}},{"type":"Feature","geometry":{"type":"Point","coordinates":[4.965863,52.317893]},"properties":{"category":"fietsenstalling","name":"","operator":"Open Schoolgemeenschap Bijlmer"}},{"type":"Feature","geometry":{"type":"Point","coordinates":[4.940886,52.310807]},"properties":{"category":"fietsenstalling","name":"","operator":""}},{"type":"Feature","geometry":{"type":"Point","coordinates":[4.941647,52.309919]},"properties":{"category":"fietsenstalling","name":"","operator":""}},{"type":"Feature","geometry":{"type":"Point","coordinates":[4.959483,52.323168]},"properties":{"category":"fietsenstalling","name":"","operator":"OBS Bijlmerhorst"}},{"type":"Feature","geometry":{"type":"Point","coordinates":[4.960155,52.322215]},"properties":{"category":"fietsenstalling","name":"","operator":"OBS Bijlmerhorst"}},{"type":"Feature","geometry":{"type":"Point","coordinates":[4.93881,52.310407]},"properties":{"category":"fietsenstalling","name":"","operator":"Gemeente Amsterdam"}},{"type":"Feature","geometry":{"type":"Point","coordinates":[4.939786,52.310494]},"properties":{"category":"fietsenstalling","name":"","operator":"Gemeente Amsterdam"}},{"type":"Feature","geometry":{"type":"Point","coordinates":[4.951747,52.303217]},"properties":{"category":"fietsenstalling","name":"De Proefzaak","operator":"Brouwerij Kleiburg"}},{"type":"Feature","geometry":{"type":"Point","coordinates":[4.960172,52.324665]},"properties":{"category":"fietsenstalling","name":"","operator":""}},{"type":"Feature","geometry":{"type":"Point","coordinates":[4.947763,52.301581]},"properties":{"category":"fietsenstalling","name":"","operator":""}},{"type":"Feature","geometry":{"type":"Point","coordinates":[4.951289,52.305082]},"properties":{"category":"fietsenstalling","name":"","operator":""}},{"type":"Feature","geometry":{"type":"Point","coordinates":[4.951364,52.304596]},"properties":{"category":"fietsenstalling","name":"","operator":""}},{"type":"Feature","geometry":{"type":"Point","coordinates":[4.949044,52.305168]},"properties":{"category":"fietsenstalling","name":"","operator":""}},{"type":"Feature","geometry":{"type":"Point","coordinates":[4.967953,52.323384]},"properties":{"category":"fietsenstalling","name":"","operator":"Rochdale"}},{"type":"Feature","geometry":{"type":"Point","coordinates":[4.95488,52.296864]},"properties":{"category":"fietsenstalling","name":"","operator":""}},{"type":"Feature","geometry":{"type":"Point","coordinates":[4.979649,52.3164]},"properties":{"category":"fietsenstalling","name":"","operator":""}},{"type":"Feature","geometry":{"type":"Point","coordinates":[4.852441,52.39618]},"properties":{"category":"fietsenstalling","name":"","operator":""}},{"type":"Feature","geometry":{"type":"Point","coordinates":[4.909683,52.377775]},"properties":{"category":"fietsenstalling","name":"","operator":""}},{"type":"Feature","geometry":{"type":"Point","coordinates":[4.911794,52.376938]},"properties":{"category":"fietsenstalling","name":"","operator":""}},{"type":"Feature","geometry":{"type":"Point","coordinates":[4.911706,52.376931]},"properties":{"category":"fietsenstalling","name":"","operator":""}},{"type":"Feature","geometry":{"type":"Point","coordinates":[4.863027,52.360516]},"properties":{"category":"parkeergarage","name":"","operator":""}},{"type":"Feature","geometry":{"type":"Point","coordinates":[4.943042,52.306331]},"properties":{"category":"parkeergarage","name":"","operator":""}},{"type":"Feature","geometry":{"type":"Point","coordinates":[4.954102,52.316172]},"properties":{"category":"parkeergarage","name":"Q-park P23","operator":"Q-Park"}},{"type":"Feature","geometry":{"type":"Point","coordinates":[4.841608,52.35262]},"properties":{"category":"parkeergarage","name":"World Fashion Centre","operator":""}},{"type":"Feature","geometry":{"type":"Point","coordinates":[4.916436,52.358743]},"properties":{"category":"parkeergarage","name":"Ooster-parking","operator":""}},{"type":"Feature","geometry":{"type":"Point","coordinates":[4.851538,52.369219]},"properties":{"category":"parkeergarage","name":"Parkeergarage Mercatorplein","operator":""}},{"type":"Feature","geometry":{"type":"Point","coordinates":[4.947167,52.315443]},"properties":{"category":"parkeergarage","name":"P19","operator":""}},{"type":"Feature","geometry":{"type":"Point","coordinates":[4.940046,52.312701]},"properties":{"category":"parkeergarage","name":"P5","operator":""}},{"type":"Feature","geometry":{"type":"Point","coordinates":[4.801915,52.359415]},"properties":{"category":"parkeergarage","name":"Car Parking AH - XL","operator":""}},{"type":"Feature","geometry":{"type":"Point","coordinates":[4.839618,52.353431]},"properties":{"category":"parkeergarage","name":"Q-Park Oranjekwartier","operator":"Q-Park"}},{"type":"Feature","geometry":{"type":"Point","coordinates":[4.872113,52.337656]},"properties":{"category":"parkeergarage","name":"Q-Park Mahler","operator":"Q-Park"}},{"type":"Feature","geometry":{"type":"Point","coordinates":[4.888601,52.33554]},"properties":{"category":"parkeergarage","name":"Q-Park Eurocenter","operator":"Q-Park"}},{"type":"Feature","geometry":{"type":"Point","coordinates":[4.895125,52.373759]},"properties":{"category":"parkeergarage","name":"Q-Park Bijenkorf Amsterdam","operator":"Q-Park"}},{"type":"Feature","geometry":{"type":"Point","coordinates":[4.95213,52.314999]},"properties":{"category":"parkeergarage","name":"Q-Park Amsterdamse Poort - P22","operator":"Q-Park"}},{"type":"Feature","geometry":{"type":"Point","coordinates":[4.839945,52.354747]},"properties":{"category":"parkeergarage","name":"","operator":""}},{"type":"Feature","geometry":{"type":"Point","coordinates":[4.914987,52.37762]},"properties":{"category":"parkeergarage","name":"Piet Hein garage","operator":""}},{"type":"Feature","geometry":{"type":"Point","coordinates":[4.925002,52.376165]},"properties":{"category":"parkeergarage","name":"nieuw america","operator":""}},{"type":"Feature","geometry":{"type":"Point","coordinates":[4.939233,52.31163]},"properties":{"category":"parkeergarage","name":"P4 Villa Arena","operator":"Villa Arena"}},{"type":"Feature","geometry":{"type":"Point","coordinates":[4.824011,52.341802]},"properties":{"category":"parkeergarage","name":"","operator":""}},{"type":"Feature","geometry":{"type":"Point","coordinates":[4.889574,52.366626]},"properties":{"category":"parkeergarage","name":"Gouden bocht","operator":""}},{"type":"Feature","geometry":{"type":"Point","coordinates":[4.90164,52.366884]},"properties":{"category":"parkeergarage","name":"Muziektheater (Opera house)","operator":""}},{"type":"Feature","geometry":{"type":"Point","coordinates":[4.796898,52.349418]},"properties":{"category":"parkeergarage","name":"","operator":""}},{"type":"Feature","geometry":{"type":"Point","coordinates":[4.798277,52.349705]},"properties":{"category":"parkeergarage","name":"","operator":""}},{"type":"Feature","geometry":{"type":"Point","coordinates":[4.799728,52.350002]},"properties":{"category":"parkeergarage","name":"","operator":""}},{"type":"Feature","geometry":{"type":"Point","coordinates":[4.801221,52.350291]},"properties":{"category":"parkeergarage","name":"","operator":""}},{"type":"Feature","geometry":{"type":"Point","coordinates":[4.873525,52.364831]},"properties":{"category":"parkeergarage","name":"","operator":""}},{"type":"Feature","geometry":{"type":"Point","coordinates":[4.938646,52.373835]},"properties":{"category":"parkeergarage","name":"Oostelijke Handelskade","operator":""}},{"type":"Feature","geometry":{"type":"Point","coordinates":[4.977173,52.308733]},"properties":{"category":"parkeergarage","name":"","operator":""}},{"type":"Feature","geometry":{"type":"Point","coordinates":[4.941102,52.311616]},"properties":{"category":"parkeergarage","name":"P5 Villa Arena","operator":"Villa Arena"}},{"type":"Feature","geometry":{"type":"Point","coordinates":[4.951981,52.310789]},"properties":{"category":"parkeergarage","name":"Haardstee 2","operator":""}},{"type":"Feature","geometry":{"type":"Point","coordinates":[4.952775,52.308817]},"properties":{"category":"parkeergarage","name":"","operator":""}},{"type":"Feature","geometry":{"type":"Point","coordinates":[4.954974,52.317602]},"properties":{"category":"parkeergarage","name":"Fleerde pakeerplaats","operator":"private"}},{"type":"Feature","geometry":{"type":"Point","coordinates":[4.949201,52.313557]},"properties":{"category":"parkeergarage","name":"P21","operator":""}},{"type":"Feature","geometry":{"type":"Point","coordinates":[4.946578,52.313609]},"properties":{"category":"parkeergarage","name":"ING Acantus","operator":""}},{"type":"Feature","geometry":{"type":"Point","coordinates":[4.931886,52.374781]},"properties":{"category":"parkeergarage","name":"Rietlandpark","operator":""}},{"type":"Feature","geometry":{"type":"Point","coordinates":[4.922961,52.387361]},"properties":{"category":"parkeergarage","name":"","operator":""}},{"type":"Feature","geometry":{"type":"Point","coordinates":[4.845328,52.379305]},"properties":{"category":"parkeergarage","name":"P+R Bos en Lommer","operator":"Q-Park"}},{"type":"Feature","geometry":{"type":"Point","coordinates":[4.894793,52.384831]},"properties":{"category":"parkeergarage","name":"IJdock","operator":""}},{"type":"Feature","geometry":{"type":"Point","coordinates":[4.884461,52.384948]},"properties":{"category":"parkeergarage","name":"Willemspoort","operator":""}},{"type":"Feature","geometry":{"type":"Point","coordinates":[4.87184,52.364304]},"properties":{"category":"parkeergarage","name":"Parkbee Overtoom","operator":"ParkBee"}},{"type":"Feature","geometry":{"type":"Point","coordinates":[4.892603,52.357371]},"properties":{"category":"parkeergarage","name":"Heinekenplein","operator":"APCOA Parking"}},{"type":"Feature","geometry":{"type":"Point","coordinates":[4.889152,52.382324]},"properties":{"category":"parkeergarage","name":"Parking Paradise","operator":"My Way"}},{"type":"Feature","geometry":{"type":"Point","coordinates":[4.898658,52.366078]},"properties":{"category":"parkeergarage","name":"The Bank","operator":""}},{"type":"Feature","geometry":{"type":"Point","coordinates":[4.904094,52.368994]},"properties":{"category":"parkeergarage","name":"Q-Park Waterlooplein","operator":"Q-Park"}},{"type":"Feature","geometry":{"type":"Point","coordinates":[4.80565,52.360103]},"properties":{"category":"parkeergarage","name":"Q-Park Osdorpplein","operator":"Q-Park"}},{"type":"Feature","geometry":{"type":"Point","coordinates":[4.947589,52.313393]},"properties":{"category":"parkeergarage","name":"","operator":""}},{"type":"Feature","geometry":{"type":"Point","coordinates":[4.918565,52.349562]},"properties":{"category":"parkeergarage","name":"Hotel Casa","operator":""}},{"type":"Feature","geometry":{"type":"Point","coordinates":[4.918376,52.377282]},"properties":{"category":"parkeergarage","name":"Q-Park IJ Oever Centrum","operator":"Q-Park"}},{"type":"Feature","geometry":{"type":"Point","coordinates":[4.941325,52.310209]},"properties":{"category":"parkeergarage","name":"P3-Mikado","operator":"Parkeergebouwen Amsterdam"}},{"type":"Feature","geometry":{"type":"Point","coordinates":[4.879841,52.361949]},"properties":{"category":"parkeergarage","name":"Q-Park Byzantium","operator":"Q-Park"}},{"type":"Feature","geometry":{"type":"Point","coordinates":[4.873334,52.364781]},"properties":{"category":"parkeergarage","name":"Furore","operator":""}},{"type":"Feature","geometry":{"type":"Point","coordinates":[4.92677,52.367558]},"properties":{"category":"parkeergarage","name":"","operator":"Vomar"}},{"type":"Feature","geometry":{"type":"Point","coordinates":[4.858595,52.333587]},"properties":{"category":"parkeergarage","name":"P1 VUmc","operator":"Interparking"}},{"type":"Feature","geometry":{"type":"Point","coordinates":[4.857786,52.344581]},"properties":{"category":"parkeergarage","name":"P1 Stadionplein","operator":"P1"}},{"type":"Feature","geometry":{"type":"Point","coordinates":[4.881971,52.36291]},"properties":{"category":"parkeergarage","name":"Hirschgebouw","operator":""}},{"type":"Feature","geometry":{"type":"Point","coordinates":[4.9913,52.358167]},"properties":{"category":"parkeergarage","name":"Interparking","operator":"Interparking"}},{"type":"Feature","geometry":{"type":"Point","coordinates":[4.942002,52.31416]},"properties":{"category":"parkeergarage","name":"P+R Transferium ArenA","operator":"Transferium Parkeren"}},{"type":"Feature","geometry":{"type":"Point","coordinates":[4.884729,52.336588]},"properties":{"category":"parkeergarage","name":"","operator":""}},{"type":"Feature","geometry":{"type":"Point","coordinates":[4.880277,52.356795]},"properties":{"category":"parkeergarage","name":"","operator":""}},{"type":"Feature","geometry":{"type":"Point","coordinates":[4.910449,52.358893]},"properties":{"category":"parkeergarage","name":"Q-Park Centrum Oost","operator":"Q-Park"}},{"type":"Feature","geometry":{"type":"Point","coordinates":[4.871201,52.363894]},"properties":{"category":"parkeergarage","name":"Parkbee Overtoom, voetgangersingang","operator":"ParkBee"}},{"type":"Feature","geometry":{"type":"Point","coordinates":[4.896498,52.378902]},"properties":{"category":"parkeergarage","name":"P1 Parking Amsterdam Centraal","operator":""}},{"type":"Feature","geometry":{"type":"Point","coordinates":[4.943207,52.307612]},"properties":{"category":"parkeergarage","name":"P10","operator":""}},{"type":"Feature","geometry":{"type":"Point","coordinates":[4.978014,52.322984]},"properties":{"category":"parkeergarage","name":"","operator":""}},{"type":"Feature","geometry":{"type":"Point","coordinates":[4.945736,52.369051]},"properties":{"category":"parkeergarage","name":"Parking Cruquius","operator":""}},{"type":"Feature","geometry":{"type":"Point","coordinates":[4.928029,52.369003]},"properties":{"category":"parkeergarage","name":"Parkbee Cruquiusstraat","operator":"Parkbee"}},{"type":"Feature","geometry":{"type":"Point","coordinates":[4.9899,52.358388]},"properties":{"category":"parkeergarage","name":"Interparking","operator":"Interparking"}},{"type":"Feature","geometry":{"type":"Point","coordinates":[4.861248,52.380827]},"properties":{"category":"parkeergarage","name":"Parking Tetterode","operator":""}},{"type":"Feature","geometry":{"type":"Point","coordinates":[4.871132,52.337217]},"properties":{"category":"parkeergarage","name":"QPark Mahler","operator":"Q-Park"}},{"type":"Feature","geometry":{"type":"Point","coordinates":[4.915136,52.345151]},"properties":{"category":"parkeergarage","name":"","operator":""}},{"type":"Feature","geometry":{"type":"Point","coordinates":[4.947341,52.366386]},"properties":{"category":"parkeergarage","name":"","operator":""}},{"type":"Feature","geometry":{"type":"Point","coordinates":[4.902312,52.384594]},"properties":{"category":"parkeergarage","name":"A'DAM Parking","operator":"Parkeergarage A'dam Toren C.V."}},{"type":"Feature","geometry":{"type":"Point","coordinates":[4.804564,52.35714]},"properties":{"category":"parkeergarage","name":"","operator":""}},{"type":"Feature","geometry":{"type":"Point","coordinates":[4.903625,52.384943]},"properties":{"category":"parkeergarage","name":"","operator":""}},{"type":"Feature","geometry":{"type":"Point","coordinates":[4.875771,52.384047]},"properties":{"category":"parkeergarage","name":"Parkbee van Limburg Stirum Straat","operator":"ParkBee"}},{"type":"Feature","geometry":{"type":"Point","coordinates":[4.902457,52.384253]},"properties":{"category":"parkeergarage","name":"A'DAM Parking","operator":""}},{"type":"Feature","geometry":{"type":"Point","coordinates":[4.882794,52.388994]},"properties":{"category":"parkeergarage","name":"","operator":""}},{"type":"Feature","geometry":{"type":"Point","coordinates":[4.883269,52.388932]},"properties":{"category":"parkeergarage","name":"","operator":""}},{"type":"Feature","geometry":{"type":"Point","coordinates":[4.883764,52.388932]},"properties":{"category":"parkeergarage","name":"","operator":""}},{"type":"Feature","geometry":{"type":"Point","coordinates":[4.953974,52.392155]},"properties":{"category":"parkeergarage","name":"","operator":""}},{"type":"Feature","geometry":{"type":"Point","coordinates":[4.871618,52.378885]},"properties":{"category":"parkeergarage","name":"Parkbee Donker Curtiusstraat","operator":"ParkBee"}},{"type":"Feature","geometry":{"type":"Point","coordinates":[4.914997,52.344226]},"properties":{"category":"parkeergarage","name":"","operator":""}},{"type":"Feature","geometry":{"type":"Point","coordinates":[4.914591,52.344908]},"properties":{"category":"parkeergarage","name":"","operator":""}},{"type":"Feature","geometry":{"type":"Point","coordinates":[4.919427,52.384322]},"properties":{"category":"parkeergarage","name":"","operator":""}},{"type":"Feature","geometry":{"type":"Point","coordinates":[4.95579,52.395214]},"properties":{"category":"parkeergarage","name":"","operator":""}},{"type":"Feature","geometry":{"type":"Point","coordinates":[4.838617,52.354998]},"properties":{"category":"parkeergarage","name":"","operator":""}},{"type":"Feature","geometry":{"type":"Point","coordinates":[4.866759,52.360349]},"properties":{"category":"parkeergarage","name":"","operator":""}},{"type":"Feature","geometry":{"type":"Point","coordinates":[4.866636,52.360355]},"properties":{"category":"parkeergarage","name":"","operator":""}},{"type":"Feature","geometry":{"type":"Point","coordinates":[4.870421,52.336356]},"properties":{"category":"parkeergarage","name":"","operator":""}},{"type":"Feature","geometry":{"type":"Point","coordinates":[4.870217,52.335844]},"properties":{"category":"parkeergarage","name":"ParkBee Gershwin","operator":"ParkBee"}},{"type":"Feature","geometry":{"type":"Point","coordinates":[4.871011,52.336253]},"properties":{"category":"parkeergarage","name":"ParkBee Zuidas","operator":"ParkBee"}},{"type":"Feature","geometry":{"type":"Point","coordinates":[4.920085,52.347735]},"properties":{"category":"parkeergarage","name":"Amstelgebouw","operator":"ParkBee"}},{"type":"Feature","geometry":{"type":"Point","coordinates":[4.974331,52.296775]},"properties":{"category":"parkeergarage","name":"","operator":""}},{"type":"Feature","geometry":{"type":"Point","coordinates":[4.887445,52.420265]},"properties":{"category":"parkeergarage","name":"","operator":""}},{"type":"Feature","geometry":{"type":"Point","coordinates":[4.955357,52.292579]},"properties":{"category":"parkeergarage","name":"AMC Amsterdam P2","operator":"AMC Amsterdam"}},{"type":"Feature","geometry":{"type":"Point","coordinates":[4.830373,52.341712]},"properties":{"category":"parkeergarage","name":"IBM employee parking","operator":""}},{"type":"Feature","geometry":{"type":"Point","coordinates":[4.955187,52.307215]},"properties":{"category":"parkeergarage","name":"Parkeergarage Hakfort","operator":""}},{"type":"Feature","geometry":{"type":"Point","coordinates":[4.958373,52.310043]},"properties":{"category":"parkeergarage","name":"Hogevecht","operator":"Q-Park"}},{"type":"Feature","geometry":{"type":"Point","coordinates":[4.974928,52.306718]},"properties":{"category":"parkeergarage","name":"Parkeergarage Leerdamhof","operator":""}},{"type":"Feature","geometry":{"type":"Point","coordinates":[4.985755,52.308747]},"properties":{"category":"parkeergarage","name":"Parkeergarage Liendenhof","operator":""}},{"type":"Feature","geometry":{"type":"Point","coordinates":[4.98047,52.310085]},"properties":{"category":"parkeergarage","name":"Leksmondhof","operator":""}},{"type":"Feature","geometry":{"type":"Point","coordinates":[4.950367,52.3019]},"properties":{"category":"parkeergarage","name":"P3","operator":"IKEA"}},{"type":"Feature","geometry":{"type":"Point","coordinates":[4.947281,52.310114]},"properties":{"category":"parkeergarage","name":"Antarctica","operator":"APCOA Parking"}},{"type":"Feature","geometry":{"type":"Point","coordinates":[4.975529,52.323906]},"properties":{"category":"parkeergarage","name":"","operator":""}},{"type":"Feature","geometry":{"type":"Point","coordinates":[4.944124,52.310914]},"properties":{"category":"parkeergarage","name":"","operator":""}},{"type":"Feature","geometry":{"type":"Point","coordinates":[4.820079,52.345938]},"properties":{"category":"parkeergarage","name":"","operator":""}},{"type":"Feature","geometry":{"type":"Point","coordinates":[4.945702,52.311747]},"properties":{"category":"parkeergarage","name":"P6 - Uitgaansdriehoek","operator":""}},{"type":"Feature","geometry":{"type":"Point","coordinates":[4.944219,52.313586]},"properties":{"category":"parkeergarage","name":"","operator":""}},{"type":"Feature","geometry":{"type":"Point","coordinates":[4.865941,52.384878]},"properties":{"category":"parkeergarage","name":"Q-Park Westergasfabriek","operator":"Q-Park"}},{"type":"Feature","geometry":{"type":"Point","coordinates":[4.841706,52.366706]},"properties":{"category":"parkeergarage","name":"","operator":""}},{"type":"Feature","geometry":{"type":"Point","coordinates":[4.843834,52.368427]},"properties":{"category":"parkeergarage","name":"","operator":""}},{"type":"Feature","geometry":{"type":"Point","coordinates":[4.975596,52.323656]},"properties":{"category":"parkeergarage","name":"","operator":""}},{"type":"Feature","geometry":{"type":"Point","coordinates":[4.785208,52.348992]},"properties":{"category":"parkeergarage","name":"Parkeergarage Ecuplein","operator":""}},{"type":"Feature","geometry":{"type":"Point","coordinates":[4.851059,52.369586]},"properties":{"category":"parkeergarage","name":"Mercatorplein","operator":"Gemeente Amsterdam"}},{"type":"Feature","geometry":{"type":"Point","coordinates":[4.915272,52.377843]},"properties":{"category":"parkeergarage","name":"","operator":""}},{"type":"Feature","geometry":{"type":"Point","coordinates":[4.930593,52.375325]},"properties":{"category":"parkeergarage","name":"","operator":""}},{"type":"Feature","geometry":{"type":"Point","coordinates":[4.884436,52.35916]},"properties":{"category":"parkeergarage","name":"","operator":""}},{"type":"Feature","geometry":{"type":"Point","coordinates":[4.870866,52.341224]},"properties":{"category":"parkeergarage","name":"","operator":""}},{"type":"Feature","geometry":{"type":"Point","coordinates":[4.889668,52.339699]},"properties":{"category":"parkeergarage","name":"P1, P2, P3, P+R RAI","operator":""}},{"type":"Feature","geometry":{"type":"Point","coordinates":[4.886272,52.33988]},"properties":{"category":"parkeergarage","name":"P5b","operator":""}},{"type":"Feature","geometry":{"type":"Point","coordinates":[4.873729,52.336042]},"properties":{"category":"parkeergarage","name":"","operator":""}},{"type":"Feature","geometry":{"type":"Point","coordinates":[4.919941,52.350836]},"properties":{"category":"parkeergarage","name":"","operator":""}},{"type":"Feature","geometry":{"type":"Point","coordinates":[4.919076,52.350359]},"properties":{"category":"parkeergarage","name":"","operator":""}},{"type":"Feature","geometry":{"type":"Point","coordinates":[4.929264,52.357006]},"properties":{"category":"parkeergarage","name":"Q-Park Oostpoort","operator":"Q-Park"}},{"type":"Feature","geometry":{"type":"Point","coordinates":[4.936669,52.338457]},"properties":{"category":"parkeergarage","name":"","operator":""}},{"type":"Feature","geometry":{"type":"Point","coordinates":[4.91818,52.338767]},"properties":{"category":"parkeergarage","name":"","operator":""}},{"type":"Feature","geometry":{"type":"Point","coordinates":[4.916465,52.339319]},"properties":{"category":"parkeergarage","name":"","operator":""}},{"type":"Feature","geometry":{"type":"Point","coordinates":[5.003836,52.351585]},"properties":{"category":"parkeergarage","name":"","operator":""}},{"type":"Feature","geometry":{"type":"Point","coordinates":[5.009942,52.346247]},"properties":{"category":"parkeergarage","name":"","operator":""}},{"type":"Feature","geometry":{"type":"Point","coordinates":[5.011439,52.349677]},"properties":{"category":"parkeergarage","name":"","operator":""}},{"type":"Feature","geometry":{"type":"Point","coordinates":[5.009342,52.345733]},"properties":{"category":"parkeergarage","name":"","operator":""}},{"type":"Feature","geometry":{"type":"Point","coordinates":[4.901305,52.386128]},"properties":{"category":"parkeergarage","name":"","operator":""}},{"type":"Feature","geometry":{"type":"Point","coordinates":[4.900841,52.387068]},"properties":{"category":"parkeergarage","name":"","operator":""}},{"type":"Feature","geometry":{"type":"Point","coordinates":[4.931163,52.399434]},"properties":{"category":"parkeergarage","name":"","operator":""}},{"type":"Feature","geometry":{"type":"Point","coordinates":[4.938833,52.399465]},"properties":{"category":"parkeergarage","name":"Boven 't Y","operator":""}},{"type":"Feature","geometry":{"type":"Point","coordinates":[4.955244,52.30036]},"properties":{"category":"parkeergarage","name":"","operator":""}},{"type":"Feature","geometry":{"type":"Point","coordinates":[4.949264,52.311755]},"properties":{"category":"parkeergarage","name":"","operator":""}},{"type":"Feature","geometry":{"type":"Point","coordinates":[4.949639,52.30503]},"properties":{"category":"parkeergarage","name":"","operator":"Yard"}},{"type":"Feature","geometry":{"type":"Point","coordinates":[4.841714,52.365084]},"properties":{"category":"parkeergarage","name":"","operator":""}},{"type":"Feature","geometry":{"type":"Point","coordinates":[4.836077,52.359677]},"properties":{"category":"parkeergarage","name":"","operator":""}},{"type":"Feature","geometry":{"type":"Point","coordinates":[4.840008,52.352762]},"properties":{"category":"parkeergarage","name":"","operator":""}},{"type":"Feature","geometry":{"type":"Point","coordinates":[4.908097,52.377154]},"properties":{"category":"parkeergarage","name":"","operator":""}},{"type":"Feature","geometry":{"type":"Point","coordinates":[4.934718,52.399189]},"properties":{"category":"parkeergarage","name":"De Bomen","operator":""}},{"type":"Feature","geometry":{"type":"Point","coordinates":[4.878524,52.340526]},"properties":{"category":"parkeergarage","name":"","operator":"Q-Park"}},{"type":"Feature","geometry":{"type":"Point","coordinates":[4.875369,52.401212]},"properties":{"category":"parkeergarage","name":"Parkeergarage Minervahaven","operator":""}},{"type":"Feature","geometry":{"type":"Point","coordinates":[4.857653,52.34433]},"properties":{"category":"parkeergarage","name":"","operator":""}},{"type":"Feature","geometry":{"type":"Point","coordinates":[4.869689,52.340111]},"properties":{"category":"parkeergarage","name":"Atrium Parkeergarage","operator":""}},{"type":"Feature","geometry":{"type":"Point","coordinates":[4.861801,52.341744]},"properties":{"category":"parkeergarage","name":"","operator":""}},{"type":"Feature","geometry":{"type":"Point","coordinates":[4.822855,52.348911]},"properties":{"category":"parkeergarage","name":"","operator":""}},{"type":"Feature","geometry":{"type":"Point","coordinates":[4.91932,52.338399]},"properties":{"category":"parkeergarage","name":"","operator":""}},{"type":"Feature","geometry":{"type":"Point","coordinates":[4.879085,52.393918]},"properties":{"category":"parkeergarage","name":"","operator":""}},{"type":"Feature","geometry":{"type":"Point","coordinates":[4.881139,52.394985]},"properties":{"category":"parkeergarage","name":"","operator":""}},{"type":"Feature","geometry":{"type":"Point","coordinates":[4.880865,52.392706]},"properties":{"category":"parkeergarage","name":"","operator":""}},{"type":"Feature","geometry":{"type":"Point","coordinates":[4.880536,52.392872]},"properties":{"category":"parkeergarage","name":"","operator":""}},{"type":"Feature","geometry":{"type":"Point","coordinates":[4.881413,52.392568]},"properties":{"category":"parkeergarage","name":"","operator":""}},{"type":"Feature","geometry":{"type":"Point","coordinates":[4.886705,52.356099]},"properties":{"category":"parkeergarage","name":"Albert Cuypgarage","operator":"APCOA Parking"}},{"type":"Feature","geometry":{"type":"Point","coordinates":[4.908142,52.358802]},"properties":{"category":"parkeergarage","name":"Q-Park Weesperplein","operator":"Q-Park"}},{"type":"Feature","geometry":{"type":"Point","coordinates":[4.918995,52.338177]},"properties":{"category":"parkeergarage","name":"","operator":""}},{"type":"Feature","geometry":{"type":"Point","coordinates":[4.863869,52.334592]},"properties":{"category":"parkeergarage","name":"P3 VU Campus","operator":"Parkeerbedrijf VU-VUmc"}},{"type":"Feature","geometry":{"type":"Point","coordinates":[4.873885,52.395973]},"properties":{"category":"parkeergarage","name":"","operator":""}},{"type":"Feature","geometry":{"type":"Point","coordinates":[4.892579,52.370576]},"properties":{"category":"parkeergarage","name":"Parkeergarage Rokin","operator":""}},{"type":"Feature","geometry":{"type":"Point","coordinates":[4.800872,52.389671]},"properties":{"category":"parkeergarage","name":"","operator":""}},{"type":"Feature","geometry":{"type":"Point","coordinates":[4.92516,52.386204]},"properties":{"category":"parkeergarage","name":"","operator":""}},{"type":"Feature","geometry":{"type":"Point","coordinates":[4.907393,52.376151]},"properties":{"category":"parkeergarage","name":"Parking Centrum Oosterdok","operator":""}},{"type":"Feature","geometry":{"type":"Point","coordinates":[4.890964,52.33842]},"properties":{"category":"parkeergarage","name":"","operator":""}},{"type":"Feature","geometry":{"type":"Point","coordinates":[4.94621,52.369051]},"properties":{"category":"parkeergarage","name":"","operator":"Parkingyou"}},{"type":"Feature","geometry":{"type":"Point","coordinates":[4.978076,52.324782]},"properties":{"category":"parkeergarage","name":"","operator":""}},{"type":"Feature","geometry":{"type":"Point","coordinates":[4.887934,52.339963]},"properties":{"category":"parkeergarage","name":"P4","operator":""}},{"type":"Feature","geometry":{"type":"Point","coordinates":[4.946175,52.294366]},"properties":{"category":"parkeergarage","name":"","operator":""}},{"type":"Feature","geometry":{"type":"Point","coordinates":[4.902693,52.386734]},"properties":{"category":"parkeergarage","name":"","operator":""}},{"type":"Feature","geometry":{"type":"Point","coordinates":[4.905174,52.386836]},"properties":{"category":"parkeergarage","name":"","operator":""}},{"type":"Feature","geometry":{"type":"Point","coordinates":[4.885419,52.333425]},"properties":{"category":"parkeergarage","name":"","operator":""}},{"type":"Feature","geometry":{"type":"Point","coordinates":[4.883653,52.337523]},"properties":{"category":"parkeergarage","name":"","operator":""}},{"type":"Feature","geometry":{"type":"Point","coordinates":[4.852782,52.349947]},"properties":{"category":"parkeergarage","name":"","operator":""}},{"type":"Feature","geometry":{"type":"Point","coordinates":[4.757898,52.404439]},"properties":{"category":"parkeergarage","name":"Albert Heijn HSC Personeel","operator":""}},{"type":"Feature","geometry":{"type":"Point","coordinates":[4.949747,52.369077]},"properties":{"category":"parkeergarage","name":"","operator":""}},{"type":"Feature","geometry":{"type":"Point","coordinates":[4.904634,52.393707]},"properties":{"category":"parkeergarage","name":"","operator":""}},{"type":"Feature","geometry":{"type":"Point","coordinates":[4.839716,52.386649]},"properties":{"category":"parkeergarage","name":"","operator":""}},{"type":"Feature","geometry":{"type":"Point","coordinates":[4.877095,52.394478]},"properties":{"category":"parkeergarage","name":"","operator":""}},{"type":"Feature","geometry":{"type":"Point","coordinates":[4.894703,52.381826]},"properties":{"category":"parkeergarage","name":"","operator":""}},{"type":"Feature","geometry":{"type":"Point","coordinates":[4.924146,52.339046]},"properties":{"category":"parkeergarage","name":"Parking Bajeskwartier","operator":""}},{"type":"Feature","geometry":{"type":"Point","coordinates":[4.904093,52.386607]},"properties":{"category":"parkeergarage","name":"","operator":""}},{"type":"Feature","geometry":{"type":"Point","coordinates":[4.902961,52.386206]},"properties":{"category":"parkeergarage","name":"","operator":""}},{"type":"Feature","geometry":{"type":"Point","coordinates":[4.902387,52.387364]},"properties":{"category":"parkeergarage","name":"","operator":""}},{"type":"Feature","geometry":{"type":"Point","coordinates":[4.991177,52.35792]},"properties":{"category":"parkeergarage","name":"","operator":""}},{"type":"Feature","geometry":{"type":"Point","coordinates":[4.894187,52.338014]},"properties":{"category":"parkeergarage","name":"","operator":""}},{"type":"Feature","geometry":{"type":"Point","coordinates":[4.876911,52.37653]},"properties":{"category":"parkeergarage","name":"Marnix","operator":"Gemeente Amsterdam"}},{"type":"Feature","geometry":{"type":"Point","coordinates":[4.918817,52.345992]},"properties":{"category":"parkeergarage","name":"Amstel Tower","operator":""}},{"type":"Feature","geometry":{"type":"Point","coordinates":[4.92941,52.398067]},"properties":{"category":"parkeergarage","name":"","operator":""}},{"type":"Feature","geometry":{"type":"Point","coordinates":[4.94077,52.310401]},"properties":{"category":"parkeergarage","name":"P3 Mikado","operator":"Entree II"}},{"type":"Feature","geometry":{"type":"Point","coordinates":[4.949639,52.304111]},"properties":{"category":"parkeergarage","name":"Hullenbergweg 81-135","operator":""}},{"type":"Feature","geometry":{"type":"Point","coordinates":[4.954971,52.300035]},"properties":{"category":"parkeergarage","name":"","operator":""}},{"type":"Feature","geometry":{"type":"Point","coordinates":[4.853511,52.385649]},"properties":{"category":"parkeergarage","name":"","operator":""}},{"type":"Feature","geometry":{"type":"Point","coordinates":[4.886698,52.355365]},"properties":{"category":"parkeergarage","name":"Albert Cuypgarage","operator":""}},{"type":"Feature","geometry":{"type":"Point","coordinates":[4.876467,52.369716]},"properties":{"category":"parkeergarage","name":"Europarking","operator":"Q-Park"}},{"type":"Feature","geometry":{"type":"Point","coordinates":[4.845328,52.379305]},"properties":{"category":"p_and_r","name":"P+R Bos en Lommer","operator":"Q-Park"}},{"type":"Feature","geometry":{"type":"Point","coordinates":[4.942002,52.31416]},"properties":{"category":"p_and_r","name":"P+R Transferium ArenA","operator":"Transferium Parkeren"}},{"type":"Feature","geometry":{"type":"Point","coordinates":[4.836384,52.388992]},"properties":{"category":"p_and_r","name":"","operator":""}},{"type":"Feature","geometry":{"type":"Point","coordinates":[4.838357,52.390892]},"properties":{"category":"p_and_r","name":"","operator":""}},{"type":"Feature","geometry":{"type":"Point","coordinates":[4.944219,52.313586]},"properties":{"category":"p_and_r","name":"","operator":""}},{"type":"Feature","geometry":{"type":"Point","coordinates":[5.0435,52.313138]},"properties":{"category":"p_and_r","name":"P+R Weesp","operator":""}},{"type":"Feature","geometry":{"type":"Point","coordinates":[4.889668,52.339699]},"properties":{"category":"p_and_r","name":"P1, P2, P3, P+R RAI","operator":""}},{"type":"Feature","geometry":{"type":"Point","coordinates":[4.938833,52.399465]},"properties":{"category":"p_and_r","name":"Boven 't Y","operator":""}},{"type":"Feature","geometry":{"type":"Point","coordinates":[4.838385,52.39016]},"properties":{"category":"p_and_r","name":"P+R Sloterdijk","operator":""}},{"type":"Feature","geometry":{"type":"Point","coordinates":[4.933326,52.40365]},"properties":{"category":"p_and_r","name":"P+R Noord","operator":""}},{"type":"Feature","geometry":{"type":"Point","coordinates":[4.934778,52.402954]},"properties":{"category":"p_and_r","name":"P+R Noord","operator":""}},{"type":"Feature","geometry":{"type":"Point","coordinates":[4.887934,52.339963]},"properties":{"category":"p_and_r","name":"P4","operator":""}},{"type":"Feature","geometry":{"type":"Point","coordinates":[4.969768,52.369945]},"properties":{"category":"p_and_r","name":"P&R Zeeburg III","operator":""}}]}