{"type":"FeatureCollection","metadata":{"gemeente":"Groningen","slug":"groningen","by_category":{"bus_halte":571,"fietsenstalling":141,"supermarkt":64,"transformatorhuisje":50,"sportveld":40,"parkeergarage":39,"universiteit":24,"hogeschool":23,"bibliotheek":13,"ov_knooppunt":12,"p_and_r":8,"gemeentehuis":6,"middelbare_school":5,"ns_station":4,"inzamelpunt":4,"winkelcentrum":4,"ziekenhuis":3},"total":1011},"features":[{"type":"Feature","geometry":{"type":"Point","coordinates":[6.564103,53.210924]},"properties":{"category":"ns_station","name":"Groningen","operator":"ProRail"}},{"type":"Feature","geometry":{"type":"Point","coordinates":[6.618087,53.174863]},"properties":{"category":"ns_station","name":"Haren","operator":""}},{"type":"Feature","geometry":{"type":"Point","coordinates":[6.556582,53.230128]},"properties":{"category":"ns_station","name":"Groningen Noord","operator":""}},{"type":"Feature","geometry":{"type":"Point","coordinates":[6.585821,53.204706]},"properties":{"category":"ns_station","name":"Groningen Europapark","operator":""}},{"type":"Feature","geometry":{"type":"Point","coordinates":[6.548781,53.232093]},"properties":{"category":"bus_halte","name":"Elzenlaan","operator":""}},{"type":"Feature","geometry":{"type":"Point","coordinates":[6.59059,53.218915]},"properties":{"category":"bus_halte","name":"Brandweer","operator":""}},{"type":"Feature","geometry":{"type":"Point","coordinates":[6.586754,53.217554]},"properties":{"category":"bus_halte","name":"IKEA","operator":""}},{"type":"Feature","geometry":{"type":"Point","coordinates":[6.560227,53.227409]},"properties":{"category":"bus_halte","name":"Noorderplantsoen","operator":""}},{"type":"Feature","geometry":{"type":"Point","coordinates":[6.535893,53.240302]},"properties":{"category":"bus_halte","name":"Nijenborgh","operator":""}},{"type":"Feature","geometry":{"type":"Point","coordinates":[6.556377,53.217902]},"properties":{"category":"bus_halte","name":"Verlengde Visserstraat","operator":""}},{"type":"Feature","geometry":{"type":"Point","coordinates":[6.529597,53.221195]},"properties":{"category":"bus_halte","name":"Metaallaan","operator":""}},{"type":"Feature","geometry":{"type":"Point","coordinates":[6.535208,53.222232]},"properties":{"category":"bus_halte","name":"Goudlaan","operator":""}},{"type":"Feature","geometry":{"type":"Point","coordinates":[6.518416,53.22285]},"properties":{"category":"bus_halte","name":"Het Roege Bos","operator":""}},{"type":"Feature","geometry":{"type":"Point","coordinates":[6.549694,53.209445]},"properties":{"category":"bus_halte","name":"Verzetsstrijderslaan","operator":""}},{"type":"Feature","geometry":{"type":"Point","coordinates":[6.557775,53.198093]},"properties":{"category":"bus_halte","name":"Overwinningsplein","operator":""}},{"type":"Feature","geometry":{"type":"Point","coordinates":[6.555615,53.194516]},"properties":{"category":"bus_halte","name":"Corpus den Hoorn Zuid","operator":""}},{"type":"Feature","geometry":{"type":"Point","coordinates":[6.550265,53.209486]},"properties":{"category":"bus_halte","name":"Verzetsstrijderslaan","operator":""}},{"type":"Feature","geometry":{"type":"Point","coordinates":[6.599022,53.177509]},"properties":{"category":"bus_halte","name":"Botanicuslaan","operator":""}},{"type":"Feature","geometry":{"type":"Point","coordinates":[6.556983,53.210285]},"properties":{"category":"bus_halte","name":"Paterswoldseweg","operator":""}},{"type":"Feature","geometry":{"type":"Point","coordinates":[6.557503,53.210201]},"properties":{"category":"bus_halte","name":"Paterswoldseweg","operator":""}},{"type":"Feature","geometry":{"type":"Point","coordinates":[6.539314,53.212935]},"properties":{"category":"bus_halte","name":"Atoomweg","operator":""}},{"type":"Feature","geometry":{"type":"Point","coordinates":[6.553302,53.232117]},"properties":{"category":"bus_halte","name":"Abeelstraat","operator":""}},{"type":"Feature","geometry":{"type":"Point","coordinates":[6.555665,53.229967]},"properties":{"category":"bus_halte","name":"Station Noord","operator":""}},{"type":"Feature","geometry":{"type":"Point","coordinates":[6.562561,53.227405]},"properties":{"category":"bus_halte","name":"Riouwstraat","operator":""}},{"type":"Feature","geometry":{"type":"Point","coordinates":[6.571478,53.231481]},"properties":{"category":"bus_halte","name":"Floresplein","operator":""}},{"type":"Feature","geometry":{"type":"Point","coordinates":[6.544588,53.226967]},"properties":{"category":"bus_halte","name":"Grote Beerstraat","operator":""}},{"type":"Feature","geometry":{"type":"Point","coordinates":[6.543069,53.22833]},"properties":{"category":"bus_halte","name":"Winkelcentrum Paddepoel","operator":""}},{"type":"Feature","geometry":{"type":"Point","coordinates":[6.54147,53.231285]},"properties":{"category":"bus_halte","name":"De Trefkoel","operator":""}},{"type":"Feature","geometry":{"type":"Point","coordinates":[6.539575,53.234375]},"properties":{"category":"bus_halte","name":"Kometenstraat","operator":""}},{"type":"Feature","geometry":{"type":"Point","coordinates":[6.537524,53.238015]},"properties":{"category":"bus_halte","name":"Aletta Jacobshal","operator":""}},{"type":"Feature","geometry":{"type":"Point","coordinates":[6.533949,53.241422]},"properties":{"category":"bus_halte","name":"Zernikeplein","operator":""}},{"type":"Feature","geometry":{"type":"Point","coordinates":[6.548045,53.223338]},"properties":{"category":"bus_halte","name":"Stadhouderslaan","operator":""}},{"type":"Feature","geometry":{"type":"Point","coordinates":[6.547403,53.221312]},"properties":{"category":"bus_halte","name":"Nassauplein","operator":""}},{"type":"Feature","geometry":{"type":"Point","coordinates":[6.548283,53.219869]},"properties":{"category":"bus_halte","name":"Regentessestraat","operator":""}},{"type":"Feature","geometry":{"type":"Point","coordinates":[6.553049,53.219766]},"properties":{"category":"bus_halte","name":"Oranjesingel","operator":""}},{"type":"Feature","geometry":{"type":"Point","coordinates":[6.569252,53.215354]},"properties":{"category":"bus_halte","name":"Zuiderdiep","operator":""}},{"type":"Feature","geometry":{"type":"Point","coordinates":[6.56757,53.214776]},"properties":{"category":"bus_halte","name":"Zuiderdiep","operator":""}},{"type":"Feature","geometry":{"type":"Point","coordinates":[6.566603,53.214652]},"properties":{"category":"bus_halte","name":"Zuiderdiep","operator":""}},{"type":"Feature","geometry":{"type":"Point","coordinates":[6.569622,53.213482]},"properties":{"category":"bus_halte","name":"Hereplein","operator":""}},{"type":"Feature","geometry":{"type":"Point","coordinates":[6.572532,53.208267]},"properties":{"category":"bus_halte","name":"Vechtstraat","operator":""}},{"type":"Feature","geometry":{"type":"Point","coordinates":[6.574482,53.205371]},"properties":{"category":"bus_halte","name":"Zuiderplantsoen","operator":""}},{"type":"Feature","geometry":{"type":"Point","coordinates":[6.589789,53.207174]},"properties":{"category":"bus_halte","name":"Boumaboulevard","operator":""}},{"type":"Feature","geometry":{"type":"Point","coordinates":[6.593605,53.209507]},"properties":{"category":"bus_halte","name":"P+R Euroborg P3","operator":""}},{"type":"Feature","geometry":{"type":"Point","coordinates":[6.582458,53.215858]},"properties":{"category":"bus_halte","name":"Sontplein","operator":""}},{"type":"Feature","geometry":{"type":"Point","coordinates":[6.591376,53.169544]},"properties":{"category":"bus_halte","name":"P+R Haren A28","operator":""}},{"type":"Feature","geometry":{"type":"Point","coordinates":[6.517379,53.200326]},"properties":{"category":"bus_halte","name":"Eemsgolaan","operator":""}},{"type":"Feature","geometry":{"type":"Point","coordinates":[6.546606,53.180593]},"properties":{"category":"bus_halte","name":"Hoornseplas","operator":""}},{"type":"Feature","geometry":{"type":"Point","coordinates":[6.544944,53.183612]},"properties":{"category":"bus_halte","name":"Lepelaar","operator":""}},{"type":"Feature","geometry":{"type":"Point","coordinates":[6.548825,53.19064]},"properties":{"category":"bus_halte","name":"Martini Ziekenhuis Zuid","operator":""}},{"type":"Feature","geometry":{"type":"Point","coordinates":[6.55722,53.197016]},"properties":{"category":"bus_halte","name":"Hippocrateslaan","operator":""}},{"type":"Feature","geometry":{"type":"Point","coordinates":[6.55957,53.201472]},"properties":{"category":"bus_halte","name":"Laan v/d Vrede","operator":""}},{"type":"Feature","geometry":{"type":"Point","coordinates":[6.558422,53.204428]},"properties":{"category":"bus_halte","name":"L. Springerlaan","operator":""}},{"type":"Feature","geometry":{"type":"Point","coordinates":[6.558007,53.206173]},"properties":{"category":"bus_halte","name":"Concourslaan","operator":""}},{"type":"Feature","geometry":{"type":"Point","coordinates":[6.560665,53.207353]},"properties":{"category":"bus_halte","name":"Kamerlingh Onnesstraat","operator":""}},{"type":"Feature","geometry":{"type":"Point","coordinates":[6.535315,53.21366]},"properties":{"category":"bus_halte","name":"Meubelboulevard Hoendiep","operator":""}},{"type":"Feature","geometry":{"type":"Point","coordinates":[6.528863,53.219565]},"properties":{"category":"bus_halte","name":"Travertijnstraat","operator":""}},{"type":"Feature","geometry":{"type":"Point","coordinates":[6.527504,53.223865]},"properties":{"category":"bus_halte","name":"Pyrietstraat","operator":""}},{"type":"Feature","geometry":{"type":"Point","coordinates":[6.525814,53.227238]},"properties":{"category":"bus_halte","name":"Barnsteenstraat","operator":""}},{"type":"Feature","geometry":{"type":"Point","coordinates":[6.524907,53.229557]},"properties":{"category":"bus_halte","name":"Diamantlaan","operator":""}},{"type":"Feature","geometry":{"type":"Point","coordinates":[6.52956,53.229859]},"properties":{"category":"bus_halte","name":"Edelsteenlaan","operator":""}},{"type":"Feature","geometry":{"type":"Point","coordinates":[6.531809,53.226995]},"properties":{"category":"bus_halte","name":"Siersteenlaan","operator":""}},{"type":"Feature","geometry":{"type":"Point","coordinates":[6.520641,53.236714]},"properties":{"category":"bus_halte","name":"P+R Reitdiep","operator":""}},{"type":"Feature","geometry":{"type":"Point","coordinates":[6.518969,53.240143]},"properties":{"category":"bus_halte","name":"Prof. Uilkensweg","operator":""}},{"type":"Feature","geometry":{"type":"Point","coordinates":[6.521802,53.242294]},"properties":{"category":"bus_halte","name":"Hoogeweg","operator":""}},{"type":"Feature","geometry":{"type":"Point","coordinates":[6.539385,53.228032]},"properties":{"category":"bus_halte","name":"Voermanstraat","operator":""}},{"type":"Feature","geometry":{"type":"Point","coordinates":[6.555495,53.235491]},"properties":{"category":"bus_halte","name":"Beukenlaan","operator":""}},{"type":"Feature","geometry":{"type":"Point","coordinates":[6.574433,53.229066]},"properties":{"category":"bus_halte","name":"Zaagmuldersbrug","operator":""}},{"type":"Feature","geometry":{"type":"Point","coordinates":[6.577365,53.227914]},"properties":{"category":"bus_halte","name":"Wielewaalplein","operator":""}},{"type":"Feature","geometry":{"type":"Point","coordinates":[6.580797,53.225237]},"properties":{"category":"bus_halte","name":"Klaprooslaan","operator":""}},{"type":"Feature","geometry":{"type":"Point","coordinates":[6.58305,53.22273]},"properties":{"category":"bus_halte","name":"Linnaeusplein","operator":""}},{"type":"Feature","geometry":{"type":"Point","coordinates":[6.576526,53.22063]},"properties":{"category":"bus_halte","name":"UMCG Hoofdingang","operator":""}},{"type":"Feature","geometry":{"type":"Point","coordinates":[6.57412,53.221487]},"properties":{"category":"bus_halte","name":"Oostersingel","operator":""}},{"type":"Feature","geometry":{"type":"Point","coordinates":[6.579916,53.221537]},"properties":{"category":"bus_halte","name":"Prof. Rankestraat","operator":""}},{"type":"Feature","geometry":{"type":"Point","coordinates":[6.569025,53.224084]},"properties":{"category":"bus_halte","name":"UMCG Noord","operator":""}},{"type":"Feature","geometry":{"type":"Point","coordinates":[6.569653,53.213147]},"properties":{"category":"bus_halte","name":"Hereplein","operator":""}},{"type":"Feature","geometry":{"type":"Point","coordinates":[6.579116,53.218627]},"properties":{"category":"bus_halte","name":"Petrus Campersingel","operator":""}},{"type":"Feature","geometry":{"type":"Point","coordinates":[6.571353,53.226658]},"properties":{"category":"bus_halte","name":"Wouter van Doeverenplein","operator":""}},{"type":"Feature","geometry":{"type":"Point","coordinates":[6.582749,53.220393]},"properties":{"category":"bus_halte","name":"Zaagmuldersweg","operator":""}},{"type":"Feature","geometry":{"type":"Point","coordinates":[6.585406,53.22103]},"properties":{"category":"bus_halte","name":"Zaagmuldersweg","operator":""}},{"type":"Feature","geometry":{"type":"Point","coordinates":[6.591199,53.222905]},"properties":{"category":"bus_halte","name":"Oliemuldersweg","operator":""}},{"type":"Feature","geometry":{"type":"Point","coordinates":[6.587373,53.22177]},"properties":{"category":"bus_halte","name":"Oliemuldersweg","operator":""}},{"type":"Feature","geometry":{"type":"Point","coordinates":[6.575016,53.229218]},"properties":{"category":"bus_halte","name":"Zaagmuldersbrug","operator":""}},{"type":"Feature","geometry":{"type":"Point","coordinates":[6.579841,53.231525]},"properties":{"category":"bus_halte","name":"Oliemuldersbrug","operator":""}},{"type":"Feature","geometry":{"type":"Point","coordinates":[6.580408,53.231676]},"properties":{"category":"bus_halte","name":"Oliemuldersbrug","operator":""}},{"type":"Feature","geometry":{"type":"Point","coordinates":[6.589094,53.234893]},"properties":{"category":"bus_halte","name":"Pop Dijkemaweg","operator":""}},{"type":"Feature","geometry":{"type":"Point","coordinates":[6.589696,53.234942]},"properties":{"category":"bus_halte","name":"Pop Dijkemaweg","operator":""}},{"type":"Feature","geometry":{"type":"Point","coordinates":[6.595564,53.226171]},"properties":{"category":"bus_halte","name":"Oostersluis","operator":""}},{"type":"Feature","geometry":{"type":"Point","coordinates":[6.598502,53.226285]},"properties":{"category":"bus_halte","name":"Oostersluis","operator":""}},{"type":"Feature","geometry":{"type":"Point","coordinates":[6.605867,53.227953]},"properties":{"category":"bus_halte","name":"Ringweg Oost","operator":""}},{"type":"Feature","geometry":{"type":"Point","coordinates":[6.606999,53.227982]},"properties":{"category":"bus_halte","name":"Ringweg Oost","operator":""}},{"type":"Feature","geometry":{"type":"Point","coordinates":[6.593691,53.235872]},"properties":{"category":"bus_halte","name":"Beneluxweg","operator":""}},{"type":"Feature","geometry":{"type":"Point","coordinates":[6.593052,53.235827]},"properties":{"category":"bus_halte","name":"Beneluxweg","operator":""}},{"type":"Feature","geometry":{"type":"Point","coordinates":[6.598727,53.238528]},"properties":{"category":"bus_halte","name":"Parkallee","operator":""}},{"type":"Feature","geometry":{"type":"Point","coordinates":[6.598518,53.238751]},"properties":{"category":"bus_halte","name":"Parkallee","operator":""}},{"type":"Feature","geometry":{"type":"Point","coordinates":[6.603193,53.236653]},"properties":{"category":"bus_halte","name":"Eenrumermaar","operator":""}},{"type":"Feature","geometry":{"type":"Point","coordinates":[6.603893,53.236303]},"properties":{"category":"bus_halte","name":"Eenrumermaar","operator":""}},{"type":"Feature","geometry":{"type":"Point","coordinates":[6.606435,53.23627]},"properties":{"category":"bus_halte","name":"Langszij","operator":""}},{"type":"Feature","geometry":{"type":"Point","coordinates":[6.607802,53.23636]},"properties":{"category":"bus_halte","name":"Langszij","operator":""}},{"type":"Feature","geometry":{"type":"Point","coordinates":[6.618933,53.230749]},"properties":{"category":"bus_halte","name":"Ruischerwaard","operator":""}},{"type":"Feature","geometry":{"type":"Point","coordinates":[6.620188,53.230846]},"properties":{"category":"bus_halte","name":"Ruischerwaard","operator":""}},{"type":"Feature","geometry":{"type":"Point","coordinates":[6.613942,53.235274]},"properties":{"category":"bus_halte","name":"Loefzijde","operator":""}},{"type":"Feature","geometry":{"type":"Point","coordinates":[6.634547,53.233888]},"properties":{"category":"bus_halte","name":"Ruischerbrug","operator":""}},{"type":"Feature","geometry":{"type":"Point","coordinates":[6.625544,53.235098]},"properties":{"category":"bus_halte","name":"Lijzijde","operator":""}},{"type":"Feature","geometry":{"type":"Point","coordinates":[6.626991,53.235516]},"properties":{"category":"bus_halte","name":"Meerpaal","operator":""}},{"type":"Feature","geometry":{"type":"Point","coordinates":[6.628734,53.235753]},"properties":{"category":"bus_halte","name":"Meerpaal","operator":""}},{"type":"Feature","geometry":{"type":"Point","coordinates":[6.653759,53.243242]},"properties":{"category":"bus_halte","name":"Dorpsweg","operator":""}},{"type":"Feature","geometry":{"type":"Point","coordinates":[6.65495,53.244091]},"properties":{"category":"bus_halte","name":"Dorpsweg","operator":""}},{"type":"Feature","geometry":{"type":"Point","coordinates":[6.679487,53.260267]},"properties":{"category":"bus_halte","name":"Bovenrijgeweg","operator":""}},{"type":"Feature","geometry":{"type":"Point","coordinates":[6.681906,53.261747]},"properties":{"category":"bus_halte","name":"Bovenrijgeweg","operator":""}},{"type":"Feature","geometry":{"type":"Point","coordinates":[6.693485,53.269885]},"properties":{"category":"bus_halte","name":"Groene Zoom","operator":""}},{"type":"Feature","geometry":{"type":"Point","coordinates":[6.694995,53.270708]},"properties":{"category":"bus_halte","name":"Groene Zoom","operator":""}},{"type":"Feature","geometry":{"type":"Point","coordinates":[6.698432,53.273261]},"properties":{"category":"bus_halte","name":"Centrum","operator":""}},{"type":"Feature","geometry":{"type":"Point","coordinates":[6.698856,53.273323]},"properties":{"category":"bus_halte","name":"Centrum","operator":""}},{"type":"Feature","geometry":{"type":"Point","coordinates":[6.706603,53.278704]},"properties":{"category":"bus_halte","name":"Dijkshorn","operator":""}},{"type":"Feature","geometry":{"type":"Point","coordinates":[6.707219,53.278914]},"properties":{"category":"bus_halte","name":"Dijkshorn","operator":""}},{"type":"Feature","geometry":{"type":"Point","coordinates":[6.716576,53.287216]},"properties":{"category":"bus_halte","name":"Rijksweg 113","operator":""}},{"type":"Feature","geometry":{"type":"Point","coordinates":[6.718391,53.288246]},"properties":{"category":"bus_halte","name":"Rijksweg 113","operator":""}},{"type":"Feature","geometry":{"type":"Point","coordinates":[6.72638,53.299647]},"properties":{"category":"bus_halte","name":"Eestumerweg","operator":""}},{"type":"Feature","geometry":{"type":"Point","coordinates":[6.726751,53.299641]},"properties":{"category":"bus_halte","name":"Eestumerweg","operator":""}},{"type":"Feature","geometry":{"type":"Point","coordinates":[6.581473,53.250838]},"properties":{"category":"bus_halte","name":"Gemaal","operator":""}},{"type":"Feature","geometry":{"type":"Point","coordinates":[6.581537,53.25105]},"properties":{"category":"bus_halte","name":"Gemaal","operator":""}},{"type":"Feature","geometry":{"type":"Point","coordinates":[6.563876,53.224615]},"properties":{"category":"bus_halte","name":"Pijpstraat","operator":""}},{"type":"Feature","geometry":{"type":"Point","coordinates":[6.574012,53.242337]},"properties":{"category":"bus_halte","name":"Boterdiepbrug","operator":""}},{"type":"Feature","geometry":{"type":"Point","coordinates":[6.542856,53.254376]},"properties":{"category":"bus_halte","name":"Oude Adorperweg","operator":""}},{"type":"Feature","geometry":{"type":"Point","coordinates":[6.5433,53.253463]},"properties":{"category":"bus_halte","name":"Oude Adorperweg","operator":""}},{"type":"Feature","geometry":{"type":"Point","coordinates":[6.572297,53.242469]},"properties":{"category":"bus_halte","name":"Boterdiepbrug","operator":""}},{"type":"Feature","geometry":{"type":"Point","coordinates":[6.576163,53.241413]},"properties":{"category":"bus_halte","name":"Van Eesterenlaan","operator":""}},{"type":"Feature","geometry":{"type":"Point","coordinates":[6.576176,53.241512]},"properties":{"category":"bus_halte","name":"Van Eesterenlaan","operator":""}},{"type":"Feature","geometry":{"type":"Point","coordinates":[6.577962,53.242656]},"properties":{"category":"bus_halte","name":"Granpre Moliereweg","operator":""}},{"type":"Feature","geometry":{"type":"Point","coordinates":[6.579089,53.243096]},"properties":{"category":"bus_halte","name":"Granpre Moliereweg","operator":""}},{"type":"Feature","geometry":{"type":"Point","coordinates":[6.581534,53.241193]},"properties":{"category":"bus_halte","name":"Bakemastraat","operator":""}},{"type":"Feature","geometry":{"type":"Point","coordinates":[6.583512,53.240826]},"properties":{"category":"bus_halte","name":"Bakemastraat","operator":""}},{"type":"Feature","geometry":{"type":"Point","coordinates":[6.500026,53.227388]},"properties":{"category":"bus_halte","name":"Leegeweg","operator":""}},{"type":"Feature","geometry":{"type":"Point","coordinates":[6.500176,53.227381]},"properties":{"category":"bus_halte","name":"Leegeweg","operator":""}},{"type":"Feature","geometry":{"type":"Point","coordinates":[6.504199,53.226471]},"properties":{"category":"bus_halte","name":"Arminiusstraat","operator":""}},{"type":"Feature","geometry":{"type":"Point","coordinates":[6.499968,53.230699]},"properties":{"category":"bus_halte","name":"Lutherstraat","operator":""}},{"type":"Feature","geometry":{"type":"Point","coordinates":[6.500077,53.230902]},"properties":{"category":"bus_halte","name":"Lutherstraat","operator":""}},{"type":"Feature","geometry":{"type":"Point","coordinates":[6.499688,53.234614]},"properties":{"category":"bus_halte","name":"Augustinusstraat","operator":""}},{"type":"Feature","geometry":{"type":"Point","coordinates":[6.499737,53.23503]},"properties":{"category":"bus_halte","name":"Augustinusstraat","operator":""}},{"type":"Feature","geometry":{"type":"Point","coordinates":[6.494071,53.241701]},"properties":{"category":"bus_halte","name":"Zijlvesterweg","operator":""}},{"type":"Feature","geometry":{"type":"Point","coordinates":[6.492933,53.243054]},"properties":{"category":"bus_halte","name":"Zijlvesterweg","operator":""}},{"type":"Feature","geometry":{"type":"Point","coordinates":[6.494708,53.242398]},"properties":{"category":"bus_halte","name":"Zijlvesterweg","operator":""}},{"type":"Feature","geometry":{"type":"Point","coordinates":[6.529843,53.217493]},"properties":{"category":"bus_halte","name":"Protonstraat","operator":""}},{"type":"Feature","geometry":{"type":"Point","coordinates":[6.534479,53.214083]},"properties":{"category":"bus_halte","name":"Meubelboulevard Hoendiep","operator":""}},{"type":"Feature","geometry":{"type":"Point","coordinates":[6.539251,53.213199]},"properties":{"category":"bus_halte","name":"Atoomweg","operator":""}},{"type":"Feature","geometry":{"type":"Point","coordinates":[6.546032,53.214115]},"properties":{"category":"bus_halte","name":"Rembrandt van Rijnstraat","operator":""}},{"type":"Feature","geometry":{"type":"Point","coordinates":[6.547083,53.214271]},"properties":{"category":"bus_halte","name":"Rembrandt van Rijnstraat","operator":""}},{"type":"Feature","geometry":{"type":"Point","coordinates":[6.553129,53.214863]},"properties":{"category":"bus_halte","name":"W. Barentszstraat","operator":""}},{"type":"Feature","geometry":{"type":"Point","coordinates":[6.552644,53.215115]},"properties":{"category":"bus_halte","name":"W. Barentszstraat","operator":""}},{"type":"Feature","geometry":{"type":"Point","coordinates":[6.503803,53.226401]},"properties":{"category":"bus_halte","name":"Arminiusstraat","operator":""}},{"type":"Feature","geometry":{"type":"Point","coordinates":[6.51347,53.223454]},"properties":{"category":"bus_halte","name":"Hans Lodeizenstraat","operator":""}},{"type":"Feature","geometry":{"type":"Point","coordinates":[6.513621,53.223623]},"properties":{"category":"bus_halte","name":"Hans Lodeizenstraat","operator":""}},{"type":"Feature","geometry":{"type":"Point","coordinates":[6.513918,53.227034]},"properties":{"category":"bus_halte","name":"De Held","operator":""}},{"type":"Feature","geometry":{"type":"Point","coordinates":[6.513779,53.22695]},"properties":{"category":"bus_halte","name":"De Held","operator":""}},{"type":"Feature","geometry":{"type":"Point","coordinates":[6.51704,53.222555]},"properties":{"category":"bus_halte","name":"Het Roege Bos","operator":""}},{"type":"Feature","geometry":{"type":"Point","coordinates":[6.522656,53.224663]},"properties":{"category":"bus_halte","name":"Opaalstraat","operator":""}},{"type":"Feature","geometry":{"type":"Point","coordinates":[6.522293,53.224773]},"properties":{"category":"bus_halte","name":"Opaalstraat","operator":""}},{"type":"Feature","geometry":{"type":"Point","coordinates":[6.528668,53.220157]},"properties":{"category":"bus_halte","name":"Travertijnstraat","operator":""}},{"type":"Feature","geometry":{"type":"Point","coordinates":[6.528672,53.221691]},"properties":{"category":"bus_halte","name":"Metaallaan","operator":""}},{"type":"Feature","geometry":{"type":"Point","coordinates":[6.527337,53.223778]},"properties":{"category":"bus_halte","name":"Pyrietstraat","operator":""}},{"type":"Feature","geometry":{"type":"Point","coordinates":[6.482421,53.211141]},"properties":{"category":"bus_halte","name":"Hoendiep 312","operator":""}},{"type":"Feature","geometry":{"type":"Point","coordinates":[6.483327,53.211484]},"properties":{"category":"bus_halte","name":"Hoendiep 312","operator":""}},{"type":"Feature","geometry":{"type":"Point","coordinates":[6.486682,53.212028]},"properties":{"category":"bus_halte","name":"Brug Vierverlaten","operator":""}},{"type":"Feature","geometry":{"type":"Point","coordinates":[6.487098,53.211972]},"properties":{"category":"bus_halte","name":"Brug Vierverlaten","operator":""}},{"type":"Feature","geometry":{"type":"Point","coordinates":[6.490684,53.214387]},"properties":{"category":"bus_halte","name":"Kinderverlatenbrug","operator":""}},{"type":"Feature","geometry":{"type":"Point","coordinates":[6.490911,53.214188]},"properties":{"category":"bus_halte","name":"Kinderverlatenbrug","operator":""}},{"type":"Feature","geometry":{"type":"Point","coordinates":[6.494866,53.214837]},"properties":{"category":"bus_halte","name":"Suikerbrug","operator":""}},{"type":"Feature","geometry":{"type":"Point","coordinates":[6.496923,53.215878]},"properties":{"category":"bus_halte","name":"Suikerbrug","operator":""}},{"type":"Feature","geometry":{"type":"Point","coordinates":[6.517149,53.200224]},"properties":{"category":"bus_halte","name":"Eemsgolaan","operator":""}},{"type":"Feature","geometry":{"type":"Point","coordinates":[6.518117,53.21527]},"properties":{"category":"bus_halte","name":"UT Delfiaweg-Oost","operator":""}},{"type":"Feature","geometry":{"type":"Point","coordinates":[6.516406,53.21571]},"properties":{"category":"bus_halte","name":"UT Delfiaweg-Oost","operator":""}},{"type":"Feature","geometry":{"type":"Point","coordinates":[6.527052,53.214755]},"properties":{"category":"bus_halte","name":"Halfweg","operator":""}},{"type":"Feature","geometry":{"type":"Point","coordinates":[6.526799,53.214867]},"properties":{"category":"bus_halte","name":"Halfweg","operator":""}},{"type":"Feature","geometry":{"type":"Point","coordinates":[6.559695,53.206996]},"properties":{"category":"bus_halte","name":"Kamerlingh Onnesstraat","operator":""}},{"type":"Feature","geometry":{"type":"Point","coordinates":[6.558556,53.198666]},"properties":{"category":"bus_halte","name":"Overwinningsplein","operator":""}},{"type":"Feature","geometry":{"type":"Point","coordinates":[6.558462,53.203546]},"properties":{"category":"bus_halte","name":"L. Springerlaan","operator":""}},{"type":"Feature","geometry":{"type":"Point","coordinates":[6.559754,53.201621]},"properties":{"category":"bus_halte","name":"Laan v/d Vrede","operator":""}},{"type":"Feature","geometry":{"type":"Point","coordinates":[6.55435,53.194252]},"properties":{"category":"bus_halte","name":"Corpus den Hoorn Zuid","operator":""}},{"type":"Feature","geometry":{"type":"Point","coordinates":[6.554806,53.193509]},"properties":{"category":"bus_halte","name":"Corpus den Hoorn Zuid","operator":""}},{"type":"Feature","geometry":{"type":"Point","coordinates":[6.556482,53.196275]},"properties":{"category":"bus_halte","name":"Hippocrateslaan","operator":""}},{"type":"Feature","geometry":{"type":"Point","coordinates":[6.645823,53.209725]},"properties":{"category":"bus_halte","name":"Lintdal","operator":""}},{"type":"Feature","geometry":{"type":"Point","coordinates":[6.645503,53.210081]},"properties":{"category":"bus_halte","name":"Lintdal","operator":""}},{"type":"Feature","geometry":{"type":"Point","coordinates":[6.640922,53.216933]},"properties":{"category":"bus_halte","name":"Middelberterweg 54","operator":""}},{"type":"Feature","geometry":{"type":"Point","coordinates":[6.640601,53.217383]},"properties":{"category":"bus_halte","name":"Middelberterweg 54","operator":""}},{"type":"Feature","geometry":{"type":"Point","coordinates":[6.641496,53.214827]},"properties":{"category":"bus_halte","name":"Olgerweg","operator":""}},{"type":"Feature","geometry":{"type":"Point","coordinates":[6.641579,53.214732]},"properties":{"category":"bus_halte","name":"Olgerweg","operator":""}},{"type":"Feature","geometry":{"type":"Point","coordinates":[6.649333,53.207476]},"properties":{"category":"bus_halte","name":"Sportveld","operator":""}},{"type":"Feature","geometry":{"type":"Point","coordinates":[6.649417,53.207563]},"properties":{"category":"bus_halte","name":"Sportveld","operator":""}},{"type":"Feature","geometry":{"type":"Point","coordinates":[6.662012,53.211312]},"properties":{"category":"bus_halte","name":"Grunostrand","operator":""}},{"type":"Feature","geometry":{"type":"Point","coordinates":[6.663222,53.210846]},"properties":{"category":"bus_halte","name":"Grunostrand","operator":""}},{"type":"Feature","geometry":{"type":"Point","coordinates":[6.670071,53.209306]},"properties":{"category":"bus_halte","name":"Veldzicht","operator":""}},{"type":"Feature","geometry":{"type":"Point","coordinates":[6.670853,53.209329]},"properties":{"category":"bus_halte","name":"Veldzicht","operator":""}},{"type":"Feature","geometry":{"type":"Point","coordinates":[6.63442,53.225149]},"properties":{"category":"bus_halte","name":"Middelberterweg 18","operator":""}},{"type":"Feature","geometry":{"type":"Point","coordinates":[6.63434,53.225378]},"properties":{"category":"bus_halte","name":"Middelberterweg 18","operator":""}},{"type":"Feature","geometry":{"type":"Point","coordinates":[6.636301,53.222183]},"properties":{"category":"bus_halte","name":"Middelberterweg 32","operator":""}},{"type":"Feature","geometry":{"type":"Point","coordinates":[6.636017,53.222799]},"properties":{"category":"bus_halte","name":"Middelberterweg 32","operator":""}},{"type":"Feature","geometry":{"type":"Point","coordinates":[6.587491,53.217625]},"properties":{"category":"bus_halte","name":"IKEA","operator":""}},{"type":"Feature","geometry":{"type":"Point","coordinates":[6.541968,53.230262]},"properties":{"category":"bus_halte","name":"De Trefkoel","operator":""}},{"type":"Feature","geometry":{"type":"Point","coordinates":[6.539823,53.233354]},"properties":{"category":"bus_halte","name":"Kometenstraat","operator":""}},{"type":"Feature","geometry":{"type":"Point","coordinates":[6.542898,53.230873]},"properties":{"category":"bus_halte","name":"De Trefkoel","operator":""}},{"type":"Feature","geometry":{"type":"Point","coordinates":[6.537003,53.238487]},"properties":{"category":"bus_halte","name":"Aletta Jacobshal","operator":""}},{"type":"Feature","geometry":{"type":"Point","coordinates":[6.533991,53.241071]},"properties":{"category":"bus_halte","name":"Zernikeplein","operator":""}},{"type":"Feature","geometry":{"type":"Point","coordinates":[6.535968,53.239945]},"properties":{"category":"bus_halte","name":"Nijenborgh","operator":""}},{"type":"Feature","geometry":{"type":"Point","coordinates":[6.550376,53.232258]},"properties":{"category":"bus_halte","name":"Elzenlaan","operator":""}},{"type":"Feature","geometry":{"type":"Point","coordinates":[6.553347,53.23258]},"properties":{"category":"bus_halte","name":"Abeelstraat","operator":""}},{"type":"Feature","geometry":{"type":"Point","coordinates":[6.574456,53.22113]},"properties":{"category":"bus_halte","name":"Oostersingel","operator":""}},{"type":"Feature","geometry":{"type":"Point","coordinates":[6.57783,53.220923]},"properties":{"category":"bus_halte","name":"UMCG Hoofdingang","operator":""}},{"type":"Feature","geometry":{"type":"Point","coordinates":[6.590909,53.218798]},"properties":{"category":"bus_halte","name":"Brandweer","operator":""}},{"type":"Feature","geometry":{"type":"Point","coordinates":[6.602802,53.203395]},"properties":{"category":"bus_halte","name":"Antwerpenweg","operator":""}},{"type":"Feature","geometry":{"type":"Point","coordinates":[6.601614,53.204259]},"properties":{"category":"bus_halte","name":"Antwerpenweg","operator":""}},{"type":"Feature","geometry":{"type":"Point","coordinates":[6.596874,53.207956]},"properties":{"category":"bus_halte","name":"Bornholmstraat","operator":""}},{"type":"Feature","geometry":{"type":"Point","coordinates":[6.624341,53.131227]},"properties":{"category":"bus_halte","name":"Rijksstraatweg 136","operator":""}},{"type":"Feature","geometry":{"type":"Point","coordinates":[6.622333,53.130584]},"properties":{"category":"bus_halte","name":"Rijksstraatweg 136","operator":""}},{"type":"Feature","geometry":{"type":"Point","coordinates":[6.629023,53.134712]},"properties":{"category":"bus_halte","name":"Oude Schoolweg","operator":""}},{"type":"Feature","geometry":{"type":"Point","coordinates":[6.62928,53.135641]},"properties":{"category":"bus_halte","name":"Oude Schoolweg","operator":""}},{"type":"Feature","geometry":{"type":"Point","coordinates":[6.62768,53.139633]},"properties":{"category":"bus_halte","name":"Nieuwe Schoolweg","operator":""}},{"type":"Feature","geometry":{"type":"Point","coordinates":[6.624429,53.148685]},"properties":{"category":"bus_halte","name":"Hoge Hereweg","operator":""}},{"type":"Feature","geometry":{"type":"Point","coordinates":[6.62439,53.149376]},"properties":{"category":"bus_halte","name":"Hoge Hereweg","operator":""}},{"type":"Feature","geometry":{"type":"Point","coordinates":[6.626555,53.141819]},"properties":{"category":"bus_halte","name":"Nieuwe Schoolweg","operator":""}},{"type":"Feature","geometry":{"type":"Point","coordinates":[6.601264,53.173737]},"properties":{"category":"bus_halte","name":"Vondellaan","operator":""}},{"type":"Feature","geometry":{"type":"Point","coordinates":[6.60255,53.173594]},"properties":{"category":"bus_halte","name":"Raadhuisplein","operator":""}},{"type":"Feature","geometry":{"type":"Point","coordinates":[6.602365,53.173607]},"properties":{"category":"bus_halte","name":"Raadhuisplein","operator":""}},{"type":"Feature","geometry":{"type":"Point","coordinates":[6.601495,53.173734]},"properties":{"category":"bus_halte","name":"Vondellaan","operator":""}},{"type":"Feature","geometry":{"type":"Point","coordinates":[6.608983,53.166963]},"properties":{"category":"bus_halte","name":"Hertenlaan","operator":""}},{"type":"Feature","geometry":{"type":"Point","coordinates":[6.610951,53.164231]},"properties":{"category":"bus_halte","name":"Rijksstraatweg 279","operator":""}},{"type":"Feature","geometry":{"type":"Point","coordinates":[6.611393,53.163366]},"properties":{"category":"bus_halte","name":"Rijksstraatweg 279","operator":""}},{"type":"Feature","geometry":{"type":"Point","coordinates":[6.608687,53.1676]},"properties":{"category":"bus_halte","name":"Hertenlaan","operator":""}},{"type":"Feature","geometry":{"type":"Point","coordinates":[6.606248,53.170668]},"properties":{"category":"bus_halte","name":"Julianalaan","operator":""}},{"type":"Feature","geometry":{"type":"Point","coordinates":[6.60645,53.1707]},"properties":{"category":"bus_halte","name":"Julianalaan","operator":""}},{"type":"Feature","geometry":{"type":"Point","coordinates":[6.618823,53.154963]},"properties":{"category":"bus_halte","name":"Rijksstraatweg 356","operator":""}},{"type":"Feature","geometry":{"type":"Point","coordinates":[6.619545,53.154393]},"properties":{"category":"bus_halte","name":"Rijksstraatweg 356","operator":""}},{"type":"Feature","geometry":{"type":"Point","coordinates":[6.614531,53.159125]},"properties":{"category":"bus_halte","name":"Holsteinlaan","operator":""}},{"type":"Feature","geometry":{"type":"Point","coordinates":[6.613612,53.160429]},"properties":{"category":"bus_halte","name":"Holsteinlaan","operator":""}},{"type":"Feature","geometry":{"type":"Point","coordinates":[6.59957,53.176748]},"properties":{"category":"bus_halte","name":"Botanicuslaan","operator":""}},{"type":"Feature","geometry":{"type":"Point","coordinates":[6.59395,53.180556]},"properties":{"category":"bus_halte","name":"Dilgtweg","operator":""}},{"type":"Feature","geometry":{"type":"Point","coordinates":[6.592758,53.181533]},"properties":{"category":"bus_halte","name":"Dilgtweg","operator":""}},{"type":"Feature","geometry":{"type":"Point","coordinates":[6.585983,53.188073]},"properties":{"category":"bus_halte","name":"Esserweg","operator":""}},{"type":"Feature","geometry":{"type":"Point","coordinates":[6.584803,53.189836]},"properties":{"category":"bus_halte","name":"Quintuslaan","operator":""}},{"type":"Feature","geometry":{"type":"Point","coordinates":[6.586857,53.186685]},"properties":{"category":"bus_halte","name":"Esserweg","operator":""}},{"type":"Feature","geometry":{"type":"Point","coordinates":[6.583363,53.192192]},"properties":{"category":"bus_halte","name":"Hilghepad","operator":""}},{"type":"Feature","geometry":{"type":"Point","coordinates":[6.583181,53.192874]},"properties":{"category":"bus_halte","name":"Hilghepad","operator":""}},{"type":"Feature","geometry":{"type":"Point","coordinates":[6.584391,53.190258]},"properties":{"category":"bus_halte","name":"Quintuslaan","operator":""}},{"type":"Feature","geometry":{"type":"Point","coordinates":[6.578724,53.199808]},"properties":{"category":"bus_halte","name":"Van Iddekingeweg","operator":""}},{"type":"Feature","geometry":{"type":"Point","coordinates":[6.578836,53.199946]},"properties":{"category":"bus_halte","name":"Van Iddekingeweg","operator":""}},{"type":"Feature","geometry":{"type":"Point","coordinates":[6.574237,53.205087]},"properties":{"category":"bus_halte","name":"Zuiderplantsoen","operator":""}},{"type":"Feature","geometry":{"type":"Point","coordinates":[6.576663,53.201846]},"properties":{"category":"bus_halte","name":"Thomsonstraat","operator":""}},{"type":"Feature","geometry":{"type":"Point","coordinates":[6.576712,53.202056]},"properties":{"category":"bus_halte","name":"Thomsonstraat","operator":""}},{"type":"Feature","geometry":{"type":"Point","coordinates":[6.572458,53.208849]},"properties":{"category":"bus_halte","name":"Vechtstraat","operator":""}},{"type":"Feature","geometry":{"type":"Point","coordinates":[6.545893,53.180424]},"properties":{"category":"bus_halte","name":"Hoornseplas","operator":""}},{"type":"Feature","geometry":{"type":"Point","coordinates":[6.544862,53.183341]},"properties":{"category":"bus_halte","name":"Lepelaar","operator":""}},{"type":"Feature","geometry":{"type":"Point","coordinates":[6.548324,53.191404]},"properties":{"category":"bus_halte","name":"Martini Ziekenhuis Zuid","operator":""}},{"type":"Feature","geometry":{"type":"Point","coordinates":[6.551709,53.192794]},"properties":{"category":"bus_halte","name":"MartiniZKH Hoofdingang","operator":""}},{"type":"Feature","geometry":{"type":"Point","coordinates":[6.552199,53.192584]},"properties":{"category":"bus_halte","name":"MartiniZKH Hoofdingang","operator":""}},{"type":"Feature","geometry":{"type":"Point","coordinates":[6.56381,53.192282]},"properties":{"category":"bus_halte","name":"v. K. Verschuurbrug","operator":""}},{"type":"Feature","geometry":{"type":"Point","coordinates":[6.565501,53.192761]},"properties":{"category":"bus_halte","name":"v. K. Verschuurbrug","operator":""}},{"type":"Feature","geometry":{"type":"Point","coordinates":[6.568588,53.193066]},"properties":{"category":"bus_halte","name":"Van Lenneplaan","operator":""}},{"type":"Feature","geometry":{"type":"Point","coordinates":[6.569351,53.192608]},"properties":{"category":"bus_halte","name":"Van Lenneplaan","operator":""}},{"type":"Feature","geometry":{"type":"Point","coordinates":[6.56433,53.193513]},"properties":{"category":"bus_halte","name":"v. K. Verschuurbrug","operator":""}},{"type":"Feature","geometry":{"type":"Point","coordinates":[6.569455,53.193677]},"properties":{"category":"bus_halte","name":"Van Lenneplaan","operator":""}},{"type":"Feature","geometry":{"type":"Point","coordinates":[6.569383,53.195055]},"properties":{"category":"bus_halte","name":"P.C. Hooftlaan","operator":""}},{"type":"Feature","geometry":{"type":"Point","coordinates":[6.569789,53.194975]},"properties":{"category":"bus_halte","name":"P.C. Hooftlaan","operator":""}},{"type":"Feature","geometry":{"type":"Point","coordinates":[6.570202,53.19298]},"properties":{"category":"bus_halte","name":"Van Lenneplaan","operator":""}},{"type":"Feature","geometry":{"type":"Point","coordinates":[6.570007,53.19699]},"properties":{"category":"bus_halte","name":"Jan Luykenstraat","operator":""}},{"type":"Feature","geometry":{"type":"Point","coordinates":[6.562371,53.227413]},"properties":{"category":"bus_halte","name":"Riouwstraat","operator":""}},{"type":"Feature","geometry":{"type":"Point","coordinates":[6.566683,53.229398]},"properties":{"category":"bus_halte","name":"J.C. Kapteynlaan","operator":""}},{"type":"Feature","geometry":{"type":"Point","coordinates":[6.568448,53.230095]},"properties":{"category":"bus_halte","name":"J.C. Kapteynlaan","operator":""}},{"type":"Feature","geometry":{"type":"Point","coordinates":[6.566489,53.236126]},"properties":{"category":"bus_halte","name":"Curacaostraat","operator":""}},{"type":"Feature","geometry":{"type":"Point","coordinates":[6.567555,53.236583]},"properties":{"category":"bus_halte","name":"Curacaostraat","operator":""}},{"type":"Feature","geometry":{"type":"Point","coordinates":[6.575555,53.233458]},"properties":{"category":"bus_halte","name":"St. Eustatiusstraat","operator":""}},{"type":"Feature","geometry":{"type":"Point","coordinates":[6.576228,53.234297]},"properties":{"category":"bus_halte","name":"St. Eustatiusstraat","operator":""}},{"type":"Feature","geometry":{"type":"Point","coordinates":[6.570158,53.236139]},"properties":{"category":"bus_halte","name":"Paramaribostraat","operator":""}},{"type":"Feature","geometry":{"type":"Point","coordinates":[6.570561,53.235941]},"properties":{"category":"bus_halte","name":"Paramaribostraat","operator":""}},{"type":"Feature","geometry":{"type":"Point","coordinates":[6.573539,53.235112]},"properties":{"category":"bus_halte","name":"Surinamestraat","operator":""}},{"type":"Feature","geometry":{"type":"Point","coordinates":[6.574161,53.234848]},"properties":{"category":"bus_halte","name":"Surinamestraat","operator":""}},{"type":"Feature","geometry":{"type":"Point","coordinates":[6.502922,53.206139]},"properties":{"category":"bus_halte","name":"C. Jetsesstraat","operator":""}},{"type":"Feature","geometry":{"type":"Point","coordinates":[6.503434,53.205861]},"properties":{"category":"bus_halte","name":"C. Jetsesstraat","operator":""}},{"type":"Feature","geometry":{"type":"Point","coordinates":[6.508767,53.204843]},"properties":{"category":"bus_halte","name":"De Sanstraat","operator":""}},{"type":"Feature","geometry":{"type":"Point","coordinates":[6.508775,53.204635]},"properties":{"category":"bus_halte","name":"De Sanstraat","operator":""}},{"type":"Feature","geometry":{"type":"Point","coordinates":[6.510541,53.202769]},"properties":{"category":"bus_halte","name":"Minervalaan","operator":""}},{"type":"Feature","geometry":{"type":"Point","coordinates":[6.510447,53.203025]},"properties":{"category":"bus_halte","name":"Minervalaan","operator":""}},{"type":"Feature","geometry":{"type":"Point","coordinates":[6.507582,53.206491]},"properties":{"category":"bus_halte","name":"Jan Ensinglaan","operator":""}},{"type":"Feature","geometry":{"type":"Point","coordinates":[6.545307,53.21746]},"properties":{"category":"bus_halte","name":"J. v.Goyenstraat","operator":""}},{"type":"Feature","geometry":{"type":"Point","coordinates":[6.546977,53.216674]},"properties":{"category":"bus_halte","name":"J. Steenstraat","operator":""}},{"type":"Feature","geometry":{"type":"Point","coordinates":[6.570335,53.190825]},"properties":{"category":"bus_halte","name":"Vestdijklaan","operator":""}},{"type":"Feature","geometry":{"type":"Point","coordinates":[6.574975,53.191099]},"properties":{"category":"bus_halte","name":"Bordewijklaan","operator":""}},{"type":"Feature","geometry":{"type":"Point","coordinates":[6.574785,53.192584]},"properties":{"category":"bus_halte","name":"Geert Teispad","operator":""}},{"type":"Feature","geometry":{"type":"Point","coordinates":[6.586616,53.193274]},"properties":{"category":"bus_halte","name":"Troelstralaan","operator":""}},{"type":"Feature","geometry":{"type":"Point","coordinates":[6.587192,53.192945]},"properties":{"category":"bus_halte","name":"Troelstralaan","operator":""}},{"type":"Feature","geometry":{"type":"Point","coordinates":[6.548338,53.216576]},"properties":{"category":"bus_halte","name":"J. Steenstraat","operator":""}},{"type":"Feature","geometry":{"type":"Point","coordinates":[6.549601,53.217008]},"properties":{"category":"bus_halte","name":"H. Colleniusstraat","operator":""}},{"type":"Feature","geometry":{"type":"Point","coordinates":[6.550943,53.217228]},"properties":{"category":"bus_halte","name":"H. Colleniusstraat","operator":""}},{"type":"Feature","geometry":{"type":"Point","coordinates":[6.52596,53.226548]},"properties":{"category":"bus_halte","name":"Barnsteenstraat","operator":""}},{"type":"Feature","geometry":{"type":"Point","coordinates":[6.525864,53.229615]},"properties":{"category":"bus_halte","name":"Diamantlaan","operator":""}},{"type":"Feature","geometry":{"type":"Point","coordinates":[6.534872,53.222273]},"properties":{"category":"bus_halte","name":"Goudlaan","operator":""}},{"type":"Feature","geometry":{"type":"Point","coordinates":[6.5327,53.226458]},"properties":{"category":"bus_halte","name":"Siersteenlaan","operator":""}},{"type":"Feature","geometry":{"type":"Point","coordinates":[6.544551,53.218003]},"properties":{"category":"bus_halte","name":"J. v.Goyenstraat","operator":""}},{"type":"Feature","geometry":{"type":"Point","coordinates":[6.547669,53.221447]},"properties":{"category":"bus_halte","name":"Nassauplein","operator":""}},{"type":"Feature","geometry":{"type":"Point","coordinates":[6.547713,53.223267]},"properties":{"category":"bus_halte","name":"Stadhouderslaan","operator":""}},{"type":"Feature","geometry":{"type":"Point","coordinates":[6.537744,53.227877]},"properties":{"category":"bus_halte","name":"Voermanstraat","operator":""}},{"type":"Feature","geometry":{"type":"Point","coordinates":[6.542158,53.228705]},"properties":{"category":"bus_halte","name":"Winkelcentrum Paddepoel","operator":""}},{"type":"Feature","geometry":{"type":"Point","coordinates":[6.544864,53.226307]},"properties":{"category":"bus_halte","name":"Grote Beerstraat","operator":""}},{"type":"Feature","geometry":{"type":"Point","coordinates":[6.529577,53.230121]},"properties":{"category":"bus_halte","name":"Edelsteenlaan","operator":""}},{"type":"Feature","geometry":{"type":"Point","coordinates":[6.542755,53.229332]},"properties":{"category":"bus_halte","name":"Winkelcentrum Paddepoel","operator":""}},{"type":"Feature","geometry":{"type":"Point","coordinates":[6.555495,53.218364]},"properties":{"category":"bus_halte","name":"Verlengde Visserstraat","operator":""}},{"type":"Feature","geometry":{"type":"Point","coordinates":[6.556154,53.218778]},"properties":{"category":"bus_halte","name":"Verlengde Visserstraat","operator":""}},{"type":"Feature","geometry":{"type":"Point","coordinates":[6.556102,53.233909]},"properties":{"category":"bus_halte","name":"Eikenlaan","operator":""}},{"type":"Feature","geometry":{"type":"Point","coordinates":[6.556223,53.23408]},"properties":{"category":"bus_halte","name":"Eikenlaan","operator":""}},{"type":"Feature","geometry":{"type":"Point","coordinates":[6.555309,53.235515]},"properties":{"category":"bus_halte","name":"Beukenlaan","operator":""}},{"type":"Feature","geometry":{"type":"Point","coordinates":[6.592542,53.192394]},"properties":{"category":"bus_halte","name":"Esserhaag","operator":""}},{"type":"Feature","geometry":{"type":"Point","coordinates":[6.59327,53.192447]},"properties":{"category":"bus_halte","name":"Esserhaag","operator":""}},{"type":"Feature","geometry":{"type":"Point","coordinates":[6.593917,53.195665]},"properties":{"category":"bus_halte","name":"Nolenslaan","operator":""}},{"type":"Feature","geometry":{"type":"Point","coordinates":[6.595244,53.193047]},"properties":{"category":"bus_halte","name":"Saaksumborg","operator":""}},{"type":"Feature","geometry":{"type":"Point","coordinates":[6.595163,53.193458]},"properties":{"category":"bus_halte","name":"Saaksumborg","operator":""}},{"type":"Feature","geometry":{"type":"Point","coordinates":[6.593763,53.19621]},"properties":{"category":"bus_halte","name":"Nolenslaan","operator":""}},{"type":"Feature","geometry":{"type":"Point","coordinates":[6.615453,53.23528]},"properties":{"category":"bus_halte","name":"Loefzijde","operator":""}},{"type":"Feature","geometry":{"type":"Point","coordinates":[6.616354,53.237895]},"properties":{"category":"bus_halte","name":"De Boeg","operator":""}},{"type":"Feature","geometry":{"type":"Point","coordinates":[6.624725,53.235454]},"properties":{"category":"bus_halte","name":"Lijzijde","operator":""}},{"type":"Feature","geometry":{"type":"Point","coordinates":[6.62519,53.238011]},"properties":{"category":"bus_halte","name":"Winkelcentrum Lewenborg","operator":""}},{"type":"Feature","geometry":{"type":"Point","coordinates":[6.62533,53.238205]},"properties":{"category":"bus_halte","name":"Winkelcentrum Lewenborg","operator":""}},{"type":"Feature","geometry":{"type":"Point","coordinates":[6.617216,53.240871]},"properties":{"category":"bus_halte","name":"Waterland","operator":""}},{"type":"Feature","geometry":{"type":"Point","coordinates":[6.616822,53.240562]},"properties":{"category":"bus_halte","name":"Waterland","operator":""}},{"type":"Feature","geometry":{"type":"Point","coordinates":[6.621283,53.24174]},"properties":{"category":"bus_halte","name":"Mooiland","operator":""}},{"type":"Feature","geometry":{"type":"Point","coordinates":[6.624136,53.240984]},"properties":{"category":"bus_halte","name":"Wimpel","operator":""}},{"type":"Feature","geometry":{"type":"Point","coordinates":[6.624519,53.240663]},"properties":{"category":"bus_halte","name":"Wimpel","operator":""}},{"type":"Feature","geometry":{"type":"Point","coordinates":[6.551509,53.187978]},"properties":{"category":"bus_halte","name":"C.G. Wichmannstraat","operator":""}},{"type":"Feature","geometry":{"type":"Point","coordinates":[6.551005,53.188397]},"properties":{"category":"bus_halte","name":"C.G. Wichmannstraat","operator":""}},{"type":"Feature","geometry":{"type":"Point","coordinates":[6.554702,53.187528]},"properties":{"category":"bus_halte","name":"Palmelaan","operator":""}},{"type":"Feature","geometry":{"type":"Point","coordinates":[6.559179,53.191864]},"properties":{"category":"bus_halte","name":"Maartenshof","operator":""}},{"type":"Feature","geometry":{"type":"Point","coordinates":[6.580033,53.221676]},"properties":{"category":"bus_halte","name":"Prof. Rankestraat","operator":""}},{"type":"Feature","geometry":{"type":"Point","coordinates":[6.580837,53.225083]},"properties":{"category":"bus_halte","name":"Klaprooslaan","operator":""}},{"type":"Feature","geometry":{"type":"Point","coordinates":[6.576006,53.228803]},"properties":{"category":"bus_halte","name":"Wielewaalplein","operator":""}},{"type":"Feature","geometry":{"type":"Point","coordinates":[6.583287,53.222709]},"properties":{"category":"bus_halte","name":"Linnaeusplein","operator":""}},{"type":"Feature","geometry":{"type":"Point","coordinates":[6.588251,53.242705]},"properties":{"category":"bus_halte","name":"Framaheerd","operator":""}},{"type":"Feature","geometry":{"type":"Point","coordinates":[6.589918,53.243446]},"properties":{"category":"bus_halte","name":"Framaheerd","operator":""}},{"type":"Feature","geometry":{"type":"Point","coordinates":[6.590973,53.24445]},"properties":{"category":"bus_halte","name":"Sibrandaheerd","operator":""}},{"type":"Feature","geometry":{"type":"Point","coordinates":[6.58799,53.246719]},"properties":{"category":"bus_halte","name":"Winkelcentrum West","operator":""}},{"type":"Feature","geometry":{"type":"Point","coordinates":[6.588092,53.246569]},"properties":{"category":"bus_halte","name":"Winkelcentrum West","operator":""}},{"type":"Feature","geometry":{"type":"Point","coordinates":[6.587078,53.249771]},"properties":{"category":"bus_halte","name":"Mudaheerd","operator":""}},{"type":"Feature","geometry":{"type":"Point","coordinates":[6.587335,53.25051]},"properties":{"category":"bus_halte","name":"Mudaheerd","operator":""}},{"type":"Feature","geometry":{"type":"Point","coordinates":[6.590163,53.252708]},"properties":{"category":"bus_halte","name":"Edzemaheerd","operator":""}},{"type":"Feature","geometry":{"type":"Point","coordinates":[6.591372,53.252908]},"properties":{"category":"bus_halte","name":"Edzemaheerd","operator":""}},{"type":"Feature","geometry":{"type":"Point","coordinates":[6.602287,53.24715]},"properties":{"category":"bus_halte","name":"Wibenaheerd","operator":""}},{"type":"Feature","geometry":{"type":"Point","coordinates":[6.602709,53.248801]},"properties":{"category":"bus_halte","name":"Winkelcentrum Oost","operator":""}},{"type":"Feature","geometry":{"type":"Point","coordinates":[6.602745,53.249331]},"properties":{"category":"bus_halte","name":"Winkelcentrum Oost","operator":""}},{"type":"Feature","geometry":{"type":"Point","coordinates":[6.596838,53.252664]},"properties":{"category":"bus_halte","name":"Scheltemaheerd","operator":""}},{"type":"Feature","geometry":{"type":"Point","coordinates":[6.595648,53.252899]},"properties":{"category":"bus_halte","name":"Scheltemaheerd","operator":""}},{"type":"Feature","geometry":{"type":"Point","coordinates":[6.600989,53.252494]},"properties":{"category":"bus_halte","name":"Jensemaheerd","operator":""}},{"type":"Feature","geometry":{"type":"Point","coordinates":[6.601126,53.25226]},"properties":{"category":"bus_halte","name":"Jensemaheerd","operator":""}},{"type":"Feature","geometry":{"type":"Point","coordinates":[6.502053,53.216286]},"properties":{"category":"bus_halte","name":"Kerkstraat","operator":""}},{"type":"Feature","geometry":{"type":"Point","coordinates":[6.500937,53.21049]},"properties":{"category":"bus_halte","name":"Smidstraat","operator":""}},{"type":"Feature","geometry":{"type":"Point","coordinates":[6.507752,53.216542]},"properties":{"category":"bus_halte","name":"UT Delfiaweg-West","operator":""}},{"type":"Feature","geometry":{"type":"Point","coordinates":[6.50368,53.212523]},"properties":{"category":"bus_halte","name":"Zuidersingel","operator":""}},{"type":"Feature","geometry":{"type":"Point","coordinates":[6.610074,53.205386]},"properties":{"category":"bus_halte","name":"Narvikweg","operator":""}},{"type":"Feature","geometry":{"type":"Point","coordinates":[6.521275,53.242384]},"properties":{"category":"bus_halte","name":"Hoogeweg","operator":""}},{"type":"Feature","geometry":{"type":"Point","coordinates":[6.507126,53.216541]},"properties":{"category":"bus_halte","name":"UT Delfiaweg-West","operator":""}},{"type":"Feature","geometry":{"type":"Point","coordinates":[6.609784,53.205383]},"properties":{"category":"bus_halte","name":"Narvikweg","operator":""}},{"type":"Feature","geometry":{"type":"Point","coordinates":[6.605531,53.210203]},"properties":{"category":"bus_halte","name":"Flensburgweg","operator":""}},{"type":"Feature","geometry":{"type":"Point","coordinates":[6.520262,53.23656]},"properties":{"category":"bus_halte","name":"P+R Reitdiep","operator":""}},{"type":"Feature","geometry":{"type":"Point","coordinates":[6.552023,53.219763]},"properties":{"category":"bus_halte","name":"Oranjesingel","operator":""}},{"type":"Feature","geometry":{"type":"Point","coordinates":[6.503079,53.21277]},"properties":{"category":"bus_halte","name":"Zuidersingel","operator":""}},{"type":"Feature","geometry":{"type":"Point","coordinates":[6.501388,53.207859]},"properties":{"category":"bus_halte","name":"Bernhardlaan","operator":""}},{"type":"Feature","geometry":{"type":"Point","coordinates":[6.605272,53.210227]},"properties":{"category":"bus_halte","name":"Flensburgweg","operator":""}},{"type":"Feature","geometry":{"type":"Point","coordinates":[6.501771,53.214358]},"properties":{"category":"bus_halte","name":"Fabriekslaan","operator":""}},{"type":"Feature","geometry":{"type":"Point","coordinates":[6.501394,53.208019]},"properties":{"category":"bus_halte","name":"Bernhardlaan","operator":""}},{"type":"Feature","geometry":{"type":"Point","coordinates":[6.607429,53.20796]},"properties":{"category":"bus_halte","name":"Emdenweg","operator":""}},{"type":"Feature","geometry":{"type":"Point","coordinates":[6.610199,53.22315]},"properties":{"category":"bus_halte","name":"Odenseweg","operator":""}},{"type":"Feature","geometry":{"type":"Point","coordinates":[6.548133,53.219676]},"properties":{"category":"bus_halte","name":"Regentessestraat","operator":""}},{"type":"Feature","geometry":{"type":"Point","coordinates":[6.607199,53.207993]},"properties":{"category":"bus_halte","name":"Emdenweg","operator":""}},{"type":"Feature","geometry":{"type":"Point","coordinates":[6.603188,53.212931]},"properties":{"category":"bus_halte","name":"Euvelgunnerweg","operator":""}},{"type":"Feature","geometry":{"type":"Point","coordinates":[6.519272,53.240353]},"properties":{"category":"bus_halte","name":"Prof. Uilkensweg","operator":""}},{"type":"Feature","geometry":{"type":"Point","coordinates":[6.500781,53.215666]},"properties":{"category":"bus_halte","name":"Fabriekslaan","operator":""}},{"type":"Feature","geometry":{"type":"Point","coordinates":[6.50188,53.210651]},"properties":{"category":"bus_halte","name":"Smidstraat","operator":""}},{"type":"Feature","geometry":{"type":"Point","coordinates":[6.603275,53.213176]},"properties":{"category":"bus_halte","name":"Euvelgunnerweg","operator":""}},{"type":"Feature","geometry":{"type":"Point","coordinates":[6.565896,53.211299]},"properties":{"category":"bus_halte","name":"Hoofdstation","operator":""}},{"type":"Feature","geometry":{"type":"Point","coordinates":[6.596853,53.207573]},"properties":{"category":"bus_halte","name":"Bornholmstraat","operator":""}},{"type":"Feature","geometry":{"type":"Point","coordinates":[6.590406,53.169821]},"properties":{"category":"bus_halte","name":"P+R Haren A28","operator":""}},{"type":"Feature","geometry":{"type":"Point","coordinates":[6.567912,53.211366]},"properties":{"category":"bus_halte","name":"Hoofdstation","operator":""}},{"type":"Feature","geometry":{"type":"Point","coordinates":[6.566801,53.211518]},"properties":{"category":"bus_halte","name":"Hoofdstation","operator":""}},{"type":"Feature","geometry":{"type":"Point","coordinates":[6.566638,53.211295]},"properties":{"category":"bus_halte","name":"Hoofdstation","operator":""}},{"type":"Feature","geometry":{"type":"Point","coordinates":[6.567116,53.211308]},"properties":{"category":"bus_halte","name":"Hoofdstation","operator":""}},{"type":"Feature","geometry":{"type":"Point","coordinates":[6.566899,53.211511]},"properties":{"category":"bus_halte","name":"Hoofdstation","operator":""}},{"type":"Feature","geometry":{"type":"Point","coordinates":[6.566761,53.211298]},"properties":{"category":"bus_halte","name":"Hoofdstation","operator":""}},{"type":"Feature","geometry":{"type":"Point","coordinates":[6.564796,53.211474]},"properties":{"category":"bus_halte","name":"Hoofdstation","operator":""}},{"type":"Feature","geometry":{"type":"Point","coordinates":[6.566409,53.211291]},"properties":{"category":"bus_halte","name":"Hoofdstation","operator":""}},{"type":"Feature","geometry":{"type":"Point","coordinates":[6.567354,53.211315]},"properties":{"category":"bus_halte","name":"Hoofdstation","operator":""}},{"type":"Feature","geometry":{"type":"Point","coordinates":[6.568028,53.211366]},"properties":{"category":"bus_halte","name":"Hoofdstation","operator":""}},{"type":"Feature","geometry":{"type":"Point","coordinates":[6.56723,53.211526]},"properties":{"category":"bus_halte","name":"Hoofdstation","operator":""}},{"type":"Feature","geometry":{"type":"Point","coordinates":[6.566525,53.211292]},"properties":{"category":"bus_halte","name":"Hoofdstation","operator":""}},{"type":"Feature","geometry":{"type":"Point","coordinates":[6.567335,53.211525]},"properties":{"category":"bus_halte","name":"Hoofdstation","operator":""}},{"type":"Feature","geometry":{"type":"Point","coordinates":[6.566879,53.2113]},"properties":{"category":"bus_halte","name":"Hoofdstation","operator":""}},{"type":"Feature","geometry":{"type":"Point","coordinates":[6.568109,53.211594]},"properties":{"category":"bus_halte","name":"Hoofdstation","operator":""}},{"type":"Feature","geometry":{"type":"Point","coordinates":[6.567484,53.211324]},"properties":{"category":"bus_halte","name":"Hoofdstation","operator":""}},{"type":"Feature","geometry":{"type":"Point","coordinates":[6.564515,53.211494]},"properties":{"category":"bus_halte","name":"Hoofdstation","operator":""}},{"type":"Feature","geometry":{"type":"Point","coordinates":[6.567685,53.211557]},"properties":{"category":"bus_halte","name":"Hoofdstation","operator":""}},{"type":"Feature","geometry":{"type":"Point","coordinates":[6.567725,53.211327]},"properties":{"category":"bus_halte","name":"Hoofdstation","operator":""}},{"type":"Feature","geometry":{"type":"Point","coordinates":[6.567757,53.211547]},"properties":{"category":"bus_halte","name":"Hoofdstation","operator":""}},{"type":"Feature","geometry":{"type":"Point","coordinates":[6.566995,53.211304]},"properties":{"category":"bus_halte","name":"Hoofdstation","operator":""}},{"type":"Feature","geometry":{"type":"Point","coordinates":[6.566346,53.211385]},"properties":{"category":"bus_halte","name":"Hoofdstation","operator":""}},{"type":"Feature","geometry":{"type":"Point","coordinates":[6.567599,53.211322]},"properties":{"category":"bus_halte","name":"Hoofdstation","operator":""}},{"type":"Feature","geometry":{"type":"Point","coordinates":[6.567235,53.211313]},"properties":{"category":"bus_halte","name":"Hoofdstation","operator":""}},{"type":"Feature","geometry":{"type":"Point","coordinates":[6.569887,53.230852]},"properties":{"category":"bus_halte","name":"Floresplein","operator":""}},{"type":"Feature","geometry":{"type":"Point","coordinates":[6.57636,53.193664]},"properties":{"category":"bus_halte","name":"H. Siccamasingel","operator":""}},{"type":"Feature","geometry":{"type":"Point","coordinates":[6.577626,53.193882]},"properties":{"category":"bus_halte","name":"H. Siccamasingel","operator":""}},{"type":"Feature","geometry":{"type":"Point","coordinates":[6.581777,53.19507]},"properties":{"category":"bus_halte","name":"v. K. Verschuurlaan","operator":""}},{"type":"Feature","geometry":{"type":"Point","coordinates":[6.581836,53.195449]},"properties":{"category":"bus_halte","name":"v. K. Verschuurlaan","operator":""}},{"type":"Feature","geometry":{"type":"Point","coordinates":[6.628519,53.164033]},"properties":{"category":"bus_halte","name":"Felland","operator":""}},{"type":"Feature","geometry":{"type":"Point","coordinates":[6.64003,53.158536]},"properties":{"category":"bus_halte","name":"Tijborgsteeg","operator":""}},{"type":"Feature","geometry":{"type":"Point","coordinates":[6.642439,53.154985]},"properties":{"category":"bus_halte","name":"De Vennen","operator":""}},{"type":"Feature","geometry":{"type":"Point","coordinates":[6.62464,53.165813]},"properties":{"category":"bus_halte","name":"Blekenweg","operator":""}},{"type":"Feature","geometry":{"type":"Point","coordinates":[6.613698,53.213866]},"properties":{"category":"bus_halte","name":"Makro","operator":""}},{"type":"Feature","geometry":{"type":"Point","coordinates":[6.607928,53.212585]},"properties":{"category":"bus_halte","name":"Wasaweg","operator":""}},{"type":"Feature","geometry":{"type":"Point","coordinates":[6.593543,53.210094]},"properties":{"category":"bus_halte","name":"P+R Euroborg P3","operator":""}},{"type":"Feature","geometry":{"type":"Point","coordinates":[6.58709,53.204718]},"properties":{"category":"bus_halte","name":"Station Europapark","operator":""}},{"type":"Feature","geometry":{"type":"Point","coordinates":[6.587342,53.204424]},"properties":{"category":"bus_halte","name":"Station Europapark","operator":""}},{"type":"Feature","geometry":{"type":"Point","coordinates":[6.575218,53.217006]},"properties":{"category":"bus_halte","name":"Schuitendiep","operator":""}},{"type":"Feature","geometry":{"type":"Point","coordinates":[6.57473,53.217185]},"properties":{"category":"bus_halte","name":"Schuitendiep","operator":""}},{"type":"Feature","geometry":{"type":"Point","coordinates":[6.650928,53.14193]},"properties":{"category":"bus_halte","name":"Velakkersweg","operator":""}},{"type":"Feature","geometry":{"type":"Point","coordinates":[6.657849,53.133042]},"properties":{"category":"bus_halte","name":"Osdijk","operator":""}},{"type":"Feature","geometry":{"type":"Point","coordinates":[6.668332,53.121288]},"properties":{"category":"bus_halte","name":"Lageweg","operator":""}},{"type":"Feature","geometry":{"type":"Point","coordinates":[6.607649,53.175454]},"properties":{"category":"bus_halte","name":"Kromme Elleboog","operator":""}},{"type":"Feature","geometry":{"type":"Point","coordinates":[6.602266,53.183383]},"properties":{"category":"bus_halte","name":"Escampe","operator":""}},{"type":"Feature","geometry":{"type":"Point","coordinates":[6.595801,53.183752]},"properties":{"category":"bus_halte","name":"Hemmenlaan","operator":""}},{"type":"Feature","geometry":{"type":"Point","coordinates":[6.558922,53.198172]},"properties":{"category":"bus_halte","name":"Overwinningsplein","operator":""}},{"type":"Feature","geometry":{"type":"Point","coordinates":[6.527825,53.20359]},"properties":{"category":"bus_halte","name":"Kranenburg","operator":""}},{"type":"Feature","geometry":{"type":"Point","coordinates":[6.528522,53.204007]},"properties":{"category":"bus_halte","name":"Kranenburg","operator":""}},{"type":"Feature","geometry":{"type":"Point","coordinates":[6.575089,53.191237]},"properties":{"category":"bus_halte","name":"Bordewijklaan","operator":""}},{"type":"Feature","geometry":{"type":"Point","coordinates":[6.574904,53.192708]},"properties":{"category":"bus_halte","name":"Geert Teispad","operator":""}},{"type":"Feature","geometry":{"type":"Point","coordinates":[6.570839,53.190644]},"properties":{"category":"bus_halte","name":"Vestdijklaan","operator":""}},{"type":"Feature","geometry":{"type":"Point","coordinates":[6.503476,53.210796]},"properties":{"category":"bus_halte","name":"Zuiderweg","operator":""}},{"type":"Feature","geometry":{"type":"Point","coordinates":[6.590844,53.20763]},"properties":{"category":"bus_halte","name":"Boumaboulevard","operator":""}},{"type":"Feature","geometry":{"type":"Point","coordinates":[6.560943,53.227155]},"properties":{"category":"bus_halte","name":"Noorderplantsoen","operator":""}},{"type":"Feature","geometry":{"type":"Point","coordinates":[6.608951,53.222997]},"properties":{"category":"bus_halte","name":"Odenseweg","operator":""}},{"type":"Feature","geometry":{"type":"Point","coordinates":[6.51332,53.201541]},"properties":{"category":"bus_halte","name":"J. v Zwedenlaan","operator":""}},{"type":"Feature","geometry":{"type":"Point","coordinates":[6.513019,53.201539]},"properties":{"category":"bus_halte","name":"J. v Zwedenlaan","operator":""}},{"type":"Feature","geometry":{"type":"Point","coordinates":[6.624819,53.165949]},"properties":{"category":"bus_halte","name":"Blekenweg","operator":""}},{"type":"Feature","geometry":{"type":"Point","coordinates":[6.642279,53.155494]},"properties":{"category":"bus_halte","name":"De Vennen","operator":""}},{"type":"Feature","geometry":{"type":"Point","coordinates":[6.628154,53.164153]},"properties":{"category":"bus_halte","name":"Felland","operator":""}},{"type":"Feature","geometry":{"type":"Point","coordinates":[6.640557,53.15823]},"properties":{"category":"bus_halte","name":"Tijborgsteeg","operator":""}},{"type":"Feature","geometry":{"type":"Point","coordinates":[6.612084,53.205249]},"properties":{"category":"bus_halte","name":"Gotenburgweg","operator":""}},{"type":"Feature","geometry":{"type":"Point","coordinates":[6.611874,53.205255]},"properties":{"category":"bus_halte","name":"Gotenburgweg","operator":""}},{"type":"Feature","geometry":{"type":"Point","coordinates":[6.592732,53.22433]},"properties":{"category":"bus_halte","name":"Florakade","operator":""}},{"type":"Feature","geometry":{"type":"Point","coordinates":[6.592941,53.224457]},"properties":{"category":"bus_halte","name":"Florakade","operator":""}},{"type":"Feature","geometry":{"type":"Point","coordinates":[6.47197,53.208858]},"properties":{"category":"bus_halte","name":"Westpoortboulevard","operator":""}},{"type":"Feature","geometry":{"type":"Point","coordinates":[6.471831,53.208935]},"properties":{"category":"bus_halte","name":"Westpoortboulevard","operator":""}},{"type":"Feature","geometry":{"type":"Point","coordinates":[6.625065,53.205023]},"properties":{"category":"bus_halte","name":"Roodehaan","operator":""}},{"type":"Feature","geometry":{"type":"Point","coordinates":[6.626256,53.20535]},"properties":{"category":"bus_halte","name":"Roodehaan","operator":""}},{"type":"Feature","geometry":{"type":"Point","coordinates":[6.589498,53.184191]},"properties":{"category":"bus_halte","name":"Sportpark Esserberg","operator":""}},{"type":"Feature","geometry":{"type":"Point","coordinates":[6.588618,53.18519]},"properties":{"category":"bus_halte","name":"Sportpark Esserberg","operator":""}},{"type":"Feature","geometry":{"type":"Point","coordinates":[6.566509,53.211664]},"properties":{"category":"bus_halte","name":"Hoofdstation","operator":"Flixbus"}},{"type":"Feature","geometry":{"type":"Point","coordinates":[6.604204,53.179688]},"properties":{"category":"bus_halte","name":"Hortus","operator":""}},{"type":"Feature","geometry":{"type":"Point","coordinates":[6.603926,53.180431]},"properties":{"category":"bus_halte","name":"Hortus","operator":""}},{"type":"Feature","geometry":{"type":"Point","coordinates":[6.602471,53.182737]},"properties":{"category":"bus_halte","name":"Escampe","operator":""}},{"type":"Feature","geometry":{"type":"Point","coordinates":[6.607579,53.175694]},"properties":{"category":"bus_halte","name":"Kromme Elleboog","operator":""}},{"type":"Feature","geometry":{"type":"Point","coordinates":[6.651107,53.141835]},"properties":{"category":"bus_halte","name":"Velakkersweg","operator":""}},{"type":"Feature","geometry":{"type":"Point","coordinates":[6.543718,53.207688]},"properties":{"category":"bus_halte","name":"Bedrijven Peizerweg","operator":""}},{"type":"Feature","geometry":{"type":"Point","coordinates":[6.544018,53.207677]},"properties":{"category":"bus_halte","name":"Bedrijven Peizerweg","operator":""}},{"type":"Feature","geometry":{"type":"Point","coordinates":[6.632841,53.233815]},"properties":{"category":"bus_halte","name":"Ruischerbrug","operator":""}},{"type":"Feature","geometry":{"type":"Point","coordinates":[6.63289,53.23411]},"properties":{"category":"bus_halte","name":"Ruischerbrug","operator":""}},{"type":"Feature","geometry":{"type":"Point","coordinates":[6.513135,53.197654]},"properties":{"category":"bus_halte","name":"P+R Hoogkerk A7","operator":""}},{"type":"Feature","geometry":{"type":"Point","coordinates":[6.513306,53.197429]},"properties":{"category":"bus_halte","name":"P+R Hoogkerk A7","operator":""}},{"type":"Feature","geometry":{"type":"Point","coordinates":[6.513648,53.197655]},"properties":{"category":"bus_halte","name":"P+R Hoogkerk A7","operator":""}},{"type":"Feature","geometry":{"type":"Point","coordinates":[6.513369,53.197389]},"properties":{"category":"bus_halte","name":"P+R Hoogkerk A7","operator":""}},{"type":"Feature","geometry":{"type":"Point","coordinates":[6.513684,53.197705]},"properties":{"category":"bus_halte","name":"P+R Hoogkerk A7","operator":""}},{"type":"Feature","geometry":{"type":"Point","coordinates":[6.513764,53.197749]},"properties":{"category":"bus_halte","name":"P+R Hoogkerk A7","operator":""}},{"type":"Feature","geometry":{"type":"Point","coordinates":[6.571257,53.227083]},"properties":{"category":"bus_halte","name":"Wouter van Doeverenplein","operator":""}},{"type":"Feature","geometry":{"type":"Point","coordinates":[6.57068,53.215714]},"properties":{"category":"bus_halte","name":"Zuiderdiep","operator":""}},{"type":"Feature","geometry":{"type":"Point","coordinates":[6.555878,53.230236]},"properties":{"category":"bus_halte","name":"Station Noord","operator":""}},{"type":"Feature","geometry":{"type":"Point","coordinates":[6.555427,53.230247]},"properties":{"category":"bus_halte","name":"Station Noord","operator":""}},{"type":"Feature","geometry":{"type":"Point","coordinates":[6.571484,53.216449]},"properties":{"category":"bus_halte","name":"Zuiderdiep","operator":""}},{"type":"Feature","geometry":{"type":"Point","coordinates":[6.593857,53.238201]},"properties":{"category":"bus_halte","name":"P+R Kardinge","operator":""}},{"type":"Feature","geometry":{"type":"Point","coordinates":[6.594405,53.237965]},"properties":{"category":"bus_halte","name":"P+R Kardinge","operator":""}},{"type":"Feature","geometry":{"type":"Point","coordinates":[6.594383,53.238388]},"properties":{"category":"bus_halte","name":"P+R Kardinge","operator":""}},{"type":"Feature","geometry":{"type":"Point","coordinates":[6.573808,53.243245]},"properties":{"category":"bus_halte","name":"Boterdiepbrug","operator":""}},{"type":"Feature","geometry":{"type":"Point","coordinates":[6.564255,53.224169]},"properties":{"category":"bus_halte","name":"Pijpstraat","operator":""}},{"type":"Feature","geometry":{"type":"Point","coordinates":[6.632432,53.229586]},"properties":{"category":"bus_halte","name":"Middelberterweg","operator":""}},{"type":"Feature","geometry":{"type":"Point","coordinates":[6.632366,53.229418]},"properties":{"category":"bus_halte","name":"Middelberterweg","operator":""}},{"type":"Feature","geometry":{"type":"Point","coordinates":[6.601107,53.220866]},"properties":{"category":"bus_halte","name":"Stettinweg","operator":""}},{"type":"Feature","geometry":{"type":"Point","coordinates":[6.60281,53.221135]},"properties":{"category":"bus_halte","name":"Stettinweg","operator":""}},{"type":"Feature","geometry":{"type":"Point","coordinates":[6.700076,53.273086]},"properties":{"category":"bus_halte","name":"Boltweg","operator":""}},{"type":"Feature","geometry":{"type":"Point","coordinates":[6.696399,53.276953]},"properties":{"category":"bus_halte","name":"Koopmansplein","operator":""}},{"type":"Feature","geometry":{"type":"Point","coordinates":[6.693118,53.278351]},"properties":{"category":"bus_halte","name":"Stadsweg","operator":""}},{"type":"Feature","geometry":{"type":"Point","coordinates":[6.693155,53.278444]},"properties":{"category":"bus_halte","name":"Stadsweg","operator":""}},{"type":"Feature","geometry":{"type":"Point","coordinates":[6.66831,53.297649]},"properties":{"category":"bus_halte","name":"Bedumerweg","operator":""}},{"type":"Feature","geometry":{"type":"Point","coordinates":[6.571009,53.215877]},"properties":{"category":"bus_halte","name":"Zuiderdiep","operator":""}},{"type":"Feature","geometry":{"type":"Point","coordinates":[6.731113,53.271168]},"properties":{"category":"bus_halte","name":"Dobbestraat","operator":""}},{"type":"Feature","geometry":{"type":"Point","coordinates":[6.750937,53.283377]},"properties":{"category":"bus_halte","name":"Woldjerweg 17","operator":""}},{"type":"Feature","geometry":{"type":"Point","coordinates":[6.61652,53.237774]},"properties":{"category":"bus_halte","name":"De Boeg","operator":""}},{"type":"Feature","geometry":{"type":"Point","coordinates":[6.593346,53.209244]},"properties":{"category":"bus_halte","name":"P+R Euroborg P3","operator":""}},{"type":"Feature","geometry":{"type":"Point","coordinates":[6.569872,53.197781]},"properties":{"category":"bus_halte","name":"Jan Luykenstraat","operator":""}},{"type":"Feature","geometry":{"type":"Point","coordinates":[6.569104,53.197418]},"properties":{"category":"bus_halte","name":"Jan Luykenstraat","operator":""}},{"type":"Feature","geometry":{"type":"Point","coordinates":[6.506772,53.20685]},"properties":{"category":"bus_halte","name":"Jan Ensinglaan","operator":""}},{"type":"Feature","geometry":{"type":"Point","coordinates":[6.587469,53.204853]},"properties":{"category":"bus_halte","name":"Station Europapark","operator":""}},{"type":"Feature","geometry":{"type":"Point","coordinates":[6.587251,53.205101]},"properties":{"category":"bus_halte","name":"Station Europapark","operator":""}},{"type":"Feature","geometry":{"type":"Point","coordinates":[6.582207,53.215331]},"properties":{"category":"bus_halte","name":"Sontplein","operator":""}},{"type":"Feature","geometry":{"type":"Point","coordinates":[6.581431,53.216121]},"properties":{"category":"bus_halte","name":"Sontplein","operator":""}},{"type":"Feature","geometry":{"type":"Point","coordinates":[6.58768,53.211969]},"properties":{"category":"bus_halte","name":"Lubeckweg","operator":""}},{"type":"Feature","geometry":{"type":"Point","coordinates":[6.587586,53.212159]},"properties":{"category":"bus_halte","name":"Lubeckweg","operator":""}},{"type":"Feature","geometry":{"type":"Point","coordinates":[6.596052,53.183734]},"properties":{"category":"bus_halte","name":"Hemmenlaan","operator":""}},{"type":"Feature","geometry":{"type":"Point","coordinates":[6.621273,53.168864]},"properties":{"category":"bus_halte","name":"Molenkampsteeg","operator":""}},{"type":"Feature","geometry":{"type":"Point","coordinates":[6.621352,53.168942]},"properties":{"category":"bus_halte","name":"Molenkampsteeg","operator":""}},{"type":"Feature","geometry":{"type":"Point","coordinates":[6.62568,53.16875]},"properties":{"category":"bus_halte","name":"Waterhuizerweg","operator":""}},{"type":"Feature","geometry":{"type":"Point","coordinates":[6.625799,53.168972]},"properties":{"category":"bus_halte","name":"Waterhuizerweg","operator":""}},{"type":"Feature","geometry":{"type":"Point","coordinates":[6.646744,53.15002]},"properties":{"category":"bus_halte","name":"Koelandssteeg","operator":""}},{"type":"Feature","geometry":{"type":"Point","coordinates":[6.64682,53.15007]},"properties":{"category":"bus_halte","name":"Koelandssteeg","operator":""}},{"type":"Feature","geometry":{"type":"Point","coordinates":[6.657753,53.133003]},"properties":{"category":"bus_halte","name":"Osdijk","operator":""}},{"type":"Feature","geometry":{"type":"Point","coordinates":[6.622365,53.241851]},"properties":{"category":"bus_halte","name":"Mooiland","operator":""}},{"type":"Feature","geometry":{"type":"Point","coordinates":[6.647014,53.228659]},"properties":{"category":"bus_halte","name":"Meeroevers Noord","operator":""}},{"type":"Feature","geometry":{"type":"Point","coordinates":[6.646859,53.228464]},"properties":{"category":"bus_halte","name":"Meeroevers Noord","operator":""}},{"type":"Feature","geometry":{"type":"Point","coordinates":[6.615411,53.225106]},"properties":{"category":"bus_halte","name":"P+R Meerstad","operator":""}},{"type":"Feature","geometry":{"type":"Point","coordinates":[6.616253,53.225262]},"properties":{"category":"bus_halte","name":"P+R Meerstad","operator":""}},{"type":"Feature","geometry":{"type":"Point","coordinates":[6.555837,53.215912]},"properties":{"category":"bus_halte","name":"Westerhaven","operator":""}},{"type":"Feature","geometry":{"type":"Point","coordinates":[6.55641,53.215957]},"properties":{"category":"bus_halte","name":"Westerhaven","operator":""}},{"type":"Feature","geometry":{"type":"Point","coordinates":[6.556869,53.216178]},"properties":{"category":"bus_halte","name":"Westerhaven","operator":""}},{"type":"Feature","geometry":{"type":"Point","coordinates":[6.557353,53.216196]},"properties":{"category":"bus_halte","name":"Westerhaven","operator":""}},{"type":"Feature","geometry":{"type":"Point","coordinates":[6.731107,53.271243]},"properties":{"category":"bus_halte","name":"Dobbestraat","operator":""}},{"type":"Feature","geometry":{"type":"Point","coordinates":[6.548134,53.196322]},"properties":{"category":"bus_halte","name":"Sportpark Corpus den Hoorn","operator":""}},{"type":"Feature","geometry":{"type":"Point","coordinates":[6.549759,53.195349]},"properties":{"category":"bus_halte","name":"Boerhaavelaan","operator":""}},{"type":"Feature","geometry":{"type":"Point","coordinates":[6.472834,53.202761]},"properties":{"category":"bus_halte","name":"Westpoort","operator":""}},{"type":"Feature","geometry":{"type":"Point","coordinates":[6.658977,53.233461]},"properties":{"category":"bus_halte","name":"Het Spui","operator":""}},{"type":"Feature","geometry":{"type":"Point","coordinates":[6.657802,53.233648]},"properties":{"category":"bus_halte","name":"Het Spui","operator":""}},{"type":"Feature","geometry":{"type":"Point","coordinates":[6.750849,53.283332]},"properties":{"category":"bus_halte","name":"Woldjerweg 17","operator":""}},{"type":"Feature","geometry":{"type":"Point","coordinates":[6.555055,53.187351]},"properties":{"category":"bus_halte","name":"Palmelaan","operator":""}},{"type":"Feature","geometry":{"type":"Point","coordinates":[6.699916,53.27332]},"properties":{"category":"bus_halte","name":"Boltweg","operator":""}},{"type":"Feature","geometry":{"type":"Point","coordinates":[6.668355,53.297706]},"properties":{"category":"bus_halte","name":"Bedumerweg","operator":""}},{"type":"Feature","geometry":{"type":"Point","coordinates":[6.660622,53.233607]},"properties":{"category":"bus_halte","name":"Tersluis","operator":""}},{"type":"Feature","geometry":{"type":"Point","coordinates":[6.593801,53.238169]},"properties":{"category":"bus_halte","name":"P+R Kardinge","operator":""}},{"type":"Feature","geometry":{"type":"Point","coordinates":[6.59431,53.237983]},"properties":{"category":"bus_halte","name":"P+R Kardinge","operator":""}},{"type":"Feature","geometry":{"type":"Point","coordinates":[6.651481,53.231575]},"properties":{"category":"bus_halte","name":"Lammetjesplein","operator":""}},{"type":"Feature","geometry":{"type":"Point","coordinates":[6.653164,53.231626]},"properties":{"category":"bus_halte","name":"Lammetjesplein","operator":""}},{"type":"Feature","geometry":{"type":"Point","coordinates":[6.668534,53.120799]},"properties":{"category":"bus_halte","name":"Lageweg","operator":""}},{"type":"Feature","geometry":{"type":"Point","coordinates":[6.57765,53.21832]},"properties":{"category":"bus_halte","name":"Petrus Campersingel","operator":""}},{"type":"Feature","geometry":{"type":"Point","coordinates":[6.5704,53.223395]},"properties":{"category":"bus_halte","name":"UMCG Noord","operator":""}},{"type":"Feature","geometry":{"type":"Point","coordinates":[6.617224,53.174453]},"properties":{"category":"bus_halte","name":"Station","operator":""}},{"type":"Feature","geometry":{"type":"Point","coordinates":[6.617741,53.174522]},"properties":{"category":"bus_halte","name":"Station","operator":""}},{"type":"Feature","geometry":{"type":"Point","coordinates":[6.593052,53.20233]},"properties":{"category":"bus_halte","name":"Sportcentrum Europapark","operator":""}},{"type":"Feature","geometry":{"type":"Point","coordinates":[6.593266,53.202213]},"properties":{"category":"bus_halte","name":"Sportcentrum Europapark","operator":""}},{"type":"Feature","geometry":{"type":"Point","coordinates":[6.569375,53.223811]},"properties":{"category":"bus_halte","name":"UMCG Noord","operator":""}},{"type":"Feature","geometry":{"type":"Point","coordinates":[6.570522,53.223222]},"properties":{"category":"bus_halte","name":"UMCG Noord","operator":""}},{"type":"Feature","geometry":{"type":"Point","coordinates":[6.591632,53.199264]},"properties":{"category":"bus_halte","name":"Händellaan","operator":""}},{"type":"Feature","geometry":{"type":"Point","coordinates":[6.591543,53.199556]},"properties":{"category":"bus_halte","name":"Händellaan","operator":""}},{"type":"Feature","geometry":{"type":"Point","coordinates":[6.556382,53.189155]},"properties":{"category":"bus_halte","name":"Eisenhowerstraat","operator":"Qbuzz"}},{"type":"Feature","geometry":{"type":"Point","coordinates":[6.556,53.188698]},"properties":{"category":"bus_halte","name":"Eisenhowerstraat","operator":"Qbuzz"}},{"type":"Feature","geometry":{"type":"Point","coordinates":[6.562487,53.213387]},"properties":{"category":"bus_halte","name":"Emmaplein","operator":""}},{"type":"Feature","geometry":{"type":"Point","coordinates":[6.562178,53.213062]},"properties":{"category":"bus_halte","name":"Emmaplein","operator":""}},{"type":"Feature","geometry":{"type":"Point","coordinates":[6.554618,53.237719]},"properties":{"category":"bus_halte","name":"Bottelroosstraat","operator":""}},{"type":"Feature","geometry":{"type":"Point","coordinates":[6.554585,53.236894]},"properties":{"category":"bus_halte","name":"Bottelroosstraat","operator":""}},{"type":"Feature","geometry":{"type":"Point","coordinates":[6.531011,53.244303]},"properties":{"category":"bus_halte","name":"Zernike Noord","operator":""}},{"type":"Feature","geometry":{"type":"Point","coordinates":[6.530639,53.244426]},"properties":{"category":"bus_halte","name":"Zernike Noord","operator":""}},{"type":"Feature","geometry":{"type":"Point","coordinates":[6.530898,53.244423]},"properties":{"category":"bus_halte","name":"Zernike Noord","operator":""}},{"type":"Feature","geometry":{"type":"Point","coordinates":[6.530464,53.244547]},"properties":{"category":"bus_halte","name":"Zernike Noord","operator":""}},{"type":"Feature","geometry":{"type":"Point","coordinates":[6.530372,53.244611]},"properties":{"category":"bus_halte","name":"Zernike Noord","operator":""}},{"type":"Feature","geometry":{"type":"Point","coordinates":[6.530283,53.244673]},"properties":{"category":"bus_halte","name":"Zernike Noord","operator":""}},{"type":"Feature","geometry":{"type":"Point","coordinates":[6.563992,53.204652]},"properties":{"category":"bus_halte","name":"Julianaplein","operator":""}},{"type":"Feature","geometry":{"type":"Point","coordinates":[6.563543,53.204191]},"properties":{"category":"bus_halte","name":"Julianaplein","operator":""}},{"type":"Feature","geometry":{"type":"Point","coordinates":[6.593279,53.208279]},"properties":{"category":"bus_halte","name":"P+R Euroborg P3","operator":""}},{"type":"Feature","geometry":{"type":"Point","coordinates":[6.74231,53.30658]},"properties":{"category":"bus_halte","name":"Winneweer","operator":""}},{"type":"Feature","geometry":{"type":"Point","coordinates":[6.74379,53.307054]},"properties":{"category":"bus_halte","name":"Winneweer","operator":""}},{"type":"Feature","geometry":{"type":"Point","coordinates":[6.570912,53.220521]},"properties":{"category":"bus_halte","name":"Sint Jansbrug","operator":""}},{"type":"Feature","geometry":{"type":"Point","coordinates":[6.571083,53.221091]},"properties":{"category":"bus_halte","name":"Sint Jansbrug","operator":""}},{"type":"Feature","geometry":{"type":"Point","coordinates":[6.52984,53.217084]},"properties":{"category":"bus_halte","name":"Protonstraat","operator":""}},{"type":"Feature","geometry":{"type":"Point","coordinates":[6.566482,53.200187]},"properties":{"category":"bus_halte","name":"H. R. Holststraat","operator":""}},{"type":"Feature","geometry":{"type":"Point","coordinates":[6.567676,53.199726]},"properties":{"category":"bus_halte","name":"H. R. Holststraat","operator":""}},{"type":"Feature","geometry":{"type":"Point","coordinates":[6.637772,53.226398]},"properties":{"category":"bus_halte","name":"Borgweg","operator":""}},{"type":"Feature","geometry":{"type":"Point","coordinates":[6.639914,53.22648]},"properties":{"category":"bus_halte","name":"Borgweg","operator":""}},{"type":"Feature","geometry":{"type":"Point","coordinates":[6.624235,53.206051]},"properties":{"category":"bus_halte","name":"Roodehaan","operator":""}},{"type":"Feature","geometry":{"type":"Point","coordinates":[6.621453,53.20913]},"properties":{"category":"bus_halte","name":"Olgerweg","operator":""}},{"type":"Feature","geometry":{"type":"Point","coordinates":[6.621498,53.20893]},"properties":{"category":"bus_halte","name":"Olgerweg","operator":""}},{"type":"Feature","geometry":{"type":"Point","coordinates":[6.60811,53.212467]},"properties":{"category":"bus_halte","name":"Wasaweg","operator":""}},{"type":"Feature","geometry":{"type":"Point","coordinates":[6.614154,53.213935]},"properties":{"category":"bus_halte","name":"Makro","operator":""}},{"type":"Feature","geometry":{"type":"Point","coordinates":[6.604882,53.214365]},"properties":{"category":"bus_halte","name":"Skagerrak","operator":""}},{"type":"Feature","geometry":{"type":"Point","coordinates":[6.603614,53.214289]},"properties":{"category":"bus_halte","name":"Skagerrak","operator":""}},{"type":"Feature","geometry":{"type":"Point","coordinates":[6.592213,53.208954]},"properties":{"category":"bus_halte","name":"P+R Euroborg P3","operator":""}},{"type":"Feature","geometry":{"type":"Point","coordinates":[6.603815,53.170281]},"properties":{"category":"bus_halte","name":"Emmalaan","operator":""}},{"type":"Feature","geometry":{"type":"Point","coordinates":[6.603195,53.170166]},"properties":{"category":"bus_halte","name":"Emmalaan","operator":""}},{"type":"Feature","geometry":{"type":"Point","coordinates":[6.512891,53.197744]},"properties":{"category":"bus_halte","name":"P+R Hoogkerk A7","operator":""}},{"type":"Feature","geometry":{"type":"Point","coordinates":[6.564103,53.210924]},"properties":{"category":"ov_knooppunt","name":"Groningen","operator":"ProRail"}},{"type":"Feature","geometry":{"type":"Point","coordinates":[6.618087,53.174863]},"properties":{"category":"ov_knooppunt","name":"Haren","operator":""}},{"type":"Feature","geometry":{"type":"Point","coordinates":[6.556582,53.230128]},"properties":{"category":"ov_knooppunt","name":"Groningen Noord","operator":""}},{"type":"Feature","geometry":{"type":"Point","coordinates":[6.585821,53.204706]},"properties":{"category":"ov_knooppunt","name":"Groningen Europapark","operator":""}},{"type":"Feature","geometry":{"type":"Point","coordinates":[6.567,53.211446]},"properties":{"category":"ov_knooppunt","name":"Hoofdstation","operator":""}},{"type":"Feature","geometry":{"type":"Point","coordinates":[6.567179,53.211785]},"properties":{"category":"ov_knooppunt","name":"Rondvaartbedrijf Kool","operator":""}},{"type":"Feature","geometry":{"type":"Point","coordinates":[6.530624,53.244487]},"properties":{"category":"ov_knooppunt","name":"Zernike Noord","operator":""}},{"type":"Feature","geometry":{"type":"Point","coordinates":[6.513652,53.197628]},"properties":{"category":"ov_knooppunt","name":"P+R Hoogkerk A7","operator":""}},{"type":"Feature","geometry":{"type":"Point","coordinates":[6.594081,53.238104]},"properties":{"category":"ov_knooppunt","name":"P+R Kardinge","operator":""}},{"type":"Feature","geometry":{"type":"Point","coordinates":[6.569769,53.223664]},"properties":{"category":"ov_knooppunt","name":"UMCG Noord","operator":""}},{"type":"Feature","geometry":{"type":"Point","coordinates":[6.555632,53.230143]},"properties":{"category":"ov_knooppunt","name":"Station Noord","operator":""}},{"type":"Feature","geometry":{"type":"Point","coordinates":[6.587294,53.204791]},"properties":{"category":"ov_knooppunt","name":"Station Europapark","operator":""}},{"type":"Feature","geometry":{"type":"Point","coordinates":[6.507629,53.20833]},"properties":{"category":"gemeentehuis","name":"Gemeente Groningen, loket Hoogkerk","operator":"Gemeente Groningen"}},{"type":"Feature","geometry":{"type":"Point","coordinates":[6.622873,53.23758]},"properties":{"category":"gemeentehuis","name":"Gemeente Groningen, loket Lewenborg","operator":"Gemeente Groningen"}},{"type":"Feature","geometry":{"type":"Point","coordinates":[6.567196,53.218569]},"properties":{"category":"gemeentehuis","name":"Stadhuis Groningen","operator":"Gemeente Groningen"}},{"type":"Feature","geometry":{"type":"Point","coordinates":[6.568041,53.219672]},"properties":{"category":"gemeentehuis","name":"Gemeente Groningen, loket Centrum","operator":"Gemeente Groningen"}},{"type":"Feature","geometry":{"type":"Point","coordinates":[6.692163,53.275245]},"properties":{"category":"gemeentehuis","name":"Gemeente Groningen, loket Ten Boer","operator":"Gemeente Groningen"}},{"type":"Feature","geometry":{"type":"Point","coordinates":[6.603258,53.173901]},"properties":{"category":"gemeentehuis","name":"Gemeente Groningen, loket Haren","operator":"Gemeente Groningen"}},{"type":"Feature","geometry":{"type":"Point","coordinates":[6.619288,53.19602]},"properties":{"category":"inzamelpunt","name":"Afvalbrengstation Woldjerspoor","operator":"Gemeente Groningen"}},{"type":"Feature","geometry":{"type":"Point","coordinates":[6.598902,53.170674]},"properties":{"category":"inzamelpunt","name":"Wijkpost Haren","operator":"Gemeente Groningen"}},{"type":"Feature","geometry":{"type":"Point","coordinates":[6.53721,53.218164]},"properties":{"category":"inzamelpunt","name":"Afvalbrengstation Vinkhuizen Zuid","operator":"Gemeente Groningen"}},{"type":"Feature","geometry":{"type":"Point","coordinates":[6.60439,53.206777]},"properties":{"category":"inzamelpunt","name":"ALBA Metaal Recycling","operator":""}},{"type":"Feature","geometry":{"type":"Point","coordinates":[6.605538,53.17323]},"properties":{"category":"bibliotheek","name":"Bibliotheek Haren","operator":""}},{"type":"Feature","geometry":{"type":"Point","coordinates":[6.503377,53.205658]},"properties":{"category":"bibliotheek","name":"OB Groningen filiaal Hoogkerk","operator":""}},{"type":"Feature","geometry":{"type":"Point","coordinates":[6.696024,53.276695]},"properties":{"category":"bibliotheek","name":"Forumbibliotheek Ten Boer","operator":""}},{"type":"Feature","geometry":{"type":"Point","coordinates":[6.524957,53.224839]},"properties":{"category":"bibliotheek","name":"Groninger Forum Vinkhuizen","operator":""}},{"type":"Feature","geometry":{"type":"Point","coordinates":[6.600812,53.24911]},"properties":{"category":"bibliotheek","name":"Groninger Forum | Bibliotheek Beijum","operator":""}},{"type":"Feature","geometry":{"type":"Point","coordinates":[6.562946,53.218916]},"properties":{"category":"bibliotheek","name":"Universiteitsbibliotheek","operator":"Rijksuniversiteit Groningen"}},{"type":"Feature","geometry":{"type":"Point","coordinates":[6.548692,53.231444]},"properties":{"category":"bibliotheek","name":"Forum Bibliotheek","operator":""}},{"type":"Feature","geometry":{"type":"Point","coordinates":[6.534231,53.239598]},"properties":{"category":"bibliotheek","name":"UB Zernike","operator":"Rijksuniversiteit Groningen"}},{"type":"Feature","geometry":{"type":"Point","coordinates":[6.575614,53.222513]},"properties":{"category":"bibliotheek","name":"Centrale Medische Bibliotheek","operator":"Rijksuniversiteit Groningen"}},{"type":"Feature","geometry":{"type":"Point","coordinates":[6.531785,53.239558]},"properties":{"category":"bibliotheek","name":"HanzeMediatheek","operator":"Hanzehogeschool"}},{"type":"Feature","geometry":{"type":"Point","coordinates":[6.622651,53.237292]},"properties":{"category":"bibliotheek","name":"Groninger Forum | Bibliotheek Lewenborg","operator":""}},{"type":"Feature","geometry":{"type":"Point","coordinates":[6.57003,53.218852]},"properties":{"category":"bibliotheek","name":"Forumbibliotheek","operator":""}},{"type":"Feature","geometry":{"type":"Point","coordinates":[6.568296,53.197713]},"properties":{"category":"bibliotheek","name":"Forumbibliotheek De Wijert","operator":""}},{"type":"Feature","geometry":{"type":"Point","coordinates":[6.573155,53.223253]},"properties":{"category":"ziekenhuis","name":"Universitair Medisch Centrum Groningen","operator":""}},{"type":"Feature","geometry":{"type":"Point","coordinates":[6.551083,53.191639]},"properties":{"category":"ziekenhuis","name":"Martini Ziekenhuis","operator":""}},{"type":"Feature","geometry":{"type":"Point","coordinates":[6.598754,53.182596]},"properties":{"category":"ziekenhuis","name":"UMCG-Beatrixoord","operator":""}},{"type":"Feature","geometry":{"type":"Point","coordinates":[6.474033,53.210764]},"properties":{"category":"transformatorhuisje","name":"","operator":"TenneT"}},{"type":"Feature","geometry":{"type":"Point","coordinates":[6.474262,53.210819]},"properties":{"category":"transformatorhuisje","name":"","operator":"TenneT"}},{"type":"Feature","geometry":{"type":"Point","coordinates":[6.594319,53.206767]},"properties":{"category":"transformatorhuisje","name":"","operator":""}},{"type":"Feature","geometry":{"type":"Point","coordinates":[6.594217,53.206837]},"properties":{"category":"transformatorhuisje","name":"","operator":""}},{"type":"Feature","geometry":{"type":"Point","coordinates":[6.594741,53.209556]},"properties":{"category":"transformatorhuisje","name":"","operator":""}},{"type":"Feature","geometry":{"type":"Point","coordinates":[6.594858,53.209595]},"properties":{"category":"transformatorhuisje","name":"","operator":""}},{"type":"Feature","geometry":{"type":"Point","coordinates":[6.594953,53.209636]},"properties":{"category":"transformatorhuisje","name":"","operator":""}},{"type":"Feature","geometry":{"type":"Point","coordinates":[6.478333,53.211216]},"properties":{"category":"transformatorhuisje","name":"","operator":"TenneT"}},{"type":"Feature","geometry":{"type":"Point","coordinates":[6.478889,53.211348]},"properties":{"category":"transformatorhuisje","name":"","operator":"TenneT"}},{"type":"Feature","geometry":{"type":"Point","coordinates":[6.47679,53.211405]},"properties":{"category":"transformatorhuisje","name":"","operator":"TenneT"}},{"type":"Feature","geometry":{"type":"Point","coordinates":[6.477249,53.211514]},"properties":{"category":"transformatorhuisje","name":"","operator":"TenneT"}},{"type":"Feature","geometry":{"type":"Point","coordinates":[6.545576,53.212462]},"properties":{"category":"transformatorhuisje","name":"","operator":""}},{"type":"Feature","geometry":{"type":"Point","coordinates":[6.545518,53.212549]},"properties":{"category":"transformatorhuisje","name":"","operator":""}},{"type":"Feature","geometry":{"type":"Point","coordinates":[6.545472,53.212617]},"properties":{"category":"transformatorhuisje","name":"","operator":""}},{"type":"Feature","geometry":{"type":"Point","coordinates":[6.616591,53.214781]},"properties":{"category":"transformatorhuisje","name":"","operator":""}},{"type":"Feature","geometry":{"type":"Point","coordinates":[6.609952,53.215146]},"properties":{"category":"transformatorhuisje","name":"","operator":""}},{"type":"Feature","geometry":{"type":"Point","coordinates":[6.60537,53.21398]},"properties":{"category":"transformatorhuisje","name":"","operator":""}},{"type":"Feature","geometry":{"type":"Point","coordinates":[6.473725,53.212669]},"properties":{"category":"transformatorhuisje","name":"","operator":""}},{"type":"Feature","geometry":{"type":"Point","coordinates":[6.474562,53.212867]},"properties":{"category":"transformatorhuisje","name":"","operator":""}},{"type":"Feature","geometry":{"type":"Point","coordinates":[6.47484,53.212933]},"properties":{"category":"transformatorhuisje","name":"","operator":""}},{"type":"Feature","geometry":{"type":"Point","coordinates":[6.475956,53.213196]},"properties":{"category":"transformatorhuisje","name":"","operator":""}},{"type":"Feature","geometry":{"type":"Point","coordinates":[6.476514,53.213328]},"properties":{"category":"transformatorhuisje","name":"","operator":""}},{"type":"Feature","geometry":{"type":"Point","coordinates":[6.546463,53.229097]},"properties":{"category":"transformatorhuisje","name":"","operator":"Enexis"}},{"type":"Feature","geometry":{"type":"Point","coordinates":[6.544225,53.225342]},"properties":{"category":"transformatorhuisje","name":"","operator":"Enexis"}},{"type":"Feature","geometry":{"type":"Point","coordinates":[6.543018,53.223612]},"properties":{"category":"transformatorhuisje","name":"","operator":"Enexis"}},{"type":"Feature","geometry":{"type":"Point","coordinates":[6.538631,53.236893]},"properties":{"category":"transformatorhuisje","name":"","operator":"Enexis"}},{"type":"Feature","geometry":{"type":"Point","coordinates":[6.546875,53.225258]},"properties":{"category":"transformatorhuisje","name":"","operator":"Enexis"}},{"type":"Feature","geometry":{"type":"Point","coordinates":[6.542893,53.222065]},"properties":{"category":"transformatorhuisje","name":"","operator":"Enexis"}},{"type":"Feature","geometry":{"type":"Point","coordinates":[6.574961,53.193815]},"properties":{"category":"transformatorhuisje","name":"","operator":""}},{"type":"Feature","geometry":{"type":"Point","coordinates":[6.57218,53.19506]},"properties":{"category":"transformatorhuisje","name":"","operator":""}},{"type":"Feature","geometry":{"type":"Point","coordinates":[6.528867,53.231614]},"properties":{"category":"transformatorhuisje","name":"","operator":"Enexis"}},{"type":"Feature","geometry":{"type":"Point","coordinates":[6.524535,53.232387]},"properties":{"category":"transformatorhuisje","name":"","operator":"Enexis"}},{"type":"Feature","geometry":{"type":"Point","coordinates":[6.477824,53.21057]},"properties":{"category":"transformatorhuisje","name":"","operator":""}},{"type":"Feature","geometry":{"type":"Point","coordinates":[6.477755,53.210678]},"properties":{"category":"transformatorhuisje","name":"","operator":""}},{"type":"Feature","geometry":{"type":"Point","coordinates":[6.477584,53.210928]},"properties":{"category":"transformatorhuisje","name":"","operator":""}},{"type":"Feature","geometry":{"type":"Point","coordinates":[6.514305,53.200178]},"properties":{"category":"transformatorhuisje","name":"","operator":""}},{"type":"Feature","geometry":{"type":"Point","coordinates":[6.473446,53.212604]},"properties":{"category":"transformatorhuisje","name":"","operator":""}},{"type":"Feature","geometry":{"type":"Point","coordinates":[6.519105,53.238388]},"properties":{"category":"transformatorhuisje","name":"","operator":"Enexis"}},{"type":"Feature","geometry":{"type":"Point","coordinates":[6.517744,53.23928]},"properties":{"category":"transformatorhuisje","name":"","operator":"Enexis"}},{"type":"Feature","geometry":{"type":"Point","coordinates":[6.504334,53.211107]},"properties":{"category":"transformatorhuisje","name":"","operator":"Enexis"}},{"type":"Feature","geometry":{"type":"Point","coordinates":[6.547788,53.200528]},"properties":{"category":"transformatorhuisje","name":"","operator":"Enexis"}},{"type":"Feature","geometry":{"type":"Point","coordinates":[6.573899,53.20447]},"properties":{"category":"transformatorhuisje","name":"","operator":"Enexis"}},{"type":"Feature","geometry":{"type":"Point","coordinates":[6.601837,53.241086]},"properties":{"category":"transformatorhuisje","name":"","operator":"Enexis"}},{"type":"Feature","geometry":{"type":"Point","coordinates":[6.605586,53.233274]},"properties":{"category":"transformatorhuisje","name":"","operator":"Enexis"}},{"type":"Feature","geometry":{"type":"Point","coordinates":[6.549317,53.231906]},"properties":{"category":"transformatorhuisje","name":"","operator":"Enexis"}},{"type":"Feature","geometry":{"type":"Point","coordinates":[6.541156,53.22496]},"properties":{"category":"transformatorhuisje","name":"","operator":"Enexis"}},{"type":"Feature","geometry":{"type":"Point","coordinates":[6.554417,53.222886]},"properties":{"category":"transformatorhuisje","name":"","operator":"Enexis"}},{"type":"Feature","geometry":{"type":"Point","coordinates":[6.54783,53.220539]},"properties":{"category":"transformatorhuisje","name":"","operator":"Enexis"}},{"type":"Feature","geometry":{"type":"Point","coordinates":[6.574066,53.229189]},"properties":{"category":"transformatorhuisje","name":"","operator":""}},{"type":"Feature","geometry":{"type":"Point","coordinates":[6.556495,53.219594]},"properties":{"category":"transformatorhuisje","name":"","operator":"Enexis"}},{"type":"Feature","geometry":{"type":"Point","coordinates":[6.553145,53.204149]},"properties":{"category":"universiteit","name":"Open Universiteit","operator":""}},{"type":"Feature","geometry":{"type":"Point","coordinates":[6.534411,53.244796]},"properties":{"category":"universiteit","name":"Digital Society Hub","operator":"Hanze Hogeschool"}},{"type":"Feature","geometry":{"type":"Point","coordinates":[6.537872,53.238627]},"properties":{"category":"universiteit","name":"Faculty of Science and Engineering","operator":"Rijksuniversiteit Groningen"}},{"type":"Feature","geometry":{"type":"Point","coordinates":[6.570198,53.211988]},"properties":{"category":"universiteit","name":"NHL Stenden PABO","operator":"NHL Stenden"}},{"type":"Feature","geometry":{"type":"Point","coordinates":[6.55764,53.227523]},"properties":{"category":"universiteit","name":"Dansacademie Lucia Marthas","operator":""}},{"type":"Feature","geometry":{"type":"Point","coordinates":[6.568153,53.213498]},"properties":{"category":"universiteit","name":"Hogeschool Tio Groningen","operator":""}},{"type":"Feature","geometry":{"type":"Point","coordinates":[6.563737,53.219825]},"properties":{"category":"universiteit","name":"Faculteit Religie, Cultuur en Maatschappij","operator":""}},{"type":"Feature","geometry":{"type":"Point","coordinates":[6.563344,53.220324]},"properties":{"category":"universiteit","name":"Factulteit Wijsbegeerte","operator":""}},{"type":"Feature","geometry":{"type":"Point","coordinates":[6.559728,53.215013]},"properties":{"category":"universiteit","name":"Frank Mohr Instituut","operator":"Hanzehogeschool Groningen"}},{"type":"Feature","geometry":{"type":"Point","coordinates":[6.564194,53.188294]},"properties":{"category":"universiteit","name":"Meerwold","operator":"Hanzehogeschool"}},{"type":"Feature","geometry":{"type":"Point","coordinates":[6.566302,53.219466]},"properties":{"category":"universiteit","name":"House of Connections","operator":"Rijksuniversiteit Groningen"}},{"type":"Feature","geometry":{"type":"Point","coordinates":[6.571288,53.224753]},"properties":{"category":"universiteit","name":"UMCG Genetica","operator":""}},{"type":"Feature","geometry":{"type":"Point","coordinates":[6.534256,53.239796]},"properties":{"category":"universiteit","name":"Zernike Campus","operator":"University of Groningen & Hanzehogeschool"}},{"type":"Feature","geometry":{"type":"Point","coordinates":[6.526111,53.249964]},"properties":{"category":"universiteit","name":"Kernfysisch Versneller Instituut","operator":""}},{"type":"Feature","geometry":{"type":"Point","coordinates":[6.567746,53.227452]},"properties":{"category":"universiteit","name":"Wiebengacomplex","operator":"Hanze Hogeschool"}},{"type":"Feature","geometry":{"type":"Point","coordinates":[6.561331,53.214727]},"properties":{"category":"universiteit","name":"Academie Minerva","operator":""}},{"type":"Feature","geometry":{"type":"Point","coordinates":[6.557759,53.222656]},"properties":{"category":"universiteit","name":"Faculteit Gedrags- en Maatschappijwetenschappen","operator":""}},{"type":"Feature","geometry":{"type":"Point","coordinates":[6.563241,53.219444]},"properties":{"category":"universiteit","name":"Rijksuniversiteit Groningen","operator":""}},{"type":"Feature","geometry":{"type":"Point","coordinates":[6.560576,53.219054]},"properties":{"category":"universiteit","name":"Harmoniecomplex","operator":"Rijksuniversiteit Groningen"}},{"type":"Feature","geometry":{"type":"Point","coordinates":[6.533654,53.243683]},"properties":{"category":"universiteit","name":"Hanzehogeschool","operator":""}},{"type":"Feature","geometry":{"type":"Point","coordinates":[6.560841,53.215224]},"properties":{"category":"universiteit","name":"Academie van Bouwkunst","operator":""}},{"type":"Feature","geometry":{"type":"Point","coordinates":[6.530509,53.24755]},"properties":{"category":"universiteit","name":"EnTranCe","operator":"Hanze Hogeschool"}},{"type":"Feature","geometry":{"type":"Point","coordinates":[6.577498,53.213804]},"properties":{"category":"universiteit","name":"Prins Claus Conservatorium","operator":""}},{"type":"Feature","geometry":{"type":"Point","coordinates":[6.571724,53.22426]},"properties":{"category":"universiteit","name":"Faculteit Medische Wetenschappen","operator":"Rijkuniversiteit Groningen"}},{"type":"Feature","geometry":{"type":"Point","coordinates":[6.592735,53.206409]},"properties":{"category":"hogeschool","name":"Noorderpoort College Euroborg","operator":""}},{"type":"Feature","geometry":{"type":"Point","coordinates":[6.586115,53.209513]},"properties":{"category":"hogeschool","name":"Noorderpoort College","operator":""}},{"type":"Feature","geometry":{"type":"Point","coordinates":[6.596345,53.238129]},"properties":{"category":"hogeschool","name":"Alfa-college","operator":""}},{"type":"Feature","geometry":{"type":"Point","coordinates":[6.5316,53.244579]},"properties":{"category":"hogeschool","name":"Noorderpoort Procestechniek","operator":""}},{"type":"Feature","geometry":{"type":"Point","coordinates":[6.612238,53.164533]},"properties":{"category":"hogeschool","name":"Visio Onderwijs Haren","operator":"Visio"}},{"type":"Feature","geometry":{"type":"Point","coordinates":[6.53747,53.215183]},"properties":{"category":"hogeschool","name":"Bouw & Infra Alfa College","operator":"Alfa College"}},{"type":"Feature","geometry":{"type":"Point","coordinates":[6.602429,53.233526]},"properties":{"category":"hogeschool","name":"Flair Scholing","operator":""}},{"type":"Feature","geometry":{"type":"Point","coordinates":[6.555491,53.21152]},"properties":{"category":"hogeschool","name":"Noorderpoort Fotografieopleiding","operator":""}},{"type":"Feature","geometry":{"type":"Point","coordinates":[6.548703,53.213772]},"properties":{"category":"hogeschool","name":"Alfa-college","operator":""}},{"type":"Feature","geometry":{"type":"Point","coordinates":[6.561938,53.203465]},"properties":{"category":"hogeschool","name":"Noorderpoort Technologie & ICT","operator":""}},{"type":"Feature","geometry":{"type":"Point","coordinates":[6.546498,53.190599]},"properties":{"category":"hogeschool","name":"REA College","operator":""}},{"type":"Feature","geometry":{"type":"Point","coordinates":[6.606625,53.199486]},"properties":{"category":"hogeschool","name":"MSO","operator":""}},{"type":"Feature","geometry":{"type":"Point","coordinates":[6.590381,53.207062]},"properties":{"category":"hogeschool","name":"Alfa-college","operator":""}},{"type":"Feature","geometry":{"type":"Point","coordinates":[6.592136,53.238139]},"properties":{"category":"hogeschool","name":"Alfa-college Sportcentrum","operator":""}},{"type":"Feature","geometry":{"type":"Point","coordinates":[6.555598,53.217574]},"properties":{"category":"hogeschool","name":"Noorderpoort","operator":""}},{"type":"Feature","geometry":{"type":"Point","coordinates":[6.528338,53.217296]},"properties":{"category":"hogeschool","name":"CSG Selion","operator":"Christelijke Scholengemeenschap Groningen (CSG)"}},{"type":"Feature","geometry":{"type":"Point","coordinates":[6.573335,53.202643]},"properties":{"category":"hogeschool","name":"Terra MBO","operator":""}},{"type":"Feature","geometry":{"type":"Point","coordinates":[6.594404,53.210667]},"properties":{"category":"hogeschool","name":"Noorderpoort Bornholmstraat","operator":""}},{"type":"Feature","geometry":{"type":"Point","coordinates":[6.606626,53.199416]},"properties":{"category":"hogeschool","name":"MSO/OBM","operator":""}},{"type":"Feature","geometry":{"type":"Point","coordinates":[6.527883,53.217993]},"properties":{"category":"hogeschool","name":"Noorderpoort","operator":""}},{"type":"Feature","geometry":{"type":"Point","coordinates":[6.528327,53.218718]},"properties":{"category":"hogeschool","name":"Simon van Hasselt","operator":"Openbaar Onderwijs Groningen (OOP)"}},{"type":"Feature","geometry":{"type":"Point","coordinates":[6.572219,53.198113]},"properties":{"category":"hogeschool","name":"Noorderpoort","operator":""}},{"type":"Feature","geometry":{"type":"Point","coordinates":[6.606818,53.235496]},"properties":{"category":"hogeschool","name":"Alfa-college","operator":""}},{"type":"Feature","geometry":{"type":"Point","coordinates":[6.550937,53.198868]},"properties":{"category":"middelbare_school","name":"Erasmusschool","operator":"RENN4"}},{"type":"Feature","geometry":{"type":"Point","coordinates":[6.566733,53.206418]},"properties":{"category":"middelbare_school","name":"Parcival College","operator":""}},{"type":"Feature","geometry":{"type":"Point","coordinates":[6.568653,53.20489]},"properties":{"category":"middelbare_school","name":"Parcival College","operator":""}},{"type":"Feature","geometry":{"type":"Point","coordinates":[6.566483,53.207316]},"properties":{"category":"middelbare_school","name":"Parcival College","operator":""}},{"type":"Feature","geometry":{"type":"Point","coordinates":[6.566614,53.223356]},"properties":{"category":"middelbare_school","name":"Integraal KindCentrum Borgman Ebbinge","operator":""}},{"type":"Feature","geometry":{"type":"Point","coordinates":[6.559788,53.213621]},"properties":{"category":"sportveld","name":"Koninklijke Groninger Roeivereniging de Hunze","operator":""}},{"type":"Feature","geometry":{"type":"Point","coordinates":[6.578924,53.194776]},"properties":{"category":"sportveld","name":"Helperzwembad","operator":"Gemeente Groningen"}},{"type":"Feature","geometry":{"type":"Point","coordinates":[6.591221,53.238766]},"properties":{"category":"sportveld","name":"TeamSport Groningen","operator":""}},{"type":"Feature","geometry":{"type":"Point","coordinates":[6.534222,53.218781]},"properties":{"category":"sportveld","name":"West End","operator":""}},{"type":"Feature","geometry":{"type":"Point","coordinates":[6.544702,53.194919]},"properties":{"category":"sportveld","name":"Sportpark Corpus den Hoorn","operator":""}},{"type":"Feature","geometry":{"type":"Point","coordinates":[6.508819,53.209159]},"properties":{"category":"sportveld","name":"Sportpark Hoogkerk","operator":""}},{"type":"Feature","geometry":{"type":"Point","coordinates":[6.698758,53.27549]},"properties":{"category":"sportveld","name":"Tennisclub Ten Boer","operator":""}},{"type":"Feature","geometry":{"type":"Point","coordinates":[6.53493,53.241794]},"properties":{"category":"sportveld","name":"Willem-Alexander Sportcentrum","operator":""}},{"type":"Feature","geometry":{"type":"Point","coordinates":[6.528909,53.222156]},"properties":{"category":"sportveld","name":"Sporthal Vinkhuizen","operator":""}},{"type":"Feature","geometry":{"type":"Point","coordinates":[6.587435,53.196961]},"properties":{"category":"sportveld","name":"GLTB","operator":""}},{"type":"Feature","geometry":{"type":"Point","coordinates":[6.591525,53.206127]},"properties":{"category":"sportveld","name":"Euroborg","operator":""}},{"type":"Feature","geometry":{"type":"Point","coordinates":[6.6221,53.237966]},"properties":{"category":"sportveld","name":"Sporthal Lewenborg","operator":""}},{"type":"Feature","geometry":{"type":"Point","coordinates":[6.597094,53.237852]},"properties":{"category":"sportveld","name":"Sportcentrum Kardinge","operator":""}},{"type":"Feature","geometry":{"type":"Point","coordinates":[6.53417,53.229902]},"properties":{"category":"sportveld","name":"Bao Trieu Sportcentrum","operator":""}},{"type":"Feature","geometry":{"type":"Point","coordinates":[6.57846,53.208699]},"properties":{"category":"sportveld","name":"Sportzaal","operator":""}},{"type":"Feature","geometry":{"type":"Point","coordinates":[6.589221,53.223295]},"properties":{"category":"sportveld","name":"Denksportcentrum Groningen","operator":""}},{"type":"Feature","geometry":{"type":"Point","coordinates":[6.58395,53.226343]},"properties":{"category":"sportveld","name":"sportgebouw Goudenregenplein","operator":""}},{"type":"Feature","geometry":{"type":"Point","coordinates":[6.605839,53.182176]},"properties":{"category":"sportveld","name":"Tennis en Squash Haren","operator":""}},{"type":"Feature","geometry":{"type":"Point","coordinates":[6.604287,53.242548]},"properties":{"category":"sportveld","name":"Sportpark Kardinge","operator":""}},{"type":"Feature","geometry":{"type":"Point","coordinates":[6.556515,53.240094]},"properties":{"category":"sportveld","name":"Sportpark het Noorden","operator":""}},{"type":"Feature","geometry":{"type":"Point","coordinates":[6.609015,53.232383]},"properties":{"category":"sportveld","name":"Sportpark Lewenborg","operator":""}},{"type":"Feature","geometry":{"type":"Point","coordinates":[6.607554,53.179635]},"properties":{"category":"sportveld","name":"Sportpark De Harener Holt","operator":""}},{"type":"Feature","geometry":{"type":"Point","coordinates":[6.606223,53.181596]},"properties":{"category":"sportveld","name":"","operator":""}},{"type":"Feature","geometry":{"type":"Point","coordinates":[6.587187,53.197575]},"properties":{"category":"sportveld","name":"Tennispark Vorenkamp","operator":""}},{"type":"Feature","geometry":{"type":"Point","coordinates":[6.530162,53.23885]},"properties":{"category":"sportveld","name":"ACLO","operator":""}},{"type":"Feature","geometry":{"type":"Point","coordinates":[6.53971,53.197492]},"properties":{"category":"sportveld","name":"Atletiekcentrum Stadspark","operator":""}},{"type":"Feature","geometry":{"type":"Point","coordinates":[6.570872,53.201973]},"properties":{"category":"sportveld","name":"sportpark De Wijert","operator":""}},{"type":"Feature","geometry":{"type":"Point","coordinates":[6.599809,53.196843]},"properties":{"category":"sportveld","name":"sportpark Coendersborg","operator":""}},{"type":"Feature","geometry":{"type":"Point","coordinates":[6.592653,53.202774]},"properties":{"category":"sportveld","name":"Sportcentrum Europapark","operator":""}},{"type":"Feature","geometry":{"type":"Point","coordinates":[6.546771,53.197402]},"properties":{"category":"sportveld","name":"TopzorgSportCentrum","operator":""}},{"type":"Feature","geometry":{"type":"Point","coordinates":[6.702381,53.277719]},"properties":{"category":"sportveld","name":"Sportpark Ten Boer","operator":""}},{"type":"Feature","geometry":{"type":"Point","coordinates":[6.498722,53.212427]},"properties":{"category":"sportveld","name":"","operator":""}},{"type":"Feature","geometry":{"type":"Point","coordinates":[6.577025,53.237698]},"properties":{"category":"sportveld","name":"Tennisvereniging Van Starkenborgh","operator":""}},{"type":"Feature","geometry":{"type":"Point","coordinates":[6.600309,53.240257]},"properties":{"category":"sportveld","name":"Momentum","operator":""}},{"type":"Feature","geometry":{"type":"Point","coordinates":[6.590918,53.187123]},"properties":{"category":"sportveld","name":"Sportpark Esserberg","operator":""}},{"type":"Feature","geometry":{"type":"Point","coordinates":[6.568927,53.202959]},"properties":{"category":"sportveld","name":"Openluchtbad De Papiermolen","operator":""}},{"type":"Feature","geometry":{"type":"Point","coordinates":[6.623919,53.22694]},"properties":{"category":"sportveld","name":"Mountainbike Skillspark","operator":""}},{"type":"Feature","geometry":{"type":"Point","coordinates":[6.545444,53.203667]},"properties":{"category":"sportveld","name":"SC Stadspark","operator":""}},{"type":"Feature","geometry":{"type":"Point","coordinates":[6.537996,53.211445]},"properties":{"category":"sportveld","name":"Peakz Padel","operator":"Peakz"}},{"type":"Feature","geometry":{"type":"Point","coordinates":[6.504431,53.217308]},"properties":{"category":"sportveld","name":"Openluchtzwembad Hoogkerk","operator":""}},{"type":"Feature","geometry":{"type":"Point","coordinates":[6.618019,53.231094]},"properties":{"category":"winkelcentrum","name":"Winkelcentrum Ruischerwaard","operator":""}},{"type":"Feature","geometry":{"type":"Point","coordinates":[6.544061,53.230107]},"properties":{"category":"winkelcentrum","name":"Winkelcentrum Paddepoel","operator":""}},{"type":"Feature","geometry":{"type":"Point","coordinates":[6.623849,53.237936]},"properties":{"category":"winkelcentrum","name":"Lewenborg","operator":""}},{"type":"Feature","geometry":{"type":"Point","coordinates":[6.602879,53.172714]},"properties":{"category":"winkelcentrum","name":"De Brinken","operator":""}},{"type":"Feature","geometry":{"type":"Point","coordinates":[6.501204,53.214933]},"properties":{"category":"supermarkt","name":"Albert Heijn","operator":""}},{"type":"Feature","geometry":{"type":"Point","coordinates":[6.527745,53.225209]},"properties":{"category":"supermarkt","name":"ALDI","operator":""}},{"type":"Feature","geometry":{"type":"Point","coordinates":[6.544916,53.230842]},"properties":{"category":"supermarkt","name":"Albert Heijn","operator":""}},{"type":"Feature","geometry":{"type":"Point","coordinates":[6.502503,53.20572]},"properties":{"category":"supermarkt","name":"Poiesz","operator":""}},{"type":"Feature","geometry":{"type":"Point","coordinates":[6.6185,53.231119]},"properties":{"category":"supermarkt","name":"Albert Heijn","operator":""}},{"type":"Feature","geometry":{"type":"Point","coordinates":[6.544014,53.215456]},"properties":{"category":"supermarkt","name":"SPAR","operator":""}},{"type":"Feature","geometry":{"type":"Point","coordinates":[6.561147,53.198179]},"properties":{"category":"supermarkt","name":"Jumbo","operator":""}},{"type":"Feature","geometry":{"type":"Point","coordinates":[6.562492,53.204257]},"properties":{"category":"supermarkt","name":"ALDI","operator":""}},{"type":"Feature","geometry":{"type":"Point","coordinates":[6.591461,53.207425]},"properties":{"category":"supermarkt","name":"Jumbo Foodmarkt","operator":"Jumbo"}},{"type":"Feature","geometry":{"type":"Point","coordinates":[6.55356,53.233625]},"properties":{"category":"supermarkt","name":"Lidl","operator":"Lidl Nederland GmbH"}},{"type":"Feature","geometry":{"type":"Point","coordinates":[6.568125,53.207831]},"properties":{"category":"supermarkt","name":"PLUS","operator":""}},{"type":"Feature","geometry":{"type":"Point","coordinates":[6.589611,53.197074]},"properties":{"category":"supermarkt","name":"Poiesz","operator":""}},{"type":"Feature","geometry":{"type":"Point","coordinates":[6.603236,53.171958]},"properties":{"category":"supermarkt","name":"Jumbo Haren","operator":""}},{"type":"Feature","geometry":{"type":"Point","coordinates":[6.547278,53.219487]},"properties":{"category":"supermarkt","name":"Jumbo","operator":"Jumbo"}},{"type":"Feature","geometry":{"type":"Point","coordinates":[6.539333,53.234038]},"properties":{"category":"supermarkt","name":"SPAR","operator":"SPAR"}},{"type":"Feature","geometry":{"type":"Point","coordinates":[6.551987,53.22527]},"properties":{"category":"supermarkt","name":"PLUS","operator":"PLUS"}},{"type":"Feature","geometry":{"type":"Point","coordinates":[6.543807,53.229524]},"properties":{"category":"supermarkt","name":"Jumbo","operator":""}},{"type":"Feature","geometry":{"type":"Point","coordinates":[6.623929,53.238284]},"properties":{"category":"supermarkt","name":"ALDI","operator":""}},{"type":"Feature","geometry":{"type":"Point","coordinates":[6.562681,53.224612]},"properties":{"category":"supermarkt","name":"Albert Heijn","operator":""}},{"type":"Feature","geometry":{"type":"Point","coordinates":[6.554836,53.187585]},"properties":{"category":"supermarkt","name":"Albert Heijn","operator":""}},{"type":"Feature","geometry":{"type":"Point","coordinates":[6.60812,53.173023]},"properties":{"category":"supermarkt","name":"Albert Heijn","operator":""}},{"type":"Feature","geometry":{"type":"Point","coordinates":[6.567851,53.196451]},"properties":{"category":"supermarkt","name":"Albert Heijn","operator":"Albert Heijn Willems"}},{"type":"Feature","geometry":{"type":"Point","coordinates":[6.570258,53.215389]},"properties":{"category":"supermarkt","name":"Albert Heijn","operator":""}},{"type":"Feature","geometry":{"type":"Point","coordinates":[6.563725,53.21683]},"properties":{"category":"supermarkt","name":"Albert Heijn","operator":""}},{"type":"Feature","geometry":{"type":"Point","coordinates":[6.56688,53.22]},"properties":{"category":"supermarkt","name":"Albert Heijn","operator":""}},{"type":"Feature","geometry":{"type":"Point","coordinates":[6.59953,53.227038]},"properties":{"category":"supermarkt","name":"Albert Heijn","operator":""}},{"type":"Feature","geometry":{"type":"Point","coordinates":[6.569642,53.231898]},"properties":{"category":"supermarkt","name":"Albert Heijn","operator":""}},{"type":"Feature","geometry":{"type":"Point","coordinates":[6.588872,53.246317]},"properties":{"category":"supermarkt","name":"Albert Heijn","operator":""}},{"type":"Feature","geometry":{"type":"Point","coordinates":[6.610459,53.173572]},"properties":{"category":"supermarkt","name":"ALDI","operator":""}},{"type":"Feature","geometry":{"type":"Point","coordinates":[6.56289,53.2271]},"properties":{"category":"supermarkt","name":"ALDI","operator":""}},{"type":"Feature","geometry":{"type":"Point","coordinates":[6.578914,53.211405]},"properties":{"category":"supermarkt","name":"PLUS","operator":""}},{"type":"Feature","geometry":{"type":"Point","coordinates":[6.562596,53.226908]},"properties":{"category":"supermarkt","name":"Jumbo","operator":""}},{"type":"Feature","geometry":{"type":"Point","coordinates":[6.587624,53.2465]},"properties":{"category":"supermarkt","name":"Lidl","operator":"Lidl Nederland GmbH"}},{"type":"Feature","geometry":{"type":"Point","coordinates":[6.624289,53.237959]},"properties":{"category":"supermarkt","name":"PLUS","operator":""}},{"type":"Feature","geometry":{"type":"Point","coordinates":[6.560654,53.216481]},"properties":{"category":"supermarkt","name":"Albert Heijn","operator":""}},{"type":"Feature","geometry":{"type":"Point","coordinates":[6.553355,53.233531]},"properties":{"category":"supermarkt","name":"Albert Heijn","operator":""}},{"type":"Feature","geometry":{"type":"Point","coordinates":[6.522348,53.236072]},"properties":{"category":"supermarkt","name":"Jumbo","operator":"Jumbo"}},{"type":"Feature","geometry":{"type":"Point","coordinates":[6.618033,53.231031]},"properties":{"category":"supermarkt","name":"Lidl","operator":"Lidl Nederland GmbH"}},{"type":"Feature","geometry":{"type":"Point","coordinates":[6.567976,53.236874]},"properties":{"category":"supermarkt","name":"PLUS Gils","operator":""}},{"type":"Feature","geometry":{"type":"Point","coordinates":[6.553005,53.233271]},"properties":{"category":"supermarkt","name":"Dunya Supermarkt & Slagerij","operator":""}},{"type":"Feature","geometry":{"type":"Point","coordinates":[6.575662,53.228538]},"properties":{"category":"supermarkt","name":"Lidl","operator":"Lidl Nederland GmbH"}},{"type":"Feature","geometry":{"type":"Point","coordinates":[6.528571,53.225231]},"properties":{"category":"supermarkt","name":"Albert Heijn","operator":""}},{"type":"Feature","geometry":{"type":"Point","coordinates":[6.567934,53.19562]},"properties":{"category":"supermarkt","name":"Lidl","operator":"Lidl Nederland GmbH"}},{"type":"Feature","geometry":{"type":"Point","coordinates":[6.564918,53.227946]},"properties":{"category":"supermarkt","name":"Amazing Oriental","operator":""}},{"type":"Feature","geometry":{"type":"Point","coordinates":[6.52971,53.225251]},"properties":{"category":"supermarkt","name":"Lidl","operator":"Lidl Nederland GmbH"}},{"type":"Feature","geometry":{"type":"Point","coordinates":[6.502497,53.213792]},"properties":{"category":"supermarkt","name":"Lidl","operator":"Lidl Nederland GmbH"}},{"type":"Feature","geometry":{"type":"Point","coordinates":[6.579197,53.197521]},"properties":{"category":"supermarkt","name":"Albert Heijn","operator":""}},{"type":"Feature","geometry":{"type":"Point","coordinates":[6.593166,53.252113]},"properties":{"category":"supermarkt","name":"De Wiershoeck","operator":""}},{"type":"Feature","geometry":{"type":"Point","coordinates":[6.601833,53.24869]},"properties":{"category":"supermarkt","name":"ALDI","operator":""}},{"type":"Feature","geometry":{"type":"Point","coordinates":[6.556561,53.211272]},"properties":{"category":"supermarkt","name":"PLUS Lubbers","operator":""}},{"type":"Feature","geometry":{"type":"Point","coordinates":[6.582396,53.222302]},"properties":{"category":"supermarkt","name":"Jumbo","operator":""}},{"type":"Feature","geometry":{"type":"Point","coordinates":[6.571294,53.23127]},"properties":{"category":"supermarkt","name":"Abo Ali market","operator":""}},{"type":"Feature","geometry":{"type":"Point","coordinates":[6.564803,53.224058]},"properties":{"category":"supermarkt","name":"Nazar","operator":""}},{"type":"Feature","geometry":{"type":"Point","coordinates":[6.557573,53.215443]},"properties":{"category":"supermarkt","name":"Albert Heijn","operator":""}},{"type":"Feature","geometry":{"type":"Point","coordinates":[6.556502,53.21556]},"properties":{"category":"supermarkt","name":"Subco Mart","operator":""}},{"type":"Feature","geometry":{"type":"Point","coordinates":[6.563459,53.223876]},"properties":{"category":"supermarkt","name":"Ekoplaza","operator":""}},{"type":"Feature","geometry":{"type":"Point","coordinates":[6.562006,53.224929]},"properties":{"category":"supermarkt","name":"Polski Smak","operator":""}},{"type":"Feature","geometry":{"type":"Point","coordinates":[6.570881,53.21644]},"properties":{"category":"supermarkt","name":"Jumbo","operator":""}},{"type":"Feature","geometry":{"type":"Point","coordinates":[6.566551,53.214755]},"properties":{"category":"supermarkt","name":"Ekoplaza","operator":""}},{"type":"Feature","geometry":{"type":"Point","coordinates":[6.697365,53.276765]},"properties":{"category":"supermarkt","name":"PLUS Alma","operator":""}},{"type":"Feature","geometry":{"type":"Point","coordinates":[6.602511,53.172542]},"properties":{"category":"supermarkt","name":"Ekoplaza","operator":""}},{"type":"Feature","geometry":{"type":"Point","coordinates":[6.624431,53.171734]},"properties":{"category":"supermarkt","name":"Jumbo","operator":""}},{"type":"Feature","geometry":{"type":"Point","coordinates":[6.566553,53.219063]},"properties":{"category":"supermarkt","name":"Jumbo","operator":"Jumbo"}},{"type":"Feature","geometry":{"type":"Point","coordinates":[6.65264,53.232141]},"properties":{"category":"supermarkt","name":"Jumbo","operator":""}},{"type":"Feature","geometry":{"type":"Point","coordinates":[6.574214,53.221846]},"properties":{"category":"fietsenstalling","name":"","operator":""}},{"type":"Feature","geometry":{"type":"Point","coordinates":[6.564493,53.219]},"properties":{"category":"fietsenstalling","name":"Oude Boteringestraat","operator":"Rijksuniversiteit Groningen"}},{"type":"Feature","geometry":{"type":"Point","coordinates":[6.571217,53.223577]},"properties":{"category":"fietsenstalling","name":"RUG","operator":""}},{"type":"Feature","geometry":{"type":"Point","coordinates":[6.550625,53.201441]},"properties":{"category":"fietsenstalling","name":"","operator":"Gasunie"}},{"type":"Feature","geometry":{"type":"Point","coordinates":[6.560623,53.218727]},"properties":{"category":"fietsenstalling","name":"","operator":"Rijksuniversiteit Groningen"}},{"type":"Feature","geometry":{"type":"Point","coordinates":[6.534854,53.241347]},"properties":{"category":"fietsenstalling","name":"4.01","operator":"Willem-Alexander Sportcentrum"}},{"type":"Feature","geometry":{"type":"Point","coordinates":[6.56581,53.210982]},"properties":{"category":"fietsenstalling","name":"NS-stalling","operator":"Nederlandse Spoorwegen"}},{"type":"Feature","geometry":{"type":"Point","coordinates":[6.571096,53.219876]},"properties":{"category":"fietsenstalling","name":"","operator":""}},{"type":"Feature","geometry":{"type":"Point","coordinates":[6.56523,53.213961]},"properties":{"category":"fietsenstalling","name":"","operator":""}},{"type":"Feature","geometry":{"type":"Point","coordinates":[6.56522,53.214141]},"properties":{"category":"fietsenstalling","name":"","operator":""}},{"type":"Feature","geometry":{"type":"Point","coordinates":[6.572638,53.222777]},"properties":{"category":"fietsenstalling","name":"","operator":""}},{"type":"Feature","geometry":{"type":"Point","coordinates":[6.572483,53.222591]},"properties":{"category":"fietsenstalling","name":"","operator":""}},{"type":"Feature","geometry":{"type":"Point","coordinates":[6.573192,53.223219]},"properties":{"category":"fietsenstalling","name":"","operator":""}},{"type":"Feature","geometry":{"type":"Point","coordinates":[6.573424,53.222425]},"properties":{"category":"fietsenstalling","name":"","operator":""}},{"type":"Feature","geometry":{"type":"Point","coordinates":[6.573545,53.222584]},"properties":{"category":"fietsenstalling","name":"","operator":""}},{"type":"Feature","geometry":{"type":"Point","coordinates":[6.574239,53.221629]},"properties":{"category":"fietsenstalling","name":"","operator":""}},{"type":"Feature","geometry":{"type":"Point","coordinates":[6.572046,53.225484]},"properties":{"category":"fietsenstalling","name":"","operator":""}},{"type":"Feature","geometry":{"type":"Point","coordinates":[6.552153,53.237998]},"properties":{"category":"fietsenstalling","name":"","operator":""}},{"type":"Feature","geometry":{"type":"Point","coordinates":[6.569446,53.218895]},"properties":{"category":"fietsenstalling","name":"Nieuwe Markt","operator":"Gemeente Groningen"}},{"type":"Feature","geometry":{"type":"Point","coordinates":[6.566458,53.219355]},"properties":{"category":"fietsenstalling","name":"Grote Markt","operator":"Gemeente Groningen"}},{"type":"Feature","geometry":{"type":"Point","coordinates":[6.562171,53.237467]},"properties":{"category":"fietsenstalling","name":"","operator":""}},{"type":"Feature","geometry":{"type":"Point","coordinates":[6.566875,53.214531]},"properties":{"category":"fietsenstalling","name":"","operator":""}},{"type":"Feature","geometry":{"type":"Point","coordinates":[6.580422,53.251054]},"properties":{"category":"fietsenstalling","name":"","operator":""}},{"type":"Feature","geometry":{"type":"Point","coordinates":[6.648638,53.220571]},"properties":{"category":"fietsenstalling","name":"","operator":""}},{"type":"Feature","geometry":{"type":"Point","coordinates":[6.467258,53.201956]},"properties":{"category":"fietsenstalling","name":"","operator":""}},{"type":"Feature","geometry":{"type":"Point","coordinates":[6.570531,53.224314]},"properties":{"category":"fietsenstalling","name":"","operator":"Rijksuniversiteit Groningen"}},{"type":"Feature","geometry":{"type":"Point","coordinates":[6.540329,53.238003]},"properties":{"category":"fietsenstalling","name":"","operator":""}},{"type":"Feature","geometry":{"type":"Point","coordinates":[6.549932,53.20086]},"properties":{"category":"fietsenstalling","name":"","operator":"Gasunie"}},{"type":"Feature","geometry":{"type":"Point","coordinates":[6.617889,53.175075]},"properties":{"category":"fietsenstalling","name":"","operator":""}},{"type":"Feature","geometry":{"type":"Point","coordinates":[6.536083,53.236713]},"properties":{"category":"fietsenstalling","name":"6.11","operator":""}},{"type":"Feature","geometry":{"type":"Point","coordinates":[6.572432,53.224898]},"properties":{"category":"fietsenstalling","name":"","operator":""}},{"type":"Feature","geometry":{"type":"Point","coordinates":[6.572521,53.224961]},"properties":{"category":"fietsenstalling","name":"","operator":""}},{"type":"Feature","geometry":{"type":"Point","coordinates":[6.564543,53.211253]},"properties":{"category":"fietsenstalling","name":"Stadsbalkon","operator":"Gemeente Groningen"}},{"type":"Feature","geometry":{"type":"Point","coordinates":[6.557344,53.230488]},"properties":{"category":"fietsenstalling","name":"","operator":""}},{"type":"Feature","geometry":{"type":"Point","coordinates":[6.525387,53.249004]},"properties":{"category":"fietsenstalling","name":"1.14","operator":"KVI-CART covered bike shed"}},{"type":"Feature","geometry":{"type":"Point","coordinates":[6.586507,53.204719]},"properties":{"category":"fietsenstalling","name":"Fietsenstalling Europapark","operator":"Gemeente Groningen"}},{"type":"Feature","geometry":{"type":"Point","coordinates":[6.587375,53.210072]},"properties":{"category":"fietsenstalling","name":"","operator":""}},{"type":"Feature","geometry":{"type":"Point","coordinates":[6.584159,53.211016]},"properties":{"category":"fietsenstalling","name":"","operator":""}},{"type":"Feature","geometry":{"type":"Point","coordinates":[6.557379,53.22267]},"properties":{"category":"fietsenstalling","name":"","operator":""}},{"type":"Feature","geometry":{"type":"Point","coordinates":[6.597186,53.182056]},"properties":{"category":"fietsenstalling","name":"","operator":""}},{"type":"Feature","geometry":{"type":"Point","coordinates":[6.612331,53.165025]},"properties":{"category":"fietsenstalling","name":"","operator":""}},{"type":"Feature","geometry":{"type":"Point","coordinates":[6.621429,53.175342]},"properties":{"category":"fietsenstalling","name":"","operator":""}},{"type":"Feature","geometry":{"type":"Point","coordinates":[6.621609,53.175375]},"properties":{"category":"fietsenstalling","name":"","operator":""}},{"type":"Feature","geometry":{"type":"Point","coordinates":[6.621578,53.175432]},"properties":{"category":"fietsenstalling","name":"","operator":""}},{"type":"Feature","geometry":{"type":"Point","coordinates":[6.612406,53.167086]},"properties":{"category":"fietsenstalling","name":"","operator":""}},{"type":"Feature","geometry":{"type":"Point","coordinates":[6.591556,53.183705]},"properties":{"category":"fietsenstalling","name":"","operator":""}},{"type":"Feature","geometry":{"type":"Point","coordinates":[6.615562,53.171321]},"properties":{"category":"fietsenstalling","name":"","operator":""}},{"type":"Feature","geometry":{"type":"Point","coordinates":[6.61561,53.171242]},"properties":{"category":"fietsenstalling","name":"","operator":""}},{"type":"Feature","geometry":{"type":"Point","coordinates":[6.61765,53.175318]},"properties":{"category":"fietsenstalling","name":"","operator":""}},{"type":"Feature","geometry":{"type":"Point","coordinates":[6.602329,53.182527]},"properties":{"category":"fietsenstalling","name":"","operator":""}},{"type":"Feature","geometry":{"type":"Point","coordinates":[6.535281,53.238051]},"properties":{"category":"fietsenstalling","name":"6.1","operator":""}},{"type":"Feature","geometry":{"type":"Point","coordinates":[6.534228,53.239]},"properties":{"category":"fietsenstalling","name":"6.15","operator":""}},{"type":"Feature","geometry":{"type":"Point","coordinates":[6.564468,53.188517]},"properties":{"category":"fietsenstalling","name":"","operator":""}},{"type":"Feature","geometry":{"type":"Point","coordinates":[6.562619,53.191667]},"properties":{"category":"fietsenstalling","name":"","operator":""}},{"type":"Feature","geometry":{"type":"Point","coordinates":[6.553859,53.218612]},"properties":{"category":"fietsenstalling","name":"","operator":""}},{"type":"Feature","geometry":{"type":"Point","coordinates":[6.519766,53.236563]},"properties":{"category":"fietsenstalling","name":"","operator":""}},{"type":"Feature","geometry":{"type":"Point","coordinates":[6.517773,53.237128]},"properties":{"category":"fietsenstalling","name":"","operator":""}},{"type":"Feature","geometry":{"type":"Point","coordinates":[6.615547,53.225302]},"properties":{"category":"fietsenstalling","name":"","operator":""}},{"type":"Feature","geometry":{"type":"Point","coordinates":[6.615876,53.225397]},"properties":{"category":"fietsenstalling","name":"","operator":"Gemeente Groningen"}},{"type":"Feature","geometry":{"type":"Point","coordinates":[6.534133,53.236682]},"properties":{"category":"fietsenstalling","name":"","operator":""}},{"type":"Feature","geometry":{"type":"Point","coordinates":[6.534602,53.236486]},"properties":{"category":"fietsenstalling","name":"","operator":""}},{"type":"Feature","geometry":{"type":"Point","coordinates":[6.591787,53.169609]},"properties":{"category":"fietsenstalling","name":"","operator":""}},{"type":"Feature","geometry":{"type":"Point","coordinates":[6.531556,53.240859]},"properties":{"category":"fietsenstalling","name":"5.03","operator":"Hanzehogeschool"}},{"type":"Feature","geometry":{"type":"Point","coordinates":[6.58145,53.232658]},"properties":{"category":"fietsenstalling","name":"","operator":""}},{"type":"Feature","geometry":{"type":"Point","coordinates":[6.537182,53.242372]},"properties":{"category":"fietsenstalling","name":"","operator":""}},{"type":"Feature","geometry":{"type":"Point","coordinates":[6.544392,53.224161]},"properties":{"category":"fietsenstalling","name":"","operator":""}},{"type":"Feature","geometry":{"type":"Point","coordinates":[6.554269,53.235423]},"properties":{"category":"fietsenstalling","name":"","operator":""}},{"type":"Feature","geometry":{"type":"Point","coordinates":[6.57183,53.223234]},"properties":{"category":"fietsenstalling","name":"","operator":""}},{"type":"Feature","geometry":{"type":"Point","coordinates":[6.558337,53.211067]},"properties":{"category":"fietsenstalling","name":"","operator":""}},{"type":"Feature","geometry":{"type":"Point","coordinates":[6.532999,53.243713]},"properties":{"category":"fietsenstalling","name":"1.2","operator":"hanze stafbureau human resources"}},{"type":"Feature","geometry":{"type":"Point","coordinates":[6.555579,53.20442]},"properties":{"category":"fietsenstalling","name":"","operator":""}},{"type":"Feature","geometry":{"type":"Point","coordinates":[6.61838,53.21363]},"properties":{"category":"fietsenstalling","name":"","operator":""}},{"type":"Feature","geometry":{"type":"Point","coordinates":[6.616779,53.215437]},"properties":{"category":"fietsenstalling","name":"","operator":""}},{"type":"Feature","geometry":{"type":"Point","coordinates":[6.536421,53.240593]},"properties":{"category":"fietsenstalling","name":"7.02","operator":"Blaauw Sterrenwacht"}},{"type":"Feature","geometry":{"type":"Point","coordinates":[6.530645,53.243361]},"properties":{"category":"fietsenstalling","name":"1.03","operator":"telesis pharma b.v"}},{"type":"Feature","geometry":{"type":"Point","coordinates":[6.530778,53.24324]},"properties":{"category":"fietsenstalling","name":"1.04","operator":"Transcom shed"}},{"type":"Feature","geometry":{"type":"Point","coordinates":[6.549277,53.189035]},"properties":{"category":"fietsenstalling","name":"","operator":""}},{"type":"Feature","geometry":{"type":"Point","coordinates":[6.530339,53.241985]},"properties":{"category":"fietsenstalling","name":"","operator":""}},{"type":"Feature","geometry":{"type":"Point","coordinates":[6.56552,53.236444]},"properties":{"category":"fietsenstalling","name":"","operator":""}},{"type":"Feature","geometry":{"type":"Point","coordinates":[6.563491,53.192572]},"properties":{"category":"fietsenstalling","name":"","operator":""}},{"type":"Feature","geometry":{"type":"Point","coordinates":[6.532985,53.241465]},"properties":{"category":"fietsenstalling","name":"","operator":"Hanzehogeschool"}},{"type":"Feature","geometry":{"type":"Point","coordinates":[6.726725,53.299504]},"properties":{"category":"fietsenstalling","name":"","operator":""}},{"type":"Feature","geometry":{"type":"Point","coordinates":[6.619074,53.174945]},"properties":{"category":"fietsenstalling","name":"","operator":""}},{"type":"Feature","geometry":{"type":"Point","coordinates":[6.532679,53.239452]},"properties":{"category":"fietsenstalling","name":"","operator":""}},{"type":"Feature","geometry":{"type":"Point","coordinates":[6.544897,53.229582]},"properties":{"category":"fietsenstalling","name":"","operator":""}},{"type":"Feature","geometry":{"type":"Point","coordinates":[6.514022,53.197839]},"properties":{"category":"fietsenstalling","name":"","operator":""}},{"type":"Feature","geometry":{"type":"Point","coordinates":[6.514336,53.197916]},"properties":{"category":"fietsenstalling","name":"","operator":""}},{"type":"Feature","geometry":{"type":"Point","coordinates":[6.514026,53.19797]},"properties":{"category":"fietsenstalling","name":"","operator":"Gemeente Groningen"}},{"type":"Feature","geometry":{"type":"Point","coordinates":[6.513879,53.198105]},"properties":{"category":"fietsenstalling","name":"","operator":"Stad Groningen"}},{"type":"Feature","geometry":{"type":"Point","coordinates":[6.514208,53.198053]},"properties":{"category":"fietsenstalling","name":"","operator":"Stad Groningen"}},{"type":"Feature","geometry":{"type":"Point","coordinates":[6.551992,53.192247]},"properties":{"category":"fietsenstalling","name":"","operator":""}},{"type":"Feature","geometry":{"type":"Point","coordinates":[6.593538,53.238024]},"properties":{"category":"fietsenstalling","name":"","operator":""}},{"type":"Feature","geometry":{"type":"Point","coordinates":[6.55368,53.203151]},"properties":{"category":"fietsenstalling","name":"","operator":""}},{"type":"Feature","geometry":{"type":"Point","coordinates":[6.693442,53.270086]},"properties":{"category":"fietsenstalling","name":"","operator":""}},{"type":"Feature","geometry":{"type":"Point","coordinates":[6.698682,53.273643]},"properties":{"category":"fietsenstalling","name":"","operator":""}},{"type":"Feature","geometry":{"type":"Point","coordinates":[6.698669,53.27357]},"properties":{"category":"fietsenstalling","name":"","operator":""}},{"type":"Feature","geometry":{"type":"Point","coordinates":[6.698568,53.273618]},"properties":{"category":"fietsenstalling","name":"","operator":""}},{"type":"Feature","geometry":{"type":"Point","coordinates":[6.654169,53.244037]},"properties":{"category":"fietsenstalling","name":"","operator":""}},{"type":"Feature","geometry":{"type":"Point","coordinates":[6.58179,53.21541]},"properties":{"category":"fietsenstalling","name":"","operator":""}},{"type":"Feature","geometry":{"type":"Point","coordinates":[6.545276,53.230313]},"properties":{"category":"fietsenstalling","name":"","operator":""}},{"type":"Feature","geometry":{"type":"Point","coordinates":[6.577739,53.221668]},"properties":{"category":"fietsenstalling","name":"","operator":"UMCG"}},{"type":"Feature","geometry":{"type":"Point","coordinates":[6.556087,53.203971]},"properties":{"category":"fietsenstalling","name":"","operator":""}},{"type":"Feature","geometry":{"type":"Point","coordinates":[6.555397,53.203868]},"properties":{"category":"fietsenstalling","name":"","operator":""}},{"type":"Feature","geometry":{"type":"Point","coordinates":[6.706902,53.279019]},"properties":{"category":"fietsenstalling","name":"","operator":""}},{"type":"Feature","geometry":{"type":"Point","coordinates":[6.704679,53.279363]},"properties":{"category":"fietsenstalling","name":"","operator":""}},{"type":"Feature","geometry":{"type":"Point","coordinates":[6.616089,53.225438]},"properties":{"category":"fietsenstalling","name":"Park & Bike","operator":"Gemeente Groningen"}},{"type":"Feature","geometry":{"type":"Point","coordinates":[6.533449,53.24406]},"properties":{"category":"fietsenstalling","name":"","operator":"Brivec B.V."}},{"type":"Feature","geometry":{"type":"Point","coordinates":[6.600363,53.217974]},"properties":{"category":"fietsenstalling","name":"","operator":""}},{"type":"Feature","geometry":{"type":"Point","coordinates":[6.56506,53.236689]},"properties":{"category":"fietsenstalling","name":"","operator":""}},{"type":"Feature","geometry":{"type":"Point","coordinates":[6.588022,53.21315]},"properties":{"category":"fietsenstalling","name":"","operator":""}},{"type":"Feature","geometry":{"type":"Point","coordinates":[6.589933,53.214028]},"properties":{"category":"fietsenstalling","name":"","operator":""}},{"type":"Feature","geometry":{"type":"Point","coordinates":[6.538298,53.238235]},"properties":{"category":"fietsenstalling","name":"","operator":""}},{"type":"Feature","geometry":{"type":"Point","coordinates":[6.514581,53.200921]},"properties":{"category":"fietsenstalling","name":"","operator":""}},{"type":"Feature","geometry":{"type":"Point","coordinates":[6.514164,53.197914]},"properties":{"category":"fietsenstalling","name":"","operator":""}},{"type":"Feature","geometry":{"type":"Point","coordinates":[6.589855,53.209602]},"properties":{"category":"fietsenstalling","name":"","operator":""}},{"type":"Feature","geometry":{"type":"Point","coordinates":[6.518175,53.236978]},"properties":{"category":"fietsenstalling","name":"","operator":"Gemeente Groningen"}},{"type":"Feature","geometry":{"type":"Point","coordinates":[6.519612,53.236596]},"properties":{"category":"fietsenstalling","name":"","operator":"Gemeente Groningen"}},{"type":"Feature","geometry":{"type":"Point","coordinates":[6.519528,53.236616]},"properties":{"category":"fietsenstalling","name":"","operator":""}},{"type":"Feature","geometry":{"type":"Point","coordinates":[6.592099,53.170865]},"properties":{"category":"fietsenstalling","name":"","operator":"Gemeente Groningen"}},{"type":"Feature","geometry":{"type":"Point","coordinates":[6.59228,53.170915]},"properties":{"category":"fietsenstalling","name":"","operator":"Gemeente Groningen"}},{"type":"Feature","geometry":{"type":"Point","coordinates":[6.593752,53.237893]},"properties":{"category":"fietsenstalling","name":"Groningen Park+Bike","operator":""}},{"type":"Feature","geometry":{"type":"Point","coordinates":[6.534397,53.238146]},"properties":{"category":"fietsenstalling","name":"","operator":""}},{"type":"Feature","geometry":{"type":"Point","coordinates":[6.605468,53.180535]},"properties":{"category":"fietsenstalling","name":"","operator":""}},{"type":"Feature","geometry":{"type":"Point","coordinates":[6.615242,53.225215]},"properties":{"category":"fietsenstalling","name":"","operator":"Gemeente Groningen"}},{"type":"Feature","geometry":{"type":"Point","coordinates":[6.627273,53.164006]},"properties":{"category":"fietsenstalling","name":"","operator":""}},{"type":"Feature","geometry":{"type":"Point","coordinates":[6.550637,53.191111]},"properties":{"category":"fietsenstalling","name":"","operator":""}},{"type":"Feature","geometry":{"type":"Point","coordinates":[6.591689,53.169688]},"properties":{"category":"fietsenstalling","name":"","operator":""}},{"type":"Feature","geometry":{"type":"Point","coordinates":[6.591847,53.169542]},"properties":{"category":"fietsenstalling","name":"","operator":"Gemeente Groningen"}},{"type":"Feature","geometry":{"type":"Point","coordinates":[6.591938,53.169585]},"properties":{"category":"fietsenstalling","name":"","operator":""}},{"type":"Feature","geometry":{"type":"Point","coordinates":[6.617827,53.175277]},"properties":{"category":"fietsenstalling","name":"","operator":""}},{"type":"Feature","geometry":{"type":"Point","coordinates":[6.617923,53.175127]},"properties":{"category":"fietsenstalling","name":"","operator":""}},{"type":"Feature","geometry":{"type":"Point","coordinates":[6.617783,53.175346]},"properties":{"category":"fietsenstalling","name":"","operator":""}},{"type":"Feature","geometry":{"type":"Point","coordinates":[6.617723,53.175335]},"properties":{"category":"fietsenstalling","name":"","operator":""}},{"type":"Feature","geometry":{"type":"Point","coordinates":[6.617822,53.175179]},"properties":{"category":"fietsenstalling","name":"","operator":""}},{"type":"Feature","geometry":{"type":"Point","coordinates":[6.617781,53.175244]},"properties":{"category":"fietsenstalling","name":"","operator":""}},{"type":"Feature","geometry":{"type":"Point","coordinates":[6.617747,53.175164]},"properties":{"category":"fietsenstalling","name":"","operator":""}},{"type":"Feature","geometry":{"type":"Point","coordinates":[6.617705,53.175229]},"properties":{"category":"fietsenstalling","name":"","operator":""}},{"type":"Feature","geometry":{"type":"Point","coordinates":[6.61767,53.175173]},"properties":{"category":"fietsenstalling","name":"","operator":""}},{"type":"Feature","geometry":{"type":"Point","coordinates":[6.617817,53.175059]},"properties":{"category":"fietsenstalling","name":"","operator":""}},{"type":"Feature","geometry":{"type":"Point","coordinates":[6.593617,53.237977]},"properties":{"category":"fietsenstalling","name":"","operator":""}},{"type":"Feature","geometry":{"type":"Point","coordinates":[6.632804,53.233853]},"properties":{"category":"fietsenstalling","name":"","operator":""}},{"type":"Feature","geometry":{"type":"Point","coordinates":[6.562106,53.227035]},"properties":{"category":"parkeergarage","name":"Circus","operator":"Interparking"}},{"type":"Feature","geometry":{"type":"Point","coordinates":[6.576987,53.22079]},"properties":{"category":"parkeergarage","name":"UMCG Zuid","operator":""}},{"type":"Feature","geometry":{"type":"Point","coordinates":[6.563047,53.221942]},"properties":{"category":"parkeergarage","name":"Ossenmarkt","operator":"Q-Park"}},{"type":"Feature","geometry":{"type":"Point","coordinates":[6.592561,53.206823]},"properties":{"category":"parkeergarage","name":"Parkeergarage Euroborg","operator":"Gemeente Groningen"}},{"type":"Feature","geometry":{"type":"Point","coordinates":[6.56736,53.214084]},"properties":{"category":"parkeergarage","name":"Museum Centrum","operator":"Q-Park"}},{"type":"Feature","geometry":{"type":"Point","coordinates":[6.563114,53.225297]},"properties":{"category":"parkeergarage","name":"Boterdiep","operator":"Interparking"}},{"type":"Feature","geometry":{"type":"Point","coordinates":[6.566397,53.214239]},"properties":{"category":"parkeergarage","name":"Bios","operator":"Interparking"}},{"type":"Feature","geometry":{"type":"Point","coordinates":[6.572335,53.223578]},"properties":{"category":"parkeergarage","name":"UMCG Noord","operator":""}},{"type":"Feature","geometry":{"type":"Point","coordinates":[6.575151,53.213851]},"properties":{"category":"parkeergarage","name":"Oosterpoort","operator":"Interparking"}},{"type":"Feature","geometry":{"type":"Point","coordinates":[6.570447,53.220028]},"properties":{"category":"parkeergarage","name":"Provincie","operator":"Interparking"}},{"type":"Feature","geometry":{"type":"Point","coordinates":[6.557391,53.21441]},"properties":{"category":"parkeergarage","name":"Q-Park Westerhaven","operator":"Q-Park"}},{"type":"Feature","geometry":{"type":"Point","coordinates":[6.585623,53.20562]},"properties":{"category":"parkeergarage","name":"Station Europapark","operator":"Gemeente Groningen"}},{"type":"Feature","geometry":{"type":"Point","coordinates":[6.570798,53.217035]},"properties":{"category":"parkeergarage","name":"","operator":""}},{"type":"Feature","geometry":{"type":"Point","coordinates":[6.576705,53.200587]},"properties":{"category":"parkeergarage","name":"","operator":""}},{"type":"Feature","geometry":{"type":"Point","coordinates":[6.579657,53.206119]},"properties":{"category":"parkeergarage","name":"","operator":""}},{"type":"Feature","geometry":{"type":"Point","coordinates":[6.561347,53.217622]},"properties":{"category":"parkeergarage","name":"","operator":""}},{"type":"Feature","geometry":{"type":"Point","coordinates":[6.555074,53.20019]},"properties":{"category":"parkeergarage","name":"","operator":""}},{"type":"Feature","geometry":{"type":"Point","coordinates":[6.578491,53.216075]},"properties":{"category":"parkeergarage","name":"","operator":""}},{"type":"Feature","geometry":{"type":"Point","coordinates":[6.586196,53.230397]},"properties":{"category":"parkeergarage","name":"","operator":""}},{"type":"Feature","geometry":{"type":"Point","coordinates":[6.560625,53.215204]},"properties":{"category":"parkeergarage","name":"","operator":""}},{"type":"Feature","geometry":{"type":"Point","coordinates":[6.520966,53.237054]},"properties":{"category":"parkeergarage","name":"","operator":""}},{"type":"Feature","geometry":{"type":"Point","coordinates":[6.577876,53.234757]},"properties":{"category":"parkeergarage","name":"","operator":""}},{"type":"Feature","geometry":{"type":"Point","coordinates":[6.56682,53.235452]},"properties":{"category":"parkeergarage","name":"","operator":""}},{"type":"Feature","geometry":{"type":"Point","coordinates":[6.571675,53.237073]},"properties":{"category":"parkeergarage","name":"","operator":""}},{"type":"Feature","geometry":{"type":"Point","coordinates":[6.583795,53.206395]},"properties":{"category":"parkeergarage","name":"","operator":""}},{"type":"Feature","geometry":{"type":"Point","coordinates":[6.581301,53.207579]},"properties":{"category":"parkeergarage","name":"","operator":""}},{"type":"Feature","geometry":{"type":"Point","coordinates":[6.570553,53.219134]},"properties":{"category":"parkeergarage","name":"Forum","operator":"Interparking"}},{"type":"Feature","geometry":{"type":"Point","coordinates":[6.585401,53.208945]},"properties":{"category":"parkeergarage","name":"MyOffice","operator":""}},{"type":"Feature","geometry":{"type":"Point","coordinates":[6.548904,53.192377]},"properties":{"category":"parkeergarage","name":"Martini Ziekenhuis Medewerkers","operator":""}},{"type":"Feature","geometry":{"type":"Point","coordinates":[6.551392,53.220248]},"properties":{"category":"parkeergarage","name":"","operator":""}},{"type":"Feature","geometry":{"type":"Point","coordinates":[6.571365,53.208827]},"properties":{"category":"parkeergarage","name":"","operator":""}},{"type":"Feature","geometry":{"type":"Point","coordinates":[6.576591,53.217753]},"properties":{"category":"parkeergarage","name":"Parkeergarage Damsterdiep","operator":"Gemeente Groningen"}},{"type":"Feature","geometry":{"type":"Point","coordinates":[6.570998,53.215265]},"properties":{"category":"parkeergarage","name":"Parkeergarage Rademarkt","operator":"Q-Park"}},{"type":"Feature","geometry":{"type":"Point","coordinates":[6.55848,53.20764]},"properties":{"category":"parkeergarage","name":"","operator":""}},{"type":"Feature","geometry":{"type":"Point","coordinates":[6.559933,53.20811]},"properties":{"category":"parkeergarage","name":"","operator":""}},{"type":"Feature","geometry":{"type":"Point","coordinates":[6.554683,53.213537]},"properties":{"category":"parkeergarage","name":"","operator":""}},{"type":"Feature","geometry":{"type":"Point","coordinates":[6.562017,53.211008]},"properties":{"category":"parkeergarage","name":"P+R Hoofdstation","operator":"Q-Park"}},{"type":"Feature","geometry":{"type":"Point","coordinates":[6.570202,53.222218]},"properties":{"category":"parkeergarage","name":"Buurtstalling Bleekveld","operator":"Stad Groningen"}},{"type":"Feature","geometry":{"type":"Point","coordinates":[6.57035,53.218926]},"properties":{"category":"parkeergarage","name":"Forum Groningen","operator":"Interparking"}},{"type":"Feature","geometry":{"type":"Point","coordinates":[6.592683,53.170193]},"properties":{"category":"p_and_r","name":"Haren I","operator":""}},{"type":"Feature","geometry":{"type":"Point","coordinates":[6.597263,53.239869]},"properties":{"category":"p_and_r","name":"P+R Kardinge","operator":""}},{"type":"Feature","geometry":{"type":"Point","coordinates":[6.588582,53.21751]},"properties":{"category":"p_and_r","name":"IKEA","operator":""}},{"type":"Feature","geometry":{"type":"Point","coordinates":[6.591455,53.171391]},"properties":{"category":"p_and_r","name":"Haren II","operator":""}},{"type":"Feature","geometry":{"type":"Point","coordinates":[6.518567,53.236925]},"properties":{"category":"p_and_r","name":"P+R Reitdiep","operator":""}},{"type":"Feature","geometry":{"type":"Point","coordinates":[6.615368,53.225822]},"properties":{"category":"p_and_r","name":"P+R Meerstad","operator":"Gemeente Groningen"}},{"type":"Feature","geometry":{"type":"Point","coordinates":[6.617675,53.17386]},"properties":{"category":"p_and_r","name":"P+R Haren Station","operator":""}},{"type":"Feature","geometry":{"type":"Point","coordinates":[6.528454,53.244458]},"properties":{"category":"p_and_r","name":"P+R Zernike (P6)","operator":""}}]}