{"type":"FeatureCollection","metadata":{"gemeente":"Nijmegen","slug":"nijmegen","by_category":{"bus_halte":392,"transformatorhuisje":69,"fietsenstalling":48,"supermarkt":46,"parkeergarage":25,"sportveld":23,"bibliotheek":8,"hogeschool":8,"ov_knooppunt":7,"middelbare_school":7,"p_and_r":6,"ns_station":5,"ziekenhuis":5,"winkelcentrum":5,"universiteit":4,"gemeentehuis":3,"inzamelpunt":2},"total":663},"features":[{"type":"Feature","geometry":{"type":"Point","coordinates":[5.853091,51.843136]},"properties":{"category":"ns_station","name":"Nijmegen","operator":""}},{"type":"Feature","geometry":{"type":"Point","coordinates":[5.822475,51.827297]},"properties":{"category":"ns_station","name":"Nijmegen Goffert","operator":""}},{"type":"Feature","geometry":{"type":"Point","coordinates":[5.794239,51.823942]},"properties":{"category":"ns_station","name":"Nijmegen Dukenburg","operator":""}},{"type":"Feature","geometry":{"type":"Point","coordinates":[5.859687,51.862468]},"properties":{"category":"ns_station","name":"Nijmegen Lent","operator":""}},{"type":"Feature","geometry":{"type":"Point","coordinates":[5.867953,51.826778]},"properties":{"category":"ns_station","name":"Nijmegen Heyendaal","operator":""}},{"type":"Feature","geometry":{"type":"Point","coordinates":[5.781768,51.820441]},"properties":{"category":"bus_halte","name":"Streekweg","operator":""}},{"type":"Feature","geometry":{"type":"Point","coordinates":[5.861628,51.863085]},"properties":{"category":"bus_halte","name":"Station Lent","operator":""}},{"type":"Feature","geometry":{"type":"Point","coordinates":[5.79758,51.825571]},"properties":{"category":"bus_halte","name":"Viaductweg","operator":""}},{"type":"Feature","geometry":{"type":"Point","coordinates":[5.796146,51.825581]},"properties":{"category":"bus_halte","name":"Viaductweg","operator":""}},{"type":"Feature","geometry":{"type":"Point","coordinates":[5.784754,51.820733]},"properties":{"category":"bus_halte","name":"Streekweg","operator":""}},{"type":"Feature","geometry":{"type":"Point","coordinates":[5.801138,51.825695]},"properties":{"category":"bus_halte","name":"Woonboulevard","operator":""}},{"type":"Feature","geometry":{"type":"Point","coordinates":[5.799999,51.825727]},"properties":{"category":"bus_halte","name":"Woonboulevard","operator":""}},{"type":"Feature","geometry":{"type":"Point","coordinates":[5.803935,51.825874]},"properties":{"category":"bus_halte","name":"Graafsebrug","operator":""}},{"type":"Feature","geometry":{"type":"Point","coordinates":[5.821967,51.828011]},"properties":{"category":"bus_halte","name":"Neerbosscheweg","operator":""}},{"type":"Feature","geometry":{"type":"Point","coordinates":[5.82074,51.82849]},"properties":{"category":"bus_halte","name":"Neerbosscheweg","operator":""}},{"type":"Feature","geometry":{"type":"Point","coordinates":[5.825639,51.830629]},"properties":{"category":"bus_halte","name":"Dennenstraat","operator":""}},{"type":"Feature","geometry":{"type":"Point","coordinates":[5.827433,51.829917]},"properties":{"category":"bus_halte","name":"Dennenstraat","operator":""}},{"type":"Feature","geometry":{"type":"Point","coordinates":[5.797345,51.80559]},"properties":{"category":"bus_halte","name":"Aldenhof 53/14 straat","operator":""}},{"type":"Feature","geometry":{"type":"Point","coordinates":[5.798802,51.803985]},"properties":{"category":"bus_halte","name":"Aldenhof 13/38 str.","operator":""}},{"type":"Feature","geometry":{"type":"Point","coordinates":[5.798126,51.807985]},"properties":{"category":"bus_halte","name":"Aldenhof 52/64 str.","operator":""}},{"type":"Feature","geometry":{"type":"Point","coordinates":[5.797977,51.81069]},"properties":{"category":"bus_halte","name":"Meijhorst-Sporthal","operator":""}},{"type":"Feature","geometry":{"type":"Point","coordinates":[5.797603,51.810507]},"properties":{"category":"bus_halte","name":"Meijhorst-Sporthal","operator":""}},{"type":"Feature","geometry":{"type":"Point","coordinates":[5.759123,51.823925]},"properties":{"category":"bus_halte","name":"Palkerplein","operator":""}},{"type":"Feature","geometry":{"type":"Point","coordinates":[5.758774,51.824278]},"properties":{"category":"bus_halte","name":"Palkerplein","operator":""}},{"type":"Feature","geometry":{"type":"Point","coordinates":[5.794971,51.813077]},"properties":{"category":"bus_halte","name":"Meijhorst 13e straat","operator":""}},{"type":"Feature","geometry":{"type":"Point","coordinates":[5.795222,51.813231]},"properties":{"category":"bus_halte","name":"Meijhorst 13e straat","operator":""}},{"type":"Feature","geometry":{"type":"Point","coordinates":[5.7948,51.818912]},"properties":{"category":"bus_halte","name":"Tolhuis 10e straat","operator":""}},{"type":"Feature","geometry":{"type":"Point","coordinates":[5.794846,51.818725]},"properties":{"category":"bus_halte","name":"Tolhuis 10e straat","operator":""}},{"type":"Feature","geometry":{"type":"Point","coordinates":[5.805476,51.802394]},"properties":{"category":"bus_halte","name":"Weezenhof 10e straat","operator":""}},{"type":"Feature","geometry":{"type":"Point","coordinates":[5.803197,51.804988]},"properties":{"category":"bus_halte","name":"Aldenhof 12/32 str.","operator":""}},{"type":"Feature","geometry":{"type":"Point","coordinates":[5.805863,51.804194]},"properties":{"category":"bus_halte","name":"De Doekenborg","operator":""}},{"type":"Feature","geometry":{"type":"Point","coordinates":[5.805959,51.804652]},"properties":{"category":"bus_halte","name":"De Doekenborg","operator":""}},{"type":"Feature","geometry":{"type":"Point","coordinates":[5.806879,51.802484]},"properties":{"category":"bus_halte","name":"Weezenhof 10e straat","operator":""}},{"type":"Feature","geometry":{"type":"Point","coordinates":[5.809144,51.801057]},"properties":{"category":"bus_halte","name":"Weezenhof","operator":""}},{"type":"Feature","geometry":{"type":"Point","coordinates":[5.803161,51.808037]},"properties":{"category":"bus_halte","name":"Van Apelterenweg","operator":""}},{"type":"Feature","geometry":{"type":"Point","coordinates":[5.801682,51.808434]},"properties":{"category":"bus_halte","name":"Aldenhof 50/70 str.","operator":""}},{"type":"Feature","geometry":{"type":"Point","coordinates":[5.803604,51.807954]},"properties":{"category":"bus_halte","name":"Van Apelterenweg","operator":""}},{"type":"Feature","geometry":{"type":"Point","coordinates":[5.852642,51.808036]},"properties":{"category":"bus_halte","name":"Scheidingsweg","operator":""}},{"type":"Feature","geometry":{"type":"Point","coordinates":[5.853313,51.808964]},"properties":{"category":"bus_halte","name":"Scheidingsweg","operator":""}},{"type":"Feature","geometry":{"type":"Point","coordinates":[5.800641,51.817752]},"properties":{"category":"bus_halte","name":"Steve Bikoplein","operator":""}},{"type":"Feature","geometry":{"type":"Point","coordinates":[5.800553,51.81748]},"properties":{"category":"bus_halte","name":"Steve Bikoplein","operator":""}},{"type":"Feature","geometry":{"type":"Point","coordinates":[5.819082,51.820817]},"properties":{"category":"bus_halte","name":"Winkelsteeg","operator":""}},{"type":"Feature","geometry":{"type":"Point","coordinates":[5.819133,51.820426]},"properties":{"category":"bus_halte","name":"Winkelsteeg","operator":""}},{"type":"Feature","geometry":{"type":"Point","coordinates":[5.828006,51.813832]},"properties":{"category":"bus_halte","name":"Begraafplaats Jonkerbos","operator":""}},{"type":"Feature","geometry":{"type":"Point","coordinates":[5.8277,51.813774]},"properties":{"category":"bus_halte","name":"Begraafplaats Jonkerbos","operator":""}},{"type":"Feature","geometry":{"type":"Point","coordinates":[5.829404,51.816975]},"properties":{"category":"bus_halte","name":"Canisius Wilhelmina Ziekenhuis","operator":""}},{"type":"Feature","geometry":{"type":"Point","coordinates":[5.82987,51.817811]},"properties":{"category":"bus_halte","name":"Canisius Wilhelmina Ziekenhuis","operator":""}},{"type":"Feature","geometry":{"type":"Point","coordinates":[5.8228,51.823054]},"properties":{"category":"bus_halte","name":"Sportcentrum Nimma Nova","operator":""}},{"type":"Feature","geometry":{"type":"Point","coordinates":[5.824325,51.823531]},"properties":{"category":"bus_halte","name":"Sportcentrum Nimma Nova","operator":""}},{"type":"Feature","geometry":{"type":"Point","coordinates":[5.854438,51.814997]},"properties":{"category":"bus_halte","name":"Sint Annastraat / Heiweg","operator":""}},{"type":"Feature","geometry":{"type":"Point","coordinates":[5.845652,51.820166]},"properties":{"category":"bus_halte","name":"Meentstraat","operator":""}},{"type":"Feature","geometry":{"type":"Point","coordinates":[5.845743,51.820031]},"properties":{"category":"bus_halte","name":"Meentstraat","operator":""}},{"type":"Feature","geometry":{"type":"Point","coordinates":[5.8669,51.816861]},"properties":{"category":"bus_halte","name":"Kwekerijweg","operator":""}},{"type":"Feature","geometry":{"type":"Point","coordinates":[5.867028,51.817248]},"properties":{"category":"bus_halte","name":"Kwekerijweg","operator":""}},{"type":"Feature","geometry":{"type":"Point","coordinates":[5.853528,51.835977]},"properties":{"category":"bus_halte","name":"Spoorkuil","operator":""}},{"type":"Feature","geometry":{"type":"Point","coordinates":[5.858519,51.842836]},"properties":{"category":"bus_halte","name":"Centrum Zuid","operator":""}},{"type":"Feature","geometry":{"type":"Point","coordinates":[5.859024,51.842965]},"properties":{"category":"bus_halte","name":"Centrum Zuid","operator":""}},{"type":"Feature","geometry":{"type":"Point","coordinates":[5.859621,51.844306]},"properties":{"category":"bus_halte","name":"Smetiusstraat","operator":""}},{"type":"Feature","geometry":{"type":"Point","coordinates":[5.858913,51.844099]},"properties":{"category":"bus_halte","name":"Smetiusstraat","operator":""}},{"type":"Feature","geometry":{"type":"Point","coordinates":[5.875933,51.841593]},"properties":{"category":"bus_halte","name":"Hugo de Grootstraat","operator":""}},{"type":"Feature","geometry":{"type":"Point","coordinates":[5.875619,51.841858]},"properties":{"category":"bus_halte","name":"Hugo de Grootstraat","operator":""}},{"type":"Feature","geometry":{"type":"Point","coordinates":[5.879735,51.839405]},"properties":{"category":"bus_halte","name":"Mesdagstraat","operator":""}},{"type":"Feature","geometry":{"type":"Point","coordinates":[5.880424,51.839092]},"properties":{"category":"bus_halte","name":"Mesdagstraat","operator":""}},{"type":"Feature","geometry":{"type":"Point","coordinates":[5.872279,51.845614]},"properties":{"category":"bus_halte","name":"Hunnerpark","operator":""}},{"type":"Feature","geometry":{"type":"Point","coordinates":[5.872329,51.845394]},"properties":{"category":"bus_halte","name":"Hunnerpark","operator":""}},{"type":"Feature","geometry":{"type":"Point","coordinates":[5.825996,51.853945]},"properties":{"category":"bus_halte","name":"Sluis Weurt","operator":""}},{"type":"Feature","geometry":{"type":"Point","coordinates":[5.825957,51.85381]},"properties":{"category":"bus_halte","name":"Sluis Weurt","operator":""}},{"type":"Feature","geometry":{"type":"Point","coordinates":[5.811228,51.805259]},"properties":{"category":"bus_halte","name":"Van Boetbergweg/Malvert","operator":""}},{"type":"Feature","geometry":{"type":"Point","coordinates":[5.811441,51.805077]},"properties":{"category":"bus_halte","name":"Van Boetbergweg/Malvert","operator":""}},{"type":"Feature","geometry":{"type":"Point","coordinates":[5.807093,51.809595]},"properties":{"category":"bus_halte","name":"Winkelcentrum Malvert","operator":""}},{"type":"Feature","geometry":{"type":"Point","coordinates":[5.82833,51.804632]},"properties":{"category":"bus_halte","name":"Thorbeckestraat","operator":""}},{"type":"Feature","geometry":{"type":"Point","coordinates":[5.828795,51.80477]},"properties":{"category":"bus_halte","name":"Thorbeckestraat","operator":""}},{"type":"Feature","geometry":{"type":"Point","coordinates":[5.824246,51.807097]},"properties":{"category":"bus_halte","name":"Couwenbergstraat","operator":""}},{"type":"Feature","geometry":{"type":"Point","coordinates":[5.824412,51.807207]},"properties":{"category":"bus_halte","name":"Couwenbergstraat","operator":""}},{"type":"Feature","geometry":{"type":"Point","coordinates":[5.837235,51.806913]},"properties":{"category":"bus_halte","name":"Irene Vorrinkstraat","operator":""}},{"type":"Feature","geometry":{"type":"Point","coordinates":[5.837534,51.807152]},"properties":{"category":"bus_halte","name":"Irene Vorrinkstraat","operator":""}},{"type":"Feature","geometry":{"type":"Point","coordinates":[5.858391,51.831748]},"properties":{"category":"bus_halte","name":"Groenestraat","operator":""}},{"type":"Feature","geometry":{"type":"Point","coordinates":[5.874216,51.830527]},"properties":{"category":"bus_halte","name":"Groenewoudseweg","operator":""}},{"type":"Feature","geometry":{"type":"Point","coordinates":[5.874897,51.829331]},"properties":{"category":"bus_halte","name":"Groenewoudseweg","operator":""}},{"type":"Feature","geometry":{"type":"Point","coordinates":[5.855225,51.84386]},"properties":{"category":"bus_halte","name":"Tunnelweg","operator":""}},{"type":"Feature","geometry":{"type":"Point","coordinates":[5.864592,51.839025]},"properties":{"category":"bus_halte","name":"Fransestraat","operator":""}},{"type":"Feature","geometry":{"type":"Point","coordinates":[5.87155,51.834205]},"properties":{"category":"bus_halte","name":"Kazerne","operator":""}},{"type":"Feature","geometry":{"type":"Point","coordinates":[5.870041,51.835535]},"properties":{"category":"bus_halte","name":"Kazerne","operator":""}},{"type":"Feature","geometry":{"type":"Point","coordinates":[5.786767,51.828821]},"properties":{"category":"bus_halte","name":"Hegdambroek","operator":""}},{"type":"Feature","geometry":{"type":"Point","coordinates":[5.792541,51.826602]},"properties":{"category":"bus_halte","name":"Spijkerhofweg","operator":""}},{"type":"Feature","geometry":{"type":"Point","coordinates":[5.792594,51.826785]},"properties":{"category":"bus_halte","name":"Spijkerhofweg","operator":""}},{"type":"Feature","geometry":{"type":"Point","coordinates":[5.796815,51.829063]},"properties":{"category":"bus_halte","name":"Voorstenkamp/Gildekamp","operator":""}},{"type":"Feature","geometry":{"type":"Point","coordinates":[5.785107,51.835675]},"properties":{"category":"bus_halte","name":"Zellersacker","operator":""}},{"type":"Feature","geometry":{"type":"Point","coordinates":[5.786271,51.835681]},"properties":{"category":"bus_halte","name":"Zellersacker","operator":""}},{"type":"Feature","geometry":{"type":"Point","coordinates":[5.796463,51.835057]},"properties":{"category":"bus_halte","name":"Meeuwseacker","operator":""}},{"type":"Feature","geometry":{"type":"Point","coordinates":[5.798591,51.834791]},"properties":{"category":"bus_halte","name":"IJpenbroekweg","operator":""}},{"type":"Feature","geometry":{"type":"Point","coordinates":[5.79863,51.834498]},"properties":{"category":"bus_halte","name":"IJpenbroekweg","operator":""}},{"type":"Feature","geometry":{"type":"Point","coordinates":[5.803124,51.802307]},"properties":{"category":"bus_halte","name":"Van Boetbergweg/Aldenhof","operator":""}},{"type":"Feature","geometry":{"type":"Point","coordinates":[5.803827,51.802892]},"properties":{"category":"bus_halte","name":"Van Boetbergweg/Aldenhof","operator":""}},{"type":"Feature","geometry":{"type":"Point","coordinates":[5.823465,51.808238]},"properties":{"category":"bus_halte","name":"Hatert-Centrum","operator":""}},{"type":"Feature","geometry":{"type":"Point","coordinates":[5.828258,51.809181]},"properties":{"category":"bus_halte","name":"Treubstraat","operator":""}},{"type":"Feature","geometry":{"type":"Point","coordinates":[5.828558,51.808795]},"properties":{"category":"bus_halte","name":"Treubstraat","operator":""}},{"type":"Feature","geometry":{"type":"Point","coordinates":[5.827967,51.821333]},"properties":{"category":"bus_halte","name":"Sanadome","operator":""}},{"type":"Feature","geometry":{"type":"Point","coordinates":[5.827939,51.820417]},"properties":{"category":"bus_halte","name":"Sanadome","operator":""}},{"type":"Feature","geometry":{"type":"Point","coordinates":[5.832107,51.828645]},"properties":{"category":"bus_halte","name":"Manningstraat","operator":""}},{"type":"Feature","geometry":{"type":"Point","coordinates":[5.831493,51.828365]},"properties":{"category":"bus_halte","name":"Manningstraat","operator":""}},{"type":"Feature","geometry":{"type":"Point","coordinates":[5.844579,51.831591]},"properties":{"category":"bus_halte","name":"Muntweg/Wezenlaan","operator":""}},{"type":"Feature","geometry":{"type":"Point","coordinates":[5.844344,51.8315]},"properties":{"category":"bus_halte","name":"Muntweg/Wezenlaan","operator":""}},{"type":"Feature","geometry":{"type":"Point","coordinates":[5.802899,51.833565]},"properties":{"category":"bus_halte","name":"Wellenkamp/Hoefkamp","operator":""}},{"type":"Feature","geometry":{"type":"Point","coordinates":[5.81662,51.837708]},"properties":{"category":"bus_halte","name":"Dr. de Blecourtstraat","operator":""}},{"type":"Feature","geometry":{"type":"Point","coordinates":[5.816398,51.83787]},"properties":{"category":"bus_halte","name":"Dr. de Blecourtstraat","operator":""}},{"type":"Feature","geometry":{"type":"Point","coordinates":[5.824979,51.843833]},"properties":{"category":"bus_halte","name":"Energieweg/Wolfskuilseweg","operator":""}},{"type":"Feature","geometry":{"type":"Point","coordinates":[5.825875,51.844264]},"properties":{"category":"bus_halte","name":"Energieweg/Wolfskuilseweg","operator":""}},{"type":"Feature","geometry":{"type":"Point","coordinates":[5.846873,51.830791]},"properties":{"category":"bus_halte","name":"Dobbelmannweg/Groenestraat","operator":""}},{"type":"Feature","geometry":{"type":"Point","coordinates":[5.847275,51.833257]},"properties":{"category":"bus_halte","name":"Thijmstraat","operator":""}},{"type":"Feature","geometry":{"type":"Point","coordinates":[5.848043,51.83161]},"properties":{"category":"bus_halte","name":"Willemsweg/Groenestraat","operator":""}},{"type":"Feature","geometry":{"type":"Point","coordinates":[5.848852,51.833537]},"properties":{"category":"bus_halte","name":"Thijmstraat","operator":""}},{"type":"Feature","geometry":{"type":"Point","coordinates":[5.868286,51.843909]},"properties":{"category":"bus_halte","name":"Hertogplein","operator":""}},{"type":"Feature","geometry":{"type":"Point","coordinates":[5.868877,51.844545]},"properties":{"category":"bus_halte","name":"Hertogplein","operator":""}},{"type":"Feature","geometry":{"type":"Point","coordinates":[5.800448,51.845402]},"properties":{"category":"bus_halte","name":"Hogelandseweg","operator":""}},{"type":"Feature","geometry":{"type":"Point","coordinates":[5.804581,51.840981]},"properties":{"category":"bus_halte","name":"Lagelandseweg","operator":""}},{"type":"Feature","geometry":{"type":"Point","coordinates":[5.805058,51.841785]},"properties":{"category":"bus_halte","name":"Lagelandseweg","operator":""}},{"type":"Feature","geometry":{"type":"Point","coordinates":[5.802442,51.843759]},"properties":{"category":"bus_halte","name":"Hogelandseweg","operator":""}},{"type":"Feature","geometry":{"type":"Point","coordinates":[5.864783,51.849767]},"properties":{"category":"bus_halte","name":"Waalkade","operator":""}},{"type":"Feature","geometry":{"type":"Point","coordinates":[5.864799,51.863245]},"properties":{"category":"bus_halte","name":"Lentseveld","operator":""}},{"type":"Feature","geometry":{"type":"Point","coordinates":[5.864904,51.863173]},"properties":{"category":"bus_halte","name":"Lentseveld","operator":""}},{"type":"Feature","geometry":{"type":"Point","coordinates":[5.85468,51.868982]},"properties":{"category":"bus_halte","name":"Dijkstraat","operator":""}},{"type":"Feature","geometry":{"type":"Point","coordinates":[5.855316,51.868142]},"properties":{"category":"bus_halte","name":"Dijkstraat","operator":""}},{"type":"Feature","geometry":{"type":"Point","coordinates":[5.872262,51.869989]},"properties":{"category":"bus_halte","name":"Fluitenkruid","operator":""}},{"type":"Feature","geometry":{"type":"Point","coordinates":[5.841461,51.88165]},"properties":{"category":"bus_halte","name":"Kruidenstraat","operator":""}},{"type":"Feature","geometry":{"type":"Point","coordinates":[5.841501,51.881519]},"properties":{"category":"bus_halte","name":"Kruidenstraat","operator":""}},{"type":"Feature","geometry":{"type":"Point","coordinates":[5.840606,51.888168]},"properties":{"category":"bus_halte","name":"Stationsstraat","operator":""}},{"type":"Feature","geometry":{"type":"Point","coordinates":[5.841344,51.887144]},"properties":{"category":"bus_halte","name":"Stationsstraat","operator":""}},{"type":"Feature","geometry":{"type":"Point","coordinates":[5.84548,51.88312]},"properties":{"category":"bus_halte","name":"Oude Groenestraat","operator":""}},{"type":"Feature","geometry":{"type":"Point","coordinates":[5.874802,51.845207]},"properties":{"category":"bus_halte","name":"Terwindtstraat","operator":""}},{"type":"Feature","geometry":{"type":"Point","coordinates":[5.875041,51.846021]},"properties":{"category":"bus_halte","name":"Terwindtstraat","operator":""}},{"type":"Feature","geometry":{"type":"Point","coordinates":[5.849542,51.874501]},"properties":{"category":"bus_halte","name":"Aquilastraat","operator":""}},{"type":"Feature","geometry":{"type":"Point","coordinates":[5.849568,51.874574]},"properties":{"category":"bus_halte","name":"Aquilastraat","operator":""}},{"type":"Feature","geometry":{"type":"Point","coordinates":[5.805355,51.825774]},"properties":{"category":"bus_halte","name":"Graafsebrug","operator":""}},{"type":"Feature","geometry":{"type":"Point","coordinates":[5.851155,51.821905]},"properties":{"category":"bus_halte","name":"Akkerlaan","operator":""}},{"type":"Feature","geometry":{"type":"Point","coordinates":[5.851407,51.822764]},"properties":{"category":"bus_halte","name":"Akkerlaan","operator":""}},{"type":"Feature","geometry":{"type":"Point","coordinates":[5.845875,51.809795]},"properties":{"category":"bus_halte","name":"Archimedesstraat","operator":""}},{"type":"Feature","geometry":{"type":"Point","coordinates":[5.846048,51.809922]},"properties":{"category":"bus_halte","name":"Archimedesstraat","operator":""}},{"type":"Feature","geometry":{"type":"Point","coordinates":[5.817686,51.831333]},"properties":{"category":"bus_halte","name":"Aubadestraat","operator":""}},{"type":"Feature","geometry":{"type":"Point","coordinates":[5.819106,51.831735]},"properties":{"category":"bus_halte","name":"Aubadestraat","operator":""}},{"type":"Feature","geometry":{"type":"Point","coordinates":[5.876445,51.837258]},"properties":{"category":"bus_halte","name":"Badhuis","operator":"Breng"}},{"type":"Feature","geometry":{"type":"Point","coordinates":[5.876226,51.837707]},"properties":{"category":"bus_halte","name":"Badhuis","operator":""}},{"type":"Feature","geometry":{"type":"Point","coordinates":[5.849555,51.818412]},"properties":{"category":"bus_halte","name":"Beemdstraat","operator":""}},{"type":"Feature","geometry":{"type":"Point","coordinates":[5.849738,51.818577]},"properties":{"category":"bus_halte","name":"Beemdstraat","operator":""}},{"type":"Feature","geometry":{"type":"Point","coordinates":[5.858618,51.820774]},"properties":{"category":"bus_halte","name":"Spinozagebouw/Tandheelkunde","operator":""}},{"type":"Feature","geometry":{"type":"Point","coordinates":[5.858255,51.820915]},"properties":{"category":"bus_halte","name":"Spinozagebouw/Tandheelkunde","operator":""}},{"type":"Feature","geometry":{"type":"Point","coordinates":[5.889981,51.832896]},"properties":{"category":"bus_halte","name":"Beukstraat","operator":""}},{"type":"Feature","geometry":{"type":"Point","coordinates":[5.891033,51.832923]},"properties":{"category":"bus_halte","name":"Beukstraat","operator":""}},{"type":"Feature","geometry":{"type":"Point","coordinates":[5.879374,51.868845]},"properties":{"category":"bus_halte","name":"Bekkersland","operator":""}},{"type":"Feature","geometry":{"type":"Point","coordinates":[5.87933,51.868878]},"properties":{"category":"bus_halte","name":"Bekkersland","operator":""}},{"type":"Feature","geometry":{"type":"Point","coordinates":[5.845034,51.87614]},"properties":{"category":"bus_halte","name":"De Klif","operator":""}},{"type":"Feature","geometry":{"type":"Point","coordinates":[5.844721,51.876336]},"properties":{"category":"bus_halte","name":"De Klif","operator":""}},{"type":"Feature","geometry":{"type":"Point","coordinates":[5.806774,51.809075]},"properties":{"category":"bus_halte","name":"Winkelcentrum Malvert","operator":""}},{"type":"Feature","geometry":{"type":"Point","coordinates":[5.868583,51.869925]},"properties":{"category":"bus_halte","name":"De Ster","operator":""}},{"type":"Feature","geometry":{"type":"Point","coordinates":[5.868336,51.870012]},"properties":{"category":"bus_halte","name":"De Ster","operator":""}},{"type":"Feature","geometry":{"type":"Point","coordinates":[5.873257,51.839723]},"properties":{"category":"bus_halte","name":"Dominicanenstraat","operator":"Breng"}},{"type":"Feature","geometry":{"type":"Point","coordinates":[5.8726,51.840296]},"properties":{"category":"bus_halte","name":"Dominicanenstraat","operator":""}},{"type":"Feature","geometry":{"type":"Point","coordinates":[5.878787,51.872464]},"properties":{"category":"bus_halte","name":"Doornik","operator":""}},{"type":"Feature","geometry":{"type":"Point","coordinates":[5.842889,51.809956]},"properties":{"category":"bus_halte","name":"Edisonstraat","operator":""}},{"type":"Feature","geometry":{"type":"Point","coordinates":[5.842198,51.810152]},"properties":{"category":"bus_halte","name":"Edisonstraat","operator":""}},{"type":"Feature","geometry":{"type":"Point","coordinates":[5.866656,51.819624]},"properties":{"category":"bus_halte","name":"Gymnasion","operator":""}},{"type":"Feature","geometry":{"type":"Point","coordinates":[5.865162,51.82019]},"properties":{"category":"bus_halte","name":"Erasmusgebouw","operator":""}},{"type":"Feature","geometry":{"type":"Point","coordinates":[5.865265,51.820279]},"properties":{"category":"bus_halte","name":"Erasmusgebouw","operator":""}},{"type":"Feature","geometry":{"type":"Point","coordinates":[5.86687,51.819649]},"properties":{"category":"bus_halte","name":"Gymnasion","operator":""}},{"type":"Feature","geometry":{"type":"Point","coordinates":[5.863751,51.839424]},"properties":{"category":"bus_halte","name":"Fransestraat","operator":""}},{"type":"Feature","geometry":{"type":"Point","coordinates":[5.839558,51.841061]},"properties":{"category":"bus_halte","name":"Fuchsiastraat","operator":""}},{"type":"Feature","geometry":{"type":"Point","coordinates":[5.840036,51.841692]},"properties":{"category":"bus_halte","name":"Fuchsiastraat","operator":""}},{"type":"Feature","geometry":{"type":"Point","coordinates":[5.801268,51.830018]},"properties":{"category":"bus_halte","name":"Gildekamp/Kluijskamp","operator":""}},{"type":"Feature","geometry":{"type":"Point","coordinates":[5.842277,51.835394]},"properties":{"category":"bus_halte","name":"Graafseweg/Wolfskuilseweg","operator":""}},{"type":"Feature","geometry":{"type":"Point","coordinates":[5.841417,51.835245]},"properties":{"category":"bus_halte","name":"Graafseweg/Wolfskuilseweg","operator":""}},{"type":"Feature","geometry":{"type":"Point","coordinates":[5.86444,51.869352]},"properties":{"category":"bus_halte","name":"Frankrijkstraat","operator":""}},{"type":"Feature","geometry":{"type":"Point","coordinates":[5.86435,51.869504]},"properties":{"category":"bus_halte","name":"Frankrijkstraat","operator":""}},{"type":"Feature","geometry":{"type":"Point","coordinates":[5.864341,51.825722]},"properties":{"category":"bus_halte","name":"HAN","operator":""}},{"type":"Feature","geometry":{"type":"Point","coordinates":[5.864225,51.825856]},"properties":{"category":"bus_halte","name":"HAN","operator":""}},{"type":"Feature","geometry":{"type":"Point","coordinates":[5.82367,51.808072]},"properties":{"category":"bus_halte","name":"Hatert-Centrum","operator":""}},{"type":"Feature","geometry":{"type":"Point","coordinates":[5.82511,51.800018]},"properties":{"category":"bus_halte","name":"Hatert-Delsenhof","operator":""}},{"type":"Feature","geometry":{"type":"Point","coordinates":[5.831652,51.811435]},"properties":{"category":"bus_halte","name":"Hatertseweg/Grootstalseln","operator":""}},{"type":"Feature","geometry":{"type":"Point","coordinates":[5.831812,51.811712]},"properties":{"category":"bus_halte","name":"Hatertseweg/Grootstalseln","operator":""}},{"type":"Feature","geometry":{"type":"Point","coordinates":[5.788375,51.828795]},"properties":{"category":"bus_halte","name":"Hegdambroek","operator":""}},{"type":"Feature","geometry":{"type":"Point","coordinates":[5.82882,51.826691]},"properties":{"category":"bus_halte","name":"Heideparkseweg","operator":""}},{"type":"Feature","geometry":{"type":"Point","coordinates":[5.82884,51.826793]},"properties":{"category":"bus_halte","name":"Heideparkseweg","operator":""}},{"type":"Feature","geometry":{"type":"Point","coordinates":[5.885382,51.833618]},"properties":{"category":"bus_halte","name":"Hengstdalseweg/Broerdijk","operator":""}},{"type":"Feature","geometry":{"type":"Point","coordinates":[5.886245,51.833565]},"properties":{"category":"bus_halte","name":"Hengstdalseweg/Broerdijk","operator":""}},{"type":"Feature","geometry":{"type":"Point","coordinates":[5.895626,51.831755]},"properties":{"category":"bus_halte","name":"Hengstdalseweg/Sophiaweg","operator":""}},{"type":"Feature","geometry":{"type":"Point","coordinates":[5.895927,51.831793]},"properties":{"category":"bus_halte","name":"Hengstdalseweg/Sophiaweg","operator":""}},{"type":"Feature","geometry":{"type":"Point","coordinates":[5.832775,51.849021]},"properties":{"category":"bus_halte","name":"Industrieweg","operator":""}},{"type":"Feature","geometry":{"type":"Point","coordinates":[5.833629,51.848646]},"properties":{"category":"bus_halte","name":"Industrieweg","operator":""}},{"type":"Feature","geometry":{"type":"Point","coordinates":[5.846962,51.827543]},"properties":{"category":"bus_halte","name":"Hertstraat","operator":""}},{"type":"Feature","geometry":{"type":"Point","coordinates":[5.847069,51.827716]},"properties":{"category":"bus_halte","name":"Hertstraat","operator":""}},{"type":"Feature","geometry":{"type":"Point","coordinates":[5.872817,51.865753]},"properties":{"category":"bus_halte","name":"Eikenlaan","operator":""}},{"type":"Feature","geometry":{"type":"Point","coordinates":[5.877374,51.865913]},"properties":{"category":"bus_halte","name":"Duitslandstraat","operator":""}},{"type":"Feature","geometry":{"type":"Point","coordinates":[5.781667,51.833938]},"properties":{"category":"bus_halte","name":"Hillekensacker 10e str.","operator":""}},{"type":"Feature","geometry":{"type":"Point","coordinates":[5.781457,51.834068]},"properties":{"category":"bus_halte","name":"Hillekensacker 10e str.","operator":""}},{"type":"Feature","geometry":{"type":"Point","coordinates":[5.831349,51.806227]},"properties":{"category":"bus_halte","name":"Hogendorpstraat","operator":""}},{"type":"Feature","geometry":{"type":"Point","coordinates":[5.831561,51.80676]},"properties":{"category":"bus_halte","name":"Hogendorpstraat","operator":""}},{"type":"Feature","geometry":{"type":"Point","coordinates":[5.793026,51.834715]},"properties":{"category":"bus_halte","name":"Horstacker","operator":""}},{"type":"Feature","geometry":{"type":"Point","coordinates":[5.792046,51.834397]},"properties":{"category":"bus_halte","name":"Horstacker","operator":""}},{"type":"Feature","geometry":{"type":"Point","coordinates":[5.837458,51.878893]},"properties":{"category":"bus_halte","name":"Jonagoldstraat","operator":""}},{"type":"Feature","geometry":{"type":"Point","coordinates":[5.837522,51.87895]},"properties":{"category":"bus_halte","name":"Jonagoldstraat","operator":""}},{"type":"Feature","geometry":{"type":"Point","coordinates":[5.856261,51.847988]},"properties":{"category":"bus_halte","name":"Kronenburgersingel","operator":""}},{"type":"Feature","geometry":{"type":"Point","coordinates":[5.837485,51.814462]},"properties":{"category":"bus_halte","name":"Kamerlingh Onnesstraat","operator":""}},{"type":"Feature","geometry":{"type":"Point","coordinates":[5.837638,51.814732]},"properties":{"category":"bus_halte","name":"Kamerlingh Onnesstraat","operator":""}},{"type":"Feature","geometry":{"type":"Point","coordinates":[5.861076,51.813475]},"properties":{"category":"bus_halte","name":"Kanunnik Mijllinckstraat","operator":""}},{"type":"Feature","geometry":{"type":"Point","coordinates":[5.844529,51.850879]},"properties":{"category":"bus_halte","name":"Merwedestraat","operator":""}},{"type":"Feature","geometry":{"type":"Point","coordinates":[5.844559,51.850987]},"properties":{"category":"bus_halte","name":"Merwedestraat","operator":""}},{"type":"Feature","geometry":{"type":"Point","coordinates":[5.869478,51.846466]},"properties":{"category":"bus_halte","name":"Valkhof","operator":""}},{"type":"Feature","geometry":{"type":"Point","coordinates":[5.869669,51.846574]},"properties":{"category":"bus_halte","name":"Valkhof","operator":""}},{"type":"Feature","geometry":{"type":"Point","coordinates":[5.880744,51.834355]},"properties":{"category":"bus_halte","name":"Koningshof","operator":""}},{"type":"Feature","geometry":{"type":"Point","coordinates":[5.880649,51.834434]},"properties":{"category":"bus_halte","name":"Koningshof","operator":"Breng"}},{"type":"Feature","geometry":{"type":"Point","coordinates":[5.841339,51.816962]},"properties":{"category":"bus_halte","name":"Krekelstraat","operator":""}},{"type":"Feature","geometry":{"type":"Point","coordinates":[5.841624,51.817348]},"properties":{"category":"bus_halte","name":"Krekelstraat","operator":""}},{"type":"Feature","geometry":{"type":"Point","coordinates":[5.809587,51.813298]},"properties":{"category":"bus_halte","name":"Lankforst 14e str.","operator":""}},{"type":"Feature","geometry":{"type":"Point","coordinates":[5.809273,51.813768]},"properties":{"category":"bus_halte","name":"Lankforst 14e str.","operator":""}},{"type":"Feature","geometry":{"type":"Point","coordinates":[5.779611,51.832051]},"properties":{"category":"bus_halte","name":"Leuvensbroek","operator":""}},{"type":"Feature","geometry":{"type":"Point","coordinates":[5.780038,51.832366]},"properties":{"category":"bus_halte","name":"Leuvensbroek","operator":""}},{"type":"Feature","geometry":{"type":"Point","coordinates":[5.873431,51.867328]},"properties":{"category":"bus_halte","name":"Eikenlaan","operator":""}},{"type":"Feature","geometry":{"type":"Point","coordinates":[5.811724,51.806322]},"properties":{"category":"bus_halte","name":"Malvert 13e straat","operator":""}},{"type":"Feature","geometry":{"type":"Point","coordinates":[5.811736,51.806573]},"properties":{"category":"bus_halte","name":"Malvert 13e straat","operator":""}},{"type":"Feature","geometry":{"type":"Point","coordinates":[5.880443,51.822667]},"properties":{"category":"bus_halte","name":"Marienboom","operator":""}},{"type":"Feature","geometry":{"type":"Point","coordinates":[5.880185,51.822758]},"properties":{"category":"bus_halte","name":"Marienboom","operator":""}},{"type":"Feature","geometry":{"type":"Point","coordinates":[5.823688,51.802066]},"properties":{"category":"bus_halte","name":"Middachtenstraat","operator":""}},{"type":"Feature","geometry":{"type":"Point","coordinates":[5.823514,51.802084]},"properties":{"category":"bus_halte","name":"Middachtenstraat","operator":""}},{"type":"Feature","geometry":{"type":"Point","coordinates":[5.836136,51.838854]},"properties":{"category":"bus_halte","name":"Molenweg/Wolfskuilseweg","operator":""}},{"type":"Feature","geometry":{"type":"Point","coordinates":[5.835956,51.838837]},"properties":{"category":"bus_halte","name":"Molenweg/Wolfskuilseweg","operator":""}},{"type":"Feature","geometry":{"type":"Point","coordinates":[5.87341,51.844504]},"properties":{"category":"bus_halte","name":"Meester Franckenstraat","operator":""}},{"type":"Feature","geometry":{"type":"Point","coordinates":[5.873487,51.84381]},"properties":{"category":"bus_halte","name":"Meester Franckenstraat","operator":""}},{"type":"Feature","geometry":{"type":"Point","coordinates":[5.835374,51.830806]},"properties":{"category":"bus_halte","name":"Muntweg/Overweg","operator":""}},{"type":"Feature","geometry":{"type":"Point","coordinates":[5.835921,51.830878]},"properties":{"category":"bus_halte","name":"Muntweg/Overweg","operator":""}},{"type":"Feature","geometry":{"type":"Point","coordinates":[5.81016,51.828062]},"properties":{"category":"bus_halte","name":"Nocturnestraat","operator":""}},{"type":"Feature","geometry":{"type":"Point","coordinates":[5.810078,51.82812]},"properties":{"category":"bus_halte","name":"Nocturnestraat","operator":""}},{"type":"Feature","geometry":{"type":"Point","coordinates":[5.875806,51.835129]},"properties":{"category":"bus_halte","name":"Obrechtstraat","operator":""}},{"type":"Feature","geometry":{"type":"Point","coordinates":[5.875227,51.835281]},"properties":{"category":"bus_halte","name":"Obrechtstraat","operator":""}},{"type":"Feature","geometry":{"type":"Point","coordinates":[5.859623,51.882877]},"properties":{"category":"bus_halte","name":"P+R Nijmegen Noord","operator":""}},{"type":"Feature","geometry":{"type":"Point","coordinates":[5.863039,51.861688]},"properties":{"category":"bus_halte","name":"Station Lent Laauwikstraat","operator":""}},{"type":"Feature","geometry":{"type":"Point","coordinates":[5.863102,51.862189]},"properties":{"category":"bus_halte","name":"Station Lent Laauwikstraat","operator":""}},{"type":"Feature","geometry":{"type":"Point","coordinates":[5.848002,51.825387]},"properties":{"category":"bus_halte","name":"Winkelcentrum Steenbokstraat","operator":""}},{"type":"Feature","geometry":{"type":"Point","coordinates":[5.84774,51.825785]},"properties":{"category":"bus_halte","name":"Winkelcentrum Steenbokstraat","operator":""}},{"type":"Feature","geometry":{"type":"Point","coordinates":[5.864663,51.812736]},"properties":{"category":"bus_halte","name":"Kanunnik Faberstraat","operator":""}},{"type":"Feature","geometry":{"type":"Point","coordinates":[5.8248,51.834214]},"properties":{"category":"bus_halte","name":"Paul Krugerstraat","operator":""}},{"type":"Feature","geometry":{"type":"Point","coordinates":[5.827101,51.834996]},"properties":{"category":"bus_halte","name":"Paul Krugerstraat","operator":""}},{"type":"Feature","geometry":{"type":"Point","coordinates":[5.870054,51.86525]},"properties":{"category":"bus_halte","name":"Petuniastraat","operator":""}},{"type":"Feature","geometry":{"type":"Point","coordinates":[5.869513,51.865215]},"properties":{"category":"bus_halte","name":"Petuniastraat","operator":""}},{"type":"Feature","geometry":{"type":"Point","coordinates":[5.861705,51.846143]},"properties":{"category":"bus_halte","name":"Plein 1944","operator":""}},{"type":"Feature","geometry":{"type":"Point","coordinates":[5.810548,51.831626]},"properties":{"category":"bus_halte","name":"Polkastraat","operator":""}},{"type":"Feature","geometry":{"type":"Point","coordinates":[5.893051,51.840302]},"properties":{"category":"bus_halte","name":"Pompweg","operator":""}},{"type":"Feature","geometry":{"type":"Point","coordinates":[5.86994,51.84207]},"properties":{"category":"bus_halte","name":"Prins Hendrikstraat","operator":""}},{"type":"Feature","geometry":{"type":"Point","coordinates":[5.870085,51.84184]},"properties":{"category":"bus_halte","name":"Prins Hendrikstraat","operator":""}},{"type":"Feature","geometry":{"type":"Point","coordinates":[5.82035,51.832255]},"properties":{"category":"bus_halte","name":"Rosa de Limastraat","operator":""}},{"type":"Feature","geometry":{"type":"Point","coordinates":[5.820579,51.832516]},"properties":{"category":"bus_halte","name":"Rosa de Limastraat","operator":""}},{"type":"Feature","geometry":{"type":"Point","coordinates":[5.845062,51.836549]},"properties":{"category":"bus_halte","name":"Rozenstraat","operator":""}},{"type":"Feature","geometry":{"type":"Point","coordinates":[5.845933,51.836666]},"properties":{"category":"bus_halte","name":"Rozenstraat","operator":""}},{"type":"Feature","geometry":{"type":"Point","coordinates":[5.829902,51.84922]},"properties":{"category":"bus_halte","name":"Scheepvaartweg","operator":""}},{"type":"Feature","geometry":{"type":"Point","coordinates":[5.830646,51.849525]},"properties":{"category":"bus_halte","name":"Scheepvaartweg","operator":""}},{"type":"Feature","geometry":{"type":"Point","coordinates":[5.894921,51.828744]},"properties":{"category":"bus_halte","name":"Kwakkenbergweg/Sophiaweg","operator":""}},{"type":"Feature","geometry":{"type":"Point","coordinates":[5.894014,51.829349]},"properties":{"category":"bus_halte","name":"Kwakkenbergweg/Sophiaweg","operator":""}},{"type":"Feature","geometry":{"type":"Point","coordinates":[5.848524,51.815994]},"properties":{"category":"bus_halte","name":"Heidebloemstraat","operator":""}},{"type":"Feature","geometry":{"type":"Point","coordinates":[5.848414,51.815458]},"properties":{"category":"bus_halte","name":"Heidebloemstraat","operator":""}},{"type":"Feature","geometry":{"type":"Point","coordinates":[5.857451,51.827918]},"properties":{"category":"bus_halte","name":"Sint Annamolen","operator":""}},{"type":"Feature","geometry":{"type":"Point","coordinates":[5.86862,51.82694]},"properties":{"category":"bus_halte","name":"Station Heyendaal","operator":""}},{"type":"Feature","geometry":{"type":"Point","coordinates":[5.868726,51.826697]},"properties":{"category":"bus_halte","name":"Station Heyendaal","operator":""}},{"type":"Feature","geometry":{"type":"Point","coordinates":[5.795244,51.816491]},"properties":{"category":"bus_halte","name":"Tolhuis 11e straat","operator":""}},{"type":"Feature","geometry":{"type":"Point","coordinates":[5.795227,51.816598]},"properties":{"category":"bus_halte","name":"Tolhuis 11e straat","operator":""}},{"type":"Feature","geometry":{"type":"Point","coordinates":[5.849781,51.837234]},"properties":{"category":"bus_halte","name":"Tollensstraat","operator":""}},{"type":"Feature","geometry":{"type":"Point","coordinates":[5.849644,51.837248]},"properties":{"category":"bus_halte","name":"Tollensstraat","operator":""}},{"type":"Feature","geometry":{"type":"Point","coordinates":[5.855306,51.843664]},"properties":{"category":"bus_halte","name":"Tunnelweg","operator":""}},{"type":"Feature","geometry":{"type":"Point","coordinates":[5.857424,51.823464]},"properties":{"category":"bus_halte","name":"Radboud UMC","operator":""}},{"type":"Feature","geometry":{"type":"Point","coordinates":[5.857645,51.823473]},"properties":{"category":"bus_halte","name":"Radboud UMC","operator":""}},{"type":"Feature","geometry":{"type":"Point","coordinates":[5.867036,51.822943]},"properties":{"category":"bus_halte","name":"Huygensgebouw","operator":""}},{"type":"Feature","geometry":{"type":"Point","coordinates":[5.867304,51.82292]},"properties":{"category":"bus_halte","name":"Huygensgebouw","operator":""}},{"type":"Feature","geometry":{"type":"Point","coordinates":[5.834401,51.87589]},"properties":{"category":"bus_halte","name":"Van Boetzelaerstraat","operator":""}},{"type":"Feature","geometry":{"type":"Point","coordinates":[5.834307,51.876058]},"properties":{"category":"bus_halte","name":"Van Boetzelaerstraat","operator":""}},{"type":"Feature","geometry":{"type":"Point","coordinates":[5.878472,51.825087]},"properties":{"category":"bus_halte","name":"Van Cranenborchstraat","operator":""}},{"type":"Feature","geometry":{"type":"Point","coordinates":[5.877764,51.825936]},"properties":{"category":"bus_halte","name":"Van Cranenborchstraat","operator":""}},{"type":"Feature","geometry":{"type":"Point","coordinates":[5.902235,51.827368]},"properties":{"category":"bus_halte","name":"Vijverhof","operator":""}},{"type":"Feature","geometry":{"type":"Point","coordinates":[5.902204,51.82746]},"properties":{"category":"bus_halte","name":"Vijverhof","operator":""}},{"type":"Feature","geometry":{"type":"Point","coordinates":[5.831061,51.835993]},"properties":{"category":"bus_halte","name":"Vuurdoornstraat","operator":""}},{"type":"Feature","geometry":{"type":"Point","coordinates":[5.832345,51.836434]},"properties":{"category":"bus_halte","name":"Vuurdoornstraat","operator":""}},{"type":"Feature","geometry":{"type":"Point","coordinates":[5.864608,51.849715]},"properties":{"category":"bus_halte","name":"Waalkade","operator":""}},{"type":"Feature","geometry":{"type":"Point","coordinates":[5.842753,51.849103]},"properties":{"category":"bus_halte","name":"Biezenstraat","operator":""}},{"type":"Feature","geometry":{"type":"Point","coordinates":[5.842866,51.849024]},"properties":{"category":"bus_halte","name":"Biezenstraat","operator":""}},{"type":"Feature","geometry":{"type":"Point","coordinates":[5.838429,51.845725]},"properties":{"category":"bus_halte","name":"Vlietstraat","operator":""}},{"type":"Feature","geometry":{"type":"Point","coordinates":[5.83857,51.845904]},"properties":{"category":"bus_halte","name":"Vlietstraat","operator":""}},{"type":"Feature","geometry":{"type":"Point","coordinates":[5.78064,51.827795]},"properties":{"category":"bus_halte","name":"Wedesteinbroek 12e str.","operator":""}},{"type":"Feature","geometry":{"type":"Point","coordinates":[5.780593,51.827958]},"properties":{"category":"bus_halte","name":"Wedesteinbroek 12e str.","operator":""}},{"type":"Feature","geometry":{"type":"Point","coordinates":[5.777975,51.829678]},"properties":{"category":"bus_halte","name":"Wedesteinbroek 22e str.","operator":""}},{"type":"Feature","geometry":{"type":"Point","coordinates":[5.778144,51.829819]},"properties":{"category":"bus_halte","name":"Wedesteinbroek 22e str.","operator":""}},{"type":"Feature","geometry":{"type":"Point","coordinates":[5.848286,51.850467]},"properties":{"category":"bus_halte","name":"Havenweg","operator":""}},{"type":"Feature","geometry":{"type":"Point","coordinates":[5.848784,51.850009]},"properties":{"category":"bus_halte","name":"Havenweg","operator":""}},{"type":"Feature","geometry":{"type":"Point","coordinates":[5.814539,51.829808]},"properties":{"category":"bus_halte","name":"Winkelcentrum Notenhout","operator":""}},{"type":"Feature","geometry":{"type":"Point","coordinates":[5.813504,51.829549]},"properties":{"category":"bus_halte","name":"Winkelcentrum Notenhout","operator":""}},{"type":"Feature","geometry":{"type":"Point","coordinates":[5.876991,51.876216]},"properties":{"category":"bus_halte","name":"Zandsepad","operator":""}},{"type":"Feature","geometry":{"type":"Point","coordinates":[5.798861,51.819325]},"properties":{"category":"bus_halte","name":"Zwanenveld 10e str.","operator":""}},{"type":"Feature","geometry":{"type":"Point","coordinates":[5.798679,51.819362]},"properties":{"category":"bus_halte","name":"Zwanenveld 10e str.","operator":""}},{"type":"Feature","geometry":{"type":"Point","coordinates":[5.805589,51.819859]},"properties":{"category":"bus_halte","name":"Zwanenveld 12e str.","operator":""}},{"type":"Feature","geometry":{"type":"Point","coordinates":[5.804963,51.820341]},"properties":{"category":"bus_halte","name":"Zwanenveld 12e str.","operator":""}},{"type":"Feature","geometry":{"type":"Point","coordinates":[5.834381,51.805123]},"properties":{"category":"bus_halte","name":"van der Duyn van Maasdamstraat","operator":""}},{"type":"Feature","geometry":{"type":"Point","coordinates":[5.834363,51.805976]},"properties":{"category":"bus_halte","name":"van der Duyn van Maasdamstraat","operator":""}},{"type":"Feature","geometry":{"type":"Point","coordinates":[5.852597,51.819363]},"properties":{"category":"bus_halte","name":"van Peltlaan","operator":""}},{"type":"Feature","geometry":{"type":"Point","coordinates":[5.853067,51.819435]},"properties":{"category":"bus_halte","name":"van Peltlaan","operator":""}},{"type":"Feature","geometry":{"type":"Point","coordinates":[5.844166,51.842667]},"properties":{"category":"bus_halte","name":"2e Oude Heselaan","operator":""}},{"type":"Feature","geometry":{"type":"Point","coordinates":[5.845379,51.84299]},"properties":{"category":"bus_halte","name":"2e Oude Heselaan","operator":""}},{"type":"Feature","geometry":{"type":"Point","coordinates":[5.885004,51.836753]},"properties":{"category":"bus_halte","name":"Broerweg","operator":""}},{"type":"Feature","geometry":{"type":"Point","coordinates":[5.88428,51.837411]},"properties":{"category":"bus_halte","name":"Broerweg","operator":""}},{"type":"Feature","geometry":{"type":"Point","coordinates":[5.891573,51.834287]},"properties":{"category":"bus_halte","name":"Caesarstraat","operator":""}},{"type":"Feature","geometry":{"type":"Point","coordinates":[5.890737,51.834646]},"properties":{"category":"bus_halte","name":"Caesarstraat","operator":""}},{"type":"Feature","geometry":{"type":"Point","coordinates":[5.856452,51.848119]},"properties":{"category":"bus_halte","name":"Kronenburgersingel","operator":""}},{"type":"Feature","geometry":{"type":"Point","coordinates":[5.85673,51.848377]},"properties":{"category":"bus_halte","name":"Joris Ivensplein","operator":""}},{"type":"Feature","geometry":{"type":"Point","coordinates":[5.856728,51.848507]},"properties":{"category":"bus_halte","name":"Joris Ivensplein","operator":""}},{"type":"Feature","geometry":{"type":"Point","coordinates":[5.872029,51.844286]},"properties":{"category":"bus_halte","name":"Centrum Oost","operator":""}},{"type":"Feature","geometry":{"type":"Point","coordinates":[5.872462,51.844759]},"properties":{"category":"bus_halte","name":"Centrum Oost","operator":""}},{"type":"Feature","geometry":{"type":"Point","coordinates":[5.861799,51.846119]},"properties":{"category":"bus_halte","name":"Plein 1944","operator":""}},{"type":"Feature","geometry":{"type":"Point","coordinates":[5.862216,51.846157]},"properties":{"category":"bus_halte","name":"Plein 1944","operator":""}},{"type":"Feature","geometry":{"type":"Point","coordinates":[5.862122,51.846176]},"properties":{"category":"bus_halte","name":"Plein 1944","operator":""}},{"type":"Feature","geometry":{"type":"Point","coordinates":[5.861348,51.846206]},"properties":{"category":"bus_halte","name":"Plein 1944","operator":""}},{"type":"Feature","geometry":{"type":"Point","coordinates":[5.861484,51.846064]},"properties":{"category":"bus_halte","name":"Plein 1944","operator":""}},{"type":"Feature","geometry":{"type":"Point","coordinates":[5.845376,51.88301]},"properties":{"category":"bus_halte","name":"Oude Groenestraat","operator":""}},{"type":"Feature","geometry":{"type":"Point","coordinates":[5.873063,51.868817]},"properties":{"category":"bus_halte","name":"Fluitenkruid","operator":""}},{"type":"Feature","geometry":{"type":"Point","coordinates":[5.849573,51.87891]},"properties":{"category":"bus_halte","name":"Terracottastraat","operator":""}},{"type":"Feature","geometry":{"type":"Point","coordinates":[5.849653,51.87835]},"properties":{"category":"bus_halte","name":"Terracottastraat","operator":""}},{"type":"Feature","geometry":{"type":"Point","coordinates":[5.843616,51.844439]},"properties":{"category":"bus_halte","name":"Zwaluwstraat","operator":""}},{"type":"Feature","geometry":{"type":"Point","coordinates":[5.843627,51.844651]},"properties":{"category":"bus_halte","name":"Zwaluwstraat","operator":""}},{"type":"Feature","geometry":{"type":"Point","coordinates":[5.853295,51.842356]},"properties":{"category":"bus_halte","name":"Centraal Station","operator":""}},{"type":"Feature","geometry":{"type":"Point","coordinates":[5.853635,51.842557]},"properties":{"category":"bus_halte","name":"Centraal Station","operator":""}},{"type":"Feature","geometry":{"type":"Point","coordinates":[5.835586,51.819713]},"properties":{"category":"bus_halte","name":"Burgemeester Daleslaan","operator":""}},{"type":"Feature","geometry":{"type":"Point","coordinates":[5.835491,51.819859]},"properties":{"category":"bus_halte","name":"Burgemeester Daleslaan","operator":""}},{"type":"Feature","geometry":{"type":"Point","coordinates":[5.859956,51.871764]},"properties":{"category":"bus_halte","name":"Thermion West","operator":""}},{"type":"Feature","geometry":{"type":"Point","coordinates":[5.861812,51.872118]},"properties":{"category":"bus_halte","name":"Thermion Oost","operator":""}},{"type":"Feature","geometry":{"type":"Point","coordinates":[5.803301,51.810968]},"properties":{"category":"bus_halte","name":"Winkelcentrum Meijhorst","operator":""}},{"type":"Feature","geometry":{"type":"Point","coordinates":[5.802886,51.811431]},"properties":{"category":"bus_halte","name":"Winkelcentrum Meijhorst","operator":""}},{"type":"Feature","geometry":{"type":"Point","coordinates":[5.82659,51.825939]},"properties":{"category":"bus_halte","name":"Station Goffert","operator":""}},{"type":"Feature","geometry":{"type":"Point","coordinates":[5.824759,51.827101]},"properties":{"category":"bus_halte","name":"Station Goffert","operator":""}},{"type":"Feature","geometry":{"type":"Point","coordinates":[5.854536,51.81448]},"properties":{"category":"bus_halte","name":"Sint Annastraat / Heiweg","operator":""}},{"type":"Feature","geometry":{"type":"Point","coordinates":[5.838503,51.809702]},"properties":{"category":"bus_halte","name":"Galvanistraat","operator":""}},{"type":"Feature","geometry":{"type":"Point","coordinates":[5.83884,51.810199]},"properties":{"category":"bus_halte","name":"Galvanistraat","operator":""}},{"type":"Feature","geometry":{"type":"Point","coordinates":[5.858447,51.830979]},"properties":{"category":"bus_halte","name":"Groenestraat","operator":""}},{"type":"Feature","geometry":{"type":"Point","coordinates":[5.807759,51.816283]},"properties":{"category":"bus_halte","name":"Lankforst 16e straat","operator":""}},{"type":"Feature","geometry":{"type":"Point","coordinates":[5.807828,51.816507]},"properties":{"category":"bus_halte","name":"Lankforst 16e straat","operator":""}},{"type":"Feature","geometry":{"type":"Point","coordinates":[5.80367,51.838069]},"properties":{"category":"bus_halte","name":"Poort Neerbosch","operator":""}},{"type":"Feature","geometry":{"type":"Point","coordinates":[5.803447,51.838434]},"properties":{"category":"bus_halte","name":"Poort Neerbosch","operator":""}},{"type":"Feature","geometry":{"type":"Point","coordinates":[5.853545,51.836084]},"properties":{"category":"bus_halte","name":"Spoorkuil","operator":""}},{"type":"Feature","geometry":{"type":"Point","coordinates":[5.85777,51.82788]},"properties":{"category":"bus_halte","name":"Sint Annamolen","operator":""}},{"type":"Feature","geometry":{"type":"Point","coordinates":[5.802483,51.837683]},"properties":{"category":"bus_halte","name":"P+R Nijmegen West","operator":""}},{"type":"Feature","geometry":{"type":"Point","coordinates":[5.801336,51.836635]},"properties":{"category":"bus_halte","name":"P+R Nijmegen West","operator":""}},{"type":"Feature","geometry":{"type":"Point","coordinates":[5.869416,51.846882]},"properties":{"category":"bus_halte","name":"Voerweg","operator":""}},{"type":"Feature","geometry":{"type":"Point","coordinates":[5.869589,51.84698]},"properties":{"category":"bus_halte","name":"Voerweg","operator":""}},{"type":"Feature","geometry":{"type":"Point","coordinates":[5.793202,51.823223]},"properties":{"category":"bus_halte","name":"Station Dukenburg","operator":""}},{"type":"Feature","geometry":{"type":"Point","coordinates":[5.793122,51.823512]},"properties":{"category":"bus_halte","name":"Station Dukenburg","operator":""}},{"type":"Feature","geometry":{"type":"Point","coordinates":[5.793135,51.823463]},"properties":{"category":"bus_halte","name":"Station Dukenburg","operator":""}},{"type":"Feature","geometry":{"type":"Point","coordinates":[5.793148,51.823415]},"properties":{"category":"bus_halte","name":"Station Dukenburg","operator":""}},{"type":"Feature","geometry":{"type":"Point","coordinates":[5.793161,51.82337]},"properties":{"category":"bus_halte","name":"Station Dukenburg","operator":""}},{"type":"Feature","geometry":{"type":"Point","coordinates":[5.793174,51.823322]},"properties":{"category":"bus_halte","name":"Station Dukenburg","operator":""}},{"type":"Feature","geometry":{"type":"Point","coordinates":[5.79319,51.823267]},"properties":{"category":"bus_halte","name":"Station Dukenburg","operator":""}},{"type":"Feature","geometry":{"type":"Point","coordinates":[5.854056,51.843698]},"properties":{"category":"bus_halte","name":"Centraal Station","operator":""}},{"type":"Feature","geometry":{"type":"Point","coordinates":[5.853971,51.843712]},"properties":{"category":"bus_halte","name":"Centraal Station","operator":""}},{"type":"Feature","geometry":{"type":"Point","coordinates":[5.853897,51.843727]},"properties":{"category":"bus_halte","name":"Centraal Station","operator":""}},{"type":"Feature","geometry":{"type":"Point","coordinates":[5.85382,51.843741]},"properties":{"category":"bus_halte","name":"Centraal Station","operator":""}},{"type":"Feature","geometry":{"type":"Point","coordinates":[5.853743,51.843756]},"properties":{"category":"bus_halte","name":"Centraal Station","operator":""}},{"type":"Feature","geometry":{"type":"Point","coordinates":[5.853668,51.84377]},"properties":{"category":"bus_halte","name":"Centraal Station","operator":""}},{"type":"Feature","geometry":{"type":"Point","coordinates":[5.853594,51.843788]},"properties":{"category":"bus_halte","name":"Centraal Station","operator":""}},{"type":"Feature","geometry":{"type":"Point","coordinates":[5.853515,51.843799]},"properties":{"category":"bus_halte","name":"Centraal Station","operator":""}},{"type":"Feature","geometry":{"type":"Point","coordinates":[5.853439,51.843815]},"properties":{"category":"bus_halte","name":"Centraal Station","operator":""}},{"type":"Feature","geometry":{"type":"Point","coordinates":[5.853365,51.843831]},"properties":{"category":"bus_halte","name":"Centraal Station","operator":""}},{"type":"Feature","geometry":{"type":"Point","coordinates":[5.796503,51.834843]},"properties":{"category":"bus_halte","name":"Meeuwseacker","operator":""}},{"type":"Feature","geometry":{"type":"Point","coordinates":[5.874345,51.864305]},"properties":{"category":"bus_halte","name":"Laauwikstraat","operator":""}},{"type":"Feature","geometry":{"type":"Point","coordinates":[5.871602,51.861221]},"properties":{"category":"bus_halte","name":"Turennesingel","operator":""}},{"type":"Feature","geometry":{"type":"Point","coordinates":[5.870773,51.860979]},"properties":{"category":"bus_halte","name":"Turennesingel","operator":""}},{"type":"Feature","geometry":{"type":"Point","coordinates":[5.861511,51.863053]},"properties":{"category":"bus_halte","name":"Station Lent","operator":""}},{"type":"Feature","geometry":{"type":"Point","coordinates":[5.862206,51.846108]},"properties":{"category":"bus_halte","name":"Plein 1944","operator":""}},{"type":"Feature","geometry":{"type":"Point","coordinates":[5.861789,51.873802]},"properties":{"category":"bus_halte","name":"Dalidastraat","operator":""}},{"type":"Feature","geometry":{"type":"Point","coordinates":[5.782502,51.823926]},"properties":{"category":"bus_halte","name":"Kerkenbos","operator":""}},{"type":"Feature","geometry":{"type":"Point","coordinates":[5.782544,51.823673]},"properties":{"category":"bus_halte","name":"Kerkenbos","operator":""}},{"type":"Feature","geometry":{"type":"Point","coordinates":[5.866404,51.833639]},"properties":{"category":"bus_halte","name":"Oud Burgeren Gasthuis","operator":""}},{"type":"Feature","geometry":{"type":"Point","coordinates":[5.877375,51.865871]},"properties":{"category":"bus_halte","name":"Duitslandstraat","operator":""}},{"type":"Feature","geometry":{"type":"Point","coordinates":[5.846216,51.852779]},"properties":{"category":"bus_halte","name":"Ferry Portierstraat","operator":""}},{"type":"Feature","geometry":{"type":"Point","coordinates":[5.847069,51.852169]},"properties":{"category":"bus_halte","name":"Ferry Portierstraat","operator":""}},{"type":"Feature","geometry":{"type":"Point","coordinates":[5.83232,51.831655]},"properties":{"category":"bus_halte","name":"Cavaljéweg","operator":""}},{"type":"Feature","geometry":{"type":"Point","coordinates":[5.832355,51.831952]},"properties":{"category":"bus_halte","name":"Cavaljéweg","operator":""}},{"type":"Feature","geometry":{"type":"Point","coordinates":[5.797182,51.828983]},"properties":{"category":"bus_halte","name":"Voorstenkamp/Gildekamp","operator":""}},{"type":"Feature","geometry":{"type":"Point","coordinates":[5.80147,51.830232]},"properties":{"category":"bus_halte","name":"Gildekamp/Kluijskamp","operator":""}},{"type":"Feature","geometry":{"type":"Point","coordinates":[5.80274,51.833385]},"properties":{"category":"bus_halte","name":"Wellenkamp/Hoefkamp","operator":""}},{"type":"Feature","geometry":{"type":"Point","coordinates":[5.868302,51.857049]},"properties":{"category":"bus_halte","name":"Veur Lent","operator":""}},{"type":"Feature","geometry":{"type":"Point","coordinates":[5.868,51.856973]},"properties":{"category":"bus_halte","name":"Veur Lent","operator":""}},{"type":"Feature","geometry":{"type":"Point","coordinates":[5.802361,51.804807]},"properties":{"category":"bus_halte","name":"Aldenhof 12/32 str.","operator":""}},{"type":"Feature","geometry":{"type":"Point","coordinates":[5.799024,51.80393]},"properties":{"category":"bus_halte","name":"Aldenhof 13/38 str.","operator":""}},{"type":"Feature","geometry":{"type":"Point","coordinates":[5.851052,51.870557]},"properties":{"category":"bus_halte","name":"Italiëstraat","operator":""}},{"type":"Feature","geometry":{"type":"Point","coordinates":[5.85073,51.869757]},"properties":{"category":"bus_halte","name":"Italiëstraat","operator":""}},{"type":"Feature","geometry":{"type":"Point","coordinates":[5.797512,51.805598]},"properties":{"category":"bus_halte","name":"Aldenhof 53/14 straat","operator":""}},{"type":"Feature","geometry":{"type":"Point","coordinates":[5.836272,51.854991]},"properties":{"category":"bus_halte","name":"Nyma","operator":""}},{"type":"Feature","geometry":{"type":"Point","coordinates":[5.836722,51.854828]},"properties":{"category":"bus_halte","name":"Nyma","operator":""}},{"type":"Feature","geometry":{"type":"Point","coordinates":[5.784932,51.813399]},"properties":{"category":"bus_halte","name":"Staddijk","operator":""}},{"type":"Feature","geometry":{"type":"Point","coordinates":[5.84803,51.850127]},"properties":{"category":"bus_halte","name":"Havenweg","operator":""}},{"type":"Feature","geometry":{"type":"Point","coordinates":[5.852952,51.866053]},"properties":{"category":"bus_halte","name":"Hof van Holland","operator":""}},{"type":"Feature","geometry":{"type":"Point","coordinates":[5.852927,51.866129]},"properties":{"category":"bus_halte","name":"Hof van Holland","operator":""}},{"type":"Feature","geometry":{"type":"Point","coordinates":[5.822276,51.828316]},"properties":{"category":"bus_halte","name":"Station Goffert","operator":""}},{"type":"Feature","geometry":{"type":"Point","coordinates":[5.82235,51.828624]},"properties":{"category":"bus_halte","name":"Station Goffert","operator":""}},{"type":"Feature","geometry":{"type":"Point","coordinates":[5.822413,51.828666]},"properties":{"category":"bus_halte","name":"Station Goffert","operator":""}},{"type":"Feature","geometry":{"type":"Point","coordinates":[5.822479,51.828711]},"properties":{"category":"bus_halte","name":"Station Goffert","operator":""}},{"type":"Feature","geometry":{"type":"Point","coordinates":[5.853091,51.843136]},"properties":{"category":"ov_knooppunt","name":"Nijmegen","operator":""}},{"type":"Feature","geometry":{"type":"Point","coordinates":[5.822475,51.827297]},"properties":{"category":"ov_knooppunt","name":"Nijmegen Goffert","operator":""}},{"type":"Feature","geometry":{"type":"Point","coordinates":[5.794239,51.823942]},"properties":{"category":"ov_knooppunt","name":"Nijmegen Dukenburg","operator":""}},{"type":"Feature","geometry":{"type":"Point","coordinates":[5.859687,51.862468]},"properties":{"category":"ov_knooppunt","name":"Nijmegen Lent","operator":""}},{"type":"Feature","geometry":{"type":"Point","coordinates":[5.867953,51.826778]},"properties":{"category":"ov_knooppunt","name":"Nijmegen Heyendaal","operator":""}},{"type":"Feature","geometry":{"type":"Point","coordinates":[5.85376,51.843858]},"properties":{"category":"ov_knooppunt","name":"Centraal Station","operator":""}},{"type":"Feature","geometry":{"type":"Point","coordinates":[5.793008,51.823439]},"properties":{"category":"ov_knooppunt","name":"Station Dukenburg","operator":"Breng"}},{"type":"Feature","geometry":{"type":"Point","coordinates":[5.867245,51.845326]},"properties":{"category":"gemeentehuis","name":"Stadswinkel","operator":"Gemeente Nijmegen"}},{"type":"Feature","geometry":{"type":"Point","coordinates":[5.865863,51.846516]},"properties":{"category":"gemeentehuis","name":"Stadhuis Nijmegen","operator":"Gemeente Nijmegen"}},{"type":"Feature","geometry":{"type":"Point","coordinates":[5.801072,51.811953]},"properties":{"category":"gemeentehuis","name":"Steunpunt Stadswinkel Dukenburg","operator":"Gemeente Nijmegen"}},{"type":"Feature","geometry":{"type":"Point","coordinates":[5.854643,51.889444]},"properties":{"category":"inzamelpunt","name":"Van Wijk","operator":""}},{"type":"Feature","geometry":{"type":"Point","coordinates":[5.837105,51.850356]},"properties":{"category":"inzamelpunt","name":"DAR Kanaalstraat","operator":"DAR"}},{"type":"Feature","geometry":{"type":"Point","coordinates":[5.867026,51.845401]},"properties":{"category":"bibliotheek","name":"Bibliotheek Mariënburg","operator":"Bibliotheek Gelderland Zuid"}},{"type":"Feature","geometry":{"type":"Point","coordinates":[5.835261,51.830402]},"properties":{"category":"bibliotheek","name":"Bibliotheek Muntweg","operator":"Bibliotheek Gelderland Zuid"}},{"type":"Feature","geometry":{"type":"Point","coordinates":[5.797737,51.823828]},"properties":{"category":"bibliotheek","name":"Bibliotheek Zwanenveld","operator":"Bibliotheek Gelderland Zuid"}},{"type":"Feature","geometry":{"type":"Point","coordinates":[5.843525,51.877417]},"properties":{"category":"bibliotheek","name":"Bibliotheek Oosterhout - De Klif","operator":"Bibliotheek Gelderland Zuid"}},{"type":"Feature","geometry":{"type":"Point","coordinates":[5.865365,51.819946]},"properties":{"category":"bibliotheek","name":"Universiteitsbibliotheek","operator":"Radboud Universiteit"}},{"type":"Feature","geometry":{"type":"Point","coordinates":[5.827241,51.805308]},"properties":{"category":"bibliotheek","name":"Bibliotheek Hatert","operator":"Bibliotheek Gelderland Zuid"}},{"type":"Feature","geometry":{"type":"Point","coordinates":[5.842709,51.848338]},"properties":{"category":"bibliotheek","name":"Bibliotheek De Biezantijn","operator":"Bibliotheek Gelderland Zuid"}},{"type":"Feature","geometry":{"type":"Point","coordinates":[5.868565,51.870795]},"properties":{"category":"bibliotheek","name":"Bibliotheek Lent - De Ster","operator":"Bibliotheek Gelderland Zuid"}},{"type":"Feature","geometry":{"type":"Point","coordinates":[5.845308,51.881991]},"properties":{"category":"ziekenhuis","name":"Polikliniek CWZ de Waalsprong","operator":"CWZ"}},{"type":"Feature","geometry":{"type":"Point","coordinates":[5.861128,51.822696]},"properties":{"category":"ziekenhuis","name":"Dialyse afd. Radboud UMC","operator":""}},{"type":"Feature","geometry":{"type":"Point","coordinates":[5.864829,51.824634]},"properties":{"category":"ziekenhuis","name":"Centraal Dierenlaboratorium","operator":"RadboudUMC"}},{"type":"Feature","geometry":{"type":"Point","coordinates":[5.830785,51.817594]},"properties":{"category":"ziekenhuis","name":"Canisius-Wilhelmina Ziekenhuis","operator":""}},{"type":"Feature","geometry":{"type":"Point","coordinates":[5.862285,51.822965]},"properties":{"category":"ziekenhuis","name":"Radboud Universitair Medisch Centrum","operator":""}},{"type":"Feature","geometry":{"type":"Point","coordinates":[5.779689,51.820288]},"properties":{"category":"transformatorhuisje","name":"","operator":""}},{"type":"Feature","geometry":{"type":"Point","coordinates":[5.780141,51.820375]},"properties":{"category":"transformatorhuisje","name":"","operator":""}},{"type":"Feature","geometry":{"type":"Point","coordinates":[5.818586,51.823417]},"properties":{"category":"transformatorhuisje","name":"","operator":""}},{"type":"Feature","geometry":{"type":"Point","coordinates":[5.818452,51.823476]},"properties":{"category":"transformatorhuisje","name":"","operator":""}},{"type":"Feature","geometry":{"type":"Point","coordinates":[5.835486,51.857697]},"properties":{"category":"transformatorhuisje","name":"","operator":""}},{"type":"Feature","geometry":{"type":"Point","coordinates":[5.835259,51.857807]},"properties":{"category":"transformatorhuisje","name":"","operator":""}},{"type":"Feature","geometry":{"type":"Point","coordinates":[5.835019,51.857915]},"properties":{"category":"transformatorhuisje","name":"","operator":""}},{"type":"Feature","geometry":{"type":"Point","coordinates":[5.871557,51.823028]},"properties":{"category":"transformatorhuisje","name":"50 kV Katholieke Universiteit Nijmegen","operator":"Liander"}},{"type":"Feature","geometry":{"type":"Point","coordinates":[5.880666,51.819881]},"properties":{"category":"transformatorhuisje","name":"","operator":"Liander"}},{"type":"Feature","geometry":{"type":"Point","coordinates":[5.832774,51.891446]},"properties":{"category":"transformatorhuisje","name":"","operator":""}},{"type":"Feature","geometry":{"type":"Point","coordinates":[5.832676,51.891324]},"properties":{"category":"transformatorhuisje","name":"","operator":""}},{"type":"Feature","geometry":{"type":"Point","coordinates":[5.832872,51.89156]},"properties":{"category":"transformatorhuisje","name":"","operator":""}},{"type":"Feature","geometry":{"type":"Point","coordinates":[5.820252,51.820345]},"properties":{"category":"transformatorhuisje","name":"","operator":""}},{"type":"Feature","geometry":{"type":"Point","coordinates":[5.820333,51.820289]},"properties":{"category":"transformatorhuisje","name":"","operator":""}},{"type":"Feature","geometry":{"type":"Point","coordinates":[5.820413,51.820231]},"properties":{"category":"transformatorhuisje","name":"","operator":""}},{"type":"Feature","geometry":{"type":"Point","coordinates":[5.839312,51.854549]},"properties":{"category":"transformatorhuisje","name":"","operator":""}},{"type":"Feature","geometry":{"type":"Point","coordinates":[5.839431,51.854458]},"properties":{"category":"transformatorhuisje","name":"","operator":""}},{"type":"Feature","geometry":{"type":"Point","coordinates":[5.839558,51.854368]},"properties":{"category":"transformatorhuisje","name":"","operator":""}},{"type":"Feature","geometry":{"type":"Point","coordinates":[5.839277,51.854229]},"properties":{"category":"transformatorhuisje","name":"","operator":""}},{"type":"Feature","geometry":{"type":"Point","coordinates":[5.839025,51.854405]},"properties":{"category":"transformatorhuisje","name":"","operator":""}},{"type":"Feature","geometry":{"type":"Point","coordinates":[5.779453,51.821086]},"properties":{"category":"transformatorhuisje","name":"","operator":""}},{"type":"Feature","geometry":{"type":"Point","coordinates":[5.847346,51.88113]},"properties":{"category":"transformatorhuisje","name":"","operator":""}},{"type":"Feature","geometry":{"type":"Point","coordinates":[5.870396,51.817817]},"properties":{"category":"transformatorhuisje","name":"","operator":"Liander"}},{"type":"Feature","geometry":{"type":"Point","coordinates":[5.87117,51.835586]},"properties":{"category":"transformatorhuisje","name":"","operator":"Liander"}},{"type":"Feature","geometry":{"type":"Point","coordinates":[5.87365,51.833368]},"properties":{"category":"transformatorhuisje","name":"","operator":"Liander"}},{"type":"Feature","geometry":{"type":"Point","coordinates":[5.874356,51.838494]},"properties":{"category":"transformatorhuisje","name":"","operator":"Liander"}},{"type":"Feature","geometry":{"type":"Point","coordinates":[5.796039,51.819297]},"properties":{"category":"transformatorhuisje","name":"","operator":"Liander"}},{"type":"Feature","geometry":{"type":"Point","coordinates":[5.797168,51.824126]},"properties":{"category":"transformatorhuisje","name":"","operator":"Liander"}},{"type":"Feature","geometry":{"type":"Point","coordinates":[5.847257,51.881205]},"properties":{"category":"transformatorhuisje","name":"","operator":"Liander"}},{"type":"Feature","geometry":{"type":"Point","coordinates":[5.876135,51.876534]},"properties":{"category":"transformatorhuisje","name":"","operator":"Liander"}},{"type":"Feature","geometry":{"type":"Point","coordinates":[5.862815,51.861758]},"properties":{"category":"transformatorhuisje","name":"","operator":"Liander"}},{"type":"Feature","geometry":{"type":"Point","coordinates":[5.873474,51.836574]},"properties":{"category":"transformatorhuisje","name":"","operator":"Liander"}},{"type":"Feature","geometry":{"type":"Point","coordinates":[5.807424,51.817447]},"properties":{"category":"transformatorhuisje","name":"","operator":"Liander"}},{"type":"Feature","geometry":{"type":"Point","coordinates":[5.861742,51.849271]},"properties":{"category":"transformatorhuisje","name":"10 kV Schakelstation Vinkegas","operator":"Liander"}},{"type":"Feature","geometry":{"type":"Point","coordinates":[5.849086,51.811636]},"properties":{"category":"transformatorhuisje","name":"","operator":"Liander"}},{"type":"Feature","geometry":{"type":"Point","coordinates":[5.823503,51.82457]},"properties":{"category":"transformatorhuisje","name":"","operator":"Liander"}},{"type":"Feature","geometry":{"type":"Point","coordinates":[5.87436,51.835005]},"properties":{"category":"transformatorhuisje","name":"","operator":"Liander"}},{"type":"Feature","geometry":{"type":"Point","coordinates":[5.859471,51.838581]},"properties":{"category":"transformatorhuisje","name":"","operator":"Liander"}},{"type":"Feature","geometry":{"type":"Point","coordinates":[5.870032,51.841333]},"properties":{"category":"transformatorhuisje","name":"","operator":"Liander"}},{"type":"Feature","geometry":{"type":"Point","coordinates":[5.881551,51.834113]},"properties":{"category":"transformatorhuisje","name":"","operator":"Liander"}},{"type":"Feature","geometry":{"type":"Point","coordinates":[5.824673,51.854405]},"properties":{"category":"transformatorhuisje","name":"","operator":"Liander"}},{"type":"Feature","geometry":{"type":"Point","coordinates":[5.786911,51.82594]},"properties":{"category":"transformatorhuisje","name":"","operator":"Liander"}},{"type":"Feature","geometry":{"type":"Point","coordinates":[5.801043,51.827602]},"properties":{"category":"transformatorhuisje","name":"","operator":"Liander"}},{"type":"Feature","geometry":{"type":"Point","coordinates":[5.803301,51.825198]},"properties":{"category":"transformatorhuisje","name":"","operator":"Liander"}},{"type":"Feature","geometry":{"type":"Point","coordinates":[5.79053,51.82069]},"properties":{"category":"transformatorhuisje","name":"","operator":"Liander"}},{"type":"Feature","geometry":{"type":"Point","coordinates":[5.802658,51.820623]},"properties":{"category":"transformatorhuisje","name":"","operator":"Liander"}},{"type":"Feature","geometry":{"type":"Point","coordinates":[5.784555,51.823426]},"properties":{"category":"transformatorhuisje","name":"","operator":"Liander"}},{"type":"Feature","geometry":{"type":"Point","coordinates":[5.882603,51.830831]},"properties":{"category":"transformatorhuisje","name":"","operator":"Liander"}},{"type":"Feature","geometry":{"type":"Point","coordinates":[5.873632,51.817698]},"properties":{"category":"transformatorhuisje","name":"","operator":"Liander"}},{"type":"Feature","geometry":{"type":"Point","coordinates":[5.866717,51.816731]},"properties":{"category":"transformatorhuisje","name":"","operator":"Liander"}},{"type":"Feature","geometry":{"type":"Point","coordinates":[5.791722,51.82378]},"properties":{"category":"transformatorhuisje","name":"","operator":"Liander"}},{"type":"Feature","geometry":{"type":"Point","coordinates":[5.868869,51.848597]},"properties":{"category":"transformatorhuisje","name":"","operator":"Liander"}},{"type":"Feature","geometry":{"type":"Point","coordinates":[5.820145,51.820126]},"properties":{"category":"transformatorhuisje","name":"50 kV Dukenburg","operator":"Liander"}},{"type":"Feature","geometry":{"type":"Point","coordinates":[5.839248,51.854198]},"properties":{"category":"transformatorhuisje","name":"50 kV Winselingseweg","operator":"Liander"}},{"type":"Feature","geometry":{"type":"Point","coordinates":[5.8568,51.828776]},"properties":{"category":"transformatorhuisje","name":"50 kV Sint Annamolen","operator":"Liander"}},{"type":"Feature","geometry":{"type":"Point","coordinates":[5.870334,51.82041]},"properties":{"category":"transformatorhuisje","name":"","operator":"Liander"}},{"type":"Feature","geometry":{"type":"Point","coordinates":[5.876525,51.818972]},"properties":{"category":"transformatorhuisje","name":"","operator":"Liander"}},{"type":"Feature","geometry":{"type":"Point","coordinates":[5.865766,51.816563]},"properties":{"category":"transformatorhuisje","name":"","operator":"Liander"}},{"type":"Feature","geometry":{"type":"Point","coordinates":[5.891885,51.826856]},"properties":{"category":"transformatorhuisje","name":"","operator":"Liander"}},{"type":"Feature","geometry":{"type":"Point","coordinates":[5.820501,51.809193]},"properties":{"category":"transformatorhuisje","name":"","operator":""}},{"type":"Feature","geometry":{"type":"Point","coordinates":[5.823978,51.824807]},"properties":{"category":"transformatorhuisje","name":"","operator":"Liander"}},{"type":"Feature","geometry":{"type":"Point","coordinates":[5.831251,51.849226]},"properties":{"category":"transformatorhuisje","name":"","operator":"Liander"}},{"type":"Feature","geometry":{"type":"Point","coordinates":[5.836762,51.856161]},"properties":{"category":"transformatorhuisje","name":"","operator":"Liander"}},{"type":"Feature","geometry":{"type":"Point","coordinates":[5.836885,51.856922]},"properties":{"category":"transformatorhuisje","name":"","operator":"Liander"}},{"type":"Feature","geometry":{"type":"Point","coordinates":[5.836868,51.856893]},"properties":{"category":"transformatorhuisje","name":"","operator":"Liander"}},{"type":"Feature","geometry":{"type":"Point","coordinates":[5.866869,51.824284]},"properties":{"category":"transformatorhuisje","name":"","operator":"Liander"}},{"type":"Feature","geometry":{"type":"Point","coordinates":[5.866913,51.82428]},"properties":{"category":"transformatorhuisje","name":"","operator":"Liander"}},{"type":"Feature","geometry":{"type":"Point","coordinates":[5.819569,51.819617]},"properties":{"category":"transformatorhuisje","name":"","operator":""}},{"type":"Feature","geometry":{"type":"Point","coordinates":[5.820198,51.818742]},"properties":{"category":"transformatorhuisje","name":"","operator":""}},{"type":"Feature","geometry":{"type":"Point","coordinates":[5.868846,51.830269]},"properties":{"category":"universiteit","name":"HBO-ICT & HBO-Rechten","operator":"HAN University of Applied Sciences"}},{"type":"Feature","geometry":{"type":"Point","coordinates":[5.863361,51.820747]},"properties":{"category":"universiteit","name":"Open Universiteit","operator":""}},{"type":"Feature","geometry":{"type":"Point","coordinates":[5.865848,51.821504]},"properties":{"category":"universiteit","name":"Radboud Universiteit","operator":""}},{"type":"Feature","geometry":{"type":"Point","coordinates":[5.868835,51.827357]},"properties":{"category":"universiteit","name":"Technovium","operator":""}},{"type":"Feature","geometry":{"type":"Point","coordinates":[5.852019,51.828522]},"properties":{"category":"hogeschool","name":"ROC Nijmegen Locatie Marterstraat","operator":""}},{"type":"Feature","geometry":{"type":"Point","coordinates":[5.825704,51.843468]},"properties":{"category":"hogeschool","name":"ROC Nijmegen","operator":""}},{"type":"Feature","geometry":{"type":"Point","coordinates":[5.824394,51.830883]},"properties":{"category":"hogeschool","name":"Pro College","operator":""}},{"type":"Feature","geometry":{"type":"Point","coordinates":[5.869591,51.818445]},"properties":{"category":"hogeschool","name":"HAN Sport en Bewegen","operator":"Hogeschool Arnhem Nijmegen"}},{"type":"Feature","geometry":{"type":"Point","coordinates":[5.865077,51.827062]},"properties":{"category":"hogeschool","name":"Hogeschool Arnhem Nijmegen","operator":""}},{"type":"Feature","geometry":{"type":"Point","coordinates":[5.843684,51.822733]},"properties":{"category":"hogeschool","name":"Pontem College 2","operator":""}},{"type":"Feature","geometry":{"type":"Point","coordinates":[5.855275,51.846958]},"properties":{"category":"hogeschool","name":"Stedelijk Gymnasium Nijmegen","operator":"@voCampus"}},{"type":"Feature","geometry":{"type":"Point","coordinates":[5.829255,51.846588]},"properties":{"category":"hogeschool","name":"Yuverta mbo","operator":"Yuverta"}},{"type":"Feature","geometry":{"type":"Point","coordinates":[5.864232,51.840806]},"properties":{"category":"middelbare_school","name":"Karel de Grote College","operator":""}},{"type":"Feature","geometry":{"type":"Point","coordinates":[5.884886,51.837635]},"properties":{"category":"middelbare_school","name":"Canisius College","operator":""}},{"type":"Feature","geometry":{"type":"Point","coordinates":[5.830066,51.813894]},"properties":{"category":"middelbare_school","name":"Yuverta vmbo","operator":"Yuverta"}},{"type":"Feature","geometry":{"type":"Point","coordinates":[5.850821,51.881217]},"properties":{"category":"middelbare_school","name":"Kindcentrum De Uitdaging","operator":""}},{"type":"Feature","geometry":{"type":"Point","coordinates":[5.838491,51.815653]},"properties":{"category":"middelbare_school","name":"Aventurijn","operator":"Aloysius Stichting"}},{"type":"Feature","geometry":{"type":"Point","coordinates":[5.829994,51.813591]},"properties":{"category":"middelbare_school","name":"Yuverta het groene lyceum","operator":"Yuverta"}},{"type":"Feature","geometry":{"type":"Point","coordinates":[5.799804,51.84345]},"properties":{"category":"middelbare_school","name":"Park Neerbosch","operator":"Aloysius Stichting"}},{"type":"Feature","geometry":{"type":"Point","coordinates":[5.868534,51.818784]},"properties":{"category":"sportveld","name":"Universitair Sportcentrum","operator":""}},{"type":"Feature","geometry":{"type":"Point","coordinates":[5.88612,51.838492]},"properties":{"category":"sportveld","name":"","operator":""}},{"type":"Feature","geometry":{"type":"Point","coordinates":[5.875701,51.820109]},"properties":{"category":"sportveld","name":"Manege","operator":""}},{"type":"Feature","geometry":{"type":"Point","coordinates":[5.848805,51.815511]},"properties":{"category":"sportveld","name":"","operator":""}},{"type":"Feature","geometry":{"type":"Point","coordinates":[5.798513,51.810295]},"properties":{"category":"sportveld","name":"Sporthal Meijhorst","operator":""}},{"type":"Feature","geometry":{"type":"Point","coordinates":[5.823887,51.831258]},"properties":{"category":"sportveld","name":"O.C. Huisman Hal","operator":""}},{"type":"Feature","geometry":{"type":"Point","coordinates":[5.875159,51.822969]},"properties":{"category":"sportveld","name":"","operator":"Avanti ’55"}},{"type":"Feature","geometry":{"type":"Point","coordinates":[5.841465,51.883793]},"properties":{"category":"sportveld","name":"Sportpark Nieuw Balveren","operator":""}},{"type":"Feature","geometry":{"type":"Point","coordinates":[5.874856,51.870769]},"properties":{"category":"sportveld","name":"Sportpark Vossenpels","operator":""}},{"type":"Feature","geometry":{"type":"Point","coordinates":[5.875453,51.822475]},"properties":{"category":"sportveld","name":"","operator":"The Insiders"}},{"type":"Feature","geometry":{"type":"Point","coordinates":[5.820867,51.831985]},"properties":{"category":"sportveld","name":"SportQube","operator":""}},{"type":"Feature","geometry":{"type":"Point","coordinates":[5.837212,51.822431]},"properties":{"category":"sportveld","name":"Goffertstadion","operator":""}},{"type":"Feature","geometry":{"type":"Point","coordinates":[5.822769,51.831256]},"properties":{"category":"sportveld","name":"De Dennen","operator":""}},{"type":"Feature","geometry":{"type":"Point","coordinates":[5.879165,51.818623]},"properties":{"category":"sportveld","name":"Mariënbosch","operator":""}},{"type":"Feature","geometry":{"type":"Point","coordinates":[5.868019,51.818028]},"properties":{"category":"sportveld","name":"","operator":""}},{"type":"Feature","geometry":{"type":"Point","coordinates":[5.868007,51.837857]},"properties":{"category":"sportveld","name":"Sportpark Fagelstraat","operator":"Gemeente Nijmegen"}},{"type":"Feature","geometry":{"type":"Point","coordinates":[5.787485,51.811149]},"properties":{"category":"sportveld","name":"Staddijk Noord","operator":""}},{"type":"Feature","geometry":{"type":"Point","coordinates":[5.859122,51.811602]},"properties":{"category":"sportveld","name":"Brakkenstein","operator":""}},{"type":"Feature","geometry":{"type":"Point","coordinates":[5.857745,51.856379]},"properties":{"category":"sportveld","name":"Ondine","operator":"RV De Waal"}},{"type":"Feature","geometry":{"type":"Point","coordinates":[5.827439,51.837879]},"properties":{"category":"sportveld","name":"Sportfondsenbad Nijmegen-West","operator":""}},{"type":"Feature","geometry":{"type":"Point","coordinates":[5.871827,51.817764]},"properties":{"category":"sportveld","name":"","operator":""}},{"type":"Feature","geometry":{"type":"Point","coordinates":[5.875164,51.816861]},"properties":{"category":"sportveld","name":"","operator":""}},{"type":"Feature","geometry":{"type":"Point","coordinates":[5.887767,51.828942]},"properties":{"category":"sportveld","name":"Sportpark De Kwakkenberg","operator":""}},{"type":"Feature","geometry":{"type":"Point","coordinates":[5.813913,51.830435]},"properties":{"category":"winkelcentrum","name":"Notenhout","operator":""}},{"type":"Feature","geometry":{"type":"Point","coordinates":[5.863689,51.844176]},"properties":{"category":"winkelcentrum","name":"Molenpoort","operator":""}},{"type":"Feature","geometry":{"type":"Point","coordinates":[5.800911,51.825052]},"properties":{"category":"winkelcentrum","name":"Woonboulevard Nijmegen","operator":""}},{"type":"Feature","geometry":{"type":"Point","coordinates":[5.796467,51.823097]},"properties":{"category":"winkelcentrum","name":"Winkelcentrum Dukenburg","operator":""}},{"type":"Feature","geometry":{"type":"Point","coordinates":[5.86385,51.844158]},"properties":{"category":"winkelcentrum","name":"Passage Molenpoort","operator":""}},{"type":"Feature","geometry":{"type":"Point","coordinates":[5.798303,51.82326]},"properties":{"category":"supermarkt","name":"Albert Heijn XL","operator":""}},{"type":"Feature","geometry":{"type":"Point","coordinates":[5.838077,51.879197]},"properties":{"category":"supermarkt","name":"Albert Heijn","operator":""}},{"type":"Feature","geometry":{"type":"Point","coordinates":[5.851722,51.821401]},"properties":{"category":"supermarkt","name":"Albert Heijn XL","operator":""}},{"type":"Feature","geometry":{"type":"Point","coordinates":[5.830142,51.808585]},"properties":{"category":"supermarkt","name":"ALDI","operator":""}},{"type":"Feature","geometry":{"type":"Point","coordinates":[5.86164,51.815001]},"properties":{"category":"supermarkt","name":"ALDI","operator":""}},{"type":"Feature","geometry":{"type":"Point","coordinates":[5.78027,51.8322]},"properties":{"category":"supermarkt","name":"Jumbo","operator":""}},{"type":"Feature","geometry":{"type":"Point","coordinates":[5.878045,51.83685]},"properties":{"category":"supermarkt","name":"PLUS","operator":""}},{"type":"Feature","geometry":{"type":"Point","coordinates":[5.849892,51.830948]},"properties":{"category":"supermarkt","name":"Ekoplaza","operator":""}},{"type":"Feature","geometry":{"type":"Point","coordinates":[5.840069,51.841022]},"properties":{"category":"supermarkt","name":"Albert Heijn","operator":""}},{"type":"Feature","geometry":{"type":"Point","coordinates":[5.863684,51.8439]},"properties":{"category":"supermarkt","name":"PLUS","operator":""}},{"type":"Feature","geometry":{"type":"Point","coordinates":[5.830436,51.83552]},"properties":{"category":"supermarkt","name":"PLUS","operator":""}},{"type":"Feature","geometry":{"type":"Point","coordinates":[5.843419,51.845623]},"properties":{"category":"supermarkt","name":"Jumbo","operator":""}},{"type":"Feature","geometry":{"type":"Point","coordinates":[5.84879,51.82495]},"properties":{"category":"supermarkt","name":"PLUS","operator":""}},{"type":"Feature","geometry":{"type":"Point","coordinates":[5.814621,51.830289]},"properties":{"category":"supermarkt","name":"Lidl","operator":"Lidl Nederland GmbH"}},{"type":"Feature","geometry":{"type":"Point","coordinates":[5.867383,51.813312]},"properties":{"category":"supermarkt","name":"De Bruin & De Bruin","operator":""}},{"type":"Feature","geometry":{"type":"Point","coordinates":[5.882404,51.833921]},"properties":{"category":"supermarkt","name":"PLUS","operator":""}},{"type":"Feature","geometry":{"type":"Point","coordinates":[5.864221,51.833423]},"properties":{"category":"supermarkt","name":"PLUS","operator":""}},{"type":"Feature","geometry":{"type":"Point","coordinates":[5.874694,51.838034]},"properties":{"category":"supermarkt","name":"Albert Heijn Jan Linders","operator":"Jan Linders"}},{"type":"Feature","geometry":{"type":"Point","coordinates":[5.856454,51.839473]},"properties":{"category":"supermarkt","name":"PLUS","operator":""}},{"type":"Feature","geometry":{"type":"Point","coordinates":[5.865252,51.844252]},"properties":{"category":"supermarkt","name":"Ekoplaza","operator":""}},{"type":"Feature","geometry":{"type":"Point","coordinates":[5.865844,51.843462]},"properties":{"category":"supermarkt","name":"Albert Heijn","operator":""}},{"type":"Feature","geometry":{"type":"Point","coordinates":[5.849286,51.836427]},"properties":{"category":"supermarkt","name":"New India","operator":""}},{"type":"Feature","geometry":{"type":"Point","coordinates":[5.846233,51.831197]},"properties":{"category":"supermarkt","name":"Patosas","operator":""}},{"type":"Feature","geometry":{"type":"Point","coordinates":[5.846687,51.812207]},"properties":{"category":"supermarkt","name":"Jumbo","operator":""}},{"type":"Feature","geometry":{"type":"Point","coordinates":[5.824819,51.807702]},"properties":{"category":"supermarkt","name":"Lidl","operator":"Lidl Nederland GmbH"}},{"type":"Feature","geometry":{"type":"Point","coordinates":[5.824169,51.807976]},"properties":{"category":"supermarkt","name":"Jumbo","operator":""}},{"type":"Feature","geometry":{"type":"Point","coordinates":[5.823757,51.807288]},"properties":{"category":"supermarkt","name":"Dünya Internationale Supermarkt","operator":""}},{"type":"Feature","geometry":{"type":"Point","coordinates":[5.807479,51.802138]},"properties":{"category":"supermarkt","name":"Lidl","operator":"Lidl Nederland GmbH"}},{"type":"Feature","geometry":{"type":"Point","coordinates":[5.801769,51.811421]},"properties":{"category":"supermarkt","name":"Spider Markt","operator":""}},{"type":"Feature","geometry":{"type":"Point","coordinates":[5.797461,51.823852]},"properties":{"category":"supermarkt","name":"Amazing Oriental","operator":""}},{"type":"Feature","geometry":{"type":"Point","coordinates":[5.80246,51.830435]},"properties":{"category":"supermarkt","name":"SPAR","operator":""}},{"type":"Feature","geometry":{"type":"Point","coordinates":[5.864429,51.869852]},"properties":{"category":"supermarkt","name":"Jumbo","operator":""}},{"type":"Feature","geometry":{"type":"Point","coordinates":[5.794009,51.834224]},"properties":{"category":"supermarkt","name":"Lidl","operator":"Lidl Nederland GmbH"}},{"type":"Feature","geometry":{"type":"Point","coordinates":[5.849508,51.837076]},"properties":{"category":"supermarkt","name":"ALDI","operator":""}},{"type":"Feature","geometry":{"type":"Point","coordinates":[5.869743,51.84439]},"properties":{"category":"supermarkt","name":"Van Nature","operator":""}},{"type":"Feature","geometry":{"type":"Point","coordinates":[5.813487,51.83042]},"properties":{"category":"supermarkt","name":"PLUS","operator":"PLUS"}},{"type":"Feature","geometry":{"type":"Point","coordinates":[5.866037,51.819363]},"properties":{"category":"supermarkt","name":"SPAR university","operator":"SPAR"}},{"type":"Feature","geometry":{"type":"Point","coordinates":[5.844711,51.830756]},"properties":{"category":"supermarkt","name":"Albert Heijn","operator":"Albert Heijn B.V."}},{"type":"Feature","geometry":{"type":"Point","coordinates":[5.799887,51.811429]},"properties":{"category":"supermarkt","name":"Albert Heijn","operator":""}},{"type":"Feature","geometry":{"type":"Point","coordinates":[5.800535,51.811906]},"properties":{"category":"supermarkt","name":"Lidl","operator":"Lidl Nederland GmbH"}},{"type":"Feature","geometry":{"type":"Point","coordinates":[5.853472,51.86478]},"properties":{"category":"supermarkt","name":"ALDI","operator":""}},{"type":"Feature","geometry":{"type":"Point","coordinates":[5.853789,51.864535]},"properties":{"category":"supermarkt","name":"Albert Heijn XL","operator":"Hans Geveling"}},{"type":"Feature","geometry":{"type":"Point","coordinates":[5.86143,51.845917]},"properties":{"category":"supermarkt","name":"Albert Heijn","operator":""}},{"type":"Feature","geometry":{"type":"Point","coordinates":[5.808157,51.808899]},"properties":{"category":"supermarkt","name":"Jumbo","operator":""}},{"type":"Feature","geometry":{"type":"Point","coordinates":[5.840639,51.840751]},"properties":{"category":"supermarkt","name":"ALDI","operator":""}},{"type":"Feature","geometry":{"type":"Point","coordinates":[5.830763,51.811952]},"properties":{"category":"supermarkt","name":"Arbe Supermarkt","operator":""}},{"type":"Feature","geometry":{"type":"Point","coordinates":[5.818183,51.818452]},"properties":{"category":"fietsenstalling","name":"","operator":""}},{"type":"Feature","geometry":{"type":"Point","coordinates":[5.86584,51.818684]},"properties":{"category":"fietsenstalling","name":"","operator":""}},{"type":"Feature","geometry":{"type":"Point","coordinates":[5.867345,51.818723]},"properties":{"category":"fietsenstalling","name":"","operator":""}},{"type":"Feature","geometry":{"type":"Point","coordinates":[5.862783,51.845614]},"properties":{"category":"fietsenstalling","name":"Plein 1944","operator":"Gemeente Nijmegen"}},{"type":"Feature","geometry":{"type":"Point","coordinates":[5.865561,51.846044]},"properties":{"category":"fietsenstalling","name":"Stadhuis","operator":"Gemeente Nijmegen"}},{"type":"Feature","geometry":{"type":"Point","coordinates":[5.852885,51.841079]},"properties":{"category":"fietsenstalling","name":"","operator":""}},{"type":"Feature","geometry":{"type":"Point","coordinates":[5.869355,51.827525]},"properties":{"category":"fietsenstalling","name":"","operator":""}},{"type":"Feature","geometry":{"type":"Point","coordinates":[5.854104,51.84447]},"properties":{"category":"fietsenstalling","name":"Fietstransferium","operator":"Gemeente Nijmegen"}},{"type":"Feature","geometry":{"type":"Point","coordinates":[5.866122,51.844665]},"properties":{"category":"fietsenstalling","name":"Mariënburg","operator":"Gemeente Nijmegen"}},{"type":"Feature","geometry":{"type":"Point","coordinates":[5.859696,51.862192]},"properties":{"category":"fietsenstalling","name":"","operator":""}},{"type":"Feature","geometry":{"type":"Point","coordinates":[5.8625,51.823473]},"properties":{"category":"fietsenstalling","name":"","operator":"Radboudumc"}},{"type":"Feature","geometry":{"type":"Point","coordinates":[5.858562,51.821565]},"properties":{"category":"fietsenstalling","name":"","operator":""}},{"type":"Feature","geometry":{"type":"Point","coordinates":[5.86291,51.819342]},"properties":{"category":"fietsenstalling","name":"","operator":""}},{"type":"Feature","geometry":{"type":"Point","coordinates":[5.868339,51.824043]},"properties":{"category":"fietsenstalling","name":"","operator":"Radboud Universiteit"}},{"type":"Feature","geometry":{"type":"Point","coordinates":[5.868538,51.823081]},"properties":{"category":"fietsenstalling","name":"","operator":"Radboud Universiteit"}},{"type":"Feature","geometry":{"type":"Point","coordinates":[5.870007,51.846823]},"properties":{"category":"fietsenstalling","name":"Kelfkensbos","operator":"Gemeente Nijmegen"}},{"type":"Feature","geometry":{"type":"Point","coordinates":[5.818682,51.818291]},"properties":{"category":"fietsenstalling","name":"","operator":""}},{"type":"Feature","geometry":{"type":"Point","coordinates":[5.86049,51.842944]},"properties":{"category":"fietsenstalling","name":"Fietsenstalling Bisschop Hamerstraat","operator":"Gemeente Nijmegen"}},{"type":"Feature","geometry":{"type":"Point","coordinates":[5.853065,51.842503]},"properties":{"category":"fietsenstalling","name":"","operator":""}},{"type":"Feature","geometry":{"type":"Point","coordinates":[5.853532,51.843152]},"properties":{"category":"fietsenstalling","name":"","operator":""}},{"type":"Feature","geometry":{"type":"Point","coordinates":[5.863629,51.827173]},"properties":{"category":"fietsenstalling","name":"","operator":""}},{"type":"Feature","geometry":{"type":"Point","coordinates":[5.822349,51.827609]},"properties":{"category":"fietsenstalling","name":"","operator":""}},{"type":"Feature","geometry":{"type":"Point","coordinates":[5.822242,51.827771]},"properties":{"category":"fietsenstalling","name":"","operator":""}},{"type":"Feature","geometry":{"type":"Point","coordinates":[5.822369,51.826903]},"properties":{"category":"fietsenstalling","name":"","operator":""}},{"type":"Feature","geometry":{"type":"Point","coordinates":[5.86691,51.824416]},"properties":{"category":"fietsenstalling","name":"","operator":""}},{"type":"Feature","geometry":{"type":"Point","coordinates":[5.822581,51.826974]},"properties":{"category":"fietsenstalling","name":"","operator":""}},{"type":"Feature","geometry":{"type":"Point","coordinates":[5.822088,51.827519]},"properties":{"category":"fietsenstalling","name":"","operator":""}},{"type":"Feature","geometry":{"type":"Point","coordinates":[5.821813,51.827457]},"properties":{"category":"fietsenstalling","name":"","operator":""}},{"type":"Feature","geometry":{"type":"Point","coordinates":[5.817045,51.809019]},"properties":{"category":"fietsenstalling","name":"","operator":""}},{"type":"Feature","geometry":{"type":"Point","coordinates":[5.792656,51.825939]},"properties":{"category":"fietsenstalling","name":"","operator":""}},{"type":"Feature","geometry":{"type":"Point","coordinates":[5.790863,51.824157]},"properties":{"category":"fietsenstalling","name":"","operator":""}},{"type":"Feature","geometry":{"type":"Point","coordinates":[5.796007,51.823991]},"properties":{"category":"fietsenstalling","name":"","operator":""}},{"type":"Feature","geometry":{"type":"Point","coordinates":[5.794398,51.823763]},"properties":{"category":"fietsenstalling","name":"","operator":""}},{"type":"Feature","geometry":{"type":"Point","coordinates":[5.845299,51.824408]},"properties":{"category":"fietsenstalling","name":"","operator":"SSgN"}},{"type":"Feature","geometry":{"type":"Point","coordinates":[5.83914,51.828671]},"properties":{"category":"fietsenstalling","name":"","operator":""}},{"type":"Feature","geometry":{"type":"Point","coordinates":[5.800456,51.837432]},"properties":{"category":"fietsenstalling","name":"","operator":""}},{"type":"Feature","geometry":{"type":"Point","coordinates":[5.858982,51.822323]},"properties":{"category":"fietsenstalling","name":"","operator":""}},{"type":"Feature","geometry":{"type":"Point","coordinates":[5.801687,51.837754]},"properties":{"category":"fietsenstalling","name":"","operator":""}},{"type":"Feature","geometry":{"type":"Point","coordinates":[5.784542,51.812403]},"properties":{"category":"fietsenstalling","name":"","operator":""}},{"type":"Feature","geometry":{"type":"Point","coordinates":[5.870165,51.823115]},"properties":{"category":"fietsenstalling","name":"","operator":""}},{"type":"Feature","geometry":{"type":"Point","coordinates":[5.867929,51.826505]},"properties":{"category":"fietsenstalling","name":"","operator":""}},{"type":"Feature","geometry":{"type":"Point","coordinates":[5.870654,51.824564]},"properties":{"category":"fietsenstalling","name":"","operator":"Radboud Universiteit"}},{"type":"Feature","geometry":{"type":"Point","coordinates":[5.870181,51.826956]},"properties":{"category":"fietsenstalling","name":"","operator":""}},{"type":"Feature","geometry":{"type":"Point","coordinates":[5.869927,51.826763]},"properties":{"category":"fietsenstalling","name":"","operator":""}},{"type":"Feature","geometry":{"type":"Point","coordinates":[5.869878,51.826638]},"properties":{"category":"fietsenstalling","name":"","operator":""}},{"type":"Feature","geometry":{"type":"Point","coordinates":[5.869641,51.818707]},"properties":{"category":"fietsenstalling","name":"","operator":""}},{"type":"Feature","geometry":{"type":"Point","coordinates":[5.866037,51.822581]},"properties":{"category":"fietsenstalling","name":"","operator":""}},{"type":"Feature","geometry":{"type":"Point","coordinates":[5.860295,51.823638]},"properties":{"category":"fietsenstalling","name":"","operator":""}},{"type":"Feature","geometry":{"type":"Point","coordinates":[5.868753,51.824021]},"properties":{"category":"parkeergarage","name":"P11","operator":"Radboud Universiteit"}},{"type":"Feature","geometry":{"type":"Point","coordinates":[5.868111,51.821021]},"properties":{"category":"parkeergarage","name":"P8 Sterrenbosch","operator":"SSH&"}},{"type":"Feature","geometry":{"type":"Point","coordinates":[5.796412,51.823048]},"properties":{"category":"parkeergarage","name":"Winkelcentrum Dukenburg","operator":"P1"}},{"type":"Feature","geometry":{"type":"Point","coordinates":[5.857643,51.818772]},"properties":{"category":"parkeergarage","name":"","operator":"Radboud Universiteit"}},{"type":"Feature","geometry":{"type":"Point","coordinates":[5.867911,51.848611]},"properties":{"category":"parkeergarage","name":"Casino","operator":""}},{"type":"Feature","geometry":{"type":"Point","coordinates":[5.868742,51.820965]},"properties":{"category":"parkeergarage","name":"","operator":"SSH&"}},{"type":"Feature","geometry":{"type":"Point","coordinates":[5.869253,51.82092]},"properties":{"category":"parkeergarage","name":"","operator":"SSH&"}},{"type":"Feature","geometry":{"type":"Point","coordinates":[5.86747,51.821075]},"properties":{"category":"parkeergarage","name":"","operator":"SSH&"}},{"type":"Feature","geometry":{"type":"Point","coordinates":[5.862792,51.827794]},"properties":{"category":"parkeergarage","name":"","operator":""}},{"type":"Feature","geometry":{"type":"Point","coordinates":[5.836292,51.808286]},"properties":{"category":"parkeergarage","name":"Parkeergarage Malderborgh","operator":"VvE Parkeergarage Malderborgh"}},{"type":"Feature","geometry":{"type":"Point","coordinates":[5.862037,51.824027]},"properties":{"category":"parkeergarage","name":"","operator":""}},{"type":"Feature","geometry":{"type":"Point","coordinates":[5.872147,51.833965]},"properties":{"category":"parkeergarage","name":"","operator":""}},{"type":"Feature","geometry":{"type":"Point","coordinates":[5.856222,51.842406]},"properties":{"category":"parkeergarage","name":"Keizer Karel","operator":"HC Support"}},{"type":"Feature","geometry":{"type":"Point","coordinates":[5.87011,51.846542]},"properties":{"category":"parkeergarage","name":"Kelfkensbos","operator":"HC Support"}},{"type":"Feature","geometry":{"type":"Point","coordinates":[5.830796,51.818654]},"properties":{"category":"parkeergarage","name":"Parkeerdek","operator":""}},{"type":"Feature","geometry":{"type":"Point","coordinates":[5.824776,51.824434]},"properties":{"category":"parkeergarage","name":"52Nijmegen","operator":""}},{"type":"Feature","geometry":{"type":"Point","coordinates":[5.862774,51.845813]},"properties":{"category":"parkeergarage","name":"","operator":""}},{"type":"Feature","geometry":{"type":"Point","coordinates":[5.864992,51.832767]},"properties":{"category":"parkeergarage","name":"","operator":""}},{"type":"Feature","geometry":{"type":"Point","coordinates":[5.860685,51.86301]},"properties":{"category":"parkeergarage","name":"","operator":""}},{"type":"Feature","geometry":{"type":"Point","coordinates":[5.869069,51.819214]},"properties":{"category":"parkeergarage","name":"Parkeergarage Gymnasion (P7b)","operator":"Radboud Universiteit"}},{"type":"Feature","geometry":{"type":"Point","coordinates":[5.820189,51.841026]},"properties":{"category":"parkeergarage","name":"","operator":""}},{"type":"Feature","geometry":{"type":"Point","coordinates":[5.833734,51.809028]},"properties":{"category":"parkeergarage","name":"","operator":""}},{"type":"Feature","geometry":{"type":"Point","coordinates":[5.866866,51.847551]},"properties":{"category":"parkeergarage","name":"Eiermarkt","operator":"HC Support"}},{"type":"Feature","geometry":{"type":"Point","coordinates":[5.854111,51.865436]},"properties":{"category":"parkeergarage","name":"Hart van de Waalsprong","operator":""}},{"type":"Feature","geometry":{"type":"Point","coordinates":[5.866137,51.824515]},"properties":{"category":"parkeergarage","name":"Personeelsparkeergarage Radboudumc","operator":""}},{"type":"Feature","geometry":{"type":"Point","coordinates":[5.851685,51.845094]},"properties":{"category":"p_and_r","name":"P+R terrein Eerste Oude Heselaan","operator":"Q-Park"}},{"type":"Feature","geometry":{"type":"Point","coordinates":[5.861047,51.862298]},"properties":{"category":"p_and_r","name":"Park & Ride Nijmegen Lent","operator":""}},{"type":"Feature","geometry":{"type":"Point","coordinates":[5.801464,51.837122]},"properties":{"category":"p_and_r","name":"P+R Nijmegen West","operator":""}},{"type":"Feature","geometry":{"type":"Point","coordinates":[5.788367,51.82244]},"properties":{"category":"p_and_r","name":"","operator":""}},{"type":"Feature","geometry":{"type":"Point","coordinates":[5.790433,51.823129]},"properties":{"category":"p_and_r","name":"","operator":""}},{"type":"Feature","geometry":{"type":"Point","coordinates":[5.861474,51.881931]},"properties":{"category":"p_and_r","name":"P+R Nijmegen Noord","operator":""}}]}