{
  "type": "FeatureCollection",
  "metadata": {
    "province": "Flevoland",
    "slug": "flevoland",
    "generated_at": "2026-05-21T18:19:05.605332Z",
    "boundaries_count": 6,
    "municipalities": [
      "almere",
      "dronten",
      "lelystad",
      "noordoostpolder",
      "urk",
      "zeewolde"
    ]
  },
  "features": [
    {
      "type": "Feature",
      "geometry": {
        "type": "Polygon",
        "coordinates": [
          [
            [
              5.37726,
              52.764805
            ],
            [
              5.430013,
              52.772798
            ],
            [
              5.480214,
              52.780377
            ],
            [
              5.516903,
              52.785901
            ],
            [
              5.631353,
              52.803055
            ],
            [
              5.631359,
              52.803061
            ],
            [
              5.660296,
              52.83125
            ],
            [
              5.664677,
              52.831568
            ],
            [
              5.677433,
              52.832491
            ],
            [
              5.686287,
              52.833131
            ],
            [
              5.691399,
              52.833501
            ],
            [
              5.703103,
              52.834346
            ],
            [
              5.702781,
              52.835994
            ],
            [
              5.702904,
              52.836258
            ],
            [
              5.7033,
              52.836393
            ],
            [
              5.703737,
              52.836318
            ],
            [
              5.703959,
              52.836078
            ],
            [
              5.704282,
              52.834431
            ],
            [
              5.709636,
              52.834817
            ],
            [
              5.709911,
              52.834858
            ],
            [
              5.710162,
              52.834905
            ],
            [
              5.710354,
              52.834952
            ],
            [
              5.710584,
              52.835022
            ],
            [
              5.710776,
              52.835093
            ],
            [
              5.710968,
              52.835176
            ],
            [
              5.711258,
              52.835324
            ],
            [
              5.711442,
              52.835442
            ],
            [
              5.711614,
              52.835581
            ],
            [
              5.711747,
              52.835704
            ],
            [
              5.711871,
              52.83584
            ],
            [
              5.711973,
              52.835971
            ],
            [
              5.71207,
              52.836144
            ],
            [
              5.712119,
              52.83626
            ],
            [
              5.712286,
              52.836825
            ],
            [
              5.71245,
              52.837379
            ],
            [
              5.712036,
              52.837439
            ],
            [
              5.712024,
              52.837441
            ],
            [
              5.712013,
              52.837443
            ],
            [
              5.712002,
              52.837445
            ],
            [
              5.71199,
              52.837447
            ],
            [
              5.711979,
              52.837449
            ],
            [
              5.711968,
              52.837452
            ],
            [
              5.711957,
              52.837454
            ],
            [
              5.711946,
              52.837457
            ],
            [
              5.711935,
              52.83746
            ],
            [
              5.711925,
              52.837463
            ],
            [
              5.711914,
              52.837466
            ],
            [
              5.711903,
              52.837469
            ],
            [
              5.711893,
              52.837472
            ],
            [
              5.711882,
              52.837476
            ],
            [
              5.711872,
              52.837479
            ],
            [
              5.711862,
              52.837483
            ],
            [
              5.711852,
              52.837487
            ],
            [
              5.711842,
              52.837491
            ],
            [
              5.711833,
              52.837495
            ],
            [
              5.711823,
              52.837499
            ],
            [
              5.711814,
              52.837503
            ],
            [
              5.711804,
              52.837508
            ],
            [
              5.711795,
              52.837512
            ],
            [
              5.711786,
              52.837517
            ],
            [
              5.711777,
              52.837521
            ],
            [
              5.711769,
              52.837526
            ],
            [
              5.71176,
              52.837531
            ],
            [
              5.711752,
              52.837536
            ],
            [
              5.711743,
              52.837541
            ],
            [
              5.711735,
              52.837547
            ],
            [
              5.711728,
              52.837552
            ],
            [
              5.71172,
              52.837557
            ],
            [
              5.711712,
              52.837563
            ],
            [
              5.711705,
              52.837568
            ],
            [
              5.711698,
              52.837574
            ],
            [
              5.711691,
              52.83758
            ],
            [
              5.711684,
              52.837586
            ],
            [
              5.711678,
              52.837592
            ],
            [
              5.711671,
              52.837598
            ],
            [
              5.711665,
              52.837604
            ],
            [
              5.711659,
              52.83761
            ],
            [
              5.711653,
              52.837616
            ],
            [
              5.711648,
              52.837623
            ],
            [
              5.711642,
              52.837629
            ],
            [
              5.711637,
              52.837635
            ],
            [
              5.711632,
              52.837642
            ],
            [
              5.711627,
              52.837648
            ],
            [
              5.711623,
              52.837655
            ],
            [
              5.711619,
              52.837662
            ],
            [
              5.711615,
              52.837668
            ],
            [
              5.711611,
              52.837675
            ],
            [
              5.711607,
              52.837682
            ],
            [
              5.711604,
              52.837689
            ],
            [
              5.711601,
              52.837696
            ],
            [
              5.711598,
              52.837702
            ],
            [
              5.711595,
              52.83771
            ],
            [
              5.711593,
              52.837716
            ],
            [
              5.71159,
              52.837724
            ],
            [
              5.711588,
              52.83773
            ],
            [
              5.711586,
              52.837738
            ],
            [
              5.711585,
              52.837745
            ],
            [
              5.711583,
              52.837752
            ],
            [
              5.711582,
              52.837759
            ],
            [
              5.711582,
              52.837766
            ],
            [
              5.711581,
              52.837773
            ],
            [
              5.711581,
              52.83778
            ],
            [
              5.71158,
              52.837787
            ],
            [
              5.71158,
              52.837795
            ],
            [
              5.711581,
              52.837802
            ],
            [
              5.711581,
              52.837809
            ],
            [
              5.711582,
              52.837816
            ],
            [
              5.711583,
              52.837823
            ],
            [
              5.711584,
              52.83783
            ],
            [
              5.711586,
              52.837837
            ],
            [
              5.711587,
              52.837844
            ],
            [
              5.711589,
              52.837851
            ],
            [
              5.711591,
              52.837858
            ],
            [
              5.711594,
              52.837865
            ],
            [
              5.711596,
              52.837872
            ],
            [
              5.711599,
              52.837879
            ],
            [
              5.711602,
              52.837886
            ],
            [
              5.711606,
              52.837893
            ],
            [
              5.711609,
              52.8379
            ],
            [
              5.711613,
              52.837907
            ],
            [
              5.711617,
              52.837913
            ],
            [
              5.711621,
              52.83792
            ],
            [
              5.711626,
              52.837927
            ],
            [
              5.711631,
              52.837933
            ],
            [
              5.711635,
              52.83794
            ],
            [
              5.71164,
              52.837947
            ],
            [
              5.711646,
              52.837953
            ],
            [
              5.711651,
              52.837959
            ],
            [
              5.711657,
              52.837966
            ],
            [
              5.711663,
              52.837972
            ],
            [
              5.711669,
              52.837978
            ],
            [
              5.711675,
              52.837984
            ],
            [
              5.711682,
              52.83799
            ],
            [
              5.711689,
              52.837996
            ],
            [
              5.711696,
              52.838002
            ],
            [
              5.711703,
              52.838007
            ],
            [
              5.71171,
              52.838013
            ],
            [
              5.711717,
              52.838019
            ],
            [
              5.711725,
              52.838024
            ],
            [
              5.711733,
              52.838029
            ],
            [
              5.711741,
              52.838035
            ],
            [
              5.711749,
              52.83804
            ],
            [
              5.711757,
              52.838045
            ],
            [
              5.711766,
              52.83805
            ],
            [
              5.711774,
              52.838055
            ],
            [
              5.711783,
              52.83806
            ],
            [
              5.711792,
              52.838064
            ],
            [
              5.711801,
              52.838069
            ],
            [
              5.711811,
              52.838073
            ],
            [
              5.71182,
              52.838078
            ],
            [
              5.71183,
              52.838082
            ],
            [
              5.711839,
              52.838086
            ],
            [
              5.711849,
              52.83809
            ],
            [
              5.711859,
              52.838094
            ],
            [
              5.711869,
              52.838098
            ],
            [
              5.71188,
              52.838101
            ],
            [
              5.71189,
              52.838105
            ],
            [
              5.7119,
              52.838108
            ],
            [
              5.711911,
              52.838111
            ],
            [
              5.711922,
              52.838114
            ],
            [
              5.711932,
              52.838117
            ],
            [
              5.711943,
              52.83812
            ],
            [
              5.711954,
              52.838123
            ],
            [
              5.711965,
              52.838125
            ],
            [
              5.711976,
              52.838128
            ],
            [
              5.711988,
              52.83813
            ],
            [
              5.711999,
              52.838132
            ],
            [
              5.71201,
              52.838134
            ],
            [
              5.712022,
              52.838136
            ],
            [
              5.712033,
              52.838138
            ],
            [
              5.712045,
              52.83814
            ],
            [
              5.712056,
              52.838141
            ],
            [
              5.712068,
              52.838143
            ],
            [
              5.71208,
              52.838144
            ],
            [
              5.712091,
              52.838145
            ],
            [
              5.712103,
              52.838146
            ],
            [
              5.712115,
              52.838147
            ],
            [
              5.712127,
              52.838147
            ],
            [
              5.712138,
              52.838148
            ],
            [
              5.71215,
              52.838148
            ],
            [
              5.712162,
              52.838148
            ],
            [
              5.712174,
              52.838148
            ],
            [
              5.712186,
              52.838148
            ],
            [
              5.712198,
              52.838148
            ],
            [
              5.712209,
              52.838148
            ],
            [
              5.712221,
              52.838147
            ],
            [
              5.712232,
              52.838147
            ],
            [
              5.712244,
              52.838146
            ],
            [
              5.712255,
              52.838145
            ],
            [
              5.712267,
              52.838144
            ],
            [
              5.712278,
              52.838143
            ],
            [
              5.712289,
              52.838141
            ],
            [
              5.7123,
              52.83814
            ],
            [
              5.712312,
              52.838138
            ],
            [
              5.713223,
              52.838007
            ],
            [
              5.71323,
              52.838023
            ],
            [
              5.713238,
              52.838044
            ],
            [
              5.713216,
              52.838055
            ],
            [
              5.713211,
              52.83806
            ],
            [
              5.713197,
              52.83807
            ],
            [
              5.713194,
              52.838093
            ],
            [
              5.71322,
              52.838189
            ],
            [
              5.713967,
              52.838051
            ],
            [
              5.714318,
              52.837987
            ],
            [
              5.714839,
              52.837891
            ],
            [
              5.714828,
              52.837845
            ],
            [
              5.714722,
              52.837375
            ],
            [
              5.715184,
              52.837336
            ],
            [
              5.715342,
              52.837323
            ],
            [
              5.715717,
              52.837292
            ],
            [
              5.715935,
              52.837274
            ],
            [
              5.716274,
              52.837246
            ],
            [
              5.716781,
              52.837172
            ],
            [
              5.717767,
              52.837027
            ],
            [
              5.71889,
              52.836812
            ],
            [
              5.720293,
              52.836561
            ],
            [
              5.721809,
              52.836266
            ],
            [
              5.722183,
              52.836189
            ],
            [
              5.722699,
              52.836075
            ],
            [
              5.723328,
              52.835917
            ],
            [
              5.723802,
              52.835781
            ],
            [
              5.724153,
              52.835667
            ],
            [
              5.724483,
              52.835555
            ],
            [
              5.724942,
              52.835384
            ],
            [
              5.725615,
              52.835112
            ],
            [
              5.726003,
              52.834945
            ],
            [
              5.726496,
              52.834714
            ],
            [
              5.727038,
              52.83444
            ],
            [
              5.727468,
              52.834198
            ],
            [
              5.727754,
              52.834022
            ],
            [
              5.72799,
              52.833876
            ],
            [
              5.728137,
              52.833776
            ],
            [
              5.728317,
              52.833648
            ],
            [
              5.728546,
              52.833485
            ],
            [
              5.728663,
              52.833398
            ],
            [
              5.729092,
              52.833553
            ],
            [
              5.729229,
              52.833602
            ],
            [
              5.729249,
              52.833609
            ],
            [
              5.729574,
              52.833727
            ],
            [
              5.729207,
              52.8341
            ],
            [
              5.729193,
              52.83412
            ],
            [
              5.729194,
              52.834154
            ],
            [
              5.729231,
              52.834208
            ],
            [
              5.729275,
              52.834226
            ],
            [
              5.729093,
              52.834422
            ],
            [
              5.728898,
              52.834452
            ],
            [
              5.728563,
              52.834815
            ],
            [
              5.72846,
              52.834936
            ],
            [
              5.728328,
              52.835097
            ],
            [
              5.728148,
              52.835342
            ],
            [
              5.728085,
              52.835416
            ],
            [
              5.727971,
              52.835574
            ],
            [
              5.727861,
              52.835738
            ],
            [
              5.727754,
              52.835907
            ],
            [
              5.727658,
              52.836073
            ],
            [
              5.727591,
              52.836266
            ],
            [
              5.727476,
              52.836413
            ],
            [
              5.727399,
              52.836576
            ],
            [
              5.72732,
              52.836748
            ],
            [
              5.727247,
              52.836916
            ],
            [
              5.726913,
              52.837712
            ],
            [
              5.726169,
              52.839523
            ],
            [
              5.726065,
              52.839778
            ],
            [
              5.725251,
              52.8418
            ],
            [
              5.724962,
              52.84252
            ],
            [
              5.724959,
              52.842533
            ],
            [
              5.72496,
              52.842552
            ],
            [
              5.724995,
              52.842916
            ],
            [
              5.725013,
              52.843095
            ],
            [
              5.725005,
              52.843165
            ],
            [
              5.724754,
              52.8438
            ],
            [
              5.724703,
              52.843929
            ],
            [
              5.724682,
              52.843982
            ],
            [
              5.72482,
              52.843958
            ],
            [
              5.730143,
              52.843019
            ],
            [
              5.742389,
              52.840836
            ],
            [
              5.745719,
              52.840236
            ],
            [
              5.748537,
              52.839728
            ],
            [
              5.748569,
              52.839723
            ],
            [
              5.748716,
              52.839696
            ],
            [
              5.748742,
              52.839692
            ],
            [
              5.748807,
              52.83968
            ],
            [
              5.753007,
              52.837075
            ],
            [
              5.753941,
              52.836496
            ],
            [
              5.754417,
              52.836201
            ],
            [
              5.760167,
              52.832639
            ],
            [
              5.760445,
              52.832466
            ],
            [
              5.761689,
              52.831695
            ],
            [
              5.763854,
              52.830352
            ],
            [
              5.766431,
              52.828741
            ],
            [
              5.766694,
              52.828577
            ],
            [
              5.769043,
              52.827109
            ],
            [
              5.771678,
              52.825461
            ],
            [
              5.77311,
              52.824565
            ],
            [
              5.776569,
              52.822402
            ],
            [
              5.776623,
              52.822369
            ],
            [
              5.77906,
              52.820833
            ],
            [
              5.779096,
              52.820811
            ],
            [
              5.780161,
              52.82014
            ],
            [
              5.781029,
              52.819594
            ],
            [
              5.783836,
              52.81782
            ],
            [
              5.784382,
              52.817476
            ],
            [
              5.784392,
              52.81745
            ],
            [
              5.7844,
              52.817428
            ],
            [
              5.784404,
              52.817417
            ],
            [
              5.784419,
              52.817378
            ],
            [
              5.784491,
              52.817187
            ],
            [
              5.784509,
              52.817139
            ],
            [
              5.784913,
              52.816066
            ],
            [
              5.785288,
              52.815068
            ],
            [
              5.785311,
              52.815008
            ],
            [
              5.785384,
              52.814813
            ],
            [
              5.786157,
              52.812753
            ],
            [
              5.786709,
              52.811282
            ],
            [
              5.786847,
              52.810804
            ],
            [
              5.787375,
              52.808969
            ],
            [
              5.787876,
              52.807232
            ],
            [
              5.788237,
              52.806363
            ],
            [
              5.789217,
              52.804694
            ],
            [
              5.789807,
              52.803691
            ],
            [
              5.793902,
              52.80585
            ],
            [
              5.795177,
              52.806522
            ],
            [
              5.79926,
              52.801287
            ],
            [
              5.803474,
              52.796859
            ],
            [
              5.805926,
              52.794859
            ],
            [
              5.812725,
              52.791186
            ],
            [
              5.816857,
              52.788954
            ],
            [
              5.818657,
              52.787636
            ],
            [
              5.818249,
              52.786953
            ],
            [
              5.818792,
              52.784697
            ],
            [
              5.828146,
              52.785545
            ],
            [
              5.836254,
              52.785637
            ],
            [
              5.837301,
              52.785029
            ],
            [
              5.841618,
              52.785138
            ],
            [
              5.842068,
              52.784973
            ],
            [
              5.842231,
              52.784914
            ],
            [
              5.842549,
              52.784797
            ],
            [
              5.842551,
              52.784756
            ],
            [
              5.842528,
              52.784667
            ],
            [
              5.842524,
              52.784584
            ],
            [
              5.84254,
              52.784584
            ],
            [
              5.842539,
              52.784546
            ],
            [
              5.842568,
              52.784546
            ],
            [
              5.842818,
              52.784547
            ],
            [
              5.843035,
              52.784547
            ],
            [
              5.843159,
              52.784533
            ],
            [
              5.843269,
              52.784497
            ],
            [
              5.84339,
              52.784464
            ],
            [
              5.843482,
              52.784452
            ],
            [
              5.849699,
              52.784739
            ],
            [
              5.852451,
              52.783781
            ],
            [
              5.860258,
              52.781816
            ],
            [
              5.862083,
              52.781022
            ],
            [
              5.868718,
              52.778137
            ],
            [
              5.869934,
              52.777519
            ],
            [
              5.875594,
              52.774643
            ],
            [
              5.879683,
              52.773251
            ],
            [
              5.882702,
              52.771375
            ],
            [
              5.885137,
              52.769301
            ],
            [
              5.890253,
              52.766995
            ],
            [
              5.890452,
              52.766906
            ],
            [
              5.894383,
              52.765134
            ],
            [
              5.896085,
              52.762822
            ],
            [
              5.896889,
              52.762493
            ],
            [
              5.900054,
              52.761195
            ],
            [
              5.900914,
              52.761214
            ],
            [
              5.906009,
              52.761326
            ],
            [
              5.906447,
              52.761044
            ],
            [
              5.92183,
              52.75117
            ],
            [
              5.922574,
              52.750692
            ],
            [
              5.93015,
              52.739587
            ],
            [
              5.930151,
              52.739586
            ],
            [
              5.935559,
              52.730252
            ],
            [
              5.936501,
              52.728121
            ],
            [
              5.938481,
              52.723642
            ],
            [
              5.938529,
              52.723533
            ],
            [
              5.938567,
              52.723449
            ],
            [
              5.938653,
              52.723255
            ],
            [
              5.94117,
              52.717551
            ],
            [
              5.941204,
              52.717474
            ],
            [
              5.941885,
              52.715949
            ],
            [
              5.942555,
              52.715002
            ],
            [
              5.951099,
              52.711942
            ],
            [
              5.951161,
              52.711919
            ],
            [
              5.951314,
              52.711748
            ],
            [
              5.951775,
              52.711231
            ],
            [
              5.951931,
              52.711056
            ],
            [
              5.952396,
              52.710535
            ],
            [
              5.955316,
              52.707262
            ],
            [
              5.954839,
              52.703768
            ],
            [
              5.956465,
              52.703805
            ],
            [
              5.959012,
              52.703863
            ],
            [
              5.959941,
              52.702943
            ],
            [
              5.959964,
              52.70292
            ],
            [
              5.960792,
              52.7021
            ],
            [
              5.961766,
              52.701135
            ],
            [
              5.962786,
              52.700124
            ],
            [
              5.963388,
              52.699528
            ],
            [
              5.963676,
              52.699243
            ],
            [
              5.964225,
              52.698699
            ],
            [
              5.964548,
              52.698379
            ],
            [
              5.964825,
              52.698104
            ],
            [
              5.965155,
              52.69357
            ],
            [
              5.962105,
              52.690351
            ],
            [
              5.962089,
              52.690348
            ],
            [
              5.9594,
              52.68995
            ],
            [
              5.95274,
              52.68524
            ],
            [
              5.952724,
              52.685236
            ],
            [
              5.952034,
              52.685075
            ],
            [
              5.951509,
              52.684952
            ],
            [
              5.949519,
              52.685713
            ],
            [
              5.949508,
              52.685707
            ],
            [
              5.946933,
              52.684155
            ],
            [
              5.947016,
              52.684104
            ],
            [
              5.946946,
              52.684062
            ],
            [
              5.945977,
              52.683478
            ],
            [
              5.944708,
              52.682713
            ],
            [
              5.945345,
              52.682321
            ],
            [
              5.945377,
              52.682301
            ],
            [
              5.935747,
              52.676618
            ],
            [
              5.93387,
              52.675511
            ],
            [
              5.932751,
              52.673189
            ],
            [
              5.933084,
              52.671264
            ],
            [
              5.93367,
              52.670694
            ],
            [
              5.933678,
              52.670686
            ],
            [
              5.934594,
              52.669782
            ],
            [
              5.935148,
              52.669234
            ],
            [
              5.939726,
              52.668835
            ],
            [
              5.940101,
              52.670427
            ],
            [
              5.941233,
              52.670495
            ],
            [
              5.941593,
              52.670517
            ],
            [
              5.943672,
              52.67
            ],
            [
              5.945751,
              52.669482
            ],
            [
              5.949884,
              52.668578
            ],
            [
              5.954017,
              52.667674
            ],
            [
              5.958172,
              52.667809
            ],
            [
              5.9619,
              52.667041
            ],
            [
              5.963054,
              52.666398
            ],
            [
              5.964968,
              52.666154
            ],
            [
              5.966852,
              52.66658
            ],
            [
              5.967932,
              52.665926
            ],
            [
              5.970814,
              52.665189
            ],
            [
              5.972682,
              52.66398
            ],
            [
              5.974549,
              52.662771
            ],
            [
              5.976661,
              52.661752
            ],
            [
              5.979546,
              52.660496
            ],
            [
              5.980417,
              52.659856
            ],
            [
              5.981744,
              52.658739
            ],
            [
              5.982512,
              52.658066
            ],
            [
              5.982681,
              52.657918
            ],
            [
              5.984048,
              52.657192
            ],
            [
              5.985219,
              52.656905
            ],
            [
              5.986297,
              52.656734
            ],
            [
              5.987945,
              52.656473
            ],
            [
              5.990655,
              52.656043
            ],
            [
              5.995087,
              52.655341
            ],
            [
              5.999519,
              52.654638
            ],
            [
              6.00102,
              52.65396
            ],
            [
              6.001919,
              52.653552
            ],
            [
              6.00556,
              52.651901
            ],
            [
              6.006915,
              52.651286
            ],
            [
              6.007917,
              52.650536
            ],
            [
              6.00836,
              52.650204
            ],
            [
              6.010859,
              52.648332
            ],
            [
              6.011665,
              52.647729
            ],
            [
              6.012463,
              52.64721
            ],
            [
              6.01384,
              52.646316
            ],
            [
              6.014918,
              52.645617
            ],
            [
              6.015737,
              52.644115
            ],
            [
              6.017298,
              52.643234
            ],
            [
              6.017301,
              52.643232
            ],
            [
              6.012538,
              52.63949
            ],
            [
              6.01145,
              52.638635
            ],
            [
              6.01052,
              52.637904
            ],
            [
              6.010491,
              52.637882
            ],
            [
              6.010462,
              52.63787
            ],
            [
              6.010237,
              52.637782
            ],
            [
              5.998388,
              52.633146
            ],
            [
              5.988626,
              52.629325
            ],
            [
              5.986272,
              52.629008
            ],
            [
              5.985628,
              52.628922
            ],
            [
              5.981015,
              52.628302
            ],
            [
              5.974325,
              52.627403
            ],
            [
              5.971495,
              52.627023
            ],
            [
              5.963186,
              52.625905
            ],
            [
              5.956929,
              52.625064
            ],
            [
              5.956539,
              52.625011
            ],
            [
              5.956497,
              52.625006
            ],
            [
              5.956177,
              52.624962
            ],
            [
              5.955285,
              52.624842
            ],
            [
              5.95562,
              52.622917
            ],
            [
              5.950127,
              52.621189
            ],
            [
              5.940349,
              52.618113
            ],
            [
              5.933516,
              52.615267
            ],
            [
              5.93269,
              52.614923
            ],
            [
              5.932222,
              52.614885
            ],
            [
              5.922278,
              52.614074
            ],
            [
              5.921887,
              52.614042
            ],
            [
              5.915664,
              52.613534
            ],
            [
              5.910608,
              52.617655
            ],
            [
              5.910602,
              52.617661
            ],
            [
              5.908194,
              52.61839
            ],
            [
              5.90547,
              52.619215
            ],
            [
              5.904029,
              52.61902
            ],
            [
              5.891569,
              52.617335
            ],
            [
              5.891548,
              52.617332
            ],
            [
              5.888085,
              52.616863
            ],
            [
              5.874452,
              52.615016
            ],
            [
              5.867372,
              52.614057
            ],
            [
              5.857651,
              52.612738
            ],
            [
              5.856692,
              52.612608
            ],
            [
              5.845218,
              52.611051
            ],
            [
              5.84516,
              52.611043
            ],
            [
              5.84488,
              52.611005
            ],
            [
              5.844298,
              52.610926
            ],
            [
              5.840525,
              52.610413
            ],
            [
              5.837214,
              52.607331
            ],
            [
              5.815317,
              52.60741
            ],
            [
              5.811384,
              52.607423
            ],
            [
              5.785793,
              52.607509
            ],
            [
              5.777968,
              52.607534
            ],
            [
              5.771518,
              52.607555
            ],
            [
              5.771508,
              52.607555
            ],
            [
              5.766978,
              52.607569
            ],
            [
              5.766948,
              52.60757
            ],
            [
              5.752839,
              52.607613
            ],
            [
              5.747466,
              52.607628
            ],
            [
              5.723791,
              52.607696
            ],
            [
              5.723819,
              52.611291
            ],
            [
              5.702256,
              52.611348
            ],
            [
              5.701334,
              52.61135
            ],
            [
              5.695425,
              52.611362
            ],
            [
              5.689516,
              52.611377
            ],
            [
              5.685548,
              52.61139
            ],
            [
              5.683615,
              52.611392
            ],
            [
              5.678449,
              52.611403
            ],
            [
              5.673279,
              52.611414
            ],
            [
              5.668848,
              52.611423
            ],
            [
              5.66438,
              52.611432
            ],
            [
              5.66366,
              52.611432
            ],
            [
              5.663402,
              52.611435
            ],
            [
              5.663042,
              52.611445
            ],
            [
              5.662744,
              52.611456
            ],
            [
              5.662337,
              52.611476
            ],
            [
              5.661963,
              52.6115
            ],
            [
              5.661649,
              52.611526
            ],
            [
              5.66143,
              52.611542
            ],
            [
              5.660977,
              52.611592
            ],
            [
              5.660742,
              52.611615
            ],
            [
              5.660352,
              52.611665
            ],
            [
              5.660029,
              52.611709
            ],
            [
              5.659707,
              52.611758
            ],
            [
              5.659336,
              52.611818
            ],
            [
              5.658995,
              52.611877
            ],
            [
              5.658712,
              52.611929
            ],
            [
              5.6584,
              52.611992
            ],
            [
              5.658124,
              52.612051
            ],
            [
              5.657861,
              52.61211
            ],
            [
              5.657472,
              52.612185
            ],
            [
              5.657064,
              52.6123
            ],
            [
              5.656527,
              52.612447
            ],
            [
              5.65614,
              52.612561
            ],
            [
              5.655857,
              52.612648
            ],
            [
              5.655528,
              52.612751
            ],
            [
              5.655195,
              52.612867
            ],
            [
              5.654913,
              52.612968
            ],
            [
              5.654559,
              52.613098
            ],
            [
              5.654066,
              52.613294
            ],
            [
              5.653703,
              52.613448
            ],
            [
              5.653426,
              52.61357
            ],
            [
              5.65319,
              52.613678
            ],
            [
              5.65301,
              52.613764
            ],
            [
              5.652726,
              52.613906
            ],
            [
              5.652475,
              52.614034
            ],
            [
              5.652189,
              52.614189
            ],
            [
              5.651969,
              52.614309
            ],
            [
              5.651616,
              52.614512
            ],
            [
              5.651397,
              52.614648
            ],
            [
              5.651361,
              52.614671
            ],
            [
              5.651209,
              52.614766
            ],
            [
              5.651176,
              52.614787
            ],
            [
              5.651152,
              52.614802
            ],
            [
              5.650911,
              52.61496
            ],
            [
              5.650714,
              52.615094
            ],
            [
              5.65049,
              52.615251
            ],
            [
              5.650419,
              52.615303
            ],
            [
              5.650225,
              52.615449
            ],
            [
              5.650196,
              52.615472
            ],
            [
              5.650041,
              52.61559
            ],
            [
              5.650037,
              52.615594
            ],
            [
              5.649943,
              52.615669
            ],
            [
              5.649825,
              52.615763
            ],
            [
              5.649616,
              52.615936
            ],
            [
              5.64942,
              52.616104
            ],
            [
              5.649213,
              52.616291
            ],
            [
              5.649002,
              52.616486
            ],
            [
              5.648853,
              52.616632
            ],
            [
              5.648539,
              52.616932
            ],
            [
              5.645364,
              52.619962
            ],
            [
              5.642969,
              52.622248
            ],
            [
              5.642187,
              52.622994
            ],
            [
              5.641599,
              52.623555
            ],
            [
              5.639013,
              52.626026
            ],
            [
              5.635839,
              52.629057
            ],
            [
              5.632658,
              52.632088
            ],
            [
              5.629486,
              52.635119
            ],
            [
              5.627674,
              52.636846
            ],
            [
              5.629691,
              52.637638
            ],
            [
              5.630794,
              52.638072
            ],
            [
              5.630443,
              52.638403
            ],
            [
              5.630556,
              52.638447
            ],
            [
              5.631598,
              52.638852
            ],
            [
              5.631647,
              52.638871
            ],
            [
              5.631694,
              52.638889
            ],
            [
              5.635782,
              52.64048
            ],
            [
              5.637706,
              52.641228
            ],
            [
              5.64065,
              52.642372
            ],
            [
              5.640883,
              52.642463
            ],
            [
              5.641101,
              52.642548
            ],
            [
              5.638749,
              52.644794
            ],
            [
              5.637568,
              52.645915
            ],
            [
              5.63686,
              52.646587
            ],
            [
              5.636547,
              52.646884
            ],
            [
              5.636484,
              52.646953
            ],
            [
              5.636414,
              52.647036
            ],
            [
              5.636363,
              52.647104
            ],
            [
              5.636337,
              52.647139
            ],
            [
              5.636279,
              52.64722
            ],
            [
              5.63622,
              52.647307
            ],
            [
              5.636184,
              52.647384
            ],
            [
              5.636156,
              52.647458
            ],
            [
              5.636134,
              52.647518
            ],
            [
              5.636112,
              52.647602
            ],
            [
              5.636091,
              52.647695
            ],
            [
              5.636078,
              52.64778
            ],
            [
              5.636065,
              52.647866
            ],
            [
              5.636076,
              52.64823
            ],
            [
              5.636131,
              52.649612
            ],
            [
              5.636137,
              52.649612
            ],
            [
              5.640221,
              52.649599
            ],
            [
              5.641145,
              52.649596
            ],
            [
              5.641269,
              52.649596
            ],
            [
              5.641319,
              52.649596
            ],
            [
              5.641536,
              52.649595
            ],
            [
              5.642056,
              52.649593
            ],
            [
              5.642849,
              52.649591
            ],
            [
              5.645765,
              52.649582
            ],
            [
              5.645765,
              52.64956
            ],
            [
              5.648865,
              52.649551
            ],
            [
              5.648867,
              52.649847
            ],
            [
              5.648879,
              52.649849
            ],
            [
              5.648898,
              52.649853
            ],
            [
              5.648922,
              52.649858
            ],
            [
              5.648947,
              52.649864
            ],
            [
              5.64897,
              52.64987
            ],
            [
              5.648994,
              52.649877
            ],
            [
              5.649017,
              52.649884
            ],
            [
              5.649039,
              52.649892
            ],
            [
              5.649061,
              52.6499
            ],
            [
              5.649082,
              52.649909
            ],
            [
              5.649103,
              52.649919
            ],
            [
              5.649123,
              52.649929
            ],
            [
              5.649184,
              52.649929
            ],
            [
              5.6492,
              52.652856
            ],
            [
              5.649202,
              52.652965
            ],
            [
              5.649208,
              52.653019
            ],
            [
              5.649216,
              52.653092
            ],
            [
              5.649219,
              52.653109
            ],
            [
              5.649231,
              52.653182
            ],
            [
              5.64927,
              52.653321
            ],
            [
              5.649318,
              52.653452
            ],
            [
              5.649383,
              52.65359
            ],
            [
              5.649474,
              52.653738
            ],
            [
              5.649535,
              52.653826
            ],
            [
              5.649609,
              52.653925
            ],
            [
              5.64971,
              52.654038
            ],
            [
              5.649804,
              52.654134
            ],
            [
              5.649894,
              52.654216
            ],
            [
              5.649897,
              52.65422
            ],
            [
              5.650011,
              52.654307
            ],
            [
              5.650015,
              52.654311
            ],
            [
              5.649053,
              52.655147
            ],
            [
              5.649046,
              52.655152
            ],
            [
              5.648752,
              52.655408
            ],
            [
              5.643038,
              52.660372
            ],
            [
              5.642791,
              52.660586
            ],
            [
              5.655379,
              52.66595
            ],
            [
              5.655137,
              52.66616
            ],
            [
              5.654896,
              52.66637
            ],
            [
              5.654875,
              52.666399
            ],
            [
              5.654837,
              52.666408
            ],
            [
              5.654828,
              52.666405
            ],
            [
              5.654807,
              52.666427
            ],
            [
              5.654763,
              52.666468
            ],
            [
              5.654791,
              52.666479
            ],
            [
              5.648233,
              52.672132
            ],
            [
              5.645371,
              52.674596
            ],
            [
              5.644775,
              52.675109
            ],
            [
              5.644302,
              52.675517
            ],
            [
              5.642224,
              52.677307
            ],
            [
              5.641494,
              52.677935
            ],
            [
              5.641487,
              52.677939
            ],
            [
              5.641654,
              52.678064
            ],
            [
              5.64156,
              52.678145
            ],
            [
              5.641542,
              52.678172
            ],
            [
              5.641737,
              52.678344
            ],
            [
              5.641889,
              52.678483
            ],
            [
              5.642024,
              52.678619
            ],
            [
              5.642155,
              52.678758
            ],
            [
              5.642279,
              52.678901
            ],
            [
              5.642403,
              52.679054
            ],
            [
              5.642512,
              52.679212
            ],
            [
              5.642621,
              52.679381
            ],
            [
              5.642622,
              52.679383
            ],
            [
              5.642721,
              52.67956
            ],
            [
              5.642799,
              52.679712
            ],
            [
              5.642875,
              52.679888
            ],
            [
              5.642936,
              52.680056
            ],
            [
              5.643395,
              52.681538
            ],
            [
              5.643402,
              52.681561
            ],
            [
              5.643627,
              52.682308
            ],
            [
              5.643702,
              52.682564
            ],
            [
              5.643717,
              52.682614
            ],
            [
              5.643336,
              52.682659
            ],
            [
              5.643301,
              52.682547
            ],
            [
              5.643268,
              52.682507
            ],
            [
              5.64323,
              52.682483
            ],
            [
              5.643179,
              52.682468
            ],
            [
              5.64312,
              52.68246
            ],
            [
              5.643057,
              52.682456
            ],
            [
              5.64298,
              52.682457
            ],
            [
              5.641294,
              52.682472
            ],
            [
              5.641286,
              52.682472
            ],
            [
              5.640047,
              52.682484
            ],
            [
              5.640003,
              52.682484
            ],
            [
              5.636572,
              52.682521
            ],
            [
              5.635326,
              52.682534
            ],
            [
              5.63528,
              52.682535
            ],
            [
              5.632548,
              52.682558
            ],
            [
              5.632391,
              52.68256
            ],
            [
              5.632334,
              52.68256
            ],
            [
              5.632174,
              52.682562
            ],
            [
              5.63193,
              52.682564
            ],
            [
              5.630594,
              52.682575
            ],
            [
              5.630546,
              52.682576
            ],
            [
              5.626381,
              52.682617
            ],
            [
              5.625858,
              52.682608
            ],
            [
              5.625803,
              52.682607
            ],
            [
              5.625674,
              52.682598
            ],
            [
              5.625324,
              52.682571
            ],
            [
              5.624902,
              52.682532
            ],
            [
              5.622664,
              52.682328
            ],
            [
              5.621121,
              52.682187
            ],
            [
              5.62112,
              52.682164
            ],
            [
              5.616365,
              52.681717
            ],
            [
              5.616364,
              52.681712
            ],
            [
              5.613973,
              52.681478
            ],
            [
              5.613701,
              52.681451
            ],
            [
              5.613535,
              52.681435
            ],
            [
              5.613383,
              52.68142
            ],
            [
              5.613133,
              52.681396
            ],
            [
              5.612623,
              52.681346
            ],
            [
              5.612487,
              52.681331
            ],
            [
              5.612266,
              52.681303
            ],
            [
              5.612059,
              52.681267
            ],
            [
              5.6118,
              52.681215
            ],
            [
              5.611623,
              52.681173
            ],
            [
              5.611594,
              52.681165
            ],
            [
              5.611435,
              52.681116
            ],
            [
              5.6112,
              52.681037
            ],
            [
              5.611007,
              52.680961
            ],
            [
              5.610872,
              52.680901
            ],
            [
              5.61072,
              52.68083
            ],
            [
              5.610661,
              52.680801
            ],
            [
              5.610071,
              52.680512
            ],
            [
              5.609663,
              52.680317
            ],
            [
              5.609529,
              52.68042
            ],
            [
              5.607882,
              52.681683
            ],
            [
              5.607302,
              52.682121
            ],
            [
              5.607086,
              52.682281
            ],
            [
              5.606929,
              52.682417
            ],
            [
              5.606908,
              52.682437
            ],
            [
              5.605174,
              52.682429
            ],
            [
              5.60431,
              52.68231
            ],
            [
              5.60431,
              52.682414
            ],
            [
              5.60431,
              52.68275
            ],
            [
              5.60431,
              52.683189
            ],
            [
              5.60431,
              52.683237
            ],
            [
              5.594551,
              52.6833
            ],
            [
              5.594499,
              52.681725
            ],
            [
              5.594463,
              52.680607
            ],
            [
              5.594383,
              52.678133
            ],
            [
              5.594312,
              52.676274
            ],
            [
              5.593308,
              52.676281
            ],
            [
              5.593086,
              52.676282
            ],
            [
              5.590667,
              52.676297
            ],
            [
              5.528174,
              52.702292
            ],
            [
              5.498194,
              52.71474
            ],
            [
              5.482297,
              52.721335
            ],
            [
              5.417447,
              52.748195
            ],
            [
              5.37726,
              52.764805
            ]
          ]
        ]
      },
      "properties": {
        "type": "boundary",
        "gemeente": "Noordoostpolder"
      }
    },
    {
      "type": "Feature",
      "geometry": {
        "type": "Polygon",
        "coordinates": [
          [
            [
              5.060428,
              52.578936
            ],
            [
              5.074588,
              52.583665
            ],
            [
              5.104997,
              52.559263
            ],
            [
              5.155166,
              52.518929
            ],
            [
              5.18856,
              52.492028
            ],
            [
              5.245545,
              52.446025
            ],
            [
              5.254263,
              52.438977
            ],
            [
              5.258309,
              52.435478
            ],
            [
              5.258436,
              52.435368
            ],
            [
              5.258679,
              52.435158
            ],
            [
              5.259055,
              52.434833
            ],
            [
              5.259055,
              52.434833
            ],
            [
              5.259074,
              52.434817
            ],
            [
              5.261608,
              52.432626
            ],
            [
              5.263299,
              52.431164
            ],
            [
              5.263447,
              52.431036
            ],
            [
              5.265671,
              52.429113
            ],
            [
              5.266102,
              52.428749
            ],
            [
              5.266545,
              52.42839
            ],
            [
              5.266947,
              52.428079
            ],
            [
              5.267468,
              52.427691
            ],
            [
              5.267947,
              52.42735
            ],
            [
              5.268438,
              52.427016
            ],
            [
              5.268941,
              52.426688
            ],
            [
              5.269454,
              52.426366
            ],
            [
              5.269979,
              52.426052
            ],
            [
              5.270514,
              52.425744
            ],
            [
              5.271126,
              52.425408
            ],
            [
              5.271616,
              52.425149
            ],
            [
              5.272183,
              52.424862
            ],
            [
              5.272758,
              52.424583
            ],
            [
              5.273344,
              52.424311
            ],
            [
              5.273939,
              52.424047
            ],
            [
              5.274542,
              52.423791
            ],
            [
              5.275157,
              52.423543
            ],
            [
              5.275775,
              52.423302
            ],
            [
              5.276404,
              52.423069
            ],
            [
              5.277041,
              52.422845
            ],
            [
              5.277686,
              52.422629
            ],
            [
              5.278338,
              52.422421
            ],
            [
              5.278996,
              52.422222
            ],
            [
              5.279294,
              52.422135
            ],
            [
              5.280983,
              52.42165
            ],
            [
              5.281348,
              52.421545
            ],
            [
              5.281617,
              52.421468
            ],
            [
              5.282244,
              52.421288
            ],
            [
              5.298838,
              52.416517
            ],
            [
              5.299168,
              52.416422
            ],
            [
              5.299247,
              52.416399
            ],
            [
              5.306649,
              52.41427
            ],
            [
              5.309971,
              52.413309
            ],
            [
              5.313286,
              52.412339
            ],
            [
              5.316594,
              52.411361
            ],
            [
              5.317595,
              52.411062
            ],
            [
              5.318179,
              52.410888
            ],
            [
              5.318457,
              52.410805
            ],
            [
              5.318699,
              52.410732
            ],
            [
              5.318712,
              52.410729
            ],
            [
              5.318753,
              52.410716
            ],
            [
              5.318767,
              52.410712
            ],
            [
              5.318771,
              52.410711
            ],
            [
              5.31881,
              52.410699
            ],
            [
              5.318927,
              52.410664
            ],
            [
              5.319018,
              52.410637
            ],
            [
              5.319294,
              52.410555
            ],
            [
              5.319895,
              52.410375
            ],
            [
              5.319927,
              52.410365
            ],
            [
              5.323189,
              52.40938
            ],
            [
              5.326477,
              52.408377
            ],
            [
              5.329757,
              52.407365
            ],
            [
              5.331162,
              52.406928
            ],
            [
              5.331817,
              52.406724
            ],
            [
              5.332469,
              52.406517
            ],
            [
              5.333118,
              52.406307
            ],
            [
              5.333762,
              52.40609
            ],
            [
              5.334168,
              52.405949
            ],
            [
              5.3348,
              52.405719
            ],
            [
              5.335423,
              52.405481
            ],
            [
              5.336037,
              52.405234
            ],
            [
              5.336642,
              52.40498
            ],
            [
              5.337237,
              52.404716
            ],
            [
              5.337823,
              52.404445
            ],
            [
              5.338399,
              52.404166
            ],
            [
              5.338964,
              52.403879
            ],
            [
              5.339519,
              52.403584
            ],
            [
              5.339714,
              52.403475
            ],
            [
              5.339885,
              52.403381
            ],
            [
              5.339885,
              52.40338
            ],
            [
              5.339887,
              52.403379
            ],
            [
              5.340062,
              52.403282
            ],
            [
              5.340563,
              52.402991
            ],
            [
              5.340595,
              52.402972
            ],
            [
              5.340916,
              52.402777
            ],
            [
              5.340919,
              52.402775
            ],
            [
              5.341116,
              52.402655
            ],
            [
              5.341625,
              52.402331
            ],
            [
              5.342122,
              52.402
            ],
            [
              5.342607,
              52.401663
            ],
            [
              5.34308,
              52.401319
            ],
            [
              5.343285,
              52.401164
            ],
            [
              5.34332,
              52.401137
            ],
            [
              5.343336,
              52.401143
            ],
            [
              5.343673,
              52.401227
            ],
            [
              5.344157,
              52.401292
            ],
            [
              5.344281,
              52.401319
            ],
            [
              5.344864,
              52.401256
            ],
            [
              5.345687,
              52.401133
            ],
            [
              5.346988,
              52.401027
            ],
            [
              5.347351,
              52.401023
            ],
            [
              5.347657,
              52.401031
            ],
            [
              5.348055,
              52.401067
            ],
            [
              5.348454,
              52.401135
            ],
            [
              5.348894,
              52.401225
            ],
            [
              5.349477,
              52.401453
            ],
            [
              5.350735,
              52.400194
            ],
            [
              5.350497,
              52.400103
            ],
            [
              5.350015,
              52.399774
            ],
            [
              5.349782,
              52.399583
            ],
            [
              5.349648,
              52.399444
            ],
            [
              5.349528,
              52.399301
            ],
            [
              5.349423,
              52.399157
            ],
            [
              5.34892,
              52.398383
            ],
            [
              5.348321,
              52.39733
            ],
            [
              5.348168,
              52.397028
            ],
            [
              5.347924,
              52.396837
            ],
            [
              5.347717,
              52.396723
            ],
            [
              5.347368,
              52.396565
            ],
            [
              5.347257,
              52.396515
            ],
            [
              5.346371,
              52.396114
            ],
            [
              5.345965,
              52.396415
            ],
            [
              5.345913,
              52.396454
            ],
            [
              5.34483,
              52.396016
            ],
            [
              5.344373,
              52.395884
            ],
            [
              5.343899,
              52.395861
            ],
            [
              5.343436,
              52.395894
            ],
            [
              5.342293,
              52.395976
            ],
            [
              5.34108,
              52.395981
            ],
            [
              5.341018,
              52.395977
            ],
            [
              5.340108,
              52.395941
            ],
            [
              5.339353,
              52.395813
            ],
            [
              5.33861,
              52.395581
            ],
            [
              5.337512,
              52.395166
            ],
            [
              5.336124,
              52.394649
            ],
            [
              5.334589,
              52.394077
            ],
            [
              5.33237,
              52.393246
            ],
            [
              5.332418,
              52.393206
            ],
            [
              5.332676,
              52.392989
            ],
            [
              5.332894,
              52.392806
            ],
            [
              5.332934,
              52.392773
            ],
            [
              5.332604,
              52.392653
            ],
            [
              5.320544,
              52.388287
            ],
            [
              5.319709,
              52.387984
            ],
            [
              5.319585,
              52.387939
            ],
            [
              5.319438,
              52.387886
            ],
            [
              5.315571,
              52.386485
            ],
            [
              5.314911,
              52.386246
            ],
            [
              5.31481,
              52.38621
            ],
            [
              5.313971,
              52.385906
            ],
            [
              5.313936,
              52.385893
            ],
            [
              5.313933,
              52.385892
            ],
            [
              5.313517,
              52.385741
            ],
            [
              5.313398,
              52.385842
            ],
            [
              5.313068,
              52.386225
            ],
            [
              5.31304,
              52.386253
            ],
            [
              5.313011,
              52.386243
            ],
            [
              5.312999,
              52.386239
            ],
            [
              5.310496,
              52.385365
            ],
            [
              5.308972,
              52.384829
            ],
            [
              5.307753,
              52.3844
            ],
            [
              5.306346,
              52.383909
            ],
            [
              5.305566,
              52.383637
            ],
            [
              5.304778,
              52.383361
            ],
            [
              5.303827,
              52.383027
            ],
            [
              5.303085,
              52.382751
            ],
            [
              5.302322,
              52.382444
            ],
            [
              5.301557,
              52.382125
            ],
            [
              5.301245,
              52.381986
            ],
            [
              5.301263,
              52.38197
            ],
            [
              5.301276,
              52.381959
            ],
            [
              5.304438,
              52.379184
            ],
            [
              5.305758,
              52.378025
            ],
            [
              5.305885,
              52.377914
            ],
            [
              5.306128,
              52.377701
            ],
            [
              5.30621,
              52.377629
            ],
            [
              5.306453,
              52.377415
            ],
            [
              5.306675,
              52.377221
            ],
            [
              5.306711,
              52.377189
            ],
            [
              5.30795,
              52.376102
            ],
            [
              5.307962,
              52.376091
            ],
            [
              5.307975,
              52.37608
            ],
            [
              5.308194,
              52.375887
            ],
            [
              5.311745,
              52.37277
            ],
            [
              5.316685,
              52.368432
            ],
            [
              5.32041,
              52.3652
            ],
            [
              5.324725,
              52.361456
            ],
            [
              5.32907,
              52.357684
            ],
            [
              5.329118,
              52.357643
            ],
            [
              5.333363,
              52.353957
            ],
            [
              5.334867,
              52.352651
            ],
            [
              5.335489,
              52.352112
            ],
            [
              5.337184,
              52.35064
            ],
            [
              5.337307,
              52.350533
            ],
            [
              5.337379,
              52.350471
            ],
            [
              5.337661,
              52.350226
            ],
            [
              5.337719,
              52.350176
            ],
            [
              5.337768,
              52.350133
            ],
            [
              5.338045,
              52.349893
            ],
            [
              5.338496,
              52.349501
            ],
            [
              5.339663,
              52.348488
            ],
            [
              5.340613,
              52.347663
            ],
            [
              5.34199,
              52.346468
            ],
            [
              5.350446,
              52.339125
            ],
            [
              5.350464,
              52.339109
            ],
            [
              5.350799,
              52.338818
            ],
            [
              5.350816,
              52.338803
            ],
            [
              5.354256,
              52.335815
            ],
            [
              5.354668,
              52.335457
            ],
            [
              5.358904,
              52.331777
            ],
            [
              5.363131,
              52.328103
            ],
            [
              5.367357,
              52.32443
            ],
            [
              5.367447,
              52.324351
            ],
            [
              5.376075,
              52.316849
            ],
            [
              5.376198,
              52.316742
            ],
            [
              5.376375,
              52.316608
            ],
            [
              5.376389,
              52.316598
            ],
            [
              5.376499,
              52.316502
            ],
            [
              5.37855,
              52.314703
            ],
            [
              5.378797,
              52.314527
            ],
            [
              5.378852,
              52.314488
            ],
            [
              5.378902,
              52.31446
            ],
            [
              5.37895,
              52.314448
            ],
            [
              5.378993,
              52.314446
            ],
            [
              5.379211,
              52.313995
            ],
            [
              5.361509,
              52.310785
            ],
            [
              5.355203,
              52.309612
            ],
            [
              5.354553,
              52.309503
            ],
            [
              5.354552,
              52.309503
            ],
            [
              5.354006,
              52.309407
            ],
            [
              5.353373,
              52.309348
            ],
            [
              5.35278,
              52.309296
            ],
            [
              5.352011,
              52.309251
            ],
            [
              5.351501,
              52.309235
            ],
            [
              5.350497,
              52.309232
            ],
            [
              5.349704,
              52.309249
            ],
            [
              5.348963,
              52.309302
            ],
            [
              5.348617,
              52.309165
            ],
            [
              5.348525,
              52.309173
            ],
            [
              5.348148,
              52.309382
            ],
            [
              5.347548,
              52.30946
            ],
            [
              5.34741,
              52.309461
            ],
            [
              5.347052,
              52.309508
            ],
            [
              5.346955,
              52.309523
            ],
            [
              5.346095,
              52.309703
            ],
            [
              5.344924,
              52.309939
            ],
            [
              5.344177,
              52.310172
            ],
            [
              5.343272,
              52.310486
            ],
            [
              5.342404,
              52.310823
            ],
            [
              5.34151,
              52.311158
            ],
            [
              5.337269,
              52.312812
            ],
            [
              5.337218,
              52.312837
            ],
            [
              5.337182,
              52.312854
            ],
            [
              5.336352,
              52.313184
            ],
            [
              5.33548,
              52.313503
            ],
            [
              5.333505,
              52.314274
            ],
            [
              5.333393,
              52.314199
            ],
            [
              5.333289,
              52.314129
            ],
            [
              5.333059,
              52.313974
            ],
            [
              5.33299,
              52.313928
            ],
            [
              5.332989,
              52.313927
            ],
            [
              5.332954,
              52.313904
            ],
            [
              5.332953,
              52.313903
            ],
            [
              5.332726,
              52.313751
            ],
            [
              5.332693,
              52.313729
            ],
            [
              5.327551,
              52.310279
            ],
            [
              5.32308,
              52.307261
            ],
            [
              5.320222,
              52.305359
            ],
            [
              5.318168,
              52.30415
            ],
            [
              5.31791,
              52.303999
            ],
            [
              5.317778,
              52.303921
            ],
            [
              5.317195,
              52.303578
            ],
            [
              5.317035,
              52.303484
            ],
            [
              5.315179,
              52.302392
            ],
            [
              5.313904,
              52.3031
            ],
            [
              5.313399,
              52.303381
            ],
            [
              5.30726,
              52.30679
            ],
            [
              5.305455,
              52.307631
            ],
            [
              5.305391,
              52.307661
            ],
            [
              5.304021,
              52.308299
            ],
            [
              5.30108,
              52.309669
            ],
            [
              5.297227,
              52.311186
            ],
            [
              5.287397,
              52.315056
            ],
            [
              5.281141,
              52.31677
            ],
            [
              5.27904,
              52.317115
            ],
            [
              5.238075,
              52.323824
            ],
            [
              5.237281,
              52.323954
            ],
            [
              5.229321,
              52.325256
            ],
            [
              5.22459,
              52.325761
            ],
            [
              5.223536,
              52.325874
            ],
            [
              5.220406,
              52.326054
            ],
            [
              5.212926,
              52.325077
            ],
            [
              5.205188,
              52.324189
            ],
            [
              5.190657,
              52.322702
            ],
            [
              5.166614,
              52.320237
            ],
            [
              5.151132,
              52.318647
            ],
            [
              5.148879,
              52.318729
            ],
            [
              5.146145,
              52.31967
            ],
            [
              5.143979,
              52.321551
            ],
            [
              5.142304,
              52.32284
            ],
            [
              5.140617,
              52.324138
            ],
            [
              5.138825,
              52.325517
            ],
            [
              5.138441,
              52.325812
            ],
            [
              5.13841,
              52.325836
            ],
            [
              5.138374,
              52.325864
            ],
            [
              5.138344,
              52.325887
            ],
            [
              5.137866,
              52.326254
            ],
            [
              5.13693,
              52.32696
            ],
            [
              5.134609,
              52.328709
            ],
            [
              5.116205,
              52.342636
            ],
            [
              5.09512,
              52.358577
            ],
            [
              5.079289,
              52.370408
            ],
            [
              5.079162,
              52.388654
            ],
            [
              5.137331,
              52.415553
            ],
            [
              5.18549,
              52.415644
            ],
            [
              5.182138,
              52.420582
            ],
            [
              5.180911,
              52.422389
            ],
            [
              5.165873,
              52.444526
            ],
            [
              5.154382,
              52.461424
            ],
            [
              5.151024,
              52.46636
            ],
            [
              5.120205,
              52.491909
            ],
            [
              5.114786,
              52.496397
            ],
            [
              5.112988,
              52.497886
            ],
            [
              5.109382,
              52.500871
            ],
            [
              5.107385,
              52.502525
            ],
            [
              5.107092,
              52.502767
            ],
            [
              5.10397,
              52.505352
            ],
            [
              5.100722,
              52.508041
            ],
            [
              5.099703,
              52.509836
            ],
            [
              5.097538,
              52.513651
            ],
            [
              5.097156,
              52.514323
            ],
            [
              5.094609,
              52.518811
            ],
            [
              5.092524,
              52.522483
            ],
            [
              5.092062,
              52.523298
            ],
            [
              5.089514,
              52.527785
            ],
            [
              5.086965,
              52.532272
            ],
            [
              5.081866,
              52.541247
            ],
            [
              5.080072,
              52.544403
            ],
            [
              5.071662,
              52.559195
            ],
            [
              5.060428,
              52.578936
            ]
          ]
        ]
      },
      "properties": {
        "type": "boundary",
        "gemeente": "Almere"
      }
    },
    {
      "type": "Feature",
      "geometry": {
        "type": "Polygon",
        "coordinates": [
          [
            [
              5.511294,
              52.663556
            ],
            [
              5.564508,
              52.61501
            ],
            [
              5.568771,
              52.605423
            ],
            [
              5.572695,
              52.596593
            ],
            [
              5.572841,
              52.596265
            ],
            [
              5.572889,
              52.596157
            ],
            [
              5.572899,
              52.596135
            ],
            [
              5.573237,
              52.595374
            ],
            [
              5.573337,
              52.595149
            ],
            [
              5.573423,
              52.594954
            ],
            [
              5.573449,
              52.594897
            ],
            [
              5.573513,
              52.594752
            ],
            [
              5.574282,
              52.593016
            ],
            [
              5.57574,
              52.589731
            ],
            [
              5.577206,
              52.586423
            ],
            [
              5.577306,
              52.586201
            ],
            [
              5.578395,
              52.583747
            ],
            [
              5.582572,
              52.574319
            ],
            [
              5.582686,
              52.574061
            ],
            [
              5.586083,
              52.566391
            ],
            [
              5.587387,
              52.563456
            ],
            [
              5.587411,
              52.56346
            ],
            [
              5.58747,
              52.563095
            ],
            [
              5.587586,
              52.562391
            ],
            [
              5.588313,
              52.549185
            ],
            [
              5.588323,
              52.549002
            ],
            [
              5.588324,
              52.548992
            ],
            [
              5.588348,
              52.548553
            ],
            [
              5.588348,
              52.548543
            ],
            [
              5.588771,
              52.540872
            ],
            [
              5.588775,
              52.540796
            ],
            [
              5.589228,
              52.532566
            ],
            [
              5.589237,
              52.532402
            ],
            [
              5.590291,
              52.522946
            ],
            [
              5.590301,
              52.522858
            ],
            [
              5.591281,
              52.514122
            ],
            [
              5.591305,
              52.513905
            ],
            [
              5.588056,
              52.513773
            ],
            [
              5.588107,
              52.513564
            ],
            [
              5.591269,
              52.500137
            ],
            [
              5.591293,
              52.500036
            ],
            [
              5.591361,
              52.499964
            ],
            [
              5.598552,
              52.492318
            ],
            [
              5.605871,
              52.48452
            ],
            [
              5.605682,
              52.484451
            ],
            [
              5.603323,
              52.483624
            ],
            [
              5.599488,
              52.482284
            ],
            [
              5.595656,
              52.480942
            ],
            [
              5.593743,
              52.48027
            ],
            [
              5.59183,
              52.479598
            ],
            [
              5.587995,
              52.478256
            ],
            [
              5.584165,
              52.476916
            ],
            [
              5.580337,
              52.475576
            ],
            [
              5.576521,
              52.474235
            ],
            [
              5.572676,
              52.47289
            ],
            [
              5.56885,
              52.471547
            ],
            [
              5.568896,
              52.471499
            ],
            [
              5.56542,
              52.470281
            ],
            [
              5.565465,
              52.470232
            ],
            [
              5.567876,
              52.46767
            ],
            [
              5.570366,
              52.465021
            ],
            [
              5.572636,
              52.462602
            ],
            [
              5.57267,
              52.462566
            ],
            [
              5.572685,
              52.462551
            ],
            [
              5.572873,
              52.462349
            ],
            [
              5.572904,
              52.462315
            ],
            [
              5.574976,
              52.460109
            ],
            [
              5.577105,
              52.457845
            ],
            [
              5.578345,
              52.456526
            ],
            [
              5.578665,
              52.456182
            ],
            [
              5.578989,
              52.455831
            ],
            [
              5.579064,
              52.45575
            ],
            [
              5.579097,
              52.455717
            ],
            [
              5.579545,
              52.455214
            ],
            [
              5.58005,
              52.454637
            ],
            [
              5.581396,
              52.453103
            ],
            [
              5.58253,
              52.451811
            ],
            [
              5.583667,
              52.450516
            ],
            [
              5.585378,
              52.448571
            ],
            [
              5.585521,
              52.448418
            ],
            [
              5.585684,
              52.448265
            ],
            [
              5.586006,
              52.447977
            ],
            [
              5.586018,
              52.447968
            ],
            [
              5.586036,
              52.447959
            ],
            [
              5.58606,
              52.447952
            ],
            [
              5.586087,
              52.447949
            ],
            [
              5.586112,
              52.447951
            ],
            [
              5.586131,
              52.447955
            ],
            [
              5.586143,
              52.447959
            ],
            [
              5.586389,
              52.447711
            ],
            [
              5.585895,
              52.447529
            ],
            [
              5.585192,
              52.447265
            ],
            [
              5.584366,
              52.44695
            ],
            [
              5.583914,
              52.446758
            ],
            [
              5.583501,
              52.446567
            ],
            [
              5.583078,
              52.44635
            ],
            [
              5.582705,
              52.446142
            ],
            [
              5.582453,
              52.445988
            ],
            [
              5.582224,
              52.445838
            ],
            [
              5.581975,
              52.445663
            ],
            [
              5.581684,
              52.445445
            ],
            [
              5.581299,
              52.44513
            ],
            [
              5.580998,
              52.444867
            ],
            [
              5.58056,
              52.444479
            ],
            [
              5.58052,
              52.444443
            ],
            [
              5.580243,
              52.444199
            ],
            [
              5.5802,
              52.444161
            ],
            [
              5.578766,
              52.442884
            ],
            [
              5.576218,
              52.440615
            ],
            [
              5.575898,
              52.440331
            ],
            [
              5.575647,
              52.440109
            ],
            [
              5.57539,
              52.439895
            ],
            [
              5.575126,
              52.439687
            ],
            [
              5.574854,
              52.439482
            ],
            [
              5.574569,
              52.439279
            ],
            [
              5.574326,
              52.439116
            ],
            [
              5.574073,
              52.438957
            ],
            [
              5.573803,
              52.438794
            ],
            [
              5.573741,
              52.438759
            ],
            [
              5.573179,
              52.438437
            ],
            [
              5.57317,
              52.438431
            ],
            [
              5.572906,
              52.438295
            ],
            [
              5.572559,
              52.438128
            ],
            [
              5.572204,
              52.437968
            ],
            [
              5.571845,
              52.43781
            ],
            [
              5.571471,
              52.437663
            ],
            [
              5.571095,
              52.437517
            ],
            [
              5.569682,
              52.436996
            ],
            [
              5.566637,
              52.435863
            ],
            [
              5.566896,
              52.435574
            ],
            [
              5.567172,
              52.435284
            ],
            [
              5.567404,
              52.435053
            ],
            [
              5.570866,
              52.431582
            ],
            [
              5.571398,
              52.431054
            ],
            [
              5.571621,
              52.430818
            ],
            [
              5.572202,
              52.430231
            ],
            [
              5.573075,
              52.429353
            ],
            [
              5.573787,
              52.428634
            ],
            [
              5.579166,
              52.423224
            ],
            [
              5.586395,
              52.415945
            ],
            [
              5.587026,
              52.41531
            ],
            [
              5.587459,
              52.415312
            ],
            [
              5.587842,
              52.414924
            ],
            [
              5.587998,
              52.414766
            ],
            [
              5.587682,
              52.414649
            ],
            [
              5.587761,
              52.414542
            ],
            [
              5.588382,
              52.413942
            ],
            [
              5.58851,
              52.413817
            ],
            [
              5.588669,
              52.413654
            ],
            [
              5.588809,
              52.413484
            ],
            [
              5.588951,
              52.413256
            ],
            [
              5.589057,
              52.413017
            ],
            [
              5.589116,
              52.412808
            ],
            [
              5.589125,
              52.412778
            ],
            [
              5.589142,
              52.412546
            ],
            [
              5.589126,
              52.412308
            ],
            [
              5.589081,
              52.412093
            ],
            [
              5.589079,
              52.412085
            ],
            [
              5.588901,
              52.411367
            ],
            [
              5.588905,
              52.411338
            ],
            [
              5.588908,
              52.411308
            ],
            [
              5.588908,
              52.411305
            ],
            [
              5.588909,
              52.411302
            ],
            [
              5.588909,
              52.411299
            ],
            [
              5.58891,
              52.411296
            ],
            [
              5.588912,
              52.411293
            ],
            [
              5.588913,
              52.41129
            ],
            [
              5.588915,
              52.411287
            ],
            [
              5.588917,
              52.411284
            ],
            [
              5.588919,
              52.411282
            ],
            [
              5.588921,
              52.411279
            ],
            [
              5.588924,
              52.411276
            ],
            [
              5.588927,
              52.411274
            ],
            [
              5.588929,
              52.411271
            ],
            [
              5.588932,
              52.411268
            ],
            [
              5.588936,
              52.411266
            ],
            [
              5.588939,
              52.411264
            ],
            [
              5.588943,
              52.411262
            ],
            [
              5.58907,
              52.411187
            ],
            [
              5.589103,
              52.411177
            ],
            [
              5.589197,
              52.411165
            ],
            [
              5.593126,
              52.410816
            ],
            [
              5.598727,
              52.410311
            ],
            [
              5.598728,
              52.410311
            ],
            [
              5.598742,
              52.410309
            ],
            [
              5.598749,
              52.410309
            ],
            [
              5.598935,
              52.410292
            ],
            [
              5.599806,
              52.410215
            ],
            [
              5.599916,
              52.410205
            ],
            [
              5.60007,
              52.410192
            ],
            [
              5.600293,
              52.410168
            ],
            [
              5.600555,
              52.410132
            ],
            [
              5.600888,
              52.410102
            ],
            [
              5.601484,
              52.410056
            ],
            [
              5.602513,
              52.409965
            ],
            [
              5.607126,
              52.409561
            ],
            [
              5.611491,
              52.409171
            ],
            [
              5.615851,
              52.408781
            ],
            [
              5.61759,
              52.408632
            ],
            [
              5.617972,
              52.408599
            ],
            [
              5.618401,
              52.408568
            ],
            [
              5.618849,
              52.408548
            ],
            [
              5.619308,
              52.408546
            ],
            [
              5.620259,
              52.408541
            ],
            [
              5.621608,
              52.40853
            ],
            [
              5.622343,
              52.408519
            ],
            [
              5.622355,
              52.408519
            ],
            [
              5.622367,
              52.408519
            ],
            [
              5.622379,
              52.408519
            ],
            [
              5.622391,
              52.40852
            ],
            [
              5.622403,
              52.40852
            ],
            [
              5.622415,
              52.408521
            ],
            [
              5.622427,
              52.408522
            ],
            [
              5.622439,
              52.408523
            ],
            [
              5.622452,
              52.408524
            ],
            [
              5.622464,
              52.408525
            ],
            [
              5.622475,
              52.408526
            ],
            [
              5.622487,
              52.408527
            ],
            [
              5.622499,
              52.408529
            ],
            [
              5.622511,
              52.408531
            ],
            [
              5.622523,
              52.408533
            ],
            [
              5.622534,
              52.408535
            ],
            [
              5.622546,
              52.408537
            ],
            [
              5.622558,
              52.408539
            ],
            [
              5.622569,
              52.408542
            ],
            [
              5.62258,
              52.408544
            ],
            [
              5.622592,
              52.408547
            ],
            [
              5.622603,
              52.40855
            ],
            [
              5.622614,
              52.408553
            ],
            [
              5.622625,
              52.408556
            ],
            [
              5.622636,
              52.408559
            ],
            [
              5.622647,
              52.408562
            ],
            [
              5.622658,
              52.408566
            ],
            [
              5.622668,
              52.408569
            ],
            [
              5.622679,
              52.408573
            ],
            [
              5.622689,
              52.408577
            ],
            [
              5.6227,
              52.408581
            ],
            [
              5.62271,
              52.408585
            ],
            [
              5.62272,
              52.408589
            ],
            [
              5.62273,
              52.408593
            ],
            [
              5.622739,
              52.408598
            ],
            [
              5.622749,
              52.408602
            ],
            [
              5.622758,
              52.408607
            ],
            [
              5.622768,
              52.408612
            ],
            [
              5.622777,
              52.408617
            ],
            [
              5.622786,
              52.408622
            ],
            [
              5.622795,
              52.408627
            ],
            [
              5.622803,
              52.408632
            ],
            [
              5.622812,
              52.408637
            ],
            [
              5.62282,
              52.408643
            ],
            [
              5.622828,
              52.408648
            ],
            [
              5.622836,
              52.408654
            ],
            [
              5.622844,
              52.408659
            ],
            [
              5.622853,
              52.408666
            ],
            [
              5.622862,
              52.408673
            ],
            [
              5.62287,
              52.40868
            ],
            [
              5.622879,
              52.408687
            ],
            [
              5.622887,
              52.408693
            ],
            [
              5.622895,
              52.408701
            ],
            [
              5.622903,
              52.408708
            ],
            [
              5.62291,
              52.408715
            ],
            [
              5.622917,
              52.408722
            ],
            [
              5.622925,
              52.40873
            ],
            [
              5.622932,
              52.408737
            ],
            [
              5.622939,
              52.408744
            ],
            [
              5.622945,
              52.408752
            ],
            [
              5.622952,
              52.40876
            ],
            [
              5.622958,
              52.408767
            ],
            [
              5.622964,
              52.408775
            ],
            [
              5.62297,
              52.408783
            ],
            [
              5.622976,
              52.408791
            ],
            [
              5.622981,
              52.408799
            ],
            [
              5.622986,
              52.408806
            ],
            [
              5.622992,
              52.408814
            ],
            [
              5.622996,
              52.408823
            ],
            [
              5.623001,
              52.408831
            ],
            [
              5.623005,
              52.408839
            ],
            [
              5.62301,
              52.408847
            ],
            [
              5.623014,
              52.408855
            ],
            [
              5.623018,
              52.408863
            ],
            [
              5.623021,
              52.408872
            ],
            [
              5.622747,
              52.407666
            ],
            [
              5.622733,
              52.407607
            ],
            [
              5.622691,
              52.407457
            ],
            [
              5.622664,
              52.407355
            ],
            [
              5.622635,
              52.407227
            ],
            [
              5.622575,
              52.406962
            ],
            [
              5.621139,
              52.40103
            ],
            [
              5.620467,
              52.398201
            ],
            [
              5.620215,
              52.397147
            ],
            [
              5.619828,
              52.395533
            ],
            [
              5.61941,
              52.393806
            ],
            [
              5.619381,
              52.393771
            ],
            [
              5.619319,
              52.39356
            ],
            [
              5.619327,
              52.393525
            ],
            [
              5.618235,
              52.388928
            ],
            [
              5.617992,
              52.387912
            ],
            [
              5.617745,
              52.386871
            ],
            [
              5.617651,
              52.386467
            ],
            [
              5.617525,
              52.385934
            ],
            [
              5.617373,
              52.385363
            ],
            [
              5.617188,
              52.384783
            ],
            [
              5.616983,
              52.384252
            ],
            [
              5.616758,
              52.383736
            ],
            [
              5.616636,
              52.38347
            ],
            [
              5.616419,
              52.38303
            ],
            [
              5.616111,
              52.382452
            ],
            [
              5.615795,
              52.381875
            ],
            [
              5.614897,
              52.380331
            ],
            [
              5.61327,
              52.377484
            ],
            [
              5.613177,
              52.377322
            ],
            [
              5.612991,
              52.376999
            ],
            [
              5.612218,
              52.375656
            ],
            [
              5.612056,
              52.375334
            ],
            [
              5.611932,
              52.375008
            ],
            [
              5.611852,
              52.374687
            ],
            [
              5.611828,
              52.374448
            ],
            [
              5.611841,
              52.374114
            ],
            [
              5.611882,
              52.373795
            ],
            [
              5.611973,
              52.373478
            ],
            [
              5.612093,
              52.373237
            ],
            [
              5.612256,
              52.372973
            ],
            [
              5.612465,
              52.372718
            ],
            [
              5.612693,
              52.372475
            ],
            [
              5.612873,
              52.372305
            ],
            [
              5.613175,
              52.372062
            ],
            [
              5.613471,
              52.371847
            ],
            [
              5.613812,
              52.371624
            ],
            [
              5.614128,
              52.371418
            ],
            [
              5.614149,
              52.371404
            ],
            [
              5.613557,
              52.371042
            ],
            [
              5.614123,
              52.370688
            ],
            [
              5.614202,
              52.370638
            ],
            [
              5.614523,
              52.370437
            ],
            [
              5.615189,
              52.37084
            ],
            [
              5.615325,
              52.370705
            ],
            [
              5.61543,
              52.370559
            ],
            [
              5.615516,
              52.370585
            ],
            [
              5.615734,
              52.370285
            ],
            [
              5.615857,
              52.370114
            ],
            [
              5.615874,
              52.370085
            ],
            [
              5.616016,
              52.369903
            ],
            [
              5.616274,
              52.369588
            ],
            [
              5.618376,
              52.367018
            ],
            [
              5.620737,
              52.36413
            ],
            [
              5.629448,
              52.366561
            ],
            [
              5.636813,
              52.368617
            ],
            [
              5.643919,
              52.3706
            ],
            [
              5.644867,
              52.370864
            ],
            [
              5.645245,
              52.370597
            ],
            [
              5.649282,
              52.367742
            ],
            [
              5.652554,
              52.365428
            ],
            [
              5.652651,
              52.365479
            ],
            [
              5.655278,
              52.36687
            ],
            [
              5.659124,
              52.368908
            ],
            [
              5.659679,
              52.369202
            ],
            [
              5.660235,
              52.369496
            ],
            [
              5.662241,
              52.370558
            ],
            [
              5.664469,
              52.371739
            ],
            [
              5.666205,
              52.372658
            ],
            [
              5.668443,
              52.373843
            ],
            [
              5.676809,
              52.378271
            ],
            [
              5.677659,
              52.378721
            ],
            [
              5.678922,
              52.378841
            ],
            [
              5.684711,
              52.379392
            ],
            [
              5.685736,
              52.379489
            ],
            [
              5.688484,
              52.37975
            ],
            [
              5.68861,
              52.379762
            ],
            [
              5.693802,
              52.381279
            ],
            [
              5.694478,
              52.381477
            ],
            [
              5.695635,
              52.381619
            ],
            [
              5.698762,
              52.382004
            ],
            [
              5.699272,
              52.382299
            ],
            [
              5.700333,
              52.382914
            ],
            [
              5.706752,
              52.386635
            ],
            [
              5.706892,
              52.386673
            ],
            [
              5.713349,
              52.388404
            ],
            [
              5.713734,
              52.388507
            ],
            [
              5.714763,
              52.388783
            ],
            [
              5.715186,
              52.388399
            ],
            [
              5.715584,
              52.388037
            ],
            [
              5.716339,
              52.388396
            ],
            [
              5.718914,
              52.389617
            ],
            [
              5.720521,
              52.390379
            ],
            [
              5.722297,
              52.391222
            ],
            [
              5.725093,
              52.392548
            ],
            [
              5.727331,
              52.39361
            ],
            [
              5.728791,
              52.395311
            ],
            [
              5.732841,
              52.396911
            ],
            [
              5.733472,
              52.39716
            ],
            [
              5.733288,
              52.397335
            ],
            [
              5.729447,
              52.400973
            ],
            [
              5.733397,
              52.402533
            ],
            [
              5.737422,
              52.39872
            ],
            [
              5.737472,
              52.398713
            ],
            [
              5.739428,
              52.398421
            ],
            [
              5.740013,
              52.39871
            ],
            [
              5.742585,
              52.399983
            ],
            [
              5.743703,
              52.400768
            ],
            [
              5.744641,
              52.401428
            ],
            [
              5.746585,
              52.40299
            ],
            [
              5.753051,
              52.405042
            ],
            [
              5.754587,
              52.405981
            ],
            [
              5.755037,
              52.406257
            ],
            [
              5.755984,
              52.406836
            ],
            [
              5.756068,
              52.407298
            ],
            [
              5.756292,
              52.407426
            ],
            [
              5.758109,
              52.408468
            ],
            [
              5.761916,
              52.409925
            ],
            [
              5.763717,
              52.410827
            ],
            [
              5.768675,
              52.413197
            ],
            [
              5.772786,
              52.415581
            ],
            [
              5.776673,
              52.417572
            ],
            [
              5.779409,
              52.419197
            ],
            [
              5.783055,
              52.421021
            ],
            [
              5.783867,
              52.421113
            ],
            [
              5.787257,
              52.422573
            ],
            [
              5.789213,
              52.423678
            ],
            [
              5.791289,
              52.425358
            ],
            [
              5.792568,
              52.426242
            ],
            [
              5.795195,
              52.427751
            ],
            [
              5.800185,
              52.430172
            ],
            [
              5.801701,
              52.430781
            ],
            [
              5.804331,
              52.432147
            ],
            [
              5.806424,
              52.433607
            ],
            [
              5.806898,
              52.434108
            ],
            [
              5.810011,
              52.435727
            ],
            [
              5.810643,
              52.436244
            ],
            [
              5.811475,
              52.436923
            ],
            [
              5.809586,
              52.437659
            ],
            [
              5.819185,
              52.446676
            ],
            [
              5.822411,
              52.449706
            ],
            [
              5.815608,
              52.455215
            ],
            [
              5.824642,
              52.465631
            ],
            [
              5.831385,
              52.473402
            ],
            [
              5.840255,
              52.471067
            ],
            [
              5.841473,
              52.472275
            ],
            [
              5.842577,
              52.474468
            ],
            [
              5.842649,
              52.474611
            ],
            [
              5.843477,
              52.475621
            ],
            [
              5.845297,
              52.477842
            ],
            [
              5.845591,
              52.478202
            ],
            [
              5.845568,
              52.48032
            ],
            [
              5.847814,
              52.484958
            ],
            [
              5.847867,
              52.485168
            ],
            [
              5.848286,
              52.486818
            ],
            [
              5.849258,
              52.490646
            ],
            [
              5.849369,
              52.490947
            ],
            [
              5.850763,
              52.494721
            ],
            [
              5.851009,
              52.49539
            ],
            [
              5.851529,
              52.495793
            ],
            [
              5.856698,
              52.499806
            ],
            [
              5.857133,
              52.50119
            ],
            [
              5.857285,
              52.501689
            ],
            [
              5.858716,
              52.504643
            ],
            [
              5.858768,
              52.504752
            ],
            [
              5.860181,
              52.507771
            ],
            [
              5.862875,
              52.513526
            ],
            [
              5.862912,
              52.513723
            ],
            [
              5.86325,
              52.515526
            ],
            [
              5.86431,
              52.518173
            ],
            [
              5.864502,
              52.518653
            ],
            [
              5.864191,
              52.519781
            ],
            [
              5.862055,
              52.521583
            ],
            [
              5.862626,
              52.523345
            ],
            [
              5.861836,
              52.524786
            ],
            [
              5.861295,
              52.526327
            ],
            [
              5.860945,
              52.527323
            ],
            [
              5.860754,
              52.527867
            ],
            [
              5.860608,
              52.528281
            ],
            [
              5.86114,
              52.531073
            ],
            [
              5.860881,
              52.531706
            ],
            [
              5.859252,
              52.535689
            ],
            [
              5.859054,
              52.536343
            ],
            [
              5.858952,
              52.53668
            ],
            [
              5.857771,
              52.540706
            ],
            [
              5.85705,
              52.54316
            ],
            [
              5.856903,
              52.543734
            ],
            [
              5.856845,
              52.543961
            ],
            [
              5.85787,
              52.544604
            ],
            [
              5.857761,
              52.545027
            ],
            [
              5.857726,
              52.545163
            ],
            [
              5.857601,
              52.54565
            ],
            [
              5.857502,
              52.545696
            ],
            [
              5.857305,
              52.545781
            ],
            [
              5.857162,
              52.545836
            ],
            [
              5.857014,
              52.54587
            ],
            [
              5.856359,
              52.545844
            ],
            [
              5.855365,
              52.549702
            ],
            [
              5.855076,
              52.550824
            ],
            [
              5.846336,
              52.556687
            ],
            [
              5.844329,
              52.558032
            ],
            [
              5.843279,
              52.558737
            ],
            [
              5.829795,
              52.567775
            ],
            [
              5.828334,
              52.568754
            ],
            [
              5.816307,
              52.576812
            ],
            [
              5.815361,
              52.577445
            ],
            [
              5.815028,
              52.577659
            ],
            [
              5.81488,
              52.577754
            ],
            [
              5.814378,
              52.57805
            ],
            [
              5.813856,
              52.578334
            ],
            [
              5.813315,
              52.578603
            ],
            [
              5.813241,
              52.578639
            ],
            [
              5.813136,
              52.578688
            ],
            [
              5.81301,
              52.578745
            ],
            [
              5.812861,
              52.578813
            ],
            [
              5.812726,
              52.578872
            ],
            [
              5.812604,
              52.578925
            ],
            [
              5.812497,
              52.57897
            ],
            [
              5.81238,
              52.579019
            ],
            [
              5.812279,
              52.57906
            ],
            [
              5.812143,
              52.579115
            ],
            [
              5.812006,
              52.579169
            ],
            [
              5.811877,
              52.579219
            ],
            [
              5.81176,
              52.579263
            ],
            [
              5.811636,
              52.579309
            ],
            [
              5.811472,
              52.579368
            ],
            [
              5.811308,
              52.579426
            ],
            [
              5.811144,
              52.579483
            ],
            [
              5.811022,
              52.579523
            ],
            [
              5.810903,
              52.579563
            ],
            [
              5.810772,
              52.579605
            ],
            [
              5.810629,
              52.57965
            ],
            [
              5.810464,
              52.579701
            ],
            [
              5.810249,
              52.579765
            ],
            [
              5.809994,
              52.579838
            ],
            [
              5.809802,
              52.579891
            ],
            [
              5.809696,
              52.579919
            ],
            [
              5.809649,
              52.579932
            ],
            [
              5.809516,
              52.579966
            ],
            [
              5.80938,
              52.580001
            ],
            [
              5.80921,
              52.580043
            ],
            [
              5.809003,
              52.580092
            ],
            [
              5.80892,
              52.580112
            ],
            [
              5.80882,
              52.580134
            ],
            [
              5.808676,
              52.580167
            ],
            [
              5.808617,
              52.580179
            ],
            [
              5.808569,
              52.58019
            ],
            [
              5.80847,
              52.580211
            ],
            [
              5.808397,
              52.580226
            ],
            [
              5.808196,
              52.580267
            ],
            [
              5.808015,
              52.580303
            ],
            [
              5.807833,
              52.580336
            ],
            [
              5.807697,
              52.580361
            ],
            [
              5.807669,
              52.580366
            ],
            [
              5.807486,
              52.580397
            ],
            [
              5.807222,
              52.58044
            ],
            [
              5.806951,
              52.580481
            ],
            [
              5.806673,
              52.580521
            ],
            [
              5.806373,
              52.580561
            ],
            [
              5.806176,
              52.580584
            ],
            [
              5.806016,
              52.580602
            ],
            [
              5.805888,
              52.580616
            ],
            [
              5.805597,
              52.580646
            ],
            [
              5.805499,
              52.580655
            ],
            [
              5.805407,
              52.580663
            ],
            [
              5.805326,
              52.58067
            ],
            [
              5.805244,
              52.580677
            ],
            [
              5.805154,
              52.580683
            ],
            [
              5.805057,
              52.580691
            ],
            [
              5.804959,
              52.580698
            ],
            [
              5.804864,
              52.580705
            ],
            [
              5.804757,
              52.580711
            ],
            [
              5.804662,
              52.580718
            ],
            [
              5.804552,
              52.580724
            ],
            [
              5.804462,
              52.580729
            ],
            [
              5.804371,
              52.580733
            ],
            [
              5.804283,
              52.580738
            ],
            [
              5.804185,
              52.580742
            ],
            [
              5.8041,
              52.580745
            ],
            [
              5.803982,
              52.58075
            ],
            [
              5.803887,
              52.580753
            ],
            [
              5.803786,
              52.580756
            ],
            [
              5.803665,
              52.580759
            ],
            [
              5.803545,
              52.580762
            ],
            [
              5.803319,
              52.580765
            ],
            [
              5.803127,
              52.580766
            ],
            [
              5.785551,
              52.580827
            ],
            [
              5.77793,
              52.580852
            ],
            [
              5.777949,
              52.582998
            ],
            [
              5.77775,
              52.582999
            ],
            [
              5.777751,
              52.583134
            ],
            [
              5.77776,
              52.584075
            ],
            [
              5.777776,
              52.585932
            ],
            [
              5.777856,
              52.594919
            ],
            [
              5.777935,
              52.603906
            ],
            [
              5.777968,
              52.607534
            ],
            [
              5.771518,
              52.607555
            ],
            [
              5.771508,
              52.607555
            ],
            [
              5.766978,
              52.607569
            ],
            [
              5.766948,
              52.60757
            ],
            [
              5.752839,
              52.607613
            ],
            [
              5.747466,
              52.607628
            ],
            [
              5.723791,
              52.607696
            ],
            [
              5.723819,
              52.611291
            ],
            [
              5.702256,
              52.611348
            ],
            [
              5.701334,
              52.61135
            ],
            [
              5.695425,
              52.611362
            ],
            [
              5.689516,
              52.611377
            ],
            [
              5.685548,
              52.61139
            ],
            [
              5.683615,
              52.611392
            ],
            [
              5.678449,
              52.611403
            ],
            [
              5.673279,
              52.611414
            ],
            [
              5.668848,
              52.611423
            ],
            [
              5.66438,
              52.611432
            ],
            [
              5.66366,
              52.611432
            ],
            [
              5.663402,
              52.611435
            ],
            [
              5.663042,
              52.611445
            ],
            [
              5.662744,
              52.611456
            ],
            [
              5.662337,
              52.611476
            ],
            [
              5.661963,
              52.6115
            ],
            [
              5.661649,
              52.611526
            ],
            [
              5.66143,
              52.611542
            ],
            [
              5.660977,
              52.611592
            ],
            [
              5.660742,
              52.611615
            ],
            [
              5.660352,
              52.611665
            ],
            [
              5.660029,
              52.611709
            ],
            [
              5.659707,
              52.611758
            ],
            [
              5.659336,
              52.611818
            ],
            [
              5.658995,
              52.611877
            ],
            [
              5.658712,
              52.611929
            ],
            [
              5.6584,
              52.611992
            ],
            [
              5.658124,
              52.612051
            ],
            [
              5.657861,
              52.61211
            ],
            [
              5.657472,
              52.612185
            ],
            [
              5.657064,
              52.6123
            ],
            [
              5.656527,
              52.612447
            ],
            [
              5.65614,
              52.612561
            ],
            [
              5.655857,
              52.612648
            ],
            [
              5.655528,
              52.612751
            ],
            [
              5.655195,
              52.612867
            ],
            [
              5.654913,
              52.612968
            ],
            [
              5.654559,
              52.613098
            ],
            [
              5.654066,
              52.613294
            ],
            [
              5.653703,
              52.613448
            ],
            [
              5.653426,
              52.61357
            ],
            [
              5.65319,
              52.613678
            ],
            [
              5.65301,
              52.613764
            ],
            [
              5.652726,
              52.613906
            ],
            [
              5.652475,
              52.614034
            ],
            [
              5.652189,
              52.614189
            ],
            [
              5.651969,
              52.614309
            ],
            [
              5.651616,
              52.614512
            ],
            [
              5.651397,
              52.614648
            ],
            [
              5.651361,
              52.614671
            ],
            [
              5.651209,
              52.614766
            ],
            [
              5.651176,
              52.614787
            ],
            [
              5.651152,
              52.614802
            ],
            [
              5.650911,
              52.61496
            ],
            [
              5.650714,
              52.615094
            ],
            [
              5.65049,
              52.615251
            ],
            [
              5.650419,
              52.615303
            ],
            [
              5.650225,
              52.615449
            ],
            [
              5.650196,
              52.615472
            ],
            [
              5.650041,
              52.61559
            ],
            [
              5.650037,
              52.615594
            ],
            [
              5.649943,
              52.615669
            ],
            [
              5.649825,
              52.615763
            ],
            [
              5.649616,
              52.615936
            ],
            [
              5.64942,
              52.616104
            ],
            [
              5.649213,
              52.616291
            ],
            [
              5.649002,
              52.616486
            ],
            [
              5.648853,
              52.616632
            ],
            [
              5.648539,
              52.616932
            ],
            [
              5.645364,
              52.619962
            ],
            [
              5.642969,
              52.622248
            ],
            [
              5.642187,
              52.622994
            ],
            [
              5.641599,
              52.623555
            ],
            [
              5.639013,
              52.626026
            ],
            [
              5.635839,
              52.629057
            ],
            [
              5.632658,
              52.632088
            ],
            [
              5.629486,
              52.635119
            ],
            [
              5.627674,
              52.636846
            ],
            [
              5.622421,
              52.634781
            ],
            [
              5.607231,
              52.649246
            ],
            [
              5.592265,
              52.649291
            ],
            [
              5.511294,
              52.663556
            ]
          ]
        ]
      },
      "properties": {
        "type": "boundary",
        "gemeente": "Dronten"
      }
    },
    {
      "type": "Feature",
      "geometry": {
        "type": "Polygon",
        "coordinates": [
          [
            [
              5.315179,
              52.302392
            ],
            [
              5.317035,
              52.303484
            ],
            [
              5.317195,
              52.303578
            ],
            [
              5.317778,
              52.303921
            ],
            [
              5.31791,
              52.303999
            ],
            [
              5.318168,
              52.30415
            ],
            [
              5.320222,
              52.305359
            ],
            [
              5.32308,
              52.307261
            ],
            [
              5.327551,
              52.310279
            ],
            [
              5.332693,
              52.313729
            ],
            [
              5.332726,
              52.313751
            ],
            [
              5.332953,
              52.313903
            ],
            [
              5.332954,
              52.313904
            ],
            [
              5.332989,
              52.313927
            ],
            [
              5.33299,
              52.313928
            ],
            [
              5.333059,
              52.313974
            ],
            [
              5.333289,
              52.314129
            ],
            [
              5.333393,
              52.314199
            ],
            [
              5.333505,
              52.314274
            ],
            [
              5.33548,
              52.313503
            ],
            [
              5.336352,
              52.313184
            ],
            [
              5.337182,
              52.312854
            ],
            [
              5.337218,
              52.312837
            ],
            [
              5.337269,
              52.312812
            ],
            [
              5.34151,
              52.311158
            ],
            [
              5.342404,
              52.310823
            ],
            [
              5.343272,
              52.310486
            ],
            [
              5.344177,
              52.310172
            ],
            [
              5.344924,
              52.309939
            ],
            [
              5.346095,
              52.309703
            ],
            [
              5.346955,
              52.309523
            ],
            [
              5.347052,
              52.309508
            ],
            [
              5.34741,
              52.309461
            ],
            [
              5.347548,
              52.30946
            ],
            [
              5.348148,
              52.309382
            ],
            [
              5.348525,
              52.309173
            ],
            [
              5.348617,
              52.309165
            ],
            [
              5.348963,
              52.309302
            ],
            [
              5.349704,
              52.309249
            ],
            [
              5.350497,
              52.309232
            ],
            [
              5.351501,
              52.309235
            ],
            [
              5.352011,
              52.309251
            ],
            [
              5.35278,
              52.309296
            ],
            [
              5.353373,
              52.309348
            ],
            [
              5.354006,
              52.309407
            ],
            [
              5.354552,
              52.309503
            ],
            [
              5.354553,
              52.309503
            ],
            [
              5.355203,
              52.309612
            ],
            [
              5.361509,
              52.310785
            ],
            [
              5.379211,
              52.313995
            ],
            [
              5.378993,
              52.314446
            ],
            [
              5.37895,
              52.314448
            ],
            [
              5.378902,
              52.31446
            ],
            [
              5.378852,
              52.314488
            ],
            [
              5.378797,
              52.314527
            ],
            [
              5.37855,
              52.314703
            ],
            [
              5.376499,
              52.316502
            ],
            [
              5.376389,
              52.316598
            ],
            [
              5.376375,
              52.316608
            ],
            [
              5.376198,
              52.316742
            ],
            [
              5.376075,
              52.316849
            ],
            [
              5.367447,
              52.324351
            ],
            [
              5.367357,
              52.32443
            ],
            [
              5.363131,
              52.328103
            ],
            [
              5.358904,
              52.331777
            ],
            [
              5.354668,
              52.335457
            ],
            [
              5.354256,
              52.335815
            ],
            [
              5.350816,
              52.338803
            ],
            [
              5.350799,
              52.338818
            ],
            [
              5.350464,
              52.339109
            ],
            [
              5.350446,
              52.339125
            ],
            [
              5.34199,
              52.346468
            ],
            [
              5.340613,
              52.347663
            ],
            [
              5.339663,
              52.348488
            ],
            [
              5.338496,
              52.349501
            ],
            [
              5.338045,
              52.349893
            ],
            [
              5.337768,
              52.350133
            ],
            [
              5.337719,
              52.350176
            ],
            [
              5.337661,
              52.350226
            ],
            [
              5.337379,
              52.350471
            ],
            [
              5.337307,
              52.350533
            ],
            [
              5.337184,
              52.35064
            ],
            [
              5.335489,
              52.352112
            ],
            [
              5.334867,
              52.352651
            ],
            [
              5.333363,
              52.353957
            ],
            [
              5.329118,
              52.357643
            ],
            [
              5.32907,
              52.357684
            ],
            [
              5.324725,
              52.361456
            ],
            [
              5.32041,
              52.3652
            ],
            [
              5.316685,
              52.368432
            ],
            [
              5.311745,
              52.37277
            ],
            [
              5.308194,
              52.375887
            ],
            [
              5.307975,
              52.37608
            ],
            [
              5.307962,
              52.376091
            ],
            [
              5.30795,
              52.376102
            ],
            [
              5.306711,
              52.377189
            ],
            [
              5.306675,
              52.377221
            ],
            [
              5.306453,
              52.377415
            ],
            [
              5.30621,
              52.377629
            ],
            [
              5.306128,
              52.377701
            ],
            [
              5.305885,
              52.377914
            ],
            [
              5.305758,
              52.378025
            ],
            [
              5.304438,
              52.379184
            ],
            [
              5.301276,
              52.381959
            ],
            [
              5.301263,
              52.38197
            ],
            [
              5.301245,
              52.381986
            ],
            [
              5.301557,
              52.382125
            ],
            [
              5.302322,
              52.382444
            ],
            [
              5.303085,
              52.382751
            ],
            [
              5.303827,
              52.383027
            ],
            [
              5.304778,
              52.383361
            ],
            [
              5.305566,
              52.383637
            ],
            [
              5.306346,
              52.383909
            ],
            [
              5.307753,
              52.3844
            ],
            [
              5.308972,
              52.384829
            ],
            [
              5.310496,
              52.385365
            ],
            [
              5.312999,
              52.386239
            ],
            [
              5.313011,
              52.386243
            ],
            [
              5.31304,
              52.386253
            ],
            [
              5.313068,
              52.386225
            ],
            [
              5.313398,
              52.385842
            ],
            [
              5.313517,
              52.385741
            ],
            [
              5.313933,
              52.385892
            ],
            [
              5.313936,
              52.385893
            ],
            [
              5.313971,
              52.385906
            ],
            [
              5.31481,
              52.38621
            ],
            [
              5.314911,
              52.386246
            ],
            [
              5.315571,
              52.386485
            ],
            [
              5.319438,
              52.387886
            ],
            [
              5.319585,
              52.387939
            ],
            [
              5.319709,
              52.387984
            ],
            [
              5.320544,
              52.388287
            ],
            [
              5.332604,
              52.392653
            ],
            [
              5.332934,
              52.392773
            ],
            [
              5.332894,
              52.392806
            ],
            [
              5.332676,
              52.392989
            ],
            [
              5.332418,
              52.393206
            ],
            [
              5.33237,
              52.393246
            ],
            [
              5.334589,
              52.394077
            ],
            [
              5.336124,
              52.394649
            ],
            [
              5.337512,
              52.395166
            ],
            [
              5.33861,
              52.395581
            ],
            [
              5.339353,
              52.395813
            ],
            [
              5.340108,
              52.395941
            ],
            [
              5.341018,
              52.395977
            ],
            [
              5.34108,
              52.395981
            ],
            [
              5.342293,
              52.395976
            ],
            [
              5.343436,
              52.395894
            ],
            [
              5.343899,
              52.395861
            ],
            [
              5.344373,
              52.395884
            ],
            [
              5.34483,
              52.396016
            ],
            [
              5.345913,
              52.396454
            ],
            [
              5.345965,
              52.396415
            ],
            [
              5.346371,
              52.396114
            ],
            [
              5.347257,
              52.396515
            ],
            [
              5.347368,
              52.396565
            ],
            [
              5.347717,
              52.396723
            ],
            [
              5.347924,
              52.396837
            ],
            [
              5.348168,
              52.397028
            ],
            [
              5.348321,
              52.39733
            ],
            [
              5.34892,
              52.398383
            ],
            [
              5.349423,
              52.399157
            ],
            [
              5.349528,
              52.399301
            ],
            [
              5.349648,
              52.399444
            ],
            [
              5.349782,
              52.399583
            ],
            [
              5.350015,
              52.399774
            ],
            [
              5.350497,
              52.400103
            ],
            [
              5.350735,
              52.400194
            ],
            [
              5.351942,
              52.400657
            ],
            [
              5.35322,
              52.401155
            ],
            [
              5.354665,
              52.40172
            ],
            [
              5.356127,
              52.402286
            ],
            [
              5.357719,
              52.402909
            ],
            [
              5.359173,
              52.403486
            ],
            [
              5.359831,
              52.403743
            ],
            [
              5.360593,
              52.404046
            ],
            [
              5.361802,
              52.404523
            ],
            [
              5.361813,
              52.404529
            ],
            [
              5.363031,
              52.405013
            ],
            [
              5.36428,
              52.405511
            ],
            [
              5.365504,
              52.405999
            ],
            [
              5.366737,
              52.406491
            ],
            [
              5.367579,
              52.406827
            ],
            [
              5.367968,
              52.406982
            ],
            [
              5.369212,
              52.407484
            ],
            [
              5.370411,
              52.407966
            ],
            [
              5.371671,
              52.40848
            ],
            [
              5.372508,
              52.408822
            ],
            [
              5.374104,
              52.409474
            ],
            [
              5.37531,
              52.409969
            ],
            [
              5.376556,
              52.41048
            ],
            [
              5.377759,
              52.410982
            ],
            [
              5.378988,
              52.411494
            ],
            [
              5.380164,
              52.411993
            ],
            [
              5.381395,
              52.412519
            ],
            [
              5.382596,
              52.41303
            ],
            [
              5.383799,
              52.413554
            ],
            [
              5.384988,
              52.414069
            ],
            [
              5.386187,
              52.414604
            ],
            [
              5.387363,
              52.415127
            ],
            [
              5.387998,
              52.415413
            ],
            [
              5.388544,
              52.415659
            ],
            [
              5.388891,
              52.415816
            ],
            [
              5.389716,
              52.416189
            ],
            [
              5.390925,
              52.416742
            ],
            [
              5.3921,
              52.417279
            ],
            [
              5.393215,
              52.417799
            ],
            [
              5.39353,
              52.417943
            ],
            [
              5.394966,
              52.418618
            ],
            [
              5.396312,
              52.419258
            ],
            [
              5.397533,
              52.41984
            ],
            [
              5.398625,
              52.420369
            ],
            [
              5.399748,
              52.420917
            ],
            [
              5.400777,
              52.421418
            ],
            [
              5.401373,
              52.421709
            ],
            [
              5.401793,
              52.421898
            ],
            [
              5.401905,
              52.421957
            ],
            [
              5.402599,
              52.422321
            ],
            [
              5.403924,
              52.422983
            ],
            [
              5.404841,
              52.423445
            ],
            [
              5.405804,
              52.423937
            ],
            [
              5.407492,
              52.424802
            ],
            [
              5.407576,
              52.424844
            ],
            [
              5.409164,
              52.425668
            ],
            [
              5.41088,
              52.426563
            ],
            [
              5.411964,
              52.42714
            ],
            [
              5.413271,
              52.427844
            ],
            [
              5.414272,
              52.428381
            ],
            [
              5.416011,
              52.429325
            ],
            [
              5.416154,
              52.429394
            ],
            [
              5.416436,
              52.429528
            ],
            [
              5.41648,
              52.429549
            ],
            [
              5.418256,
              52.430534
            ],
            [
              5.421008,
              52.432083
            ],
            [
              5.423775,
              52.432564
            ],
            [
              5.425862,
              52.433785
            ],
            [
              5.427177,
              52.434554
            ],
            [
              5.426889,
              52.435505
            ],
            [
              5.429907,
              52.437322
            ],
            [
              5.4299,
              52.437328
            ],
            [
              5.429871,
              52.437353
            ],
            [
              5.431323,
              52.438248
            ],
            [
              5.4343,
              52.440085
            ],
            [
              5.435143,
              52.440588
            ],
            [
              5.43667,
              52.441461
            ],
            [
              5.437586,
              52.441991
            ],
            [
              5.438622,
              52.44264
            ],
            [
              5.438631,
              52.442646
            ],
            [
              5.438706,
              52.442656
            ],
            [
              5.438783,
              52.442646
            ],
            [
              5.438793,
              52.442639
            ],
            [
              5.438823,
              52.442616
            ],
            [
              5.44012,
              52.441615
            ],
            [
              5.44188,
              52.440258
            ],
            [
              5.445337,
              52.437612
            ],
            [
              5.446026,
              52.437095
            ],
            [
              5.44623,
              52.436942
            ],
            [
              5.446242,
              52.436951
            ],
            [
              5.446272,
              52.436964
            ],
            [
              5.446745,
              52.436643
            ],
            [
              5.447121,
              52.436391
            ],
            [
              5.447498,
              52.436146
            ],
            [
              5.447897,
              52.435895
            ],
            [
              5.448324,
              52.435634
            ],
            [
              5.448894,
              52.435301
            ],
            [
              5.450215,
              52.434531
            ],
            [
              5.451508,
              52.433773
            ],
            [
              5.455556,
              52.431402
            ],
            [
              5.460718,
              52.428387
            ],
            [
              5.460982,
              52.428233
            ],
            [
              5.466392,
              52.425067
            ],
            [
              5.466887,
              52.424777
            ],
            [
              5.471811,
              52.421892
            ],
            [
              5.474043,
              52.420588
            ],
            [
              5.474979,
              52.420033
            ],
            [
              5.476241,
              52.419203
            ],
            [
              5.479623,
              52.41699
            ],
            [
              5.479689,
              52.416946
            ],
            [
              5.480925,
              52.416127
            ],
            [
              5.481452,
              52.415778
            ],
            [
              5.483146,
              52.414655
            ],
            [
              5.486689,
              52.412331
            ],
            [
              5.489708,
              52.410347
            ],
            [
              5.489819,
              52.410269
            ],
            [
              5.48989,
              52.410192
            ],
            [
              5.490081,
              52.410066
            ],
            [
              5.491427,
              52.409173
            ],
            [
              5.491556,
              52.409116
            ],
            [
              5.491667,
              52.409053
            ],
            [
              5.49457,
              52.407148
            ],
            [
              5.495136,
              52.406779
            ],
            [
              5.498134,
              52.404825
            ],
            [
              5.501669,
              52.402503
            ],
            [
              5.506367,
              52.399421
            ],
            [
              5.507038,
              52.398981
            ],
            [
              5.507303,
              52.398744
            ],
            [
              5.507623,
              52.398531
            ],
            [
              5.50803,
              52.398265
            ],
            [
              5.508496,
              52.397965
            ],
            [
              5.508802,
              52.397778
            ],
            [
              5.508992,
              52.397662
            ],
            [
              5.5095,
              52.397355
            ],
            [
              5.510025,
              52.397069
            ],
            [
              5.512448,
              52.395746
            ],
            [
              5.512406,
              52.395718
            ],
            [
              5.513337,
              52.395205
            ],
            [
              5.515679,
              52.393914
            ],
            [
              5.51942,
              52.391869
            ],
            [
              5.520607,
              52.39122
            ],
            [
              5.525048,
              52.388797
            ],
            [
              5.52506,
              52.388805
            ],
            [
              5.525104,
              52.388781
            ],
            [
              5.525106,
              52.38878
            ],
            [
              5.525118,
              52.388773
            ],
            [
              5.525224,
              52.388714
            ],
            [
              5.533006,
              52.384377
            ],
            [
              5.533982,
              52.385032
            ],
            [
              5.534423,
              52.384784
            ],
            [
              5.534533,
              52.384742
            ],
            [
              5.53461,
              52.384713
            ],
            [
              5.534824,
              52.384688
            ],
            [
              5.535034,
              52.384709
            ],
            [
              5.535243,
              52.384756
            ],
            [
              5.535996,
              52.384988
            ],
            [
              5.536581,
              52.385168
            ],
            [
              5.536764,
              52.385206
            ],
            [
              5.536929,
              52.385186
            ],
            [
              5.537296,
              52.385001
            ],
            [
              5.537298,
              52.385
            ],
            [
              5.537409,
              52.38517
            ],
            [
              5.537495,
              52.385194
            ],
            [
              5.538293,
              52.385728
            ],
            [
              5.538355,
              52.385752
            ],
            [
              5.538437,
              52.385761
            ],
            [
              5.53865,
              52.385762
            ],
            [
              5.543109,
              52.388751
            ],
            [
              5.544859,
              52.389923
            ],
            [
              5.545643,
              52.390432
            ],
            [
              5.546301,
              52.390868
            ],
            [
              5.547082,
              52.391387
            ],
            [
              5.547967,
              52.391982
            ],
            [
              5.548803,
              52.392543
            ],
            [
              5.552843,
              52.395255
            ],
            [
              5.553252,
              52.395524
            ],
            [
              5.553682,
              52.395798
            ],
            [
              5.554142,
              52.396083
            ],
            [
              5.554642,
              52.396389
            ],
            [
              5.555051,
              52.396637
            ],
            [
              5.555545,
              52.396932
            ],
            [
              5.556896,
              52.397719
            ],
            [
              5.557417,
              52.398022
            ],
            [
              5.557846,
              52.398283
            ],
            [
              5.560722,
              52.399943
            ],
            [
              5.564017,
              52.401871
            ],
            [
              5.564251,
              52.402006
            ],
            [
              5.564296,
              52.402041
            ],
            [
              5.564315,
              52.402081
            ],
            [
              5.564309,
              52.402154
            ],
            [
              5.564337,
              52.402243
            ],
            [
              5.564429,
              52.402305
            ],
            [
              5.565202,
              52.402573
            ],
            [
              5.565253,
              52.402593
            ],
            [
              5.565299,
              52.402617
            ],
            [
              5.567321,
              52.403792
            ],
            [
              5.570627,
              52.405718
            ],
            [
              5.570627,
              52.405718
            ],
            [
              5.572309,
              52.406684
            ],
            [
              5.572704,
              52.40691
            ],
            [
              5.573935,
              52.407635
            ],
            [
              5.574389,
              52.407897
            ],
            [
              5.575028,
              52.40826
            ],
            [
              5.576321,
              52.409019
            ],
            [
              5.577255,
              52.409547
            ],
            [
              5.578014,
              52.409968
            ],
            [
              5.57826,
              52.410085
            ],
            [
              5.578355,
              52.41013
            ],
            [
              5.578708,
              52.410279
            ],
            [
              5.579073,
              52.41042
            ],
            [
              5.579444,
              52.410553
            ],
            [
              5.579798,
              52.410674
            ],
            [
              5.58015,
              52.410784
            ],
            [
              5.580509,
              52.410883
            ],
            [
              5.580877,
              52.410975
            ],
            [
              5.581252,
              52.411062
            ],
            [
              5.581542,
              52.411122
            ],
            [
              5.581959,
              52.411193
            ],
            [
              5.582384,
              52.411256
            ],
            [
              5.582788,
              52.41131
            ],
            [
              5.583217,
              52.411358
            ],
            [
              5.583665,
              52.411396
            ],
            [
              5.584101,
              52.411423
            ],
            [
              5.584543,
              52.411436
            ],
            [
              5.58498,
              52.411442
            ],
            [
              5.585426,
              52.411438
            ],
            [
              5.585868,
              52.411422
            ],
            [
              5.586314,
              52.411394
            ],
            [
              5.586743,
              52.41136
            ],
            [
              5.587786,
              52.411288
            ],
            [
              5.588185,
              52.411252
            ],
            [
              5.588284,
              52.411258
            ],
            [
              5.58907,
              52.411187
            ],
            [
              5.589103,
              52.411177
            ],
            [
              5.589197,
              52.411165
            ],
            [
              5.593126,
              52.410816
            ],
            [
              5.598727,
              52.410311
            ],
            [
              5.598728,
              52.410311
            ],
            [
              5.598742,
              52.410309
            ],
            [
              5.598749,
              52.410309
            ],
            [
              5.598935,
              52.410292
            ],
            [
              5.599806,
              52.410215
            ],
            [
              5.599916,
              52.410205
            ],
            [
              5.60007,
              52.410192
            ],
            [
              5.600293,
              52.410168
            ],
            [
              5.600555,
              52.410132
            ],
            [
              5.600888,
              52.410102
            ],
            [
              5.601484,
              52.410056
            ],
            [
              5.602513,
              52.409965
            ],
            [
              5.607126,
              52.409561
            ],
            [
              5.611491,
              52.409171
            ],
            [
              5.615851,
              52.408781
            ],
            [
              5.61759,
              52.408632
            ],
            [
              5.617972,
              52.408599
            ],
            [
              5.618401,
              52.408568
            ],
            [
              5.618849,
              52.408548
            ],
            [
              5.619308,
              52.408546
            ],
            [
              5.620259,
              52.408541
            ],
            [
              5.621608,
              52.40853
            ],
            [
              5.622343,
              52.408519
            ],
            [
              5.622355,
              52.408519
            ],
            [
              5.622367,
              52.408519
            ],
            [
              5.622379,
              52.408519
            ],
            [
              5.622391,
              52.40852
            ],
            [
              5.622403,
              52.40852
            ],
            [
              5.622415,
              52.408521
            ],
            [
              5.622427,
              52.408522
            ],
            [
              5.622439,
              52.408523
            ],
            [
              5.622452,
              52.408524
            ],
            [
              5.622464,
              52.408525
            ],
            [
              5.622475,
              52.408526
            ],
            [
              5.622487,
              52.408527
            ],
            [
              5.622499,
              52.408529
            ],
            [
              5.622511,
              52.408531
            ],
            [
              5.622523,
              52.408533
            ],
            [
              5.622534,
              52.408535
            ],
            [
              5.622546,
              52.408537
            ],
            [
              5.622558,
              52.408539
            ],
            [
              5.622569,
              52.408542
            ],
            [
              5.62258,
              52.408544
            ],
            [
              5.622592,
              52.408547
            ],
            [
              5.622603,
              52.40855
            ],
            [
              5.622614,
              52.408553
            ],
            [
              5.622625,
              52.408556
            ],
            [
              5.622636,
              52.408559
            ],
            [
              5.622647,
              52.408562
            ],
            [
              5.622658,
              52.408566
            ],
            [
              5.622668,
              52.408569
            ],
            [
              5.622679,
              52.408573
            ],
            [
              5.622689,
              52.408577
            ],
            [
              5.6227,
              52.408581
            ],
            [
              5.62271,
              52.408585
            ],
            [
              5.62272,
              52.408589
            ],
            [
              5.62273,
              52.408593
            ],
            [
              5.622739,
              52.408598
            ],
            [
              5.622749,
              52.408602
            ],
            [
              5.622758,
              52.408607
            ],
            [
              5.622768,
              52.408612
            ],
            [
              5.622777,
              52.408617
            ],
            [
              5.622786,
              52.408622
            ],
            [
              5.622795,
              52.408627
            ],
            [
              5.622803,
              52.408632
            ],
            [
              5.622812,
              52.408637
            ],
            [
              5.62282,
              52.408643
            ],
            [
              5.622828,
              52.408648
            ],
            [
              5.622836,
              52.408654
            ],
            [
              5.622844,
              52.408659
            ],
            [
              5.622853,
              52.408666
            ],
            [
              5.622862,
              52.408673
            ],
            [
              5.62287,
              52.40868
            ],
            [
              5.622879,
              52.408687
            ],
            [
              5.622887,
              52.408693
            ],
            [
              5.622895,
              52.408701
            ],
            [
              5.622903,
              52.408708
            ],
            [
              5.62291,
              52.408715
            ],
            [
              5.622917,
              52.408722
            ],
            [
              5.622925,
              52.40873
            ],
            [
              5.622932,
              52.408737
            ],
            [
              5.622939,
              52.408744
            ],
            [
              5.622945,
              52.408752
            ],
            [
              5.622952,
              52.40876
            ],
            [
              5.622958,
              52.408767
            ],
            [
              5.622964,
              52.408775
            ],
            [
              5.62297,
              52.408783
            ],
            [
              5.622976,
              52.408791
            ],
            [
              5.622981,
              52.408799
            ],
            [
              5.622986,
              52.408806
            ],
            [
              5.622992,
              52.408814
            ],
            [
              5.622996,
              52.408823
            ],
            [
              5.623001,
              52.408831
            ],
            [
              5.623005,
              52.408839
            ],
            [
              5.62301,
              52.408847
            ],
            [
              5.623014,
              52.408855
            ],
            [
              5.623018,
              52.408863
            ],
            [
              5.623021,
              52.408872
            ],
            [
              5.622747,
              52.407666
            ],
            [
              5.622733,
              52.407607
            ],
            [
              5.622691,
              52.407457
            ],
            [
              5.622664,
              52.407355
            ],
            [
              5.622635,
              52.407227
            ],
            [
              5.622575,
              52.406962
            ],
            [
              5.621139,
              52.40103
            ],
            [
              5.620467,
              52.398201
            ],
            [
              5.620215,
              52.397147
            ],
            [
              5.619828,
              52.395533
            ],
            [
              5.61941,
              52.393806
            ],
            [
              5.619381,
              52.393771
            ],
            [
              5.619319,
              52.39356
            ],
            [
              5.619327,
              52.393525
            ],
            [
              5.618235,
              52.388928
            ],
            [
              5.617992,
              52.387912
            ],
            [
              5.617745,
              52.386871
            ],
            [
              5.617651,
              52.386467
            ],
            [
              5.617525,
              52.385934
            ],
            [
              5.617373,
              52.385363
            ],
            [
              5.617188,
              52.384783
            ],
            [
              5.616983,
              52.384252
            ],
            [
              5.616758,
              52.383736
            ],
            [
              5.616636,
              52.38347
            ],
            [
              5.616419,
              52.38303
            ],
            [
              5.616111,
              52.382452
            ],
            [
              5.615795,
              52.381875
            ],
            [
              5.614897,
              52.380331
            ],
            [
              5.61327,
              52.377484
            ],
            [
              5.613177,
              52.377322
            ],
            [
              5.612991,
              52.376999
            ],
            [
              5.612218,
              52.375656
            ],
            [
              5.612056,
              52.375334
            ],
            [
              5.611932,
              52.375008
            ],
            [
              5.611852,
              52.374687
            ],
            [
              5.611828,
              52.374448
            ],
            [
              5.611841,
              52.374114
            ],
            [
              5.611882,
              52.373795
            ],
            [
              5.611973,
              52.373478
            ],
            [
              5.612093,
              52.373237
            ],
            [
              5.612256,
              52.372973
            ],
            [
              5.612465,
              52.372718
            ],
            [
              5.612693,
              52.372475
            ],
            [
              5.612873,
              52.372305
            ],
            [
              5.613175,
              52.372062
            ],
            [
              5.613471,
              52.371847
            ],
            [
              5.613812,
              52.371624
            ],
            [
              5.614128,
              52.371418
            ],
            [
              5.614149,
              52.371404
            ],
            [
              5.613557,
              52.371042
            ],
            [
              5.614123,
              52.370688
            ],
            [
              5.614202,
              52.370638
            ],
            [
              5.614523,
              52.370437
            ],
            [
              5.615189,
              52.37084
            ],
            [
              5.615325,
              52.370705
            ],
            [
              5.61543,
              52.370559
            ],
            [
              5.615516,
              52.370585
            ],
            [
              5.615734,
              52.370285
            ],
            [
              5.615857,
              52.370114
            ],
            [
              5.615874,
              52.370085
            ],
            [
              5.616016,
              52.369903
            ],
            [
              5.616274,
              52.369588
            ],
            [
              5.618376,
              52.367018
            ],
            [
              5.620737,
              52.36413
            ],
            [
              5.614568,
              52.362404
            ],
            [
              5.614542,
              52.362397
            ],
            [
              5.614066,
              52.362264
            ],
            [
              5.614039,
              52.362257
            ],
            [
              5.613532,
              52.361674
            ],
            [
              5.611638,
              52.3595
            ],
            [
              5.610859,
              52.360256
            ],
            [
              5.610082,
              52.361011
            ],
            [
              5.609394,
              52.361682
            ],
            [
              5.60921,
              52.361861
            ],
            [
              5.609052,
              52.362012
            ],
            [
              5.608852,
              52.362173
            ],
            [
              5.608596,
              52.362358
            ],
            [
              5.608358,
              52.362505
            ],
            [
              5.608097,
              52.362648
            ],
            [
              5.607813,
              52.362782
            ],
            [
              5.607419,
              52.36294
            ],
            [
              5.607398,
              52.362949
            ],
            [
              5.606837,
              52.363125
            ],
            [
              5.606301,
              52.363247
            ],
            [
              5.605903,
              52.363313
            ],
            [
              5.605469,
              52.363361
            ],
            [
              5.604955,
              52.363392
            ],
            [
              5.598597,
              52.363583
            ],
            [
              5.59829,
              52.36359
            ],
            [
              5.597937,
              52.363591
            ],
            [
              5.597404,
              52.363579
            ],
            [
              5.596987,
              52.363568
            ],
            [
              5.596584,
              52.363544
            ],
            [
              5.595456,
              52.363448
            ],
            [
              5.594633,
              52.36335
            ],
            [
              5.594543,
              52.363339
            ],
            [
              5.592739,
              52.363114
            ],
            [
              5.592723,
              52.363112
            ],
            [
              5.591157,
              52.362916
            ],
            [
              5.588333,
              52.36172
            ],
            [
              5.587707,
              52.361454
            ],
            [
              5.585682,
              52.359947
            ],
            [
              5.578014,
              52.352958
            ],
            [
              5.577786,
              52.352749
            ],
            [
              5.575657,
              52.350809
            ],
            [
              5.575604,
              52.35076
            ],
            [
              5.574279,
              52.348261
            ],
            [
              5.571897,
              52.343771
            ],
            [
              5.569517,
              52.339281
            ],
            [
              5.567137,
              52.334791
            ],
            [
              5.565864,
              52.332389
            ],
            [
              5.562378,
              52.32581
            ],
            [
              5.560806,
              52.322844
            ],
            [
              5.560806,
              52.322843
            ],
            [
              5.560651,
              52.322551
            ],
            [
              5.557621,
              52.31683
            ],
            [
              5.555506,
              52.312837
            ],
            [
              5.555483,
              52.312794
            ],
            [
              5.553655,
              52.309341
            ],
            [
              5.552865,
              52.307849
            ],
            [
              5.552671,
              52.307482
            ],
            [
              5.548464,
              52.299534
            ],
            [
              5.545168,
              52.293303
            ],
            [
              5.545166,
              52.293299
            ],
            [
              5.538034,
              52.279813
            ],
            [
              5.537005,
              52.277867
            ],
            [
              5.536206,
              52.276354
            ],
            [
              5.534812,
              52.274081
            ],
            [
              5.533281,
              52.272741
            ],
            [
              5.529969,
              52.271988
            ],
            [
              5.522166,
              52.270406
            ],
            [
              5.519033,
              52.269853
            ],
            [
              5.50443,
              52.267275
            ],
            [
              5.476849,
              52.2624
            ],
            [
              5.476773,
              52.262561
            ],
            [
              5.476122,
              52.263924
            ],
            [
              5.473443,
              52.263443
            ],
            [
              5.47252,
              52.263277
            ],
            [
              5.47232,
              52.263696
            ],
            [
              5.472299,
              52.26374
            ],
            [
              5.471447,
              52.263541
            ],
            [
              5.470552,
              52.26334
            ],
            [
              5.469812,
              52.263247
            ],
            [
              5.469055,
              52.263152
            ],
            [
              5.469075,
              52.263109
            ],
            [
              5.469274,
              52.262693
            ],
            [
              5.464459,
              52.261828
            ],
            [
              5.464761,
              52.260637
            ],
            [
              5.463372,
              52.260002
            ],
            [
              5.456249,
              52.258605
            ],
            [
              5.451745,
              52.257801
            ],
            [
              5.426659,
              52.253319
            ],
            [
              5.406728,
              52.249754
            ],
            [
              5.404643,
              52.249631
            ],
            [
              5.402897,
              52.249527
            ],
            [
              5.401848,
              52.250138
            ],
            [
              5.3982,
              52.252264
            ],
            [
              5.397907,
              52.252435
            ],
            [
              5.397614,
              52.252606
            ],
            [
              5.395156,
              52.254038
            ],
            [
              5.393236,
              52.255157
            ],
            [
              5.384679,
              52.260355
            ],
            [
              5.380281,
              52.263026
            ],
            [
              5.372554,
              52.267717
            ],
            [
              5.36582,
              52.271805
            ],
            [
              5.365479,
              52.272012
            ],
            [
              5.361596,
              52.274369
            ],
            [
              5.350671,
              52.280996
            ],
            [
              5.343238,
              52.285504
            ],
            [
              5.341327,
              52.286663
            ],
            [
              5.339564,
              52.287732
            ],
            [
              5.336417,
              52.289639
            ],
            [
              5.335857,
              52.289978
            ],
            [
              5.335462,
              52.290218
            ],
            [
              5.328571,
              52.294395
            ],
            [
              5.328448,
              52.294469
            ],
            [
              5.321037,
              52.298959
            ],
            [
              5.317474,
              52.301117
            ],
            [
              5.315179,
              52.302392
            ]
          ]
        ]
      },
      "properties": {
        "type": "boundary",
        "gemeente": "Zeewolde"
      }
    },
    {
      "type": "Feature",
      "geometry": {
        "type": "Polygon",
        "coordinates": [
          [
            [
              5.074588,
              52.583665
            ],
            [
              5.135306,
              52.603937
            ],
            [
              5.153256,
              52.609919
            ],
            [
              5.15984,
              52.612112
            ],
            [
              5.163484,
              52.613326
            ],
            [
              5.165735,
              52.614076
            ],
            [
              5.177056,
              52.617844
            ],
            [
              5.180477,
              52.618983
            ],
            [
              5.19063,
              52.622361
            ],
            [
              5.195039,
              52.623827
            ],
            [
              5.199646,
              52.62536
            ],
            [
              5.204208,
              52.626876
            ],
            [
              5.20997,
              52.628792
            ],
            [
              5.219133,
              52.631837
            ],
            [
              5.224722,
              52.633693
            ],
            [
              5.231371,
              52.635902
            ],
            [
              5.232099,
              52.636144
            ],
            [
              5.239477,
              52.638593
            ],
            [
              5.244957,
              52.640413
            ],
            [
              5.254235,
              52.643491
            ],
            [
              5.257187,
              52.644471
            ],
            [
              5.257257,
              52.64492
            ],
            [
              5.257962,
              52.649414
            ],
            [
              5.260078,
              52.662897
            ],
            [
              5.26036,
              52.664695
            ],
            [
              5.260784,
              52.667391
            ],
            [
              5.262195,
              52.67638
            ],
            [
              5.262266,
              52.676829
            ],
            [
              5.264481,
              52.677967
            ],
            [
              5.268962,
              52.680268
            ],
            [
              5.276294,
              52.684033
            ],
            [
              5.285048,
              52.689133
            ],
            [
              5.28645,
              52.688749
            ],
            [
              5.286474,
              52.688826
            ],
            [
              5.286477,
              52.688834
            ],
            [
              5.286498,
              52.688907
            ],
            [
              5.286674,
              52.68938
            ],
            [
              5.28681,
              52.689721
            ],
            [
              5.287073,
              52.690346
            ],
            [
              5.287178,
              52.690598
            ],
            [
              5.287215,
              52.690687
            ],
            [
              5.28745,
              52.691264
            ],
            [
              5.28761,
              52.691641
            ],
            [
              5.287619,
              52.691656
            ],
            [
              5.295777,
              52.692845
            ],
            [
              5.301635,
              52.692427
            ],
            [
              5.353294,
              52.678637
            ],
            [
              5.358624,
              52.676692
            ],
            [
              5.361147,
              52.675726
            ],
            [
              5.36372,
              52.67552
            ],
            [
              5.511294,
              52.663556
            ],
            [
              5.564508,
              52.61501
            ],
            [
              5.568771,
              52.605423
            ],
            [
              5.572695,
              52.596593
            ],
            [
              5.572841,
              52.596265
            ],
            [
              5.572889,
              52.596157
            ],
            [
              5.572899,
              52.596135
            ],
            [
              5.573237,
              52.595374
            ],
            [
              5.573337,
              52.595149
            ],
            [
              5.573423,
              52.594954
            ],
            [
              5.573449,
              52.594897
            ],
            [
              5.573513,
              52.594752
            ],
            [
              5.574282,
              52.593016
            ],
            [
              5.57574,
              52.589731
            ],
            [
              5.577206,
              52.586423
            ],
            [
              5.577306,
              52.586201
            ],
            [
              5.578395,
              52.583747
            ],
            [
              5.582572,
              52.574319
            ],
            [
              5.582686,
              52.574061
            ],
            [
              5.586083,
              52.566391
            ],
            [
              5.587387,
              52.563456
            ],
            [
              5.587411,
              52.56346
            ],
            [
              5.58747,
              52.563095
            ],
            [
              5.587586,
              52.562391
            ],
            [
              5.588313,
              52.549185
            ],
            [
              5.588323,
              52.549002
            ],
            [
              5.588324,
              52.548992
            ],
            [
              5.588348,
              52.548553
            ],
            [
              5.588348,
              52.548543
            ],
            [
              5.588771,
              52.540872
            ],
            [
              5.588775,
              52.540796
            ],
            [
              5.589228,
              52.532566
            ],
            [
              5.589237,
              52.532402
            ],
            [
              5.590291,
              52.522946
            ],
            [
              5.590301,
              52.522858
            ],
            [
              5.591281,
              52.514122
            ],
            [
              5.591305,
              52.513905
            ],
            [
              5.588056,
              52.513773
            ],
            [
              5.588107,
              52.513564
            ],
            [
              5.591269,
              52.500137
            ],
            [
              5.591293,
              52.500036
            ],
            [
              5.591361,
              52.499964
            ],
            [
              5.598552,
              52.492318
            ],
            [
              5.605871,
              52.48452
            ],
            [
              5.605682,
              52.484451
            ],
            [
              5.603323,
              52.483624
            ],
            [
              5.599488,
              52.482284
            ],
            [
              5.595656,
              52.480942
            ],
            [
              5.593743,
              52.48027
            ],
            [
              5.59183,
              52.479598
            ],
            [
              5.587995,
              52.478256
            ],
            [
              5.584165,
              52.476916
            ],
            [
              5.580337,
              52.475576
            ],
            [
              5.576521,
              52.474235
            ],
            [
              5.572676,
              52.47289
            ],
            [
              5.56885,
              52.471547
            ],
            [
              5.568896,
              52.471499
            ],
            [
              5.56542,
              52.470281
            ],
            [
              5.565465,
              52.470232
            ],
            [
              5.567876,
              52.46767
            ],
            [
              5.570366,
              52.465021
            ],
            [
              5.572636,
              52.462602
            ],
            [
              5.57267,
              52.462566
            ],
            [
              5.572685,
              52.462551
            ],
            [
              5.572873,
              52.462349
            ],
            [
              5.572904,
              52.462315
            ],
            [
              5.574976,
              52.460109
            ],
            [
              5.577105,
              52.457845
            ],
            [
              5.578345,
              52.456526
            ],
            [
              5.578665,
              52.456182
            ],
            [
              5.578989,
              52.455831
            ],
            [
              5.579064,
              52.45575
            ],
            [
              5.579097,
              52.455717
            ],
            [
              5.579545,
              52.455214
            ],
            [
              5.58005,
              52.454637
            ],
            [
              5.581396,
              52.453103
            ],
            [
              5.58253,
              52.451811
            ],
            [
              5.583667,
              52.450516
            ],
            [
              5.585378,
              52.448571
            ],
            [
              5.585521,
              52.448418
            ],
            [
              5.585684,
              52.448265
            ],
            [
              5.586006,
              52.447977
            ],
            [
              5.586018,
              52.447968
            ],
            [
              5.586036,
              52.447959
            ],
            [
              5.58606,
              52.447952
            ],
            [
              5.586087,
              52.447949
            ],
            [
              5.586112,
              52.447951
            ],
            [
              5.586131,
              52.447955
            ],
            [
              5.586143,
              52.447959
            ],
            [
              5.586389,
              52.447711
            ],
            [
              5.585895,
              52.447529
            ],
            [
              5.585192,
              52.447265
            ],
            [
              5.584366,
              52.44695
            ],
            [
              5.583914,
              52.446758
            ],
            [
              5.583501,
              52.446567
            ],
            [
              5.583078,
              52.44635
            ],
            [
              5.582705,
              52.446142
            ],
            [
              5.582453,
              52.445988
            ],
            [
              5.582224,
              52.445838
            ],
            [
              5.581975,
              52.445663
            ],
            [
              5.581684,
              52.445445
            ],
            [
              5.581299,
              52.44513
            ],
            [
              5.580998,
              52.444867
            ],
            [
              5.58056,
              52.444479
            ],
            [
              5.58052,
              52.444443
            ],
            [
              5.580243,
              52.444199
            ],
            [
              5.5802,
              52.444161
            ],
            [
              5.578766,
              52.442884
            ],
            [
              5.576218,
              52.440615
            ],
            [
              5.575898,
              52.440331
            ],
            [
              5.575647,
              52.440109
            ],
            [
              5.57539,
              52.439895
            ],
            [
              5.575126,
              52.439687
            ],
            [
              5.574854,
              52.439482
            ],
            [
              5.574569,
              52.439279
            ],
            [
              5.574326,
              52.439116
            ],
            [
              5.574073,
              52.438957
            ],
            [
              5.573803,
              52.438794
            ],
            [
              5.573741,
              52.438759
            ],
            [
              5.573179,
              52.438437
            ],
            [
              5.57317,
              52.438431
            ],
            [
              5.572906,
              52.438295
            ],
            [
              5.572559,
              52.438128
            ],
            [
              5.572204,
              52.437968
            ],
            [
              5.571845,
              52.43781
            ],
            [
              5.571471,
              52.437663
            ],
            [
              5.571095,
              52.437517
            ],
            [
              5.569682,
              52.436996
            ],
            [
              5.566637,
              52.435863
            ],
            [
              5.566896,
              52.435574
            ],
            [
              5.567172,
              52.435284
            ],
            [
              5.567404,
              52.435053
            ],
            [
              5.570866,
              52.431582
            ],
            [
              5.571398,
              52.431054
            ],
            [
              5.571621,
              52.430818
            ],
            [
              5.572202,
              52.430231
            ],
            [
              5.573075,
              52.429353
            ],
            [
              5.573787,
              52.428634
            ],
            [
              5.579166,
              52.423224
            ],
            [
              5.586395,
              52.415945
            ],
            [
              5.587026,
              52.41531
            ],
            [
              5.587459,
              52.415312
            ],
            [
              5.587842,
              52.414924
            ],
            [
              5.587998,
              52.414766
            ],
            [
              5.587682,
              52.414649
            ],
            [
              5.587761,
              52.414542
            ],
            [
              5.588382,
              52.413942
            ],
            [
              5.58851,
              52.413817
            ],
            [
              5.588669,
              52.413654
            ],
            [
              5.588809,
              52.413484
            ],
            [
              5.588951,
              52.413256
            ],
            [
              5.589057,
              52.413017
            ],
            [
              5.589116,
              52.412808
            ],
            [
              5.589125,
              52.412778
            ],
            [
              5.589142,
              52.412546
            ],
            [
              5.589126,
              52.412308
            ],
            [
              5.589081,
              52.412093
            ],
            [
              5.589079,
              52.412085
            ],
            [
              5.588901,
              52.411367
            ],
            [
              5.588905,
              52.411338
            ],
            [
              5.588908,
              52.411308
            ],
            [
              5.588908,
              52.411305
            ],
            [
              5.588909,
              52.411302
            ],
            [
              5.588909,
              52.411299
            ],
            [
              5.58891,
              52.411296
            ],
            [
              5.588912,
              52.411293
            ],
            [
              5.588913,
              52.41129
            ],
            [
              5.588915,
              52.411287
            ],
            [
              5.588917,
              52.411284
            ],
            [
              5.588919,
              52.411282
            ],
            [
              5.588921,
              52.411279
            ],
            [
              5.588924,
              52.411276
            ],
            [
              5.588927,
              52.411274
            ],
            [
              5.588929,
              52.411271
            ],
            [
              5.588932,
              52.411268
            ],
            [
              5.588936,
              52.411266
            ],
            [
              5.588939,
              52.411264
            ],
            [
              5.588943,
              52.411262
            ],
            [
              5.58907,
              52.411187
            ],
            [
              5.588284,
              52.411258
            ],
            [
              5.588185,
              52.411252
            ],
            [
              5.587786,
              52.411288
            ],
            [
              5.586743,
              52.41136
            ],
            [
              5.586314,
              52.411394
            ],
            [
              5.585868,
              52.411422
            ],
            [
              5.585426,
              52.411438
            ],
            [
              5.58498,
              52.411442
            ],
            [
              5.584543,
              52.411436
            ],
            [
              5.584101,
              52.411423
            ],
            [
              5.583665,
              52.411396
            ],
            [
              5.583217,
              52.411358
            ],
            [
              5.582788,
              52.41131
            ],
            [
              5.582384,
              52.411256
            ],
            [
              5.581959,
              52.411193
            ],
            [
              5.581542,
              52.411122
            ],
            [
              5.581252,
              52.411062
            ],
            [
              5.580877,
              52.410975
            ],
            [
              5.580509,
              52.410883
            ],
            [
              5.58015,
              52.410784
            ],
            [
              5.579798,
              52.410674
            ],
            [
              5.579444,
              52.410553
            ],
            [
              5.579073,
              52.41042
            ],
            [
              5.578708,
              52.410279
            ],
            [
              5.578355,
              52.41013
            ],
            [
              5.57826,
              52.410085
            ],
            [
              5.578014,
              52.409968
            ],
            [
              5.577255,
              52.409547
            ],
            [
              5.576321,
              52.409019
            ],
            [
              5.575028,
              52.40826
            ],
            [
              5.574389,
              52.407897
            ],
            [
              5.573935,
              52.407635
            ],
            [
              5.572704,
              52.40691
            ],
            [
              5.572309,
              52.406684
            ],
            [
              5.570627,
              52.405718
            ],
            [
              5.570627,
              52.405718
            ],
            [
              5.567321,
              52.403792
            ],
            [
              5.565299,
              52.402617
            ],
            [
              5.565253,
              52.402593
            ],
            [
              5.565202,
              52.402573
            ],
            [
              5.564429,
              52.402305
            ],
            [
              5.564337,
              52.402243
            ],
            [
              5.564309,
              52.402154
            ],
            [
              5.564315,
              52.402081
            ],
            [
              5.564296,
              52.402041
            ],
            [
              5.564251,
              52.402006
            ],
            [
              5.564017,
              52.401871
            ],
            [
              5.560722,
              52.399943
            ],
            [
              5.557846,
              52.398283
            ],
            [
              5.557417,
              52.398022
            ],
            [
              5.556896,
              52.397719
            ],
            [
              5.555545,
              52.396932
            ],
            [
              5.555051,
              52.396637
            ],
            [
              5.554642,
              52.396389
            ],
            [
              5.554142,
              52.396083
            ],
            [
              5.553682,
              52.395798
            ],
            [
              5.553252,
              52.395524
            ],
            [
              5.552843,
              52.395255
            ],
            [
              5.548803,
              52.392543
            ],
            [
              5.547967,
              52.391982
            ],
            [
              5.547082,
              52.391387
            ],
            [
              5.546301,
              52.390868
            ],
            [
              5.545643,
              52.390432
            ],
            [
              5.544859,
              52.389923
            ],
            [
              5.543109,
              52.388751
            ],
            [
              5.53865,
              52.385762
            ],
            [
              5.538437,
              52.385761
            ],
            [
              5.538355,
              52.385752
            ],
            [
              5.538293,
              52.385728
            ],
            [
              5.537495,
              52.385194
            ],
            [
              5.537409,
              52.38517
            ],
            [
              5.537298,
              52.385
            ],
            [
              5.537296,
              52.385001
            ],
            [
              5.536929,
              52.385186
            ],
            [
              5.536764,
              52.385206
            ],
            [
              5.536581,
              52.385168
            ],
            [
              5.535996,
              52.384988
            ],
            [
              5.535243,
              52.384756
            ],
            [
              5.535034,
              52.384709
            ],
            [
              5.534824,
              52.384688
            ],
            [
              5.53461,
              52.384713
            ],
            [
              5.534533,
              52.384742
            ],
            [
              5.534423,
              52.384784
            ],
            [
              5.533982,
              52.385032
            ],
            [
              5.533006,
              52.384377
            ],
            [
              5.525224,
              52.388714
            ],
            [
              5.525118,
              52.388773
            ],
            [
              5.525106,
              52.38878
            ],
            [
              5.525104,
              52.388781
            ],
            [
              5.52506,
              52.388805
            ],
            [
              5.525048,
              52.388797
            ],
            [
              5.520607,
              52.39122
            ],
            [
              5.51942,
              52.391869
            ],
            [
              5.515679,
              52.393914
            ],
            [
              5.513337,
              52.395205
            ],
            [
              5.512406,
              52.395718
            ],
            [
              5.512448,
              52.395746
            ],
            [
              5.510025,
              52.397069
            ],
            [
              5.5095,
              52.397355
            ],
            [
              5.508992,
              52.397662
            ],
            [
              5.508802,
              52.397778
            ],
            [
              5.508496,
              52.397965
            ],
            [
              5.50803,
              52.398265
            ],
            [
              5.507623,
              52.398531
            ],
            [
              5.507303,
              52.398744
            ],
            [
              5.507038,
              52.398981
            ],
            [
              5.506367,
              52.399421
            ],
            [
              5.501669,
              52.402503
            ],
            [
              5.498134,
              52.404825
            ],
            [
              5.495136,
              52.406779
            ],
            [
              5.49457,
              52.407148
            ],
            [
              5.491667,
              52.409053
            ],
            [
              5.491556,
              52.409116
            ],
            [
              5.491427,
              52.409173
            ],
            [
              5.490081,
              52.410066
            ],
            [
              5.48989,
              52.410192
            ],
            [
              5.489819,
              52.410269
            ],
            [
              5.489708,
              52.410347
            ],
            [
              5.486689,
              52.412331
            ],
            [
              5.483146,
              52.414655
            ],
            [
              5.481452,
              52.415778
            ],
            [
              5.480925,
              52.416127
            ],
            [
              5.479689,
              52.416946
            ],
            [
              5.479623,
              52.41699
            ],
            [
              5.476241,
              52.419203
            ],
            [
              5.474979,
              52.420033
            ],
            [
              5.474043,
              52.420588
            ],
            [
              5.471811,
              52.421892
            ],
            [
              5.466887,
              52.424777
            ],
            [
              5.466392,
              52.425067
            ],
            [
              5.460982,
              52.428233
            ],
            [
              5.460718,
              52.428387
            ],
            [
              5.455556,
              52.431402
            ],
            [
              5.451508,
              52.433773
            ],
            [
              5.450215,
              52.434531
            ],
            [
              5.448894,
              52.435301
            ],
            [
              5.448324,
              52.435634
            ],
            [
              5.447897,
              52.435895
            ],
            [
              5.447498,
              52.436146
            ],
            [
              5.447121,
              52.436391
            ],
            [
              5.446745,
              52.436643
            ],
            [
              5.446272,
              52.436964
            ],
            [
              5.446242,
              52.436951
            ],
            [
              5.44623,
              52.436942
            ],
            [
              5.446026,
              52.437095
            ],
            [
              5.445337,
              52.437612
            ],
            [
              5.44188,
              52.440258
            ],
            [
              5.44012,
              52.441615
            ],
            [
              5.438823,
              52.442616
            ],
            [
              5.438793,
              52.442639
            ],
            [
              5.438783,
              52.442646
            ],
            [
              5.438706,
              52.442656
            ],
            [
              5.438631,
              52.442646
            ],
            [
              5.438622,
              52.44264
            ],
            [
              5.437586,
              52.441991
            ],
            [
              5.43667,
              52.441461
            ],
            [
              5.435143,
              52.440588
            ],
            [
              5.4343,
              52.440085
            ],
            [
              5.431323,
              52.438248
            ],
            [
              5.429871,
              52.437353
            ],
            [
              5.4299,
              52.437328
            ],
            [
              5.429907,
              52.437322
            ],
            [
              5.426889,
              52.435505
            ],
            [
              5.427177,
              52.434554
            ],
            [
              5.425862,
              52.433785
            ],
            [
              5.423775,
              52.432564
            ],
            [
              5.421008,
              52.432083
            ],
            [
              5.418256,
              52.430534
            ],
            [
              5.41648,
              52.429549
            ],
            [
              5.416436,
              52.429528
            ],
            [
              5.416154,
              52.429394
            ],
            [
              5.416011,
              52.429325
            ],
            [
              5.414272,
              52.428381
            ],
            [
              5.413271,
              52.427844
            ],
            [
              5.411964,
              52.42714
            ],
            [
              5.41088,
              52.426563
            ],
            [
              5.409164,
              52.425668
            ],
            [
              5.407576,
              52.424844
            ],
            [
              5.407492,
              52.424802
            ],
            [
              5.405804,
              52.423937
            ],
            [
              5.404841,
              52.423445
            ],
            [
              5.403924,
              52.422983
            ],
            [
              5.402599,
              52.422321
            ],
            [
              5.401905,
              52.421957
            ],
            [
              5.401793,
              52.421898
            ],
            [
              5.401373,
              52.421709
            ],
            [
              5.400777,
              52.421418
            ],
            [
              5.399748,
              52.420917
            ],
            [
              5.398625,
              52.420369
            ],
            [
              5.397533,
              52.41984
            ],
            [
              5.396312,
              52.419258
            ],
            [
              5.394966,
              52.418618
            ],
            [
              5.39353,
              52.417943
            ],
            [
              5.393215,
              52.417799
            ],
            [
              5.3921,
              52.417279
            ],
            [
              5.390925,
              52.416742
            ],
            [
              5.389716,
              52.416189
            ],
            [
              5.388891,
              52.415816
            ],
            [
              5.388544,
              52.415659
            ],
            [
              5.387998,
              52.415413
            ],
            [
              5.387363,
              52.415127
            ],
            [
              5.386187,
              52.414604
            ],
            [
              5.384988,
              52.414069
            ],
            [
              5.383799,
              52.413554
            ],
            [
              5.382596,
              52.41303
            ],
            [
              5.381395,
              52.412519
            ],
            [
              5.380164,
              52.411993
            ],
            [
              5.378988,
              52.411494
            ],
            [
              5.377759,
              52.410982
            ],
            [
              5.376556,
              52.41048
            ],
            [
              5.37531,
              52.409969
            ],
            [
              5.374104,
              52.409474
            ],
            [
              5.372508,
              52.408822
            ],
            [
              5.371671,
              52.40848
            ],
            [
              5.370411,
              52.407966
            ],
            [
              5.369212,
              52.407484
            ],
            [
              5.367968,
              52.406982
            ],
            [
              5.367579,
              52.406827
            ],
            [
              5.366737,
              52.406491
            ],
            [
              5.365504,
              52.405999
            ],
            [
              5.36428,
              52.405511
            ],
            [
              5.363031,
              52.405013
            ],
            [
              5.361813,
              52.404529
            ],
            [
              5.361802,
              52.404523
            ],
            [
              5.360593,
              52.404046
            ],
            [
              5.359831,
              52.403743
            ],
            [
              5.359173,
              52.403486
            ],
            [
              5.357719,
              52.402909
            ],
            [
              5.356127,
              52.402286
            ],
            [
              5.354665,
              52.40172
            ],
            [
              5.35322,
              52.401155
            ],
            [
              5.351942,
              52.400657
            ],
            [
              5.350735,
              52.400194
            ],
            [
              5.349477,
              52.401453
            ],
            [
              5.348894,
              52.401225
            ],
            [
              5.348454,
              52.401135
            ],
            [
              5.348055,
              52.401067
            ],
            [
              5.347657,
              52.401031
            ],
            [
              5.347351,
              52.401023
            ],
            [
              5.346988,
              52.401027
            ],
            [
              5.345687,
              52.401133
            ],
            [
              5.344864,
              52.401256
            ],
            [
              5.344281,
              52.401319
            ],
            [
              5.344157,
              52.401292
            ],
            [
              5.343673,
              52.401227
            ],
            [
              5.343336,
              52.401143
            ],
            [
              5.34332,
              52.401137
            ],
            [
              5.343285,
              52.401164
            ],
            [
              5.34308,
              52.401319
            ],
            [
              5.342607,
              52.401663
            ],
            [
              5.342122,
              52.402
            ],
            [
              5.341625,
              52.402331
            ],
            [
              5.341116,
              52.402655
            ],
            [
              5.340919,
              52.402775
            ],
            [
              5.340916,
              52.402777
            ],
            [
              5.340595,
              52.402972
            ],
            [
              5.340563,
              52.402991
            ],
            [
              5.340062,
              52.403282
            ],
            [
              5.339887,
              52.403379
            ],
            [
              5.339885,
              52.40338
            ],
            [
              5.339885,
              52.403381
            ],
            [
              5.339714,
              52.403475
            ],
            [
              5.339519,
              52.403584
            ],
            [
              5.338964,
              52.403879
            ],
            [
              5.338399,
              52.404166
            ],
            [
              5.337823,
              52.404445
            ],
            [
              5.337237,
              52.404716
            ],
            [
              5.336642,
              52.40498
            ],
            [
              5.336037,
              52.405234
            ],
            [
              5.335423,
              52.405481
            ],
            [
              5.3348,
              52.405719
            ],
            [
              5.334168,
              52.405949
            ],
            [
              5.333762,
              52.40609
            ],
            [
              5.333118,
              52.406307
            ],
            [
              5.332469,
              52.406517
            ],
            [
              5.331817,
              52.406724
            ],
            [
              5.331162,
              52.406928
            ],
            [
              5.329757,
              52.407365
            ],
            [
              5.326477,
              52.408377
            ],
            [
              5.323189,
              52.40938
            ],
            [
              5.319927,
              52.410365
            ],
            [
              5.319895,
              52.410375
            ],
            [
              5.319294,
              52.410555
            ],
            [
              5.319018,
              52.410637
            ],
            [
              5.318927,
              52.410664
            ],
            [
              5.31881,
              52.410699
            ],
            [
              5.318771,
              52.410711
            ],
            [
              5.318767,
              52.410712
            ],
            [
              5.318753,
              52.410716
            ],
            [
              5.318712,
              52.410729
            ],
            [
              5.318699,
              52.410732
            ],
            [
              5.318457,
              52.410805
            ],
            [
              5.318179,
              52.410888
            ],
            [
              5.317595,
              52.411062
            ],
            [
              5.316594,
              52.411361
            ],
            [
              5.313286,
              52.412339
            ],
            [
              5.309971,
              52.413309
            ],
            [
              5.306649,
              52.41427
            ],
            [
              5.299247,
              52.416399
            ],
            [
              5.299168,
              52.416422
            ],
            [
              5.298838,
              52.416517
            ],
            [
              5.282244,
              52.421288
            ],
            [
              5.281617,
              52.421468
            ],
            [
              5.281348,
              52.421545
            ],
            [
              5.280983,
              52.42165
            ],
            [
              5.279294,
              52.422135
            ],
            [
              5.278996,
              52.422222
            ],
            [
              5.278338,
              52.422421
            ],
            [
              5.277686,
              52.422629
            ],
            [
              5.277041,
              52.422845
            ],
            [
              5.276404,
              52.423069
            ],
            [
              5.275775,
              52.423302
            ],
            [
              5.275157,
              52.423543
            ],
            [
              5.274542,
              52.423791
            ],
            [
              5.273939,
              52.424047
            ],
            [
              5.273344,
              52.424311
            ],
            [
              5.272758,
              52.424583
            ],
            [
              5.272183,
              52.424862
            ],
            [
              5.271616,
              52.425149
            ],
            [
              5.271126,
              52.425408
            ],
            [
              5.270514,
              52.425744
            ],
            [
              5.269979,
              52.426052
            ],
            [
              5.269454,
              52.426366
            ],
            [
              5.268941,
              52.426688
            ],
            [
              5.268438,
              52.427016
            ],
            [
              5.267947,
              52.42735
            ],
            [
              5.267468,
              52.427691
            ],
            [
              5.266947,
              52.428079
            ],
            [
              5.266545,
              52.42839
            ],
            [
              5.266102,
              52.428749
            ],
            [
              5.265671,
              52.429113
            ],
            [
              5.263447,
              52.431036
            ],
            [
              5.263299,
              52.431164
            ],
            [
              5.261608,
              52.432626
            ],
            [
              5.259074,
              52.434817
            ],
            [
              5.259055,
              52.434833
            ],
            [
              5.259055,
              52.434833
            ],
            [
              5.258679,
              52.435158
            ],
            [
              5.258436,
              52.435368
            ],
            [
              5.258309,
              52.435478
            ],
            [
              5.254263,
              52.438977
            ],
            [
              5.245545,
              52.446025
            ],
            [
              5.18856,
              52.492028
            ],
            [
              5.155166,
              52.518929
            ],
            [
              5.104997,
              52.559263
            ],
            [
              5.074588,
              52.583665
            ]
          ]
        ]
      },
      "properties": {
        "type": "boundary",
        "gemeente": "Lelystad"
      }
    },
    {
      "type": "Feature",
      "geometry": {
        "type": "Polygon",
        "coordinates": [
          [
            [
              5.361147,
              52.675726
            ],
            [
              5.36372,
              52.67552
            ],
            [
              5.511294,
              52.663556
            ],
            [
              5.592265,
              52.649291
            ],
            [
              5.607231,
              52.649246
            ],
            [
              5.622421,
              52.634781
            ],
            [
              5.627674,
              52.636846
            ],
            [
              5.629691,
              52.637638
            ],
            [
              5.630794,
              52.638072
            ],
            [
              5.630443,
              52.638403
            ],
            [
              5.630556,
              52.638447
            ],
            [
              5.631598,
              52.638852
            ],
            [
              5.631647,
              52.638871
            ],
            [
              5.631694,
              52.638889
            ],
            [
              5.635782,
              52.64048
            ],
            [
              5.637706,
              52.641228
            ],
            [
              5.64065,
              52.642372
            ],
            [
              5.640883,
              52.642463
            ],
            [
              5.641101,
              52.642548
            ],
            [
              5.638749,
              52.644794
            ],
            [
              5.637568,
              52.645915
            ],
            [
              5.63686,
              52.646587
            ],
            [
              5.636547,
              52.646884
            ],
            [
              5.636484,
              52.646953
            ],
            [
              5.636414,
              52.647036
            ],
            [
              5.636363,
              52.647104
            ],
            [
              5.636337,
              52.647139
            ],
            [
              5.636279,
              52.64722
            ],
            [
              5.63622,
              52.647307
            ],
            [
              5.636184,
              52.647384
            ],
            [
              5.636156,
              52.647458
            ],
            [
              5.636134,
              52.647518
            ],
            [
              5.636112,
              52.647602
            ],
            [
              5.636091,
              52.647695
            ],
            [
              5.636078,
              52.64778
            ],
            [
              5.636065,
              52.647866
            ],
            [
              5.636076,
              52.64823
            ],
            [
              5.636131,
              52.649612
            ],
            [
              5.636137,
              52.649612
            ],
            [
              5.640221,
              52.649599
            ],
            [
              5.641145,
              52.649596
            ],
            [
              5.641269,
              52.649596
            ],
            [
              5.641319,
              52.649596
            ],
            [
              5.641536,
              52.649595
            ],
            [
              5.642056,
              52.649593
            ],
            [
              5.642849,
              52.649591
            ],
            [
              5.645765,
              52.649582
            ],
            [
              5.645765,
              52.64956
            ],
            [
              5.648865,
              52.649551
            ],
            [
              5.648867,
              52.649847
            ],
            [
              5.648879,
              52.649849
            ],
            [
              5.648898,
              52.649853
            ],
            [
              5.648922,
              52.649858
            ],
            [
              5.648947,
              52.649864
            ],
            [
              5.64897,
              52.64987
            ],
            [
              5.648994,
              52.649877
            ],
            [
              5.649017,
              52.649884
            ],
            [
              5.649039,
              52.649892
            ],
            [
              5.649061,
              52.6499
            ],
            [
              5.649082,
              52.649909
            ],
            [
              5.649103,
              52.649919
            ],
            [
              5.649123,
              52.649929
            ],
            [
              5.649184,
              52.649929
            ],
            [
              5.6492,
              52.652856
            ],
            [
              5.649202,
              52.652965
            ],
            [
              5.649208,
              52.653019
            ],
            [
              5.649216,
              52.653092
            ],
            [
              5.649219,
              52.653109
            ],
            [
              5.649231,
              52.653182
            ],
            [
              5.64927,
              52.653321
            ],
            [
              5.649318,
              52.653452
            ],
            [
              5.649383,
              52.65359
            ],
            [
              5.649474,
              52.653738
            ],
            [
              5.649535,
              52.653826
            ],
            [
              5.649609,
              52.653925
            ],
            [
              5.64971,
              52.654038
            ],
            [
              5.649804,
              52.654134
            ],
            [
              5.649894,
              52.654216
            ],
            [
              5.649897,
              52.65422
            ],
            [
              5.650011,
              52.654307
            ],
            [
              5.650015,
              52.654311
            ],
            [
              5.649053,
              52.655147
            ],
            [
              5.649046,
              52.655152
            ],
            [
              5.648752,
              52.655408
            ],
            [
              5.643038,
              52.660372
            ],
            [
              5.642791,
              52.660586
            ],
            [
              5.655379,
              52.66595
            ],
            [
              5.655137,
              52.66616
            ],
            [
              5.654896,
              52.66637
            ],
            [
              5.654875,
              52.666399
            ],
            [
              5.654837,
              52.666408
            ],
            [
              5.654828,
              52.666405
            ],
            [
              5.654807,
              52.666427
            ],
            [
              5.654763,
              52.666468
            ],
            [
              5.654791,
              52.666479
            ],
            [
              5.648233,
              52.672132
            ],
            [
              5.645371,
              52.674596
            ],
            [
              5.644775,
              52.675109
            ],
            [
              5.644302,
              52.675517
            ],
            [
              5.642224,
              52.677307
            ],
            [
              5.641494,
              52.677935
            ],
            [
              5.641487,
              52.677939
            ],
            [
              5.641654,
              52.678064
            ],
            [
              5.64156,
              52.678145
            ],
            [
              5.641542,
              52.678172
            ],
            [
              5.641737,
              52.678344
            ],
            [
              5.641889,
              52.678483
            ],
            [
              5.642024,
              52.678619
            ],
            [
              5.642155,
              52.678758
            ],
            [
              5.642279,
              52.678901
            ],
            [
              5.642403,
              52.679054
            ],
            [
              5.642512,
              52.679212
            ],
            [
              5.642621,
              52.679381
            ],
            [
              5.642622,
              52.679383
            ],
            [
              5.642721,
              52.67956
            ],
            [
              5.642799,
              52.679712
            ],
            [
              5.642875,
              52.679888
            ],
            [
              5.642936,
              52.680056
            ],
            [
              5.643395,
              52.681538
            ],
            [
              5.643402,
              52.681561
            ],
            [
              5.643627,
              52.682308
            ],
            [
              5.643702,
              52.682564
            ],
            [
              5.643717,
              52.682614
            ],
            [
              5.643336,
              52.682659
            ],
            [
              5.643301,
              52.682547
            ],
            [
              5.643268,
              52.682507
            ],
            [
              5.64323,
              52.682483
            ],
            [
              5.643179,
              52.682468
            ],
            [
              5.64312,
              52.68246
            ],
            [
              5.643057,
              52.682456
            ],
            [
              5.64298,
              52.682457
            ],
            [
              5.641294,
              52.682472
            ],
            [
              5.641286,
              52.682472
            ],
            [
              5.640047,
              52.682484
            ],
            [
              5.640003,
              52.682484
            ],
            [
              5.636572,
              52.682521
            ],
            [
              5.635326,
              52.682534
            ],
            [
              5.63528,
              52.682535
            ],
            [
              5.632548,
              52.682558
            ],
            [
              5.632391,
              52.68256
            ],
            [
              5.632334,
              52.68256
            ],
            [
              5.632174,
              52.682562
            ],
            [
              5.63193,
              52.682564
            ],
            [
              5.630594,
              52.682575
            ],
            [
              5.630546,
              52.682576
            ],
            [
              5.626381,
              52.682617
            ],
            [
              5.625858,
              52.682608
            ],
            [
              5.625803,
              52.682607
            ],
            [
              5.625674,
              52.682598
            ],
            [
              5.625324,
              52.682571
            ],
            [
              5.624902,
              52.682532
            ],
            [
              5.622664,
              52.682328
            ],
            [
              5.621121,
              52.682187
            ],
            [
              5.62112,
              52.682164
            ],
            [
              5.616365,
              52.681717
            ],
            [
              5.616364,
              52.681712
            ],
            [
              5.613973,
              52.681478
            ],
            [
              5.613701,
              52.681451
            ],
            [
              5.613535,
              52.681435
            ],
            [
              5.613383,
              52.68142
            ],
            [
              5.613133,
              52.681396
            ],
            [
              5.612623,
              52.681346
            ],
            [
              5.612487,
              52.681331
            ],
            [
              5.612266,
              52.681303
            ],
            [
              5.612059,
              52.681267
            ],
            [
              5.6118,
              52.681215
            ],
            [
              5.611623,
              52.681173
            ],
            [
              5.611594,
              52.681165
            ],
            [
              5.611435,
              52.681116
            ],
            [
              5.6112,
              52.681037
            ],
            [
              5.611007,
              52.680961
            ],
            [
              5.610872,
              52.680901
            ],
            [
              5.61072,
              52.68083
            ],
            [
              5.610661,
              52.680801
            ],
            [
              5.610071,
              52.680512
            ],
            [
              5.609663,
              52.680317
            ],
            [
              5.609529,
              52.68042
            ],
            [
              5.607882,
              52.681683
            ],
            [
              5.607302,
              52.682121
            ],
            [
              5.607086,
              52.682281
            ],
            [
              5.606929,
              52.682417
            ],
            [
              5.606908,
              52.682437
            ],
            [
              5.605174,
              52.682429
            ],
            [
              5.60431,
              52.68231
            ],
            [
              5.60431,
              52.682414
            ],
            [
              5.60431,
              52.68275
            ],
            [
              5.60431,
              52.683189
            ],
            [
              5.60431,
              52.683237
            ],
            [
              5.594551,
              52.6833
            ],
            [
              5.594499,
              52.681725
            ],
            [
              5.594463,
              52.680607
            ],
            [
              5.594383,
              52.678133
            ],
            [
              5.594312,
              52.676274
            ],
            [
              5.593308,
              52.676281
            ],
            [
              5.593086,
              52.676282
            ],
            [
              5.590667,
              52.676297
            ],
            [
              5.528174,
              52.702292
            ],
            [
              5.498194,
              52.71474
            ],
            [
              5.482297,
              52.721335
            ],
            [
              5.417447,
              52.748195
            ],
            [
              5.37726,
              52.764805
            ],
            [
              5.369396,
              52.721379
            ],
            [
              5.361353,
              52.676868
            ],
            [
              5.361147,
              52.675726
            ]
          ]
        ]
      },
      "properties": {
        "type": "boundary",
        "gemeente": "Urk"
      }
    }
  ]
}