{"type":"FeatureCollection","metadata":{"gemeente":"Achtkarspelen","slug":"achtkarspelen","generated_at":"2026-09-28T08:10:50.448014Z","total_points":43,"providers":["Amazon","DHL","DPD","PostNL","VintedGo","ViaTim","FedEx","InPost"],"bounds":[6.09375661294286,53.163539,6.183345,53.254359367293716]},"features":[{"type":"Feature","geometry":{"type":"Point","coordinates":[6.15942990444522,53.1821955213344]},"properties":{"type":"pakketpunt","locatieNaam":"Kluswijs & Maxi Zoo","straatNaam":"Vierhuisterweg 7 A","straatNr":"","vervoerder":"Amazon","puntType":"3p","bezettingsgraad":50,"latitude":53.1821955213344,"longitude":6.15942990444522,"canPickup":true,"canDropoff":false,"openingstijden":null}},{"type":"Feature","geometry":{"type":"Point","coordinates":[6.143670293,53.25359002]},"properties":{"type":"pakketpunt","locatieNaam":"Boek, Post & Meer","straatNaam":"Nijenstein 5 -7","straatNr":"","vervoerder":"Amazon","puntType":"3p","bezettingsgraad":50,"latitude":53.25359002,"longitude":6.143670293,"canPickup":true,"canDropoff":false,"openingstijden":null}},{"type":"Feature","geometry":{"type":"Point","coordinates":[6.144789,53.163679]},"properties":{"type":"pakketpunt","locatieNaam":"Hos Oil Oliehandel en Tankstations","straatNaam":"Boelenswei","straatNr":"26","vervoerder":"DHL","puntType":"parcelShop","bezettingsgraad":50,"latitude":53.163679,"longitude":6.144789,"canPickup":true,"canDropoff":true,"openingstijden":{"ma":"07:30 - 20:00","di":"07:30 - 20:00","wo":"07:30 - 20:00","do":"07:30 - 20:00","vr":"07:30 - 20:00","za":"08:00 - 19:00","zo":"gesloten"}}},{"type":"Feature","geometry":{"type":"Point","coordinates":[6.16468,53.181864]},"properties":{"type":"pakketpunt","locatieNaam":"G&W Gezondheidsdrogist Helfrich","straatNaam":"De Kolk","straatNr":"16","vervoerder":"DHL","puntType":"parcelShop","bezettingsgraad":50,"latitude":53.181864,"longitude":6.16468,"canPickup":true,"canDropoff":true,"openingstijden":{"ma":"09:00 - 18:00","di":"09:00 - 18:00","wo":"09:00 - 18:00","do":"09:00 - 18:00","vr":"09:00 - 21:00","za":"09:00 - 17:00","zo":"gesloten"}}},{"type":"Feature","geometry":{"type":"Point","coordinates":[6.1656593,53.1822045]},"properties":{"type":"pakketpunt","locatieNaam":"Shoeby Surhuisterveen","straatNaam":"de Kolk","straatNr":"26","vervoerder":"DHL","puntType":"parcelShop","bezettingsgraad":50,"latitude":53.1822045,"longitude":6.1656593,"canPickup":true,"canDropoff":true,"openingstijden":{"ma":"12:00 - 17:30","di":"09:00 - 17:30","wo":"09:00 - 17:30","do":"09:00 - 17:30","vr":"09:00 - 21:00","za":"09:00 - 17:00","zo":"gesloten"}}},{"type":"Feature","geometry":{"type":"Point","coordinates":[6.1651027,53.1822285]},"properties":{"type":"pakketpunt","locatieNaam":"Intertoys Surhuisterveen","straatNaam":"De Kolk","straatNr":"19","vervoerder":"DHL","puntType":"parcelShop","bezettingsgraad":50,"latitude":53.1822285,"longitude":6.1651027,"canPickup":true,"canDropoff":true,"openingstijden":{"ma":"13:00 - 17:30","di":"09:00 - 17:30","wo":"09:00 - 17:30","do":"09:00 - 17:30","vr":"09:00 - 20:30","za":"09:00 - 17:00","zo":"gesloten"}}},{"type":"Feature","geometry":{"type":"Point","coordinates":[6.1660017,53.1825119]},"properties":{"type":"pakketpunt","locatieNaam":"Pakketautomaat terStal Surhuisterv","straatNaam":"De Kolk","straatNr":"27-Kast","vervoerder":"DHL","puntType":"packStation","bezettingsgraad":50,"latitude":53.1825119,"longitude":6.1660017,"canPickup":true,"canDropoff":true,"openingstijden":{"ma":"13:00 - 17:30","di":"09:30 - 17:30","wo":"09:30 - 17:30","do":"09:30 - 17:30","vr":"09:30 - 17:30","za":"10:00 - 17:00","zo":"gesloten"}}},{"type":"Feature","geometry":{"type":"Point","coordinates":[6.183345,53.184865]},"properties":{"type":"pakketpunt","locatieNaam":"NNAB","straatNaam":"Koartwald","straatNr":"6-A","vervoerder":"DHL","puntType":"parcelShop","bezettingsgraad":50,"latitude":53.184865,"longitude":6.183345,"canPickup":true,"canDropoff":true,"openingstijden":{"ma":"07:30 - 20:00","di":"07:30 - 20:00","wo":"07:30 - 20:00","do":"07:30 - 20:00","vr":"07:30 - 20:00","za":"08:00 - 20:00","zo":"gesloten"}}},{"type":"Feature","geometry":{"type":"Point","coordinates":[6.1594306,53.1822017]},"properties":{"type":"pakketpunt","locatieNaam":"KlusWijs Bouwmarkt Surhuisterveen","straatNaam":"Vierhuisterweg","straatNr":"7","vervoerder":"DHL","puntType":"parcelShop","bezettingsgraad":50,"latitude":53.1822017,"longitude":6.1594306,"canPickup":true,"canDropoff":true,"openingstijden":{"ma":"08:00 - 20:30","di":"08:00 - 20:30","wo":"08:00 - 20:30","do":"08:00 - 20:30","vr":"08:00 - 20:30","za":"08:00 - 18:00","zo":"12:00 - 17:00"}}},{"type":"Feature","geometry":{"type":"Point","coordinates":[6.1344187,53.183757]},"properties":{"type":"pakketpunt","locatieNaam":"Janets Dierenrijk","straatNaam":"Warmoltsstrjitte","straatNr":"19","vervoerder":"DHL","puntType":"parcelShop","bezettingsgraad":50,"latitude":53.183757,"longitude":6.1344187,"canPickup":true,"canDropoff":true,"openingstijden":{"ma":"gesloten","di":"09:30 - 17:00","wo":"09:30 - 17:00","do":"09:30 - 17:00","vr":"09:30 - 17:00","za":"09:00 - 16:00","zo":"gesloten"}}},{"type":"Feature","geometry":{"type":"Point","coordinates":[6.112164,53.202615]},"properties":{"type":"pakketpunt","locatieNaam":"Agrarisch Centrum de Leyen","straatNaam":"Buorren","straatNr":"40","vervoerder":"DHL","puntType":"parcelShop","bezettingsgraad":50,"latitude":53.202615,"longitude":6.112164,"canPickup":true,"canDropoff":true,"openingstijden":{"ma":"08:00 - 18:00","di":"08:00 - 18:00","wo":"08:00 - 18:00","do":"08:00 - 18:00","vr":"08:00 - 20:00","za":"08:00 - 17:00","zo":"gesloten"}}},{"type":"Feature","geometry":{"type":"Point","coordinates":[6.141429382891617,53.254359367293716]},"properties":{"type":"pakketpunt","locatieNaam":"Pakketautomaat Poiesz Buitenpost","straatNaam":"Voorstraat","straatNr":"25","vervoerder":"DHL","puntType":"packStation","bezettingsgraad":50,"latitude":53.254359367293716,"longitude":6.141429382891617,"canPickup":true,"canDropoff":true,"openingstijden":{"ma":"00:00 - 23:59","di":"00:00 - 23:59","wo":"00:00 - 23:59","do":"00:00 - 23:59","vr":"00:00 - 23:59","za":"00:00 - 23:59","zo":"00:00 - 23:59"}}},{"type":"Feature","geometry":{"type":"Point","coordinates":[6.142095565795898,53.25297164916992]},"properties":{"type":"pakketpunt","locatieNaam":"Pakketautomaat Lidl Buitenpost","straatNaam":"Christinastraat","straatNr":"1","vervoerder":"DHL","puntType":"packStation","bezettingsgraad":50,"latitude":53.25297164916992,"longitude":6.142095565795898,"canPickup":true,"canDropoff":true,"openingstijden":{"ma":"08:00 - 20:00","di":"08:00 - 20:00","wo":"08:00 - 20:00","do":"08:00 - 21:00","vr":"08:00 - 21:00","za":"08:00 - 21:00","zo":"10:00 - 18:00"}}},{"type":"Feature","geometry":{"type":"Point","coordinates":[6.1441184,53.2541133]},"properties":{"type":"pakketpunt","locatieNaam":"Prima Huishoud en Speelgoed","straatNaam":"Voorstraat","straatNr":"41","vervoerder":"DHL","puntType":"parcelShop","bezettingsgraad":50,"latitude":53.2541133,"longitude":6.1441184,"canPickup":true,"canDropoff":true,"openingstijden":{"ma":"13:00 - 18:00","di":"09:00 - 18:00","wo":"09:00 - 18:00","do":"09:00 - 18:00","vr":"09:00 - 18:00","za":"09:00 - 16:00","zo":"gesloten"}}},{"type":"Feature","geometry":{"type":"Point","coordinates":[6.144284,53.252277]},"properties":{"type":"pakketpunt","locatieNaam":"Liquorice Drop Shop","straatNaam":"KERKSTRAAT","straatNr":"72","vervoerder":"DPD","puntType":"pickup_point","bezettingsgraad":50,"latitude":53.252277,"longitude":6.144284,"canPickup":true,"canDropoff":true,"openingstijden":{"ma":"gesloten","di":"10:00 - 12:00, 13:00 - 17:30","wo":"10:00 - 12:00, 13:00 - 17:30","do":"10:00 - 12:00, 13:00 - 17:30","vr":"10:00 - 12:00, 13:00 - 21:00","za":"09:00 - 16:30","zo":"gesloten"}}},{"type":"Feature","geometry":{"type":"Point","coordinates":[6.143981,53.163539]},"properties":{"type":"pakketpunt","locatieNaam":"HOS Oil","straatNaam":"BOELENSWEI","straatNr":"26","vervoerder":"DPD","puntType":"pickup_point","bezettingsgraad":50,"latitude":53.163539,"longitude":6.143981,"canPickup":true,"canDropoff":true,"openingstijden":{"ma":"07:30 - 20:00","di":"07:30 - 20:00","wo":"07:30 - 20:00","do":"07:30 - 20:00","vr":"07:30 - 20:00","za":"08:00 - 19:00","zo":"gesloten"}}},{"type":"Feature","geometry":{"type":"Point","coordinates":[6.1645412,53.1818259]},"properties":{"type":"pakketpunt","locatieNaam":"Expert Surhuisterveen","straatNaam":"DE KOLK","straatNr":"14","vervoerder":"DPD","puntType":"pickup_point","bezettingsgraad":50,"latitude":53.1818259,"longitude":6.1645412,"canPickup":true,"canDropoff":true,"openingstijden":{"ma":"13:00 - 18:00","di":"09:00 - 18:00","wo":"09:00 - 18:00","do":"09:00 - 18:00","vr":"09:00 - 21:00","za":"09:00 - 17:00","zo":"gesloten"}}},{"type":"Feature","geometry":{"type":"Point","coordinates":[6.09375661294286,53.2130357193513]},"properties":{"type":"pakketpunt","locatieNaam":"Poiesz","straatNaam":"Alde Dyk","straatNr":"24","vervoerder":"PostNL","puntType":"servicepunt","bezettingsgraad":50,"latitude":53.2130357193513,"longitude":6.09375661294286,"canPickup":true,"canDropoff":true,"openingstijden":"08:00 - 20:00 (Na 18:00 open; Zaterdag open; Zondag open)"}},{"type":"Feature","geometry":{"type":"Point","coordinates":[6.09375661294286,53.2130357193513]},"properties":{"type":"pakketpunt","locatieNaam":"Pakketautomaat","straatNaam":"Alde Dyk","straatNr":"12PBA","vervoerder":"PostNL","puntType":"automaat","bezettingsgraad":50,"latitude":53.2130357193513,"longitude":6.09375661294286,"canPickup":true,"canDropoff":true,"openingstijden":"00:00 - 23:59"}},{"type":"Feature","geometry":{"type":"Point","coordinates":[6.135437343,53.18485472]},"properties":{"type":"pakketpunt","locatieNaam":"Poiesz","straatNaam":"Bouwe Harkemastrjitte","straatNr":"5","vervoerder":"PostNL","puntType":"servicepunt","bezettingsgraad":50,"latitude":53.18485472,"longitude":6.135437343,"canPickup":true,"canDropoff":true,"openingstijden":"08:00 - 20:00 (Na 18:00 open; Zaterdag open; Zondag open)"}},{"type":"Feature","geometry":{"type":"Point","coordinates":[6.13543734347243,53.1848547180908]},"properties":{"type":"pakketpunt","locatieNaam":"Pakketautomaat","straatNaam":"Bouwe Harkemastrjitte","straatNr":"5PBA","vervoerder":"PostNL","puntType":"automaat","bezettingsgraad":50,"latitude":53.1848547180908,"longitude":6.13543734347243,"canPickup":true,"canDropoff":true,"openingstijden":"00:00 - 23:59"}},{"type":"Feature","geometry":{"type":"Point","coordinates":[6.15942990444522,53.1821955213344]},"properties":{"type":"pakketpunt","locatieNaam":"Kluswijs & Maxi Zoo","straatNaam":"Vierhuisterweg","straatNr":"7A","vervoerder":"PostNL","puntType":"servicepunt","bezettingsgraad":50,"latitude":53.1821955213344,"longitude":6.15942990444522,"canPickup":true,"canDropoff":true,"openingstijden":"08:00 - 20:30"}},{"type":"Feature","geometry":{"type":"Point","coordinates":[6.166634705,53.182733]},"properties":{"type":"pakketpunt","locatieNaam":"Bruna","straatNaam":"De Kolk","straatNr":"33B","vervoerder":"PostNL","puntType":"servicepunt","bezettingsgraad":50,"latitude":53.182733,"longitude":6.166634705,"canPickup":true,"canDropoff":true,"openingstijden":"09:00 - 18:00 (Na 18:00 open; Zaterdag open)"}},{"type":"Feature","geometry":{"type":"Point","coordinates":[6.142119166,53.25314151]},"properties":{"type":"pakketpunt","locatieNaam":"Pakketautomaat","straatNaam":"Christinastraat","straatNr":"3PBA","vervoerder":"PostNL","puntType":"automaat","bezettingsgraad":50,"latitude":53.25314151,"longitude":6.142119166,"canPickup":true,"canDropoff":true,"openingstijden":"08:00 - 20:00"}},{"type":"Feature","geometry":{"type":"Point","coordinates":[6.143670293,53.25359002]},"properties":{"type":"pakketpunt","locatieNaam":"Boek, Post & Meer","straatNaam":"Nijenstein","straatNr":"5-7","vervoerder":"PostNL","puntType":"servicepunt","bezettingsgraad":50,"latitude":53.25359002,"longitude":6.143670293,"canPickup":true,"canDropoff":true,"openingstijden":"13:00 - 17:30 (Zaterdag open)"}},{"type":"Feature","geometry":{"type":"Point","coordinates":[6.141892966,53.25391571]},"properties":{"type":"pakketpunt","locatieNaam":"Poiesz Supermarkt (108)","straatNaam":"Voorstraat","straatNr":"25","vervoerder":"PostNL","puntType":"servicepunt","bezettingsgraad":50,"latitude":53.25391571,"longitude":6.141892966,"canPickup":true,"canDropoff":true,"openingstijden":"08:00 - 20:00"}},{"type":"Feature","geometry":{"type":"Point","coordinates":[6.16468,53.18186]},"properties":{"type":"pakketpunt","locatieNaam":"G&W Helfrich","straatNaam":"De Kolk 16","straatNr":"","vervoerder":"VintedGo","puntType":"parcel_shop","bezettingsgraad":50,"latitude":53.18186,"longitude":6.16468,"canPickup":true,"canDropoff":true,"openingstijden":null}},{"type":"Feature","geometry":{"type":"Point","coordinates":[6.18308,53.18462]},"properties":{"type":"pakketpunt","locatieNaam":"NNAB Autoreparatie & Onderhoud","straatNaam":"Koartwâld 6A","straatNr":"","vervoerder":"VintedGo","puntType":"parcel_shop","bezettingsgraad":50,"latitude":53.18462,"longitude":6.18308,"canPickup":true,"canDropoff":true,"openingstijden":null}},{"type":"Feature","geometry":{"type":"Point","coordinates":[6.14407,53.25421]},"properties":{"type":"pakketpunt","locatieNaam":"Buist Holding","straatNaam":"Voorstraat 41","straatNr":"","vervoerder":"VintedGo","puntType":"parcel_shop","bezettingsgraad":50,"latitude":53.25421,"longitude":6.14407,"canPickup":true,"canDropoff":true,"openingstijden":null}},{"type":"Feature","geometry":{"type":"Point","coordinates":[6.15939,53.18206]},"properties":{"type":"pakketpunt","locatieNaam":"Kluswijs Bouwmarkt","straatNaam":"Vierhuisterweg 7","straatNr":"","vervoerder":"VintedGo","puntType":"parcel_shop","bezettingsgraad":50,"latitude":53.18206,"longitude":6.15939,"canPickup":true,"canDropoff":true,"openingstijden":null}},{"type":"Feature","geometry":{"type":"Point","coordinates":[6.16566,53.18221]},"properties":{"type":"pakketpunt","locatieNaam":"Shoeby Surhuisterveen","straatNaam":"De Kolk 26","straatNr":"","vervoerder":"VintedGo","puntType":"parcel_shop","bezettingsgraad":50,"latitude":53.18221,"longitude":6.16566,"canPickup":true,"canDropoff":true,"openingstijden":null}},{"type":"Feature","geometry":{"type":"Point","coordinates":[6.1344143,53.1837949]},"properties":{"type":"pakketpunt","locatieNaam":"Janet's Dierenrijk","straatNaam":"Warmoltsstrjitte 19","straatNr":"","vervoerder":"VintedGo","puntType":"locker","bezettingsgraad":50,"latitude":53.1837949,"longitude":6.1344143,"canPickup":true,"canDropoff":true,"openingstijden":null}},{"type":"Feature","geometry":{"type":"Point","coordinates":[6.1692342,53.1833535]},"properties":{"type":"pakketpunt","locatieNaam":"Het Broekenhuis","straatNaam":"De Dellen 16-D","straatNr":"","vervoerder":"VintedGo","puntType":"parcel_shop","bezettingsgraad":50,"latitude":53.1833535,"longitude":6.1692342,"canPickup":true,"canDropoff":true,"openingstijden":null}},{"type":"Feature","geometry":{"type":"Point","coordinates":[6.09642455,53.21065466]},"properties":{"type":"pakketpunt","locatieNaam":"ViaTim en Ramona","straatNaam":"Goudtsjeblom-strjitte","straatNr":"8","vervoerder":"ViaTim","puntType":"servicepunt","bezettingsgraad":50,"latitude":53.21065466,"longitude":6.09642455,"canPickup":true,"canDropoff":true,"openingstijden":{"ma":"16:00 - 20:00","di":"16:00 - 20:00","wo":"16:00 - 20:00","do":"16:00 - 20:00","vr":"16:00 - 20:00","za":"gesloten","zo":"gesloten"}}},{"type":"Feature","geometry":{"type":"Point","coordinates":[6.131818300740034,53.1853423883353]},"properties":{"type":"pakketpunt","locatieNaam":"ViaTim en de Wâlden","straatNaam":"De Braek","straatNr":"16","vervoerder":"ViaTim","puntType":"servicepunt","bezettingsgraad":50,"latitude":53.1853423883353,"longitude":6.131818300740034,"canPickup":true,"canDropoff":true,"openingstijden":{"ma":"16:00 - 21:00","di":"16:00 - 21:00","wo":"16:00 - 21:00","do":"16:00 - 21:00","vr":"16:00 - 21:00","za":"gesloten","zo":"gesloten"}}},{"type":"Feature","geometry":{"type":"Point","coordinates":[6.144766,53.163661]},"properties":{"type":"pakketpunt","locatieNaam":"FedEx OnSite","straatNaam":"BOELENSWEI 26","straatNr":"","vervoerder":"FedEx","puntType":"servicepunt","bezettingsgraad":50,"latitude":53.163661,"longitude":6.144766,"canPickup":true,"canDropoff":true,"openingstijden":{"ma":"07:30 - 20:00","di":"07:30 - 20:00","wo":"07:30 - 20:00","do":"07:30 - 20:00","vr":"07:30 - 20:00","za":"08:00 - 19:00","zo":"gesloten"}}},{"type":"Feature","geometry":{"type":"Point","coordinates":[6.164679,53.181806]},"properties":{"type":"pakketpunt","locatieNaam":"FedEx OnSite","straatNaam":"DE KOLK 16","straatNr":"","vervoerder":"FedEx","puntType":"servicepunt","bezettingsgraad":50,"latitude":53.181806,"longitude":6.164679,"canPickup":true,"canDropoff":true,"openingstijden":{"ma":"09:00 - 18:00","di":"09:00 - 18:00","wo":"09:00 - 18:00","do":"09:00 - 18:00","vr":"09:00 - 20:00","za":"09:00 - 17:00","zo":"gesloten"}}},{"type":"Feature","geometry":{"type":"Point","coordinates":[6.142128700828264,53.25313544586591]},"properties":{"type":"pakketpunt","locatieNaam":"FedEx Ship&Get","straatNaam":"Christinastraat 3 PBA","straatNr":"","vervoerder":"FedEx","puntType":"servicepunt","bezettingsgraad":50,"latitude":53.25313544586591,"longitude":6.142128700828264,"canPickup":true,"canDropoff":true,"openingstijden":{"ma":"08:00 - 20:00","di":"08:00 - 20:00","wo":"08:00 - 20:00","do":"08:00 - 21:00","vr":"08:00 - 21:00","za":"08:00 - 21:00","zo":"10:00 - 18:00"}}},{"type":"Feature","geometry":{"type":"Point","coordinates":[6.14477,53.16366]},"properties":{"type":"pakketpunt","locatieNaam":"TOTAL TANKSTATION HOS OIL","straatNaam":"Boelenswei 26","straatNr":"","vervoerder":"InPost","puntType":"servicepunt","bezettingsgraad":50,"latitude":53.16366,"longitude":6.14477,"canPickup":true,"canDropoff":true,"openingstijden":null}},{"type":"Feature","geometry":{"type":"Point","coordinates":[6.16468,53.18181]},"properties":{"type":"pakketpunt","locatieNaam":"DROGISTERIJ HELFRICH VOF","straatNaam":"De Kolk 16","straatNr":"","vervoerder":"InPost","puntType":"servicepunt","bezettingsgraad":50,"latitude":53.18181,"longitude":6.16468,"canPickup":true,"canDropoff":true,"openingstijden":null}},{"type":"Feature","geometry":{"type":"Point","coordinates":[6.13443,53.18378]},"properties":{"type":"pakketpunt","locatieNaam":"JANET'S DIERENRIJK","straatNaam":"Warmoltsstrjitte 19","straatNr":"","vervoerder":"InPost","puntType":"servicepunt","bezettingsgraad":50,"latitude":53.18378,"longitude":6.13443,"canPickup":true,"canDropoff":true,"openingstijden":null}},{"type":"Feature","geometry":{"type":"Point","coordinates":[6.14413,53.25216]},"properties":{"type":"pakketpunt","locatieNaam":"","straatNaam":"Kerkstraat","straatNr":"72","vervoerder":"InPost","puntType":"automaat","bezettingsgraad":50,"latitude":53.25216,"longitude":6.14413,"canPickup":true,"canDropoff":true,"openingstijden":"24/7"}},{"type":"Feature","geometry":{"type":"Point","coordinates":[6.14431,53.25226]},"properties":{"type":"pakketpunt","locatieNaam":"LIQUORICE DROP SHOP","straatNaam":"Kerkstraat 72","straatNr":"","vervoerder":"InPost","puntType":"servicepunt","bezettingsgraad":50,"latitude":53.25226,"longitude":6.14431,"canPickup":true,"canDropoff":true,"openingstijden":null}},{"type":"Feature","geometry":{"type":"Polygon","coordinates":[[[6.019791,53.240914],[6.019793,53.240914],[6.019789,53.240924],[6.019848,53.24093],[6.019851,53.24092],[6.019894,53.240924],[6.019886,53.240957],[6.019889,53.240976],[6.019939,53.241253],[6.020011,53.241256],[6.020199,53.241262],[6.020268,53.241264],[6.020302,53.241265],[6.020313,53.241266],[6.020639,53.241277],[6.020663,53.241286],[6.020708,53.241308],[6.02072,53.241313],[6.020728,53.241332],[6.020758,53.241401],[6.02081,53.241512],[6.020922,53.241765],[6.021007,53.241959],[6.021143,53.242251],[6.021127,53.242356],[6.021233,53.242376],[6.021263,53.242445],[6.021268,53.242456],[6.021277,53.242481],[6.0213,53.242502],[6.021317,53.242516],[6.021337,53.242526],[6.02136,53.242532],[6.021404,53.242534],[6.021504,53.242536],[6.021596,53.242538],[6.021639,53.242538],[6.02172,53.24254],[6.021891,53.242542],[6.021915,53.242548],[6.022164,53.2426],[6.022431,53.242653],[6.022632,53.242694],[6.02277,53.242723],[6.023053,53.242783],[6.023094,53.242791],[6.023147,53.242754],[6.023175,53.242725],[6.023203,53.242698],[6.02321,53.242692],[6.023242,53.242659],[6.023293,53.242606],[6.023328,53.242595],[6.023377,53.24258],[6.023427,53.242571],[6.023546,53.24255],[6.023587,53.242542],[6.023656,53.242526],[6.023721,53.24251],[6.02378,53.24249],[6.023845,53.242468],[6.023916,53.242441],[6.024003,53.242409],[6.024089,53.242377],[6.024203,53.242336],[6.024267,53.242309],[6.024328,53.242285],[6.024368,53.242267],[6.024431,53.242239],[6.024497,53.24221],[6.024546,53.242188],[6.024583,53.242171],[6.02464,53.24215],[6.024726,53.242121],[6.024823,53.242089],[6.024844,53.242081],[6.024889,53.24207],[6.024952,53.242053],[6.025106,53.242013],[6.025219,53.241985],[6.025316,53.241962],[6.025358,53.241951],[6.025411,53.24194],[6.0255,53.241921],[6.02558,53.241902],[6.025743,53.241868],[6.025887,53.241837],[6.026005,53.24181],[6.026124,53.241782],[6.026219,53.24176],[6.026373,53.241724],[6.026525,53.24169],[6.026617,53.241666],[6.026727,53.241636],[6.026912,53.241586],[6.02705,53.241551],[6.027207,53.241513],[6.027241,53.241505],[6.027322,53.241482],[6.027448,53.241447],[6.02749,53.241436],[6.027539,53.241421],[6.027565,53.241415],[6.027599,53.241409],[6.027647,53.2414],[6.027679,53.241394],[6.027705,53.241393],[6.027739,53.241395],[6.027765,53.241395],[6.0278,53.241398],[6.027837,53.241404],[6.027871,53.241417],[6.027908,53.241442],[6.027951,53.241484],[6.027979,53.241514],[6.028018,53.241552],[6.028067,53.241596],[6.028113,53.241632],[6.028139,53.241659],[6.028164,53.241684],[6.028212,53.241747],[6.028241,53.241795],[6.028275,53.241859],[6.028339,53.241983],[6.02839,53.242083],[6.028435,53.242167],[6.028443,53.242202],[6.028464,53.242275],[6.02848,53.242333],[6.028489,53.242367],[6.02852,53.242445],[6.028545,53.242521],[6.028554,53.242548],[6.028572,53.242585],[6.028594,53.24262],[6.028623,53.242649],[6.028671,53.2427],[6.028681,53.242711],[6.028705,53.242727],[6.028794,53.242755],[6.028816,53.242759],[6.028869,53.242762],[6.028945,53.242763],[6.028955,53.242763],[6.029312,53.242677],[6.029554,53.242619],[6.029753,53.242573],[6.029776,53.242567],[6.02989,53.242538],[6.030142,53.242478],[6.030162,53.242473],[6.030271,53.242447],[6.030557,53.242378],[6.030744,53.242333],[6.030881,53.242301],[6.031043,53.242261],[6.031083,53.242254],[6.031195,53.242234],[6.031304,53.242214],[6.031341,53.242214],[6.031415,53.242219],[6.031529,53.242226],[6.03155,53.242227],[6.032126,53.242257],[6.032127,53.242257],[6.032129,53.242257],[6.032329,53.242267],[6.033353,53.24232],[6.034069,53.242358],[6.034128,53.242362],[6.034393,53.242376],[6.034528,53.242384],[6.036273,53.242478],[6.036283,53.242478],[6.036559,53.242493],[6.037172,53.242526],[6.038365,53.24259],[6.038402,53.242593],[6.038849,53.242617],[6.039082,53.242688],[6.039604,53.242771],[6.039951,53.242832],[6.04059,53.242936],[6.040704,53.242959],[6.041129,53.243046],[6.041208,53.243062],[6.041288,53.243078],[6.041471,53.243116],[6.04155,53.243133],[6.041575,53.243138],[6.041628,53.243148],[6.041785,53.243179],[6.041881,53.243199],[6.041992,53.243221],[6.042093,53.243241],[6.042296,53.243283],[6.042428,53.24331],[6.042508,53.243326],[6.04262,53.243345],[6.042908,53.243383],[6.042931,53.243386],[6.043094,53.24341],[6.043212,53.243423],[6.043405,53.243444],[6.043527,53.243458],[6.043613,53.243466],[6.043897,53.243495],[6.043946,53.2435],[6.043966,53.243502],[6.043989,53.243504],[6.044239,53.243537],[6.044457,53.243569],[6.04466,53.243595],[6.044727,53.243603],[6.045134,53.243653],[6.045315,53.243677],[6.045393,53.243687],[6.045488,53.243699],[6.045818,53.24374],[6.046307,53.243801],[6.046347,53.243805],[6.046501,53.243824],[6.046766,53.243857],[6.046893,53.243873],[6.047684,53.24397],[6.047911,53.244014],[6.047945,53.24402],[6.048085,53.244043],[6.048368,53.244092],[6.048494,53.244115],[6.048495,53.244115],[6.048646,53.244149],[6.049023,53.244229],[6.049171,53.24426],[6.049481,53.244326],[6.049824,53.244398],[6.050376,53.244518],[6.050599,53.244564],[6.050614,53.244567],[6.050682,53.244581],[6.050809,53.244607],[6.051067,53.244653],[6.051174,53.244673],[6.051291,53.244696],[6.051799,53.244799],[6.051857,53.244811],[6.052121,53.244864],[6.052413,53.244923],[6.052452,53.244931],[6.052481,53.244936],[6.052816,53.244999],[6.053156,53.245064],[6.053345,53.2451],[6.05359,53.245148],[6.053591,53.245149],[6.053596,53.24515],[6.053737,53.245177],[6.053901,53.245214],[6.053932,53.245219],[6.053933,53.245219],[6.053936,53.245219],[6.054338,53.245285],[6.054357,53.245289],[6.054942,53.245385],[6.055443,53.245468],[6.055687,53.245518],[6.055765,53.245517],[6.05636,53.245607],[6.056822,53.245687],[6.05696,53.245714],[6.057035,53.245724],[6.057153,53.245747],[6.057242,53.245763],[6.057554,53.245813],[6.058027,53.245894],[6.058183,53.245916],[6.05837,53.245944],[6.05853,53.24597],[6.058695,53.245993],[6.059063,53.246066],[6.059157,53.246083],[6.059223,53.246098],[6.059336,53.246117],[6.059772,53.246191],[6.05988,53.246211],[6.060307,53.246278],[6.060445,53.246299],[6.060532,53.246315],[6.06065,53.246335],[6.061024,53.2464],[6.061327,53.24645],[6.061328,53.24645],[6.061646,53.246504],[6.061811,53.246532],[6.062,53.246569],[6.062005,53.24657],[6.062101,53.246582],[6.06255,53.246654],[6.062576,53.246659],[6.062631,53.24667],[6.062933,53.246722],[6.063109,53.24675],[6.063506,53.246817],[6.063535,53.246821],[6.063757,53.246856],[6.06406,53.246904],[6.064782,53.247024],[6.065048,53.247066],[6.06514,53.24708],[6.065338,53.247114],[6.065532,53.247148],[6.065628,53.247162],[6.065921,53.247208],[6.066048,53.247227],[6.066083,53.247232],[6.066649,53.247302],[6.06681,53.247324],[6.0669,53.247334],[6.067184,53.247371],[6.067579,53.247428],[6.067706,53.247445],[6.067918,53.247477],[6.068015,53.247492],[6.068348,53.247543],[6.068489,53.247563],[6.068579,53.247578],[6.068749,53.247601],[6.068876,53.24762],[6.069009,53.247643],[6.069111,53.247655],[6.069338,53.247687],[6.069491,53.247713],[6.069737,53.247748],[6.070068,53.247792],[6.070125,53.2478],[6.070213,53.247814],[6.07035,53.247835],[6.070456,53.24785],[6.070886,53.247919],[6.071162,53.247961],[6.071316,53.247984],[6.071317,53.247984],[6.071342,53.247988],[6.071441,53.248006],[6.071467,53.24801],[6.07149,53.248014],[6.07176,53.248059],[6.071994,53.248094],[6.072046,53.248102],[6.07212,53.248111],[6.072457,53.248163],[6.072689,53.248199],[6.072826,53.248218],[6.072962,53.248239],[6.073155,53.248267],[6.073208,53.248271],[6.073272,53.248277],[6.073417,53.248298],[6.073449,53.248303],[6.07351,53.248313],[6.073539,53.248318],[6.073737,53.248347],[6.074081,53.248403],[6.074265,53.248431],[6.074285,53.248434],[6.074296,53.248441],[6.074322,53.248455],[6.074406,53.248504],[6.074416,53.24851],[6.074506,53.248454],[6.074515,53.248448],[6.074619,53.248504],[6.074692,53.248541],[6.074731,53.248561],[6.074763,53.248577],[6.074788,53.248589],[6.074864,53.248609],[6.07506,53.248662],[6.075275,53.248722],[6.075718,53.248841],[6.076038,53.248925],[6.076252,53.248981],[6.07635,53.249007],[6.07659,53.249071],[6.076783,53.249121],[6.076921,53.249158],[6.076924,53.249159],[6.077055,53.249194],[6.077277,53.249251],[6.077436,53.249291],[6.077526,53.249313],[6.07775,53.249365],[6.077823,53.249385],[6.077906,53.249401],[6.077961,53.24941],[6.078013,53.249417],[6.078066,53.249431],[6.078257,53.24948],[6.078302,53.249492],[6.078449,53.249532],[6.078604,53.249573],[6.078737,53.249608],[6.078949,53.249661],[6.079153,53.249715],[6.07918,53.249722],[6.079382,53.249778],[6.079611,53.249837],[6.079747,53.249873],[6.079874,53.249907],[6.08018,53.249989],[6.080279,53.250016],[6.080487,53.250072],[6.080917,53.250195],[6.081054,53.250234],[6.081252,53.250293],[6.081333,53.250312],[6.081406,53.25033],[6.08147,53.250345],[6.081681,53.250406],[6.082039,53.250509],[6.082313,53.250592],[6.08271,53.250717],[6.082761,53.250732],[6.082843,53.250751],[6.083017,53.250799],[6.083388,53.250905],[6.083414,53.250912],[6.08356,53.250951],[6.083737,53.251002],[6.083869,53.251037],[6.083998,53.251071],[6.084271,53.251145],[6.084475,53.251202],[6.084624,53.251245],[6.084975,53.251346],[6.085171,53.251402],[6.085241,53.251425],[6.085256,53.25143],[6.085331,53.251454],[6.085929,53.251616],[6.086173,53.251683],[6.086392,53.251743],[6.086447,53.251757],[6.086651,53.25181],[6.086831,53.251857],[6.086956,53.251889],[6.087261,53.251967],[6.087296,53.251976],[6.087441,53.252015],[6.087449,53.252017],[6.087665,53.25208],[6.087966,53.252169],[6.088025,53.252187],[6.088137,53.252219],[6.088148,53.252222],[6.08828,53.252261],[6.088554,53.252339],[6.08863,53.252361],[6.088632,53.252361],[6.088955,53.252452],[6.089168,53.252513],[6.089268,53.252541],[6.089351,53.252564],[6.089365,53.252568],[6.089561,53.252623],[6.089761,53.252681],[6.08992,53.252728],[6.090057,53.252767],[6.090085,53.252775],[6.090548,53.252905],[6.090577,53.252913],[6.090829,53.252984],[6.090905,53.253005],[6.090997,53.253031],[6.091022,53.253038],[6.091192,53.253086],[6.09129,53.253057],[6.091293,53.253056],[6.09134,53.253042],[6.091397,53.253026],[6.091418,53.253019],[6.091533,53.252986],[6.091536,53.252987],[6.091646,53.253038],[6.091726,53.253075],[6.091763,53.253092],[6.091776,53.253098],[6.092112,53.253254],[6.092167,53.253279],[6.092203,53.253296],[6.092228,53.253307],[6.092476,53.253422],[6.092497,53.253432],[6.092717,53.253512],[6.092807,53.253544],[6.092891,53.253569],[6.092934,53.253582],[6.09299,53.253598],[6.093143,53.253643],[6.093192,53.253657],[6.093253,53.253675],[6.09344,53.253729],[6.093485,53.253743],[6.093628,53.253784],[6.093656,53.253792],[6.093802,53.253832],[6.093935,53.253868],[6.094091,53.25391],[6.094271,53.253959],[6.094332,53.253974],[6.094393,53.25399],[6.094479,53.25401],[6.094549,53.254035],[6.094565,53.254041],[6.094638,53.254067],[6.094991,53.254167],[6.095051,53.254183],[6.095119,53.254203],[6.095143,53.254209],[6.09516,53.254214],[6.095207,53.254227],[6.095275,53.254245],[6.095466,53.2543],[6.09572,53.254372],[6.095764,53.254385],[6.09603,53.254458],[6.096226,53.254512],[6.096451,53.254576],[6.096718,53.254648],[6.096886,53.254692],[6.097219,53.254781],[6.09723,53.254784],[6.097404,53.254833],[6.097551,53.254872],[6.097683,53.254909],[6.09801,53.255006],[6.098071,53.255024],[6.098203,53.255063],[6.098345,53.255105],[6.098568,53.255167],[6.098633,53.255182],[6.098697,53.255202],[6.098839,53.255244],[6.098855,53.255249],[6.09908,53.255308],[6.099323,53.255373],[6.099387,53.255392],[6.099416,53.255401],[6.099584,53.255449],[6.09999,53.255561],[6.100336,53.255656],[6.100542,53.255705],[6.100729,53.255761],[6.10087,53.255805],[6.10107,53.255864],[6.101123,53.255879],[6.101285,53.255926],[6.10131,53.255933],[6.101574,53.256012],[6.101954,53.256119],[6.102097,53.256161],[6.102533,53.256277],[6.102668,53.256319],[6.10311,53.25645],[6.103249,53.256492],[6.103382,53.256528],[6.103534,53.256576],[6.103697,53.256625],[6.103837,53.25667],[6.104157,53.256767],[6.104332,53.256822],[6.104619,53.256918],[6.104746,53.25696],[6.104806,53.256983],[6.104925,53.25703],[6.105011,53.257074],[6.105145,53.257126],[6.105287,53.257176],[6.105404,53.257236],[6.105504,53.257319],[6.105576,53.257386],[6.105705,53.257522],[6.105725,53.25754],[6.105743,53.257556],[6.105821,53.257573],[6.105868,53.257584],[6.105983,53.257615],[6.106091,53.257646],[6.106184,53.257668],[6.106267,53.257696],[6.106399,53.257748],[6.10645,53.257765],[6.106459,53.257769],[6.106525,53.257799],[6.10662,53.257834],[6.106826,53.25791],[6.106842,53.257916],[6.106977,53.257968],[6.107091,53.258012],[6.107185,53.258053],[6.107291,53.258101],[6.107452,53.258166],[6.107844,53.258336],[6.107949,53.258386],[6.108034,53.258427],[6.108116,53.258469],[6.108539,53.258689],[6.108575,53.258707],[6.108674,53.258759],[6.109298,53.259085],[6.109547,53.259215],[6.109827,53.25936],[6.110219,53.259563],[6.110254,53.259582],[6.110266,53.259588],[6.110495,53.259707],[6.110598,53.259766],[6.110647,53.25979],[6.110774,53.259855],[6.110895,53.259879],[6.111451,53.259901],[6.111877,53.259899],[6.11212,53.259868],[6.112123,53.259867],[6.112762,53.259809],[6.113161,53.259783],[6.113212,53.25978],[6.113387,53.259768],[6.113628,53.259761],[6.113801,53.259757],[6.114646,53.259739],[6.114935,53.259736],[6.114947,53.259736],[6.11502,53.259736],[6.115036,53.259735],[6.115316,53.259732],[6.115548,53.259746],[6.116044,53.259814],[6.116113,53.259824],[6.116126,53.259825],[6.116983,53.25994],[6.117029,53.259946],[6.117147,53.259963],[6.117968,53.260078],[6.118422,53.260152],[6.118455,53.260157],[6.118843,53.260211],[6.119421,53.260322],[6.119944,53.260411],[6.119999,53.260419],[6.120501,53.260498],[6.120825,53.26055],[6.121296,53.260631],[6.121493,53.260665],[6.121617,53.260685],[6.122158,53.260773],[6.122567,53.26084],[6.122754,53.260876],[6.122888,53.260898],[6.123523,53.261005],[6.123858,53.261061],[6.124168,53.261116],[6.12435,53.261148],[6.124533,53.261176],[6.125348,53.261312],[6.125653,53.261362],[6.126073,53.261433],[6.126341,53.261494],[6.126676,53.261542],[6.126926,53.261599],[6.126937,53.261601],[6.127262,53.261673],[6.127267,53.261674],[6.127271,53.261675],[6.127333,53.26169],[6.127623,53.261735],[6.127632,53.261736],[6.127773,53.261753],[6.127969,53.261785],[6.128053,53.261798],[6.128209,53.26183],[6.128276,53.26184],[6.128404,53.261859],[6.128556,53.261887],[6.128599,53.261893],[6.128703,53.261908],[6.128757,53.261918],[6.128944,53.261955],[6.129081,53.26198],[6.129227,53.262011],[6.129371,53.262027],[6.129615,53.262043],[6.129755,53.262055],[6.129925,53.262088],[6.130147,53.262136],[6.130321,53.262181],[6.13047,53.262215],[6.130553,53.262234],[6.130719,53.262265],[6.130778,53.26228],[6.130975,53.262314],[6.131011,53.262322],[6.131244,53.262362],[6.13139,53.262389],[6.131591,53.26242],[6.131706,53.262438],[6.131882,53.262475],[6.131939,53.262481],[6.132007,53.262495],[6.132097,53.262512],[6.132447,53.262578],[6.132569,53.262607],[6.13272,53.262637],[6.133072,53.262698],[6.133204,53.262724],[6.133399,53.262764],[6.133679,53.26282],[6.133895,53.262867],[6.134043,53.262902],[6.134086,53.262912],[6.134113,53.262918],[6.134122,53.26292],[6.134319,53.262956],[6.134417,53.262973],[6.134456,53.26298],[6.134481,53.26299],[6.135776,53.2635],[6.136318,53.263683],[6.136447,53.263707],[6.136532,53.263723],[6.136775,53.263769],[6.137053,53.263809],[6.137339,53.263847],[6.137769,53.263895],[6.138497,53.264022],[6.138601,53.264052],[6.138636,53.264059],[6.138666,53.264065],[6.138948,53.264101],[6.139377,53.264153],[6.140003,53.26423],[6.140017,53.264232],[6.140281,53.264271],[6.14075,53.264341],[6.140903,53.264364],[6.141058,53.264383],[6.141692,53.263714],[6.141702,53.263703],[6.142283,53.263052],[6.142386,53.262935],[6.142414,53.262907],[6.142646,53.262665],[6.142662,53.262649],[6.142855,53.262448],[6.143161,53.262106],[6.143358,53.261886],[6.143375,53.261868],[6.143393,53.261847],[6.143437,53.261798],[6.143727,53.261495],[6.143765,53.261457],[6.143766,53.261455],[6.143863,53.261347],[6.143947,53.261272],[6.144073,53.261142],[6.144169,53.261011],[6.144508,53.260648],[6.14473,53.260414],[6.144978,53.260165],[6.14503,53.260164],[6.145105,53.260195],[6.145436,53.260316],[6.145566,53.260372],[6.146277,53.260675],[6.146364,53.260711],[6.146374,53.260716],[6.146509,53.260771],[6.146897,53.260936],[6.147404,53.261137],[6.147734,53.260727],[6.147957,53.260467],[6.148074,53.260342],[6.148098,53.260316],[6.14813,53.260282],[6.148118,53.260271],[6.148125,53.260255],[6.148191,53.260194],[6.148359,53.260001],[6.148452,53.260024],[6.149076,53.260294],[6.149185,53.260347],[6.149379,53.26044],[6.14951,53.260498],[6.149675,53.260574],[6.149692,53.260582],[6.149861,53.260664],[6.149996,53.260717],[6.150179,53.260813],[6.150224,53.260834],[6.150331,53.260882],[6.150715,53.261057],[6.150894,53.261136],[6.151144,53.261247],[6.151235,53.261287],[6.151257,53.261296],[6.151421,53.261384],[6.151478,53.261409],[6.151797,53.261552],[6.151824,53.26156],[6.151954,53.261638],[6.15218,53.261741],[6.152407,53.261831],[6.152644,53.261941],[6.15283,53.26203],[6.152942,53.262074],[6.152965,53.262084],[6.153066,53.262129],[6.153413,53.262286],[6.153557,53.262352],[6.153716,53.262411],[6.153901,53.262467],[6.154065,53.262504],[6.154166,53.26252],[6.154191,53.262523],[6.154492,53.262134],[6.154568,53.262039],[6.154758,53.261805],[6.1548,53.261775],[6.154853,53.261774],[6.155104,53.261899],[6.15527,53.261982],[6.155302,53.261997],[6.155394,53.262039],[6.155538,53.262111],[6.155607,53.262145],[6.155922,53.2623],[6.156219,53.262439],[6.156244,53.26245],[6.156505,53.262577],[6.15686,53.26275],[6.157076,53.262861],[6.157299,53.262971],[6.157869,53.263254],[6.158046,53.263342],[6.158353,53.263494],[6.158591,53.263609],[6.158612,53.263618],[6.158672,53.263643],[6.15874,53.263673],[6.158759,53.263681],[6.158936,53.263546],[6.159167,53.263315],[6.159746,53.262745],[6.159928,53.262555],[6.159969,53.262512],[6.160279,53.262183],[6.160352,53.26211],[6.160497,53.261994],[6.160523,53.261985],[6.160736,53.262098],[6.161142,53.262313],[6.16149,53.262491],[6.161583,53.262545],[6.161854,53.262703],[6.16209,53.262842],[6.162645,53.263145],[6.162864,53.263259],[6.163377,53.263529],[6.163781,53.263767],[6.164134,53.263956],[6.164196,53.263958],[6.164212,53.263955],[6.164508,53.263914],[6.164725,53.263895],[6.164783,53.263888],[6.165652,53.26381],[6.166506,53.263733],[6.166806,53.263706],[6.166835,53.263703],[6.167208,53.263668],[6.16738,53.263651],[6.168521,53.262864],[6.168925,53.262602],[6.169124,53.262496],[6.169151,53.262481],[6.169633,53.262237],[6.170711,53.261701],[6.171129,53.261493],[6.171185,53.26146],[6.171244,53.261472],[6.17126,53.261475],[6.171399,53.261407],[6.171445,53.261382],[6.17146,53.261376],[6.171523,53.261373],[6.17155,53.261361],[6.171723,53.261419],[6.17195,53.261459],[6.172066,53.261477],[6.172194,53.261506],[6.172223,53.261512],[6.172433,53.261507],[6.172442,53.261507],[6.172837,53.261501],[6.173304,53.261497],[6.173597,53.261458],[6.17391,53.261417],[6.174375,53.261346],[6.174877,53.261269],[6.175432,53.261188],[6.1759,53.261129],[6.176283,53.261069],[6.176479,53.261038],[6.176605,53.261021],[6.176724,53.260934],[6.176744,53.260919],[6.176837,53.260851],[6.177233,53.260549],[6.177864,53.260075],[6.178151,53.259858],[6.178215,53.259808],[6.178407,53.259664],[6.178631,53.259497],[6.178863,53.259326],[6.178987,53.259225],[6.179104,53.259139],[6.179175,53.259091],[6.179191,53.259082],[6.179202,53.259076],[6.179214,53.259071],[6.179233,53.259066],[6.179249,53.259062],[6.179264,53.259059],[6.179284,53.259056],[6.17933,53.259051],[6.179352,53.25905],[6.179374,53.25905],[6.179401,53.25905],[6.179423,53.25905],[6.179442,53.25905],[6.179468,53.259053],[6.179491,53.259054],[6.179509,53.259058],[6.179511,53.259058],[6.179531,53.259064],[6.17956,53.259073],[6.179644,53.259107],[6.179755,53.259158],[6.179972,53.259256],[6.180189,53.259364],[6.180433,53.259484],[6.180424,53.259496],[6.180643,53.25957],[6.18074,53.259599],[6.180781,53.25961],[6.180794,53.259612],[6.180927,53.259634],[6.181063,53.259644],[6.181184,53.259655],[6.181173,53.259679],[6.181126,53.259783],[6.18109,53.259793],[6.181082,53.259794],[6.18052,53.259806],[6.180416,53.25981],[6.180388,53.25981],[6.180512,53.260349],[6.180571,53.260609],[6.180582,53.260642],[6.180721,53.26105],[6.181313,53.261027],[6.181443,53.261023],[6.18208,53.261002],[6.182355,53.260992],[6.18237,53.260992],[6.182392,53.260996],[6.182412,53.261001],[6.182425,53.26101],[6.182466,53.261143],[6.182494,53.261235],[6.182589,53.261526],[6.182683,53.261724],[6.182703,53.261737],[6.182732,53.261746],[6.182761,53.261754],[6.182786,53.261768],[6.182905,53.261732],[6.183479,53.261723],[6.183505,53.261723],[6.184124,53.261728],[6.184403,53.261726],[6.184471,53.261726],[6.184947,53.26173],[6.185224,53.261732],[6.185361,53.261733],[6.185782,53.261735],[6.186321,53.261739],[6.186535,53.261741],[6.18664,53.26175],[6.186493,53.261881],[6.186142,53.262165],[6.186094,53.26222],[6.186123,53.26222],[6.18649,53.262226],[6.186542,53.262226],[6.186632,53.262229],[6.186736,53.262234],[6.186841,53.262247],[6.186861,53.262251],[6.187011,53.262276],[6.187113,53.262294],[6.187468,53.262375],[6.187473,53.262376],[6.187475,53.262376],[6.187496,53.262381],[6.18755,53.262404],[6.187573,53.262415],[6.187582,53.262427],[6.187583,53.262438],[6.187578,53.262453],[6.187215,53.262755],[6.18852,53.26332],[6.188577,53.263345],[6.188784,53.263424],[6.188796,53.263428],[6.188815,53.263432],[6.188822,53.263432],[6.188826,53.263432],[6.188831,53.263432],[6.188835,53.263431],[6.18884,53.26343],[6.188843,53.263429],[6.188848,53.263426],[6.188855,53.263421],[6.189061,53.263254],[6.189309,53.263052],[6.189409,53.262972],[6.189517,53.263016],[6.189677,53.263082],[6.189885,53.26317],[6.189934,53.263191],[6.19023,53.263317],[6.190384,53.263378],[6.19035,53.263406],[6.190226,53.263511],[6.189983,53.263713],[6.189722,53.263932],[6.189451,53.264157],[6.189126,53.264429],[6.189044,53.264498],[6.188821,53.264684],[6.188418,53.265018],[6.188112,53.26527],[6.188107,53.265275],[6.188026,53.265339],[6.187744,53.265573],[6.187517,53.265761],[6.187402,53.265847],[6.187393,53.265854],[6.187153,53.266065],[6.18675,53.266409],[6.186585,53.266537],[6.186235,53.266829],[6.18618,53.266877],[6.185914,53.267103],[6.185742,53.267247],[6.185732,53.267253],[6.185717,53.267258],[6.18567,53.267273],[6.18565,53.267418],[6.185604,53.267781],[6.185604,53.267785],[6.1856,53.267815],[6.186352,53.268144],[6.186463,53.26819],[6.1869,53.268373],[6.187319,53.268585],[6.187591,53.268716],[6.187612,53.268765],[6.187627,53.26879],[6.187648,53.26881],[6.187667,53.268823],[6.187712,53.268849],[6.187766,53.268879],[6.188498,53.269395],[6.188576,53.26944],[6.18922,53.26989],[6.189243,53.26987],[6.189249,53.269865],[6.189259,53.269857],[6.189271,53.269846],[6.18931,53.26981],[6.190018,53.269189],[6.190435,53.26883],[6.190623,53.268667],[6.19072,53.268584],[6.191298,53.268849],[6.191352,53.268873],[6.191416,53.268894],[6.192077,53.269099],[6.192084,53.269101],[6.192097,53.269102],[6.192114,53.269101],[6.191824,53.269352],[6.191491,53.26964],[6.191472,53.269663],[6.191464,53.269678],[6.191463,53.269694],[6.191463,53.269694],[6.191463,53.269695],[6.191464,53.269706],[6.19147,53.269719],[6.191475,53.269725],[6.19148,53.269729],[6.191494,53.269735],[6.191503,53.269737],[6.191746,53.269767],[6.191845,53.269774],[6.191931,53.269777],[6.192039,53.269779],[6.192165,53.269777],[6.19233,53.269765],[6.192544,53.269751],[6.192634,53.269745],[6.192659,53.269765],[6.192659,53.269765],[6.192664,53.269769],[6.1927,53.269787],[6.192963,53.269849],[6.193138,53.269894],[6.193363,53.26994],[6.193686,53.270013],[6.193766,53.270031],[6.19379,53.270037],[6.194671,53.269759],[6.194977,53.269663],[6.195152,53.269608],[6.19518,53.269642],[6.195242,53.269623],[6.195258,53.269618],[6.196046,53.269378],[6.196582,53.269226],[6.196614,53.269218],[6.197084,53.269086],[6.197739,53.268908],[6.198089,53.26882],[6.198268,53.268775],[6.198303,53.268767],[6.19833,53.268765],[6.198347,53.268762],[6.198365,53.268762],[6.198378,53.268765],[6.198392,53.268768],[6.19841,53.268777],[6.198431,53.268788],[6.198487,53.268814],[6.198524,53.268832],[6.198536,53.268834],[6.198563,53.26884],[6.198589,53.268844],[6.198591,53.268844],[6.198611,53.268847],[6.198626,53.268848],[6.198634,53.268849],[6.198671,53.26885],[6.198703,53.268851],[6.198706,53.268851],[6.198745,53.268848],[6.198754,53.268847],[6.198815,53.268834],[6.198931,53.268809],[6.199375,53.268708],[6.19939,53.268704],[6.199772,53.268618],[6.199803,53.26861],[6.199955,53.268564],[6.200503,53.268404],[6.201069,53.268236],[6.201344,53.26817],[6.201784,53.268074],[6.202229,53.267993],[6.202682,53.267911],[6.202841,53.267893],[6.203835,53.267731],[6.204283,53.26768],[6.204427,53.267668],[6.204884,53.26762],[6.205141,53.267583],[6.205603,53.267505],[6.205638,53.267499],[6.205665,53.267494],[6.205894,53.267456],[6.205912,53.267451],[6.206098,53.267405],[6.206445,53.267329],[6.206427,53.267303],[6.206418,53.267291],[6.206768,53.267192],[6.206758,53.267145],[6.206756,53.267137],[6.20675,53.26711],[6.206737,53.267047],[6.206734,53.267004],[6.206821,53.26701],[6.206955,53.266968],[6.207033,53.266943],[6.207041,53.26694],[6.20716,53.266911],[6.207419,53.266887],[6.207633,53.266858],[6.208483,53.266764],[6.208681,53.266725],[6.208723,53.266717],[6.208749,53.266714],[6.20877,53.266712],[6.209267,53.266634],[6.209287,53.266631],[6.209298,53.266629],[6.209388,53.266614],[6.20962,53.266568],[6.209751,53.266546],[6.210417,53.266473],[6.210519,53.266456],[6.21065,53.266437],[6.210767,53.266416],[6.211021,53.266389],[6.211448,53.266324],[6.211516,53.266311],[6.211907,53.266237],[6.2119,53.266215],[6.211946,53.266017],[6.211957,53.26601],[6.211982,53.266001],[6.212071,53.265973],[6.21219,53.26594],[6.212333,53.2659],[6.212555,53.265836],[6.212665,53.265805],[6.212676,53.265801],[6.2133,53.265609],[6.213656,53.265499],[6.213963,53.265396],[6.214008,53.26538],[6.214131,53.265659],[6.214212,53.265842],[6.214311,53.265825],[6.214563,53.265784],[6.214705,53.265755],[6.214762,53.265743],[6.214872,53.265718],[6.214985,53.265695],[6.215083,53.265674],[6.215205,53.265649],[6.215316,53.265625],[6.215423,53.265601],[6.215543,53.265576],[6.215644,53.265554],[6.215756,53.265549],[6.215783,53.265546],[6.215999,53.265519],[6.216119,53.265487],[6.216239,53.26546],[6.216365,53.265435],[6.216485,53.265408],[6.216596,53.26539],[6.21668,53.265377],[6.216741,53.265366],[6.216805,53.265351],[6.216903,53.265323],[6.217002,53.265293],[6.217094,53.265267],[6.217113,53.265257],[6.21712,53.265251],[6.217124,53.265242],[6.217125,53.265231],[6.217123,53.265204],[6.217116,53.265191],[6.217084,53.265183],[6.217023,53.265171],[6.216978,53.265163],[6.216903,53.265146],[6.216844,53.265129],[6.216804,53.265112],[6.216783,53.265091],[6.216783,53.265072],[6.216793,53.265041],[6.216796,53.265037],[6.216834,53.264979],[6.216953,53.26483],[6.217041,53.264684],[6.217138,53.26453],[6.217202,53.264437],[6.217287,53.264316],[6.217357,53.264218],[6.217387,53.264161],[6.217396,53.264122],[6.21741,53.264058],[6.217333,53.264037],[6.217183,53.26399],[6.217065,53.263948],[6.217017,53.263931],[6.217086,53.263796],[6.21724,53.263484],[6.217405,53.263134],[6.217573,53.262784],[6.217751,53.262418],[6.217811,53.26229],[6.217868,53.262169],[6.217913,53.262074],[6.218105,53.261665],[6.21813,53.261611],[6.218344,53.261172],[6.218398,53.261056],[6.2184,53.261053],[6.218448,53.260949],[6.218452,53.260942],[6.218566,53.260699],[6.218744,53.260311],[6.218946,53.259875],[6.218947,53.259873],[6.218967,53.259872],[6.218986,53.259868],[6.219729,53.259703],[6.220089,53.259633],[6.220141,53.259626],[6.220204,53.259617],[6.220225,53.259563],[6.220232,53.259545],[6.220403,53.259155],[6.220437,53.259078],[6.220448,53.259053],[6.22045,53.259049],[6.220469,53.259006],[6.220732,53.258897],[6.220852,53.258847],[6.220953,53.258787],[6.221064,53.258718],[6.221096,53.258695],[6.221164,53.258643],[6.221248,53.258567],[6.22134,53.258488],[6.221453,53.258387],[6.221552,53.258297],[6.22165,53.25821],[6.22174,53.258136],[6.221828,53.258063],[6.221911,53.25809],[6.221976,53.258105],[6.222036,53.258108],[6.222091,53.258101],[6.222139,53.258092],[6.222189,53.258073],[6.222243,53.258044],[6.222299,53.258007],[6.222356,53.257962],[6.222398,53.257936],[6.222459,53.257903],[6.22252,53.257877],[6.222584,53.257852],[6.222659,53.257823],[6.222744,53.25779],[6.222853,53.257748],[6.222952,53.257705],[6.223057,53.257652],[6.22308,53.25764],[6.223148,53.257602],[6.223267,53.257535],[6.223384,53.257476],[6.22346,53.257427],[6.223514,53.2574],[6.223534,53.257392],[6.223621,53.257361],[6.223696,53.257335],[6.223765,53.257311],[6.223971,53.25724],[6.224067,53.257241],[6.224334,53.257249],[6.22462,53.257263],[6.224954,53.257276],[6.225252,53.257289],[6.225554,53.257304],[6.225848,53.257302],[6.226246,53.257278],[6.226328,53.257266],[6.22651,53.25724],[6.226828,53.257191],[6.227108,53.257156],[6.227458,53.257108],[6.22769,53.257077],[6.22791,53.25706],[6.228161,53.257052],[6.228395,53.257051],[6.228691,53.257074],[6.228888,53.257097],[6.229158,53.257124],[6.22947,53.257149],[6.22966,53.257169],[6.229829,53.257182],[6.230018,53.257186],[6.230127,53.25718],[6.230263,53.257161],[6.230428,53.257129],[6.230628,53.257095],[6.230846,53.257064],[6.231482,53.256976],[6.232102,53.256885],[6.232158,53.256872],[6.23217,53.256865],[6.232171,53.256858],[6.232175,53.256847],[6.232176,53.256832],[6.232181,53.256811],[6.232182,53.256799],[6.232183,53.256791],[6.232183,53.256776],[6.232184,53.256767],[6.232184,53.25676],[6.232173,53.256747],[6.232164,53.256742],[6.232122,53.25671],[6.232105,53.256695],[6.232092,53.256679],[6.232082,53.25667],[6.232077,53.256665],[6.232075,53.25666],[6.232066,53.256642],[6.232063,53.256634],[6.232052,53.256619],[6.232045,53.256599],[6.232042,53.256583],[6.232037,53.256557],[6.23203,53.256512],[6.232026,53.256484],[6.232024,53.256458],[6.232021,53.256419],[6.232015,53.256374],[6.232014,53.256333],[6.231993,53.256288],[6.231969,53.256218],[6.231964,53.256204],[6.231955,53.256175],[6.231945,53.256163],[6.23193,53.256144],[6.231913,53.256119],[6.231862,53.256088],[6.231782,53.256038],[6.231769,53.256029],[6.231763,53.256003],[6.231749,53.255947],[6.231747,53.255882],[6.231753,53.255779],[6.231753,53.255601],[6.231753,53.255569],[6.231885,53.255379],[6.231914,53.255348],[6.231981,53.255273],[6.232149,53.255078],[6.232237,53.254962],[6.232325,53.254847],[6.23243,53.254731],[6.232526,53.254646],[6.232625,53.254564],[6.232729,53.254488],[6.232849,53.254407],[6.232982,53.254333],[6.23323,53.254215],[6.233431,53.254127],[6.233572,53.254073],[6.233626,53.25406],[6.233678,53.254053],[6.233725,53.254051],[6.233772,53.25405],[6.233842,53.254054],[6.23391,53.25406],[6.233957,53.254064],[6.234045,53.254068],[6.234076,53.254068],[6.2342,53.254066],[6.234319,53.254054],[6.234432,53.254038],[6.234549,53.254013],[6.23464,53.253989],[6.234711,53.253964],[6.234758,53.253935],[6.234794,53.253904],[6.234847,53.253848],[6.234906,53.253779],[6.234966,53.253684],[6.235012,53.253594],[6.235055,53.253508],[6.23508,53.25345],[6.235097,53.253398],[6.235101,53.253355],[6.235091,53.253306],[6.23505,53.253143],[6.235025,53.253063],[6.234973,53.252896],[6.23494,53.252818],[6.234895,53.252749],[6.23484,53.252674],[6.234777,53.252603],[6.234664,53.252495],[6.234494,53.252341],[6.234386,53.252243],[6.234316,53.252169],[6.234277,53.252121],[6.234251,53.252077],[6.234236,53.252034],[6.234228,53.251996],[6.234218,53.251942],[6.234218,53.251896],[6.234217,53.251877],[6.234224,53.251645],[6.234217,53.251432],[6.234203,53.251303],[6.234193,53.251266],[6.234171,53.251212],[6.234137,53.251146],[6.234119,53.251112],[6.234081,53.251079],[6.233914,53.250937],[6.233852,53.250893],[6.233705,53.2508],[6.233566,53.250714],[6.233423,53.250631],[6.233312,53.250573],[6.233225,53.250533],[6.233126,53.250488],[6.233035,53.250449],[6.23289,53.250394],[6.232687,53.250325],[6.23255,53.250294],[6.232454,53.250276],[6.23232,53.250255],[6.232214,53.250238],[6.23213,53.250229],[6.232082,53.250223],[6.231927,53.250207],[6.231771,53.250188],[6.231625,53.250171],[6.231527,53.250167],[6.23144,53.250165],[6.231344,53.250171],[6.231226,53.250185],[6.231123,53.2502],[6.231033,53.250219],[6.230966,53.250242],[6.230777,53.250316],[6.230695,53.250345],[6.230602,53.250372],[6.230522,53.250393],[6.230447,53.250408],[6.230384,53.250419],[6.230319,53.250426],[6.230263,53.250429],[6.230243,53.250429],[6.230187,53.250428],[6.230113,53.250422],[6.230052,53.250408],[6.229998,53.250389],[6.229939,53.25036],[6.229872,53.250323],[6.229811,53.25028],[6.229774,53.250245],[6.229754,53.250227],[6.229725,53.250173],[6.229717,53.250158],[6.229716,53.250155],[6.229609,53.250011],[6.229528,53.249903],[6.229481,53.249826],[6.229454,53.249758],[6.229437,53.24969],[6.229426,53.249613],[6.229417,53.249478],[6.229414,53.249391],[6.229432,53.249223],[6.229457,53.249138],[6.229487,53.249075],[6.229497,53.249058],[6.229545,53.248982],[6.229602,53.248913],[6.229694,53.24881],[6.229739,53.24874],[6.229754,53.2487],[6.229755,53.248695],[6.229779,53.248645],[6.229788,53.248607],[6.229795,53.248575],[6.229811,53.248508],[6.229881,53.248326],[6.229932,53.24825],[6.230004,53.248167],[6.230082,53.248083],[6.230211,53.247968],[6.230314,53.247885],[6.230424,53.247811],[6.230682,53.247656],[6.230763,53.247608],[6.230894,53.247537],[6.230957,53.247504],[6.231014,53.247482],[6.231071,53.247472],[6.231145,53.247468],[6.231265,53.247461],[6.231382,53.247458],[6.231503,53.24745],[6.231556,53.247444],[6.231618,53.247431],[6.231667,53.247416],[6.23173,53.247389],[6.231799,53.247346],[6.231864,53.247302],[6.231904,53.247272],[6.231948,53.247198],[6.23196,53.247145],[6.231968,53.247073],[6.231968,53.246983],[6.231966,53.246932],[6.23193,53.246909],[6.231897,53.246884],[6.231854,53.246828],[6.231802,53.246753],[6.231734,53.246629],[6.231661,53.246498],[6.231623,53.246424],[6.231581,53.246333],[6.231543,53.24621],[6.231514,53.246035],[6.231509,53.245993],[6.231506,53.245962],[6.23151,53.245902],[6.231499,53.24578],[6.231489,53.245711],[6.231476,53.245664],[6.231464,53.245622],[6.231438,53.245556],[6.231401,53.245485],[6.231359,53.245415],[6.231293,53.245332],[6.231237,53.245264],[6.231095,53.245105],[6.231044,53.245067],[6.231016,53.245051],[6.230942,53.24501],[6.230832,53.244952],[6.230742,53.244909],[6.230653,53.244873],[6.23054,53.244831],[6.230429,53.2448],[6.230321,53.244777],[6.230234,53.244762],[6.230105,53.244752],[6.229982,53.244743],[6.229836,53.244747],[6.229707,53.244752],[6.229588,53.244758],[6.22948,53.24477],[6.229353,53.244794],[6.229229,53.244822],[6.229099,53.244853],[6.228964,53.244889],[6.228844,53.244933],[6.228724,53.244985],[6.228601,53.24505],[6.228402,53.245158],[6.228311,53.245197],[6.228247,53.24522],[6.228191,53.245233],[6.22813,53.245242],[6.228072,53.245247],[6.228012,53.245247],[6.227925,53.245245],[6.227818,53.245242],[6.227764,53.245241],[6.227743,53.24524],[6.227645,53.245206],[6.227587,53.245191],[6.227555,53.245182],[6.227513,53.245168],[6.227433,53.245131],[6.227388,53.24511],[6.227317,53.245073],[6.227262,53.24504],[6.227194,53.244993],[6.227138,53.244946],[6.227066,53.244882],[6.227021,53.244835],[6.226924,53.24478],[6.22689,53.244765],[6.226833,53.244742],[6.22677,53.244723],[6.226682,53.244701],[6.226587,53.244683],[6.226476,53.244668],[6.226424,53.244665],[6.226335,53.244659],[6.22625,53.244657],[6.226136,53.244658],[6.226083,53.24466],[6.226058,53.244661],[6.225988,53.244666],[6.225845,53.244671],[6.225748,53.244679],[6.225688,53.24468],[6.225626,53.244679],[6.225485,53.244668],[6.225332,53.244638],[6.225112,53.24459],[6.224996,53.244559],[6.224859,53.244512],[6.224743,53.244466],[6.22463,53.244412],[6.224504,53.244368],[6.224345,53.244289],[6.224194,53.244201],[6.224119,53.244154],[6.224053,53.24411],[6.223909,53.244008],[6.22382,53.243931],[6.223775,53.24389],[6.223748,53.243863],[6.223672,53.243767],[6.223611,53.243668],[6.22352,53.243499],[6.22345,53.243421],[6.22336,53.243369],[6.223282,53.243327],[6.223215,53.243302],[6.222631,53.243217],[6.222277,53.243184],[6.221915,53.243137],[6.221723,53.243111],[6.221416,53.243076],[6.22119,53.243071],[6.221013,53.24308],[6.220741,53.243108],[6.220559,53.243124],[6.220504,53.243125],[6.220431,53.243125],[6.2204,53.243124],[6.220375,53.243122],[6.22033,53.243119],[6.220294,53.243114],[6.220184,53.243095],[6.22001,53.243056],[6.219688,53.242957],[6.219618,53.242925],[6.219454,53.242867],[6.219261,53.242779],[6.219067,53.242685],[6.218881,53.242575],[6.218828,53.242539],[6.218815,53.24253],[6.218801,53.242504],[6.21877,53.242466],[6.218663,53.24238],[6.218566,53.242303],[6.218451,53.242231],[6.218354,53.24219],[6.218342,53.242184],[6.218232,53.242127],[6.218217,53.242116],[6.218117,53.242042],[6.217978,53.241932],[6.219049,53.241385],[6.219301,53.241261],[6.219624,53.241101],[6.219818,53.241001],[6.219953,53.240936],[6.220043,53.240901],[6.220136,53.240864],[6.220504,53.240684],[6.220815,53.24052],[6.221071,53.240389],[6.221107,53.24037],[6.221489,53.240176],[6.221853,53.239993],[6.222152,53.239845],[6.222495,53.239672],[6.222575,53.239631],[6.222617,53.23961],[6.222823,53.239498],[6.223366,53.23956],[6.223735,53.239604],[6.223957,53.239629],[6.223973,53.239631],[6.224242,53.23966],[6.224487,53.239686],[6.224616,53.239701],[6.22463,53.239657],[6.224657,53.239573],[6.224818,53.239072],[6.224921,53.238752],[6.224972,53.238593],[6.224706,53.23851],[6.224477,53.238441],[6.223871,53.238239],[6.22319,53.238038],[6.222582,53.237865],[6.222017,53.237723],[6.221414,53.237582],[6.220899,53.237475],[6.220258,53.237352],[6.220239,53.237348],[6.219733,53.237314],[6.219068,53.237268],[6.218038,53.237199],[6.21782,53.237184],[6.217228,53.237145],[6.217234,53.237116],[6.217084,53.237102],[6.216823,53.237079],[6.216658,53.237063],[6.21658,53.237057],[6.216336,53.237038],[6.216152,53.237027],[6.215885,53.237009],[6.215543,53.236985],[6.215542,53.236849],[6.215539,53.2363],[6.215537,53.235999],[6.214791,53.235991],[6.214799,53.235824],[6.214798,53.235733],[6.214806,53.235636],[6.214813,53.235562],[6.214816,53.235526],[6.214822,53.235457],[6.214829,53.235434],[6.21483,53.235431],[6.214831,53.235377],[6.214844,53.235314],[6.214863,53.235259],[6.214871,53.235241],[6.214875,53.235232],[6.214882,53.235214],[6.214884,53.235212],[6.214931,53.23516],[6.214977,53.23512],[6.214983,53.235116],[6.215018,53.235097],[6.215094,53.235057],[6.215195,53.235003],[6.215327,53.234941],[6.215434,53.234883],[6.215549,53.234818],[6.215646,53.234764],[6.21571,53.234725],[6.215805,53.234678],[6.215878,53.23465],[6.215949,53.234623],[6.21604,53.234598],[6.21622,53.23456],[6.21638,53.234532],[6.216446,53.234527],[6.216502,53.234498],[6.216551,53.234464],[6.216628,53.234426],[6.216698,53.234384],[6.216745,53.234347],[6.216754,53.234342],[6.216735,53.234334],[6.216719,53.234325],[6.216679,53.234319],[6.216562,53.234314],[6.216291,53.234296],[6.21593,53.234275],[6.215602,53.234253],[6.215279,53.234233],[6.215064,53.234216],[6.214881,53.234207],[6.214429,53.234178],[6.214258,53.234163],[6.214259,53.234159],[6.214302,53.234067],[6.214371,53.233963],[6.214423,53.23389],[6.214532,53.233767],[6.214568,53.233726],[6.214584,53.233711],[6.214623,53.233695],[6.214783,53.233659],[6.214872,53.233629],[6.214976,53.2336],[6.215085,53.233573],[6.215195,53.233555],[6.215322,53.233535],[6.215436,53.233523],[6.215546,53.233515],[6.215694,53.233511],[6.215823,53.233513],[6.215941,53.23352],[6.21603,53.233528],[6.216169,53.233542],[6.216312,53.233561],[6.216429,53.233578],[6.216544,53.233595],[6.216606,53.233601],[6.216664,53.233604],[6.21672,53.233594],[6.216801,53.233569],[6.216874,53.233536],[6.216935,53.233509],[6.216998,53.233475],[6.21707,53.233432],[6.217134,53.23339],[6.21719,53.23335],[6.217257,53.233302],[6.217318,53.233248],[6.217371,53.233201],[6.217424,53.233144],[6.217472,53.233093],[6.217527,53.233025],[6.217562,53.232981],[6.217632,53.232895],[6.21769,53.232821],[6.217718,53.232774],[6.217783,53.232698],[6.217826,53.23263],[6.217854,53.232584],[6.217883,53.232528],[6.217913,53.23246],[6.217941,53.232397],[6.217956,53.232361],[6.217956,53.23236],[6.217958,53.232346],[6.21796,53.232312],[6.217958,53.232246],[6.217946,53.232168],[6.217923,53.232079],[6.217901,53.232004],[6.217885,53.231951],[6.217884,53.231944],[6.217884,53.231911],[6.21789,53.231878],[6.217891,53.231842],[6.21792,53.231804],[6.217955,53.231755],[6.218005,53.231713],[6.218064,53.231667],[6.218123,53.231634],[6.218175,53.231616],[6.218203,53.231611],[6.218288,53.231604],[6.218393,53.2316],[6.218514,53.231604],[6.218626,53.231614],[6.218783,53.231635],[6.218916,53.231652],[6.21906,53.231671],[6.219236,53.231697],[6.219342,53.231715],[6.219442,53.231733],[6.219457,53.231736],[6.219539,53.231755],[6.219623,53.231777],[6.219719,53.231806],[6.219796,53.231829],[6.21988,53.231856],[6.219955,53.231883],[6.220031,53.231912],[6.22011,53.231941],[6.2202,53.231973],[6.220263,53.231997],[6.220323,53.232013],[6.220381,53.232027],[6.220432,53.232034],[6.220472,53.232038],[6.220521,53.232037],[6.220573,53.232026],[6.220681,53.231997],[6.220815,53.23196],[6.220992,53.231901],[6.22115,53.231842],[6.221425,53.231752],[6.221527,53.231717],[6.221681,53.231668],[6.221831,53.231607],[6.221974,53.231551],[6.222136,53.231481],[6.222291,53.231415],[6.222349,53.231389],[6.222451,53.231341],[6.222559,53.231293],[6.222668,53.231242],[6.222763,53.231189],[6.222885,53.231121],[6.223002,53.231062],[6.223097,53.231007],[6.223148,53.230978],[6.223196,53.230947],[6.22327,53.230905],[6.223298,53.230889],[6.223373,53.230844],[6.223442,53.230809],[6.223456,53.230802],[6.223465,53.230797],[6.223522,53.230763],[6.223679,53.230678],[6.223707,53.230663],[6.223955,53.230515],[6.224203,53.230375],[6.224299,53.230317],[6.224362,53.23028],[6.224414,53.230242],[6.22447,53.230204],[6.224538,53.230157],[6.224633,53.230073],[6.22472,53.229984],[6.224788,53.229907],[6.224843,53.229838],[6.224849,53.229831],[6.224955,53.229699],[6.225005,53.229615],[6.225039,53.229524],[6.225062,53.229445],[6.22507,53.22936],[6.225075,53.229307],[6.225075,53.229304],[6.225065,53.229249],[6.225051,53.229129],[6.225035,53.228984],[6.225002,53.228726],[6.224975,53.228418],[6.224966,53.22825],[6.224972,53.228149],[6.224995,53.228041],[6.22504,53.227942],[6.225079,53.227881],[6.225093,53.227859],[6.225097,53.227855],[6.225142,53.227799],[6.225209,53.227722],[6.225265,53.227654],[6.225288,53.227627],[6.225339,53.227569],[6.2254,53.227509],[6.225467,53.227451],[6.225535,53.227395],[6.225609,53.227339],[6.225682,53.227292],[6.225745,53.227256],[6.22576,53.227247],[6.225828,53.227208],[6.225907,53.227163],[6.225986,53.22712],[6.226062,53.227077],[6.226127,53.227031],[6.226168,53.226997],[6.226186,53.22698],[6.2262,53.226959],[6.226218,53.22692],[6.22623,53.226876],[6.226237,53.226829],[6.22624,53.226785],[6.226235,53.226737],[6.226228,53.226692],[6.226222,53.226657],[6.226215,53.22662],[6.226209,53.226576],[6.226196,53.226523],[6.226184,53.226477],[6.226176,53.226439],[6.226173,53.226423],[6.22616,53.22638],[6.226139,53.226321],[6.226115,53.22626],[6.226086,53.226196],[6.22607,53.226168],[6.226056,53.226142],[6.226025,53.226096],[6.225986,53.226044],[6.225941,53.225994],[6.225902,53.225955],[6.225852,53.22591],[6.22579,53.225864],[6.225717,53.225811],[6.225662,53.225775],[6.225597,53.225732],[6.225529,53.225687],[6.225475,53.225652],[6.225425,53.22561],[6.225386,53.225572],[6.225358,53.225537],[6.225343,53.225497],[6.225338,53.225469],[6.225339,53.225455],[6.225351,53.225443],[6.225445,53.225356],[6.225493,53.225304],[6.225546,53.225257],[6.225595,53.225215],[6.225704,53.225122],[6.225772,53.225063],[6.225838,53.224994],[6.225922,53.224908],[6.22601,53.224815],[6.226094,53.224727],[6.226175,53.224646],[6.226256,53.22458],[6.226295,53.224548],[6.226298,53.224546],[6.226373,53.224486],[6.226492,53.224401],[6.226623,53.224321],[6.226771,53.224232],[6.226939,53.224138],[6.227096,53.224049],[6.227246,53.223976],[6.227253,53.223972],[6.227417,53.223884],[6.227598,53.223799],[6.227668,53.223766],[6.227795,53.223706],[6.228002,53.223623],[6.228015,53.223618],[6.228096,53.223587],[6.228149,53.223564],[6.228236,53.223524],[6.228351,53.223469],[6.228483,53.223403],[6.228609,53.223335],[6.228695,53.223285],[6.228743,53.223257],[6.228804,53.223218],[6.228828,53.223202],[6.228982,53.223107],[6.22908,53.22305],[6.229137,53.223018],[6.22919,53.222988],[6.229308,53.222925],[6.229437,53.222858],[6.229513,53.222825],[6.22955,53.222809],[6.229656,53.222762],[6.229719,53.222736],[6.229885,53.222669],[6.229896,53.222665],[6.229972,53.222636],[6.230025,53.22261],[6.230071,53.222581],[6.23011,53.222546],[6.230142,53.2225],[6.230173,53.22244],[6.2302,53.222354],[6.230216,53.222272],[6.230219,53.22226],[6.230224,53.222222],[6.230241,53.222146],[6.230256,53.222054],[6.230275,53.221968],[6.230285,53.221908],[6.230284,53.221881],[6.230286,53.221852],[6.230289,53.221812],[6.230283,53.221739],[6.23028,53.221646],[6.230277,53.221609],[6.230262,53.221524],[6.230235,53.221414],[6.230227,53.221349],[6.230214,53.22129],[6.230212,53.221283],[6.230199,53.221235],[6.230193,53.221197],[6.230188,53.221176],[6.230182,53.221115],[6.230176,53.221074],[6.230169,53.221022],[6.230161,53.220962],[6.230151,53.220858],[6.23015,53.22078],[6.230156,53.220723],[6.230157,53.220705],[6.230158,53.220683],[6.230153,53.220652],[6.230154,53.220614],[6.230152,53.220568],[6.230147,53.220486],[6.230135,53.220405],[6.230124,53.220349],[6.23012,53.220332],[6.23012,53.220329],[6.230097,53.220275],[6.230082,53.220226],[6.230072,53.22018],[6.230052,53.220132],[6.230019,53.220067],[6.229974,53.220003],[6.229921,53.219933],[6.229851,53.219853],[6.229794,53.219787],[6.22972,53.219712],[6.2297,53.219698],[6.22965,53.219663],[6.229553,53.219609],[6.229413,53.219544],[6.229243,53.219461],[6.229195,53.219431],[6.229154,53.219408],[6.229099,53.219379],[6.229075,53.219359],[6.229052,53.21933],[6.229027,53.219271],[6.228996,53.219194],[6.228987,53.219157],[6.228985,53.219149],[6.228984,53.219143],[6.228997,53.219086],[6.229011,53.219016],[6.229031,53.218946],[6.229062,53.218872],[6.229072,53.218848],[6.229074,53.218843],[6.229108,53.218777],[6.229189,53.21867],[6.229258,53.218582],[6.229279,53.218558],[6.229289,53.218548],[6.229357,53.218468],[6.229456,53.218359],[6.229562,53.218248],[6.229617,53.218201],[6.229678,53.218164],[6.229709,53.218152],[6.22977,53.218128],[6.22979,53.218093],[6.22983,53.218064],[6.229872,53.218033],[6.229913,53.217992],[6.229943,53.217945],[6.229968,53.217885],[6.229978,53.217863],[6.22999,53.217839],[6.229989,53.217827],[6.229989,53.217825],[6.229989,53.217818],[6.229986,53.21781],[6.22998,53.217788],[6.229945,53.217714],[6.229893,53.217642],[6.229807,53.217537],[6.22964,53.217365],[6.229484,53.217222],[6.229455,53.2172],[6.229402,53.217159],[6.229334,53.217106],[6.229232,53.217021],[6.229057,53.21689],[6.228925,53.216799],[6.228796,53.216716],[6.228707,53.216663],[6.228666,53.216639],[6.228574,53.216586],[6.228543,53.216571],[6.228436,53.216517],[6.228249,53.216437],[6.228111,53.216376],[6.227984,53.216327],[6.22784,53.216285],[6.227723,53.216256],[6.227589,53.216228],[6.22755,53.216221],[6.227537,53.216219],[6.227506,53.216214],[6.22737,53.216195],[6.22722,53.216175],[6.227076,53.216163],[6.226978,53.216148],[6.226918,53.216141],[6.226843,53.216127],[6.226835,53.216126],[6.226791,53.216118],[6.226737,53.216099],[6.226678,53.216073],[6.226629,53.216045],[6.226583,53.216007],[6.226527,53.21596],[6.226479,53.215917],[6.22643,53.215872],[6.226381,53.215821],[6.226372,53.215812],[6.226326,53.215771],[6.226251,53.215691],[6.226198,53.215642],[6.226133,53.215595],[6.226063,53.215537],[6.226014,53.215498],[6.22597,53.215472],[6.22596,53.215466],[6.225881,53.215427],[6.225793,53.215384],[6.22572,53.215351],[6.225661,53.215326],[6.225642,53.215318],[6.22557,53.215295],[6.225513,53.215273],[6.225489,53.215263],[6.225419,53.215228],[6.225377,53.215207],[6.225334,53.215181],[6.225288,53.215145],[6.225245,53.215106],[6.225213,53.21507],[6.225185,53.215028],[6.225166,53.215],[6.225108,53.214928],[6.225072,53.214888],[6.225048,53.214861],[6.225034,53.214845],[6.224985,53.214801],[6.224922,53.214739],[6.224802,53.214629],[6.22475,53.214579],[6.224707,53.214528],[6.224679,53.214487],[6.224666,53.214464],[6.224655,53.214423],[6.224649,53.214399],[6.224649,53.214399],[6.224653,53.214349],[6.224671,53.214272],[6.224712,53.214194],[6.224751,53.214127],[6.224809,53.214042],[6.224856,53.213977],[6.224888,53.213926],[6.224899,53.213909],[6.224926,53.213851],[6.224991,53.213747],[6.225027,53.213704],[6.22507,53.21365],[6.225157,53.213552],[6.225215,53.213486],[6.225282,53.213403],[6.225313,53.213337],[6.225318,53.213317],[6.225319,53.213312],[6.225317,53.213302],[6.225316,53.213299],[6.225282,53.213266],[6.225261,53.213233],[6.225225,53.213185],[6.225171,53.213105],[6.225126,53.213039],[6.225104,53.212984],[6.225098,53.212969],[6.225072,53.212921],[6.225029,53.212844],[6.225019,53.212827],[6.224978,53.212749],[6.224955,53.212697],[6.224941,53.212664],[6.224931,53.212637],[6.224918,53.212606],[6.224907,53.212571],[6.224899,53.212541],[6.224889,53.212508],[6.224883,53.212477],[6.224879,53.212444],[6.224878,53.212412],[6.224878,53.212398],[6.224877,53.212322],[6.224881,53.212222],[6.224882,53.212194],[6.224881,53.212161],[6.22488,53.212144],[6.224876,53.212118],[6.224874,53.212105],[6.224873,53.212092],[6.224872,53.212083],[6.224869,53.21207],[6.224864,53.212055],[6.224857,53.212038],[6.224849,53.212021],[6.224826,53.211985],[6.224815,53.211966],[6.224803,53.211948],[6.224797,53.211941],[6.224737,53.211875],[6.224683,53.211828],[6.224619,53.211775],[6.224569,53.211735],[6.224521,53.211703],[6.224417,53.211632],[6.224151,53.211446],[6.224102,53.211408],[6.224078,53.211389],[6.224039,53.211359],[6.223993,53.211324],[6.223948,53.211288],[6.223897,53.211253],[6.223826,53.211199],[6.223782,53.211161],[6.223739,53.21112],[6.223724,53.211107],[6.223699,53.211086],[6.22367,53.211065],[6.223599,53.211014],[6.223543,53.210973],[6.223515,53.210954],[6.223486,53.210938],[6.223456,53.210922],[6.223407,53.210896],[6.223361,53.210893],[6.223327,53.210848],[6.223317,53.210841],[6.2233,53.210833],[6.223291,53.210829],[6.223264,53.210817],[6.223202,53.210792],[6.223129,53.210769],[6.223074,53.21075],[6.223026,53.210737],[6.222979,53.210726],[6.222921,53.210715],[6.222872,53.210706],[6.222825,53.210699],[6.222728,53.210683],[6.222697,53.210678],[6.222644,53.210667],[6.222574,53.210648],[6.22257,53.210648],[6.222549,53.210646],[6.222534,53.210644],[6.222521,53.210641],[6.222518,53.21064],[6.222497,53.210634],[6.222474,53.210626],[6.222451,53.210617],[6.222432,53.210605],[6.222385,53.210574],[6.222346,53.210549],[6.222332,53.210541],[6.222321,53.210536],[6.222306,53.210529],[6.222295,53.210522],[6.222288,53.210515],[6.222285,53.210507],[6.222283,53.210499],[6.222277,53.210486],[6.222265,53.210468],[6.222232,53.210404],[6.222209,53.210369],[6.222188,53.210337],[6.222162,53.2103],[6.222122,53.210241],[6.222079,53.210182],[6.222042,53.210126],[6.222019,53.210087],[6.222013,53.210074],[6.222012,53.210073],[6.222006,53.210064],[6.221997,53.210055],[6.22199,53.210046],[6.22197,53.210017],[6.221948,53.209988],[6.221921,53.209954],[6.221903,53.209927],[6.221891,53.209908],[6.221883,53.209894],[6.221876,53.209879],[6.221869,53.209863],[6.221863,53.209847],[6.221856,53.209829],[6.221852,53.209811],[6.22185,53.209794],[6.221848,53.209773],[6.221846,53.209752],[6.221846,53.20973],[6.221848,53.209702],[6.221853,53.20966],[6.221874,53.209447],[6.221876,53.209439],[6.22188,53.209426],[6.221882,53.209415],[6.221887,53.209405],[6.22189,53.209401],[6.221964,53.209201],[6.221973,53.209184],[6.221996,53.209146],[6.222039,53.209069],[6.222076,53.20901],[6.222095,53.208979],[6.222104,53.208962],[6.222111,53.208944],[6.222115,53.20893],[6.222118,53.208914],[6.222119,53.208902],[6.222119,53.208889],[6.222118,53.208875],[6.222117,53.208863],[6.222114,53.208849],[6.22211,53.208839],[6.222105,53.208828],[6.222099,53.208816],[6.222092,53.208802],[6.222085,53.20879],[6.222077,53.20878],[6.222073,53.208776],[6.222057,53.20876],[6.222039,53.208748],[6.222028,53.208737],[6.222006,53.208714],[6.221991,53.208702],[6.221954,53.208669],[6.221918,53.208639],[6.221892,53.20862],[6.221874,53.208606],[6.221852,53.208589],[6.221828,53.208574],[6.2218,53.208557],[6.22177,53.208537],[6.221682,53.208479],[6.221616,53.208436],[6.221531,53.20838],[6.221496,53.208355],[6.221444,53.208325],[6.221421,53.208308],[6.221399,53.208291],[6.221376,53.208274],[6.221355,53.20826],[6.221313,53.208229],[6.221287,53.20821],[6.221215,53.208156],[6.221195,53.208139],[6.22118,53.208124],[6.221178,53.208123],[6.221166,53.208112],[6.221143,53.208096],[6.221108,53.208074],[6.22106,53.208045],[6.221025,53.208026],[6.22099,53.208007],[6.220944,53.207986],[6.220902,53.207968],[6.220826,53.207938],[6.220797,53.207926],[6.220704,53.20789],[6.2207,53.207889],[6.220531,53.207839],[6.220518,53.207836],[6.22038,53.2078],[6.220283,53.207797],[6.220197,53.207746],[6.220157,53.207729],[6.220092,53.207719],[6.22007,53.207664],[6.219996,53.207589],[6.219891,53.207447],[6.219703,53.207149],[6.219645,53.207067],[6.219604,53.206996],[6.219581,53.206933],[6.219542,53.206474],[6.219534,53.20644],[6.219524,53.206413],[6.219504,53.206375],[6.219474,53.206341],[6.219424,53.206297],[6.219322,53.206218],[6.219287,53.206191],[6.219266,53.20616],[6.219242,53.20613],[6.219185,53.206081],[6.219183,53.20608],[6.219058,53.205993],[6.218952,53.205928],[6.21883,53.205869],[6.218765,53.205842],[6.218674,53.205804],[6.218585,53.205776],[6.21844,53.205729],[6.218381,53.20571],[6.21818,53.205664],[6.218189,53.205647],[6.218123,53.205623],[6.218065,53.205599],[6.218042,53.205587],[6.218012,53.205571],[6.217973,53.205548],[6.217923,53.205506],[6.217826,53.205426],[6.217733,53.205351],[6.217572,53.2052],[6.217511,53.205153],[6.21746,53.205117],[6.217369,53.205059],[6.217358,53.205052],[6.217281,53.205],[6.217154,53.204924],[6.21715,53.204922],[6.217091,53.204894],[6.216985,53.204842],[6.216891,53.204789],[6.216867,53.204775],[6.216657,53.204653],[6.216642,53.20464],[6.216525,53.204581],[6.216517,53.204577],[6.216386,53.204512],[6.216278,53.20447],[6.216179,53.204435],[6.216043,53.204401],[6.215663,53.204309],[6.215527,53.204276],[6.215417,53.204253],[6.215353,53.204242],[6.215074,53.204194],[6.214748,53.20414],[6.214693,53.204127],[6.214655,53.204115],[6.214477,53.20406],[6.214323,53.203988],[6.214191,53.203905],[6.214166,53.20389],[6.214128,53.203864],[6.214081,53.20383],[6.214025,53.203787],[6.213997,53.203765],[6.213965,53.203739],[6.213935,53.203715],[6.213911,53.203692],[6.21387,53.203655],[6.213856,53.203642],[6.213821,53.203607],[6.213795,53.203577],[6.213765,53.203545],[6.213716,53.203488],[6.213701,53.203466],[6.213684,53.20344],[6.213665,53.203417],[6.213641,53.20338],[6.213619,53.203351],[6.213586,53.203308],[6.213552,53.203269],[6.213518,53.203227],[6.213482,53.20319],[6.213448,53.203152],[6.213409,53.203118],[6.213373,53.203084],[6.213349,53.203063],[6.213327,53.203046],[6.213299,53.203024],[6.21327,53.203007],[6.213234,53.202991],[6.213183,53.202963],[6.213044,53.202889],[6.212971,53.202852],[6.212889,53.202809],[6.212815,53.202772],[6.212725,53.202729],[6.212654,53.202695],[6.212579,53.202659],[6.212479,53.202611],[6.212419,53.202583],[6.21235,53.202546],[6.212281,53.202511],[6.212218,53.202478],[6.212157,53.202444],[6.212094,53.202406],[6.212042,53.202373],[6.211992,53.202341],[6.211936,53.202304],[6.211891,53.202272],[6.211861,53.202248],[6.211832,53.202221],[6.211811,53.2022],[6.211787,53.202174],[6.211759,53.202141],[6.211731,53.2021],[6.211701,53.202061],[6.211671,53.202015],[6.211647,53.201975],[6.211627,53.20194],[6.211602,53.201899],[6.211583,53.201865],[6.211566,53.201834],[6.211549,53.201797],[6.211533,53.201763],[6.21152,53.201733],[6.211512,53.20171],[6.211504,53.201688],[6.211499,53.201669],[6.211495,53.201642],[6.211493,53.201616],[6.211491,53.20158],[6.21149,53.201529],[6.211491,53.201493],[6.21149,53.201464],[6.211483,53.20142],[6.211475,53.201368],[6.211465,53.201318],[6.211447,53.201257],[6.211428,53.201217],[6.211411,53.201185],[6.211393,53.201163],[6.211378,53.20115],[6.211347,53.201127],[6.211297,53.201095],[6.21123,53.201055],[6.211162,53.201015],[6.211111,53.200982],[6.211098,53.200973],[6.211057,53.200945],[6.211008,53.200917],[6.210953,53.20089],[6.210896,53.200865],[6.210841,53.200841],[6.210771,53.200812],[6.210648,53.200768],[6.210591,53.200749],[6.21053,53.200731],[6.21048,53.200717],[6.210466,53.200714],[6.210406,53.200699],[6.210358,53.200683],[6.21031,53.200663],[6.210264,53.200643],[6.210249,53.200637],[6.210193,53.20061],[6.210138,53.20058],[6.210091,53.200553],[6.210039,53.200519],[6.209996,53.20049],[6.209962,53.200467],[6.209927,53.200439],[6.209897,53.200415],[6.209875,53.200394],[6.209858,53.200373],[6.209843,53.200354],[6.209828,53.200333],[6.209813,53.200311],[6.209801,53.200292],[6.209789,53.200271],[6.209776,53.20025],[6.209758,53.200224],[6.209745,53.20019],[6.209734,53.200162],[6.20972,53.200126],[6.209703,53.200095],[6.209701,53.20009],[6.209679,53.200061],[6.20966,53.200038],[6.209635,53.200012],[6.209606,53.199983],[6.209578,53.199961],[6.209532,53.199933],[6.209477,53.199906],[6.209426,53.199885],[6.209361,53.199863],[6.209307,53.199845],[6.209273,53.199837],[6.209234,53.199827],[6.209193,53.19982],[6.209076,53.1998],[6.209016,53.19979],[6.208921,53.199773],[6.20875,53.199745],[6.208568,53.199713],[6.208388,53.199682],[6.208362,53.199678],[6.208294,53.199668],[6.208279,53.199667],[6.20826,53.199666],[6.208228,53.199666],[6.208193,53.199668],[6.208163,53.19967],[6.208111,53.199673],[6.208054,53.199675],[6.207991,53.199676],[6.207933,53.199677],[6.207878,53.19968],[6.207817,53.199684],[6.207768,53.199691],[6.207703,53.199699],[6.20762,53.199714],[6.207566,53.199726],[6.20752,53.199737],[6.207474,53.199751],[6.207428,53.199764],[6.207382,53.199777],[6.207337,53.199789],[6.207292,53.199801],[6.20724,53.199816],[6.207183,53.199829],[6.207119,53.199844],[6.207066,53.199856],[6.207008,53.199868],[6.206958,53.199879],[6.206905,53.199888],[6.206865,53.199894],[6.206849,53.199896],[6.206803,53.199903],[6.206758,53.199911],[6.206703,53.199918],[6.206636,53.199926],[6.206585,53.199933],[6.206522,53.199939],[6.206469,53.199943],[6.206409,53.199945],[6.206346,53.199947],[6.206272,53.199949],[6.20619,53.19995],[6.206108,53.199951],[6.206033,53.199952],[6.205979,53.199952],[6.20593,53.199953],[6.20588,53.199953],[6.205847,53.199953],[6.20576,53.199952],[6.20571,53.199951],[6.205688,53.19995],[6.205661,53.19995],[6.205593,53.199948],[6.205525,53.199946],[6.205466,53.199942],[6.205396,53.199939],[6.205331,53.199934],[6.205277,53.199931],[6.205219,53.199923],[6.205138,53.199912],[6.20507,53.199898],[6.205033,53.199892],[6.205032,53.199891],[6.204879,53.199867],[6.204568,53.199818],[6.204517,53.199812],[6.204427,53.1998],[6.204364,53.199791],[6.204357,53.19979],[6.204322,53.199785],[6.204289,53.199778],[6.20426,53.199774],[6.20422,53.19977],[6.204164,53.199765],[6.204115,53.199759],[6.204078,53.19975],[6.204046,53.199742],[6.204039,53.19974],[6.204017,53.199732],[6.203995,53.199724],[6.203944,53.199702],[6.203896,53.199674],[6.203833,53.199638],[6.20377,53.199598],[6.203717,53.199559],[6.203668,53.199531],[6.20365,53.199522],[6.203601,53.199497],[6.203538,53.199458],[6.203478,53.199424],[6.203438,53.199403],[6.203408,53.199387],[6.203357,53.199367],[6.203332,53.199357],[6.203259,53.199331],[6.203248,53.199327],[6.203156,53.19931],[6.203059,53.199301],[6.20296,53.199291],[6.202873,53.199277],[6.202806,53.199266],[6.202741,53.199253],[6.202674,53.199239],[6.202619,53.199226],[6.202577,53.199214],[6.202536,53.199202],[6.202509,53.199189],[6.202472,53.19917],[6.202434,53.199148],[6.202366,53.199102],[6.202333,53.199076],[6.202299,53.199049],[6.202265,53.199023],[6.202234,53.198997],[6.202231,53.198994],[6.20217,53.198941],[6.202138,53.198916],[6.20211,53.198898],[6.202074,53.198879],[6.202036,53.198858],[6.20199,53.19884],[6.201922,53.198814],[6.201847,53.198792],[6.201759,53.198765],[6.201665,53.198741],[6.201612,53.198728],[6.20156,53.198715],[6.201435,53.198683],[6.201326,53.198659],[6.201199,53.198632],[6.201073,53.198604],[6.200936,53.198577],[6.200813,53.19855],[6.200699,53.198528],[6.200592,53.198507],[6.200489,53.198489],[6.200388,53.198474],[6.200367,53.198473],[6.20033,53.198469],[6.200297,53.198468],[6.200275,53.198469],[6.200265,53.198469],[6.20022,53.198469],[6.200155,53.198467],[6.200071,53.198466],[6.200009,53.198465],[6.199937,53.198459],[6.199878,53.198453],[6.199835,53.198447],[6.199799,53.198436],[6.199761,53.198424],[6.199731,53.198413],[6.199705,53.198402],[6.199682,53.198392],[6.199654,53.198378],[6.199652,53.198377],[6.199622,53.198355],[6.199603,53.198336],[6.199587,53.198318],[6.199571,53.198292],[6.199565,53.198281],[6.199564,53.198278],[6.199555,53.198254],[6.199545,53.198225],[6.199542,53.198196],[6.199542,53.198164],[6.19955,53.198132],[6.199556,53.198112],[6.19956,53.198085],[6.19957,53.198048],[6.199583,53.198014],[6.199598,53.197972],[6.199616,53.197916],[6.199633,53.197874],[6.19965,53.197827],[6.199672,53.197782],[6.199693,53.197742],[6.199715,53.197689],[6.199738,53.197656],[6.199767,53.197614],[6.199798,53.197567],[6.199824,53.19753],[6.199851,53.197495],[6.199884,53.197455],[6.199903,53.19742],[6.199922,53.197391],[6.199936,53.19737],[6.199939,53.197365],[6.199961,53.197328],[6.199979,53.19729],[6.19999,53.197265],[6.200006,53.197223],[6.200011,53.197178],[6.200014,53.197128],[6.200012,53.197026],[6.200005,53.196991],[6.199989,53.196942],[6.199975,53.19691],[6.199938,53.19684],[6.199897,53.19678],[6.199862,53.19673],[6.19984,53.196705],[6.199772,53.196623],[6.199689,53.19653],[6.199623,53.196461],[6.199558,53.196406],[6.199476,53.196349],[6.199396,53.196292],[6.19934,53.196243],[6.199306,53.196196],[6.199291,53.19616],[6.199287,53.196129],[6.199288,53.196094],[6.199295,53.196065],[6.199311,53.196034],[6.199353,53.195978],[6.19939,53.195927],[6.199425,53.195883],[6.199442,53.19585],[6.199453,53.195824],[6.19947,53.195782],[6.199497,53.195697],[6.199503,53.195677],[6.199515,53.195633],[6.199536,53.195588],[6.199568,53.195546],[6.199601,53.195509],[6.199643,53.195473],[6.199677,53.195446],[6.199763,53.195379],[6.199831,53.195323],[6.19986,53.195291],[6.199879,53.195263],[6.199896,53.195232],[6.19991,53.195195],[6.199916,53.195163],[6.199919,53.195119],[6.199914,53.195064],[6.199908,53.195017],[6.199899,53.194922],[6.199896,53.194897],[6.199886,53.194803],[6.19988,53.194694],[6.199878,53.194543],[6.199875,53.194542],[6.199846,53.194523],[6.199792,53.194476],[6.199575,53.194289],[6.199527,53.194234],[6.1995,53.194198],[6.199482,53.19416],[6.199469,53.194118],[6.199461,53.19402],[6.199463,53.193999],[6.199481,53.1938],[6.199483,53.19365],[6.199479,53.193585],[6.199459,53.193442],[6.199456,53.193422],[6.199453,53.193374],[6.199451,53.193355],[6.199446,53.193312],[6.199444,53.193291],[6.199442,53.193281],[6.199438,53.193267],[6.199432,53.193254],[6.199416,53.193235],[6.199399,53.193224],[6.199371,53.193199],[6.199231,53.193115],[6.199126,53.193082],[6.199119,53.193083],[6.199107,53.193083],[6.199076,53.193084],[6.19902,53.193085],[6.198954,53.193083],[6.198893,53.193082],[6.198883,53.193081],[6.198824,53.193075],[6.198742,53.193052],[6.1987,53.193035],[6.198671,53.193018],[6.198629,53.192989],[6.198611,53.19297],[6.198573,53.192916],[6.198512,53.192827],[6.198381,53.192634],[6.198326,53.192573],[6.198246,53.192483],[6.198109,53.192328],[6.198039,53.192269],[6.198022,53.192257],[6.197971,53.192211],[6.197933,53.19218],[6.197904,53.192159],[6.197883,53.192144],[6.197835,53.192115],[6.197755,53.192074],[6.197604,53.192017],[6.197566,53.192006],[6.197532,53.191999],[6.197506,53.191993],[6.197447,53.191988],[6.19733,53.191993],[6.197096,53.192013],[6.197037,53.192016],[6.196995,53.192015],[6.196904,53.19201],[6.196861,53.192007],[6.196812,53.191998],[6.196749,53.191986],[6.196721,53.19198],[6.19665,53.19196],[6.196588,53.191936],[6.196503,53.191902],[6.196388,53.191857],[6.196259,53.191816],[6.196133,53.191784],[6.195973,53.191748],[6.195789,53.191702],[6.195699,53.191679],[6.19559,53.191645],[6.195513,53.191621],[6.195395,53.19157],[6.195336,53.191538],[6.195277,53.191499],[6.19524,53.191469],[6.195205,53.191428],[6.19517,53.191365],[6.195144,53.191276],[6.195137,53.191203],[6.19513,53.191168],[6.195125,53.191147],[6.195121,53.191136],[6.195116,53.191119],[6.195111,53.191107],[6.195107,53.1911],[6.195101,53.191091],[6.195083,53.191065],[6.195079,53.191056],[6.195071,53.191046],[6.195063,53.191035],[6.195049,53.191024],[6.19504,53.191017],[6.19503,53.191009],[6.195021,53.191002],[6.195012,53.190997],[6.195001,53.19099],[6.194989,53.190983],[6.194979,53.190976],[6.194956,53.190965],[6.194943,53.190961],[6.194929,53.190956],[6.194826,53.190916],[6.19481,53.190912],[6.194792,53.190908],[6.194776,53.190902],[6.194746,53.190891],[6.194727,53.190885],[6.19471,53.190879],[6.194696,53.190873],[6.194683,53.190866],[6.194671,53.19086],[6.194654,53.190852],[6.194639,53.190841],[6.194627,53.190833],[6.194613,53.190826],[6.194602,53.190818],[6.194591,53.190811],[6.194573,53.190799],[6.19447,53.190719],[6.19445,53.1907],[6.194431,53.190683],[6.194415,53.190669],[6.194405,53.190657],[6.194391,53.190643],[6.194376,53.190627],[6.194363,53.190611],[6.194352,53.190594],[6.194334,53.190568],[6.194324,53.190553],[6.19431,53.190535],[6.194298,53.190519],[6.194288,53.190501],[6.194276,53.190484],[6.194264,53.190465],[6.194252,53.190446],[6.19425,53.190442],[6.194242,53.190424],[6.194234,53.190402],[6.194223,53.190375],[6.194206,53.190337],[6.194183,53.190288],[6.194152,53.190214],[6.194134,53.190168],[6.194121,53.190137],[6.194101,53.190075],[6.194089,53.190014],[6.194061,53.189887],[6.19406,53.189877],[6.194056,53.189861],[6.194051,53.189848],[6.194045,53.189831],[6.194038,53.189821],[6.194031,53.18981],[6.194024,53.189799],[6.194016,53.189785],[6.19401,53.189776],[6.194004,53.189768],[6.193996,53.189761],[6.19399,53.189752],[6.193981,53.189744],[6.193969,53.18973],[6.193956,53.189717],[6.193946,53.189706],[6.193935,53.189697],[6.193922,53.189686],[6.19391,53.189676],[6.193897,53.189666],[6.193884,53.189656],[6.193872,53.189648],[6.19386,53.189641],[6.193848,53.189634],[6.19381,53.189614],[6.193765,53.189592],[6.193747,53.189583],[6.19368,53.189556],[6.193619,53.189529],[6.193552,53.189501],[6.193496,53.189474],[6.193435,53.18945],[6.193389,53.189431],[6.193344,53.189414],[6.193281,53.189384],[6.193255,53.189371],[6.193219,53.189352],[6.193162,53.189318],[6.193098,53.189278],[6.192992,53.189201],[6.19295,53.189171],[6.192907,53.189129],[6.192855,53.189068],[6.192839,53.189045],[6.19275,53.18892],[6.192736,53.1889],[6.192694,53.188837],[6.192661,53.188757],[6.192584,53.188565],[6.192529,53.188437],[6.192478,53.188316],[6.192416,53.188217],[6.192326,53.188069],[6.192227,53.187878],[6.192207,53.187836],[6.192169,53.187732],[6.192133,53.187656],[6.19211,53.187592],[6.192065,53.187522],[6.192021,53.187455],[6.192012,53.187442],[6.191969,53.187385],[6.191942,53.187346],[6.19189,53.187254],[6.191846,53.187207],[6.191637,53.186878],[6.19163,53.186867],[6.191612,53.186838],[6.191536,53.18672],[6.19149,53.186649],[6.191465,53.186612],[6.19143,53.186576],[6.191349,53.186503],[6.191268,53.186437],[6.191227,53.1864],[6.191176,53.186336],[6.191149,53.186302],[6.191119,53.186252],[6.191051,53.186121],[6.190984,53.185971],[6.190911,53.185834],[6.190869,53.185758],[6.190855,53.18573],[6.190846,53.185709],[6.190835,53.185679],[6.190812,53.185643],[6.190787,53.185597],[6.190759,53.18555],[6.190731,53.185507],[6.190707,53.185468],[6.190689,53.185435],[6.190607,53.185291],[6.190588,53.185248],[6.190548,53.185176],[6.19047,53.185046],[6.190378,53.184905],[6.19028,53.184762],[6.190244,53.184708],[6.190229,53.184686],[6.190164,53.184586],[6.190138,53.184548],[6.1901,53.184491],[6.190048,53.184413],[6.189987,53.184326],[6.189943,53.184267],[6.189936,53.184256],[6.18993,53.184247],[6.189926,53.184236],[6.189921,53.184224],[6.189918,53.184213],[6.189914,53.184203],[6.189913,53.184193],[6.189903,53.184179],[6.189839,53.184077],[6.189834,53.184072],[6.189802,53.184038],[6.189769,53.183981],[6.189742,53.18393],[6.1897,53.183856],[6.189602,53.183813],[6.189446,53.183698],[6.189436,53.18369],[6.18937,53.183642],[6.189278,53.18356],[6.189187,53.183464],[6.189106,53.183376],[6.189074,53.183338],[6.189077,53.183328],[6.189077,53.183318],[6.189077,53.183309],[6.189071,53.183298],[6.189065,53.183288],[6.188987,53.183228],[6.188966,53.183208],[6.188925,53.183176],[6.188882,53.183144],[6.188813,53.183097],[6.188746,53.18305],[6.188684,53.183008],[6.188626,53.18297],[6.188568,53.182934],[6.188519,53.18291],[6.188478,53.182889],[6.188428,53.182869],[6.188389,53.182849],[6.18832,53.182814],[6.188201,53.182772],[6.188134,53.18275],[6.188117,53.1827],[6.188083,53.182607],[6.188047,53.182517],[6.188009,53.182428],[6.187969,53.182341],[6.187926,53.182252],[6.18788,53.182165],[6.187832,53.182077],[6.18773,53.181904],[6.187624,53.181735],[6.187532,53.181589],[6.187568,53.181582],[6.187517,53.181501],[6.187007,53.180695],[6.186973,53.180704],[6.186677,53.180235],[6.186369,53.179748],[6.185385,53.178189],[6.185013,53.1776],[6.184708,53.177117],[6.184652,53.177028],[6.184635,53.177002],[6.184628,53.177004],[6.184491,53.176837],[6.184603,53.176675],[6.184708,53.176645],[6.184668,53.176604],[6.184556,53.176488],[6.184527,53.176495],[6.184526,53.176494],[6.184185,53.176381],[6.184157,53.176372],[6.184095,53.176248],[6.182719,53.173358],[6.182332,53.17255],[6.181668,53.171163],[6.181543,53.170877],[6.181456,53.17071],[6.1814,53.170601],[6.181375,53.170557],[6.181252,53.170392],[6.181224,53.170348],[6.18115,53.170272],[6.181079,53.170215],[6.180936,53.170141],[6.180825,53.170088],[6.179897,53.169447],[6.17976,53.169352],[6.179162,53.168939],[6.177976,53.168116],[6.177939,53.168086],[6.17793,53.168079],[6.177894,53.168047],[6.177871,53.168025],[6.177865,53.16802],[6.177837,53.167996],[6.177821,53.167977],[6.177799,53.167951],[6.177781,53.167929],[6.177755,53.167886],[6.177742,53.167857],[6.177738,53.167846],[6.177633,53.167618],[6.177433,53.167191],[6.177383,53.167079],[6.177337,53.166983],[6.17728,53.166845],[6.177265,53.166798],[6.177251,53.166767],[6.177242,53.166734],[6.177224,53.166683],[6.177215,53.166652],[6.177193,53.166542],[6.17718,53.166402],[6.177181,53.166304],[6.177179,53.166098],[6.177183,53.165821],[6.177174,53.165336],[6.177171,53.165296],[6.177141,53.165066],[6.177113,53.164777],[6.177092,53.164487],[6.17708,53.164222],[6.17708,53.164166],[6.177033,53.163599],[6.177021,53.163452],[6.17702,53.163382],[6.176998,53.163056],[6.176971,53.162735],[6.176973,53.162643],[6.176942,53.162267],[6.176899,53.161659],[6.176861,53.161163],[6.176855,53.161024],[6.176848,53.160918],[6.176843,53.160837],[6.176801,53.160223],[6.176807,53.160177],[6.176781,53.159911],[6.176771,53.159847],[6.176764,53.159756],[6.176762,53.159675],[6.17675,53.159504],[6.176602,53.159453],[6.176572,53.159443],[6.176467,53.159406],[6.176213,53.159318],[6.176064,53.159264],[6.175754,53.159149],[6.175545,53.159075],[6.175308,53.158992],[6.175007,53.158889],[6.174882,53.158843],[6.174824,53.158822],[6.173881,53.158493],[6.173829,53.158476],[6.173762,53.158453],[6.173354,53.158309],[6.173315,53.158295],[6.173254,53.158274],[6.172737,53.158096],[6.172217,53.157911],[6.171731,53.157741],[6.171538,53.157672],[6.171461,53.157644],[6.171029,53.157503],[6.170079,53.157164],[6.169263,53.156876],[6.169026,53.156793],[6.167965,53.156419],[6.166872,53.156034],[6.166375,53.155858],[6.165824,53.155659],[6.16582,53.155658],[6.165789,53.155647],[6.165365,53.155499],[6.165079,53.155397],[6.164909,53.15534],[6.164799,53.155303],[6.164552,53.155217],[6.164135,53.15507],[6.163781,53.154949],[6.163729,53.154931],[6.163694,53.154919],[6.163683,53.154916],[6.163436,53.154831],[6.16316,53.154731],[6.162666,53.154558],[6.162549,53.154517],[6.162414,53.154469],[6.162134,53.154369],[6.161595,53.154176],[6.161125,53.154014],[6.16062,53.153838],[6.159806,53.153554],[6.159068,53.153297],[6.15847,53.153084],[6.158393,53.153056],[6.158337,53.153036],[6.157521,53.152759],[6.156713,53.152472],[6.155983,53.152226],[6.155209,53.151959],[6.15516,53.151942],[6.155133,53.151924],[6.153474,53.151347],[6.153292,53.151284],[6.15327,53.151278],[6.153135,53.151233],[6.152773,53.151107],[6.152395,53.150973],[6.151986,53.150833],[6.151629,53.151456],[6.151231,53.15215],[6.151126,53.152335],[6.151114,53.152356],[6.150841,53.152833],[6.150642,53.153199],[6.150583,53.153307],[6.150535,53.153397],[6.150527,53.153413],[6.150384,53.153686],[6.150199,53.154012],[6.150197,53.154017],[6.150067,53.154247],[6.150036,53.154303],[6.149988,53.154393],[6.149964,53.154441],[6.14996,53.154449],[6.14994,53.154492],[6.149878,53.154627],[6.149871,53.154641],[6.149844,53.154695],[6.149826,53.154728],[6.149761,53.154848],[6.149684,53.155001],[6.149668,53.155034],[6.149624,53.155118],[6.149602,53.155153],[6.149591,53.155171],[6.149557,53.155231],[6.149426,53.155471],[6.149418,53.155479],[6.149323,53.155652],[6.149313,53.155671],[6.14921,53.155861],[6.149204,53.155871],[6.149122,53.156019],[6.149121,53.156019],[6.149104,53.156046],[6.149083,53.15608],[6.149041,53.156155],[6.149041,53.156156],[6.149026,53.156182],[6.148988,53.156252],[6.14898,53.156265],[6.148952,53.156316],[6.148937,53.156344],[6.148885,53.156439],[6.148701,53.156781],[6.148639,53.156895],[6.148544,53.157063],[6.148475,53.157182],[6.148404,53.157308],[6.148256,53.157564],[6.148231,53.157615],[6.148118,53.157827],[6.147943,53.157752],[6.147314,53.15744],[6.146931,53.157248],[6.146931,53.157247],[6.146406,53.156996],[6.146189,53.156887],[6.145879,53.156732],[6.145355,53.156473],[6.145352,53.156458],[6.145337,53.15645],[6.144901,53.156243],[6.144617,53.156105],[6.144545,53.156061],[6.144535,53.156057],[6.144469,53.156033],[6.144354,53.155977],[6.144099,53.155853],[6.1437,53.155659],[6.143605,53.155613],[6.143584,53.155603],[6.14311,53.155374],[6.14293,53.155288],[6.142893,53.15527],[6.142805,53.155228],[6.142483,53.155068],[6.142434,53.155043],[6.1421,53.154883],[6.141889,53.154783],[6.141742,53.154713],[6.141614,53.154652],[6.141355,53.154523],[6.14078,53.154248],[6.140539,53.154129],[6.140535,53.154126],[6.140324,53.154023],[6.139354,53.153546],[6.13842,53.153089],[6.137782,53.152776],[6.137213,53.152499],[6.136577,53.15219],[6.136199,53.152003],[6.135749,53.15178],[6.135253,53.15153],[6.134585,53.151214],[6.134248,53.151052],[6.133807,53.150836],[6.133312,53.150592],[6.132926,53.150402],[6.132691,53.150296],[6.132407,53.150157],[6.132191,53.150049],[6.132089,53.149999],[6.131954,53.149932],[6.131463,53.149695],[6.130942,53.149445],[6.130929,53.149448],[6.130773,53.149396],[6.130565,53.14933],[6.130249,53.149197],[6.129179,53.148673],[6.129078,53.148622],[6.128686,53.148425],[6.128124,53.148157],[6.127574,53.147889],[6.12721,53.147724],[6.12659,53.147413],[6.125935,53.14709],[6.124791,53.146534],[6.12364,53.145967],[6.123387,53.145844],[6.122814,53.145565],[6.122318,53.145326],[6.121854,53.1451],[6.121633,53.144993],[6.121558,53.145068],[6.121537,53.14509],[6.121439,53.145186],[6.121375,53.145255],[6.121348,53.145295],[6.12132,53.145342],[6.121311,53.145356],[6.121303,53.145363],[6.121298,53.14537],[6.121298,53.145381],[6.121301,53.14539],[6.121304,53.145402],[6.121306,53.145418],[6.121304,53.145445],[6.121301,53.145485],[6.121296,53.145525],[6.121293,53.145556],[6.121278,53.145558],[6.120945,53.145583],[6.119543,53.14569],[6.11923,53.145711],[6.118939,53.145731],[6.118792,53.145741],[6.118825,53.145909],[6.118841,53.145994],[6.118908,53.146285],[6.118919,53.146333],[6.118927,53.146366],[6.118986,53.146635],[6.118997,53.146687],[6.119011,53.146759],[6.119051,53.14708],[6.119073,53.147255],[6.119079,53.147307],[6.119124,53.14768],[6.119159,53.147973],[6.119171,53.148076],[6.119188,53.148186],[6.119194,53.148241],[6.119232,53.148605],[6.119244,53.148692],[6.119253,53.148763],[6.119315,53.149307],[6.119339,53.14942],[6.119094,53.149455],[6.117562,53.149666],[6.116447,53.14976],[6.116274,53.149774],[6.116155,53.149784],[6.115445,53.149842],[6.115374,53.149848],[6.115155,53.149866],[6.114958,53.149882],[6.114929,53.149884],[6.114644,53.149911],[6.114666,53.149997],[6.114554,53.150007],[6.11447,53.150015],[6.114424,53.150019],[6.114374,53.150023],[6.114353,53.150025],[6.113565,53.150094],[6.112571,53.150192],[6.112537,53.150196],[6.11263,53.150527],[6.112653,53.150611],[6.112619,53.150616],[6.112503,53.150631],[6.112386,53.150646],[6.111784,53.150725],[6.11151,53.15076],[6.111098,53.150813],[6.110425,53.150899],[6.110185,53.15093],[6.109628,53.150999],[6.109582,53.151005],[6.10961,53.151128],[6.109695,53.151359],[6.109733,53.151482],[6.109764,53.151557],[6.109717,53.151565],[6.109342,53.151627],[6.108897,53.151697],[6.108937,53.151877],[6.109009,53.152135],[6.109025,53.152198],[6.108709,53.152243],[6.108322,53.152298],[6.108192,53.152315],[6.108099,53.152079],[6.107993,53.151815],[6.107971,53.151759],[6.10751,53.151778],[6.107196,53.151792],[6.107139,53.151794],[6.10712,53.151798],[6.107113,53.151799],[6.107044,53.151811],[6.106896,53.151838],[6.106619,53.151884],[6.106344,53.151927],[6.106133,53.151958],[6.106035,53.151685],[6.105516,53.151741],[6.105013,53.151799],[6.105049,53.151902],[6.105135,53.152115],[6.105253,53.152385],[6.105294,53.152492],[6.105357,53.152654],[6.105465,53.152925],[6.105541,53.153105],[6.105604,53.153258],[6.105707,53.153512],[6.10578,53.153686],[6.10584,53.153848],[6.105906,53.154005],[6.106039,53.154324],[6.106106,53.154493],[6.106153,53.154606],[6.106157,53.154617],[6.106179,53.154686],[6.106219,53.154786],[6.106348,53.155058],[6.106441,53.155281],[6.106499,53.155412],[6.106548,53.155522],[6.106609,53.155642],[6.106669,53.155763],[6.106692,53.155807],[6.106583,53.155844],[6.106603,53.155864],[6.10663,53.155901],[6.106674,53.155982],[6.106723,53.156101],[6.106734,53.156132],[6.106759,53.156198],[6.106922,53.156596],[6.106946,53.156655],[6.107155,53.157167],[6.107218,53.157311],[6.107253,53.15739],[6.107344,53.157613],[6.107405,53.157773],[6.107486,53.158003],[6.107506,53.158059],[6.107622,53.158384],[6.10793,53.159068],[6.107943,53.159099],[6.108044,53.159334],[6.10806,53.159387],[6.108112,53.159504],[6.108127,53.15954],[6.108167,53.159635],[6.108228,53.159786],[6.108368,53.160126],[6.108516,53.160476],[6.108629,53.160744],[6.10864,53.160773],[6.108671,53.160855],[6.10888,53.161362],[6.108901,53.161408],[6.108933,53.161475],[6.109087,53.161866],[6.109101,53.161899],[6.109126,53.16196],[6.109255,53.162294],[6.10932,53.162457],[6.109407,53.162678],[6.109499,53.162907],[6.109519,53.162957],[6.109528,53.162981],[6.109612,53.163206],[6.109693,53.163435],[6.109773,53.163622],[6.109793,53.163658],[6.109835,53.16373],[6.109889,53.163881],[6.10994,53.164022],[6.110008,53.164213],[6.110125,53.164538],[6.110278,53.164958],[6.110379,53.16521],[6.110383,53.16522],[6.110394,53.165241],[6.110404,53.165262],[6.110524,53.16557],[6.110652,53.165874],[6.110679,53.165937],[6.110715,53.166019],[6.110846,53.166337],[6.110961,53.166627],[6.11097,53.166652],[6.111066,53.166918],[6.111147,53.167118],[6.111326,53.167553],[6.111359,53.167637],[6.111381,53.167694],[6.111481,53.167946],[6.111501,53.167997],[6.111526,53.168059],[6.11163,53.168293],[6.111639,53.168314],[6.111718,53.168504],[6.111726,53.168526],[6.111936,53.169056],[6.111939,53.169064],[6.111945,53.169079],[6.1121,53.169487],[6.112115,53.169541],[6.112123,53.169564],[6.112183,53.169743],[6.112206,53.169778],[6.112258,53.169903],[6.112417,53.170321],[6.112423,53.170362],[6.112536,53.170641],[6.11254,53.170651],[6.112552,53.170685],[6.112568,53.170682],[6.112626,53.170859],[6.112614,53.170862],[6.112638,53.170933],[6.112757,53.171243],[6.112771,53.17128],[6.112932,53.171697],[6.112954,53.17175],[6.113079,53.17208],[6.11312,53.172181],[6.113311,53.172674],[6.113425,53.172973],[6.113424,53.172987],[6.113416,53.173055],[6.113556,53.173415],[6.113664,53.173705],[6.113792,53.174021],[6.113857,53.174172],[6.113997,53.174525],[6.114318,53.175292],[6.11457,53.17592],[6.114593,53.175978],[6.113954,53.176102],[6.113891,53.176117],[6.113733,53.176146],[6.113492,53.176189],[6.113291,53.176236],[6.1132,53.176258],[6.113195,53.176259],[6.112991,53.176308],[6.112415,53.176422],[6.112375,53.17643],[6.111635,53.176576],[6.111483,53.1766],[6.111495,53.176622],[6.110804,53.176765],[6.110762,53.176774],[6.11041,53.176851],[6.110401,53.176835],[6.110048,53.17691],[6.109764,53.176971],[6.10939,53.17705],[6.109354,53.177057],[6.109144,53.176677],[6.108947,53.176332],[6.108924,53.17635],[6.107866,53.177175],[6.107831,53.177203],[6.107814,53.177216],[6.107433,53.177516],[6.107162,53.17773],[6.10715,53.177739],[6.107146,53.177742],[6.107094,53.177783],[6.107082,53.177792],[6.106896,53.177931],[6.106817,53.17799],[6.106789,53.178011],[6.106753,53.178043],[6.106198,53.178495],[6.105575,53.178987],[6.105289,53.179216],[6.105253,53.179245],[6.105154,53.179251],[6.105131,53.179252],[6.105066,53.179262],[6.105002,53.179277],[6.104939,53.179296],[6.104894,53.179316],[6.104905,53.179326],[6.104854,53.179348],[6.10472,53.179371],[6.104694,53.179369],[6.104671,53.179362],[6.104669,53.179361],[6.104618,53.179341],[6.104747,53.179596],[6.10455,53.1798],[6.104264,53.180079],[6.104036,53.180293],[6.103753,53.180623],[6.103448,53.180915],[6.103297,53.181085],[6.102987,53.181435],[6.102791,53.181675],[6.102478,53.182039],[6.102476,53.182041],[6.102456,53.182064],[6.102078,53.182505],[6.101988,53.182744],[6.101656,53.183108],[6.101551,53.183227],[6.101361,53.183493],[6.101057,53.183925],[6.100936,53.184092],[6.100812,53.184292],[6.100685,53.184495],[6.100454,53.184878],[6.100172,53.185282],[6.100147,53.185391],[6.100061,53.185477],[6.099926,53.185609],[6.099772,53.185764],[6.099544,53.18594],[6.099306,53.186115],[6.099299,53.18612],[6.099022,53.18633],[6.098852,53.186455],[6.098711,53.186554],[6.098625,53.186615],[6.098315,53.186821],[6.097898,53.187114],[6.097559,53.18735],[6.097347,53.187494],[6.097193,53.187599],[6.09684,53.187838],[6.09645,53.188087],[6.095539,53.188667],[6.095152,53.188914],[6.094649,53.189236],[6.094184,53.189535],[6.093676,53.189863],[6.093096,53.190226],[6.092685,53.190469],[6.092422,53.190626],[6.09192,53.190929],[6.091648,53.191089],[6.091373,53.191251],[6.0904,53.191813],[6.090388,53.19182],[6.089776,53.192172],[6.089214,53.192494],[6.088803,53.192732],[6.088465,53.192921],[6.088323,53.192994],[6.088163,53.193077],[6.087995,53.19316],[6.087684,53.1933],[6.086816,53.193642],[6.085722,53.194096],[6.085687,53.194125],[6.085304,53.194223],[6.084679,53.194939],[6.084326,53.195405],[6.084159,53.195626],[6.084053,53.195766],[6.084046,53.195778],[6.083532,53.196644],[6.083473,53.196746],[6.083399,53.196874],[6.083266,53.197082],[6.083153,53.197253],[6.083056,53.1974],[6.083036,53.197429],[6.082893,53.197644],[6.082734,53.197858],[6.082462,53.198225],[6.082364,53.198351],[6.08232,53.198322],[6.082273,53.198399],[6.082254,53.198429],[6.081913,53.199276],[6.081903,53.199301],[6.081811,53.199531],[6.081688,53.199785],[6.081518,53.200134],[6.081438,53.2003],[6.081399,53.200388],[6.081371,53.200449],[6.081337,53.200525],[6.081309,53.200681],[6.081329,53.200976],[6.081353,53.201152],[6.08144,53.201579],[6.081581,53.201887],[6.081617,53.201989],[6.081622,53.202002],[6.081608,53.202087],[6.081569,53.202158],[6.081478,53.202281],[6.081464,53.202333],[6.081385,53.20245],[6.081321,53.202594],[6.081208,53.20285],[6.081188,53.202897],[6.0812,53.202899],[6.081188,53.202913],[6.081177,53.202926],[6.081163,53.202943],[6.081117,53.202996],[6.081075,53.203072],[6.081018,53.203153],[6.08099,53.2032],[6.080966,53.203238],[6.080919,53.203317],[6.080848,53.203427],[6.080665,53.203718],[6.080628,53.203776],[6.080589,53.203838],[6.0805,53.203974],[6.08041,53.204111],[6.080379,53.204169],[6.080373,53.204181],[6.080367,53.20419],[6.08033,53.204248],[6.080166,53.204512],[6.080093,53.204635],[6.080087,53.204646],[6.080006,53.204753],[6.079941,53.204845],[6.079926,53.204867],[6.079865,53.204963],[6.079738,53.20514],[6.079728,53.205155],[6.079572,53.205373],[6.079449,53.205554],[6.079313,53.205745],[6.079191,53.205911],[6.079091,53.206033],[6.078897,53.206278],[6.078646,53.206569],[6.078613,53.206619],[6.078599,53.206642],[6.078581,53.206669],[6.078559,53.206713],[6.078558,53.206716],[6.078609,53.206725],[6.078871,53.206773],[6.079211,53.206835],[6.079563,53.2069],[6.079984,53.206976],[6.080407,53.207128],[6.080508,53.207023],[6.080813,53.207151],[6.081332,53.207367],[6.0816,53.207477],[6.08157,53.207557],[6.081759,53.207627],[6.081985,53.207709],[6.08226,53.207809],[6.082592,53.20793],[6.083062,53.208099],[6.083333,53.208198],[6.083587,53.20829],[6.083983,53.208431],[6.084071,53.20845],[6.08411,53.208463],[6.084087,53.208462],[6.084069,53.208468],[6.084049,53.208481],[6.084016,53.208511],[6.083989,53.208539],[6.083949,53.208584],[6.083861,53.208693],[6.083834,53.208734],[6.083783,53.208798],[6.083681,53.208931],[6.083572,53.209074],[6.083546,53.209108],[6.083431,53.20926],[6.08339,53.209312],[6.083359,53.20935],[6.083324,53.209408],[6.083321,53.209413],[6.083266,53.209488],[6.083162,53.209621],[6.083105,53.209697],[6.082915,53.209947],[6.082915,53.20996],[6.082917,53.20997],[6.082923,53.209978],[6.082929,53.209983],[6.082839,53.209969],[6.082832,53.209968],[6.08268,53.209945],[6.082247,53.20988],[6.081936,53.209833],[6.081642,53.209787],[6.081285,53.209732],[6.081119,53.209706],[6.080845,53.209664],[6.080313,53.209582],[6.079859,53.209512],[6.079518,53.20946],[6.079433,53.209448],[6.079381,53.209444],[6.079355,53.209443],[6.079336,53.209441],[6.079294,53.209605],[6.079283,53.209623],[6.079275,53.209636],[6.079264,53.209647],[6.07925,53.209655],[6.079232,53.209658],[6.079204,53.209657],[6.079115,53.209651],[6.079099,53.209651],[6.079084,53.209658],[6.07907,53.209668],[6.07906,53.209688],[6.079045,53.209724],[6.078981,53.209915],[6.078954,53.209993],[6.078875,53.210232],[6.078793,53.21047],[6.078724,53.210678],[6.079007,53.210726],[6.07927,53.210769],[6.079781,53.21085],[6.080224,53.210922],[6.080567,53.210974],[6.080894,53.211021],[6.081197,53.211068],[6.081795,53.211155],[6.081905,53.211171],[6.08184,53.211302],[6.081809,53.211365],[6.081775,53.211432],[6.081775,53.211501],[6.081776,53.211588],[6.081779,53.211653],[6.081813,53.211659],[6.081794,53.211691],[6.081766,53.211732],[6.081708,53.211815],[6.081659,53.211886],[6.081591,53.211974],[6.081543,53.212039],[6.081504,53.212088],[6.081457,53.212146],[6.081456,53.212148],[6.081448,53.212177],[6.081393,53.212236],[6.081352,53.21228],[6.081315,53.21232],[6.0813,53.212338],[6.081282,53.212362],[6.081246,53.212399],[6.081213,53.21243],[6.081181,53.212457],[6.081153,53.212477],[6.081117,53.212498],[6.081088,53.212519],[6.081047,53.212548],[6.081002,53.212579],[6.080955,53.212611],[6.080921,53.212634],[6.08087,53.212668],[6.080831,53.212695],[6.08082,53.212703],[6.080755,53.212747],[6.080714,53.21278],[6.080681,53.212803],[6.080654,53.212823],[6.080622,53.212841],[6.080593,53.212859],[6.080554,53.212881],[6.08052,53.212902],[6.080487,53.212921],[6.080448,53.212947],[6.080415,53.212969],[6.080392,53.212985],[6.080356,53.213011],[6.080273,53.213063],[6.08025,53.213076],[6.080231,53.213085],[6.080209,53.213096],[6.080182,53.213117],[6.080163,53.213133],[6.08016,53.213135],[6.080138,53.213155],[6.080187,53.213174],[6.080231,53.21319],[6.080258,53.213199],[6.080272,53.213207],[6.080281,53.213216],[6.080292,53.213227],[6.080296,53.213231],[6.080299,53.213238],[6.080304,53.213248],[6.080304,53.21326],[6.080304,53.21327],[6.080303,53.213276],[6.080665,53.213344],[6.080969,53.213403],[6.081255,53.213456],[6.081493,53.2135],[6.081737,53.213546],[6.081714,53.213586],[6.081797,53.213601],[6.08185,53.213611],[6.082078,53.213651],[6.082202,53.213673],[6.082366,53.213702],[6.082426,53.213712],[6.082441,53.213728],[6.082458,53.213753],[6.082407,53.213829],[6.08236,53.213898],[6.08232,53.213953],[6.082302,53.213997],[6.082297,53.214004],[6.082292,53.214008],[6.082283,53.21401],[6.082269,53.214009],[6.082246,53.214005],[6.082115,53.21398],[6.082039,53.213966],[6.081948,53.213949],[6.08191,53.213941],[6.081844,53.213927],[6.081812,53.213935],[6.081795,53.213938],[6.081778,53.213944],[6.081765,53.213952],[6.081747,53.213967],[6.081737,53.21398],[6.081726,53.213999],[6.081705,53.214031],[6.081697,53.214053],[6.081691,53.21407],[6.081691,53.214077],[6.081695,53.214082],[6.0817,53.214086],[6.081734,53.214094],[6.081881,53.214126],[6.082113,53.214171],[6.082634,53.214278],[6.082984,53.214349],[6.083325,53.214419],[6.083528,53.21446],[6.083756,53.214507],[6.084171,53.214591],[6.084495,53.214657],[6.084949,53.21475],[6.085305,53.214821],[6.085668,53.214895],[6.086134,53.214991],[6.086239,53.215014],[6.086265,53.215021],[6.086289,53.215026],[6.08614,53.215064],[6.085992,53.215102],[6.08551,53.215226],[6.085144,53.21532],[6.084947,53.215371],[6.084813,53.215406],[6.084584,53.215464],[6.084514,53.215484],[6.084316,53.215533],[6.084186,53.215568],[6.084155,53.215575],[6.083971,53.215622],[6.083723,53.215687],[6.083525,53.215738],[6.083251,53.215809],[6.082947,53.215888],[6.082631,53.215969],[6.082509,53.216001],[6.082222,53.216076],[6.081903,53.21616],[6.08159,53.216242],[6.081512,53.216263],[6.081389,53.216295],[6.080889,53.216427],[6.08058,53.216508],[6.080454,53.21654],[6.080333,53.216572],[6.080225,53.216601],[6.079845,53.216699],[6.07952,53.216783],[6.079415,53.21681],[6.078925,53.216935],[6.078781,53.216972],[6.07869,53.216995],[6.078441,53.217059],[6.0783,53.217095],[6.078285,53.217099],[6.078126,53.217142],[6.077935,53.217193],[6.077764,53.217238],[6.077444,53.217321],[6.077079,53.217417],[6.076615,53.217538],[6.076549,53.217555],[6.076307,53.217617],[6.07613,53.217662],[6.075975,53.217702],[6.075851,53.217734],[6.075819,53.217743],[6.075653,53.217786],[6.075464,53.217835],[6.075352,53.217863],[6.075226,53.217893],[6.074822,53.217999],[6.074598,53.218058],[6.074281,53.218137],[6.074242,53.218148],[6.074204,53.218158],[6.074094,53.218188],[6.073996,53.218214],[6.073909,53.218235],[6.073653,53.218302],[6.073577,53.218322],[6.073481,53.218348],[6.073433,53.21836],[6.073406,53.218367],[6.073202,53.218421],[6.072925,53.218493],[6.072857,53.21851],[6.07278,53.218529],[6.072379,53.218633],[6.072181,53.218684],[6.071887,53.218759],[6.071658,53.218818],[6.071454,53.218871],[6.071422,53.218878],[6.071216,53.218932],[6.071181,53.218941],[6.071059,53.218973],[6.070894,53.219015],[6.070561,53.2191],[6.070252,53.219179],[6.069929,53.219262],[6.069915,53.219266],[6.069777,53.219301],[6.069774,53.219302],[6.068024,53.219753],[6.067972,53.219766],[6.067921,53.219779],[6.067763,53.21982],[6.067525,53.219882],[6.067284,53.219944],[6.066896,53.220043],[6.066617,53.220115],[6.066588,53.220126],[6.066577,53.22013],[6.066433,53.22017],[6.066191,53.220236],[6.065686,53.220371],[6.065515,53.220416],[6.065466,53.220426],[6.065423,53.220437],[6.065377,53.220448],[6.065265,53.220478],[6.065071,53.220528],[6.064313,53.220725],[6.064223,53.220748],[6.06419,53.220753],[6.064143,53.220763],[6.063971,53.220807],[6.06381,53.220848],[6.063667,53.220886],[6.063414,53.22095],[6.063397,53.220954],[6.06338,53.220959],[6.063378,53.220959],[6.063324,53.220973],[6.063061,53.22104],[6.062794,53.221106],[6.062394,53.221209],[6.062096,53.221284],[6.062039,53.2213],[6.06203,53.221302],[6.061999,53.221311],[6.06199,53.221313],[6.061984,53.221315],[6.061966,53.22132],[6.061816,53.221357],[6.061554,53.221426],[6.061547,53.221427],[6.061101,53.221544],[6.06094,53.221582],[6.060891,53.221594],[6.060702,53.221641],[6.060602,53.221667],[6.060584,53.221671],[6.060474,53.221702],[6.060451,53.22171],[6.060415,53.221722],[6.059634,53.221914],[6.059556,53.221934],[6.059548,53.221936],[6.058916,53.222091],[6.058348,53.222229],[6.058299,53.22224],[6.058106,53.222282],[6.05811,53.222289],[6.058108,53.222297],[6.058051,53.222311],[6.057969,53.222334],[6.057955,53.222338],[6.057948,53.222339],[6.057688,53.222407],[6.057525,53.222448],[6.057301,53.222508],[6.057206,53.222531],[6.057199,53.222541],[6.057178,53.222558],[6.057151,53.222574],[6.057121,53.222592],[6.057088,53.222607],[6.05705,53.222622],[6.057028,53.222628],[6.057012,53.222632],[6.056955,53.222646],[6.056909,53.222656],[6.056803,53.222684],[6.056588,53.22274],[6.056586,53.22274],[6.056188,53.222842],[6.055943,53.222904],[6.05589,53.222918],[6.055313,53.223065],[6.055144,53.223108],[6.054758,53.223207],[6.054257,53.223335],[6.054222,53.223344],[6.053742,53.22347],[6.053397,53.223559],[6.053379,53.223564],[6.052894,53.22369],[6.052377,53.223821],[6.052364,53.223824],[6.051833,53.223958],[6.051713,53.223991],[6.051699,53.223995],[6.051595,53.224019],[6.051437,53.224056],[6.051424,53.224059],[6.051322,53.224086],[6.051275,53.224098],[6.051004,53.224169],[6.050714,53.224244],[6.05039,53.224329],[6.050073,53.224412],[6.049653,53.224519],[6.049534,53.224551],[6.049476,53.224569],[6.049452,53.224575],[6.04939,53.224589],[6.04937,53.224593],[6.049363,53.224596],[6.049261,53.224638],[6.049213,53.224635],[6.048993,53.224692],[6.048738,53.22476],[6.048735,53.22476],[6.048056,53.224938],[6.046513,53.225341],[6.046027,53.225465],[6.045083,53.225707],[6.044326,53.22591],[6.044259,53.225927],[6.044242,53.225932],[6.044238,53.225933],[6.044138,53.225962],[6.044097,53.225973],[6.043959,53.226012],[6.043954,53.226013],[6.043375,53.226177],[6.042811,53.22632],[6.042596,53.226374],[6.041568,53.226634],[6.041567,53.226634],[6.041337,53.22669],[6.040688,53.226853],[6.040639,53.226865],[6.039739,53.227099],[6.039432,53.227178],[6.038859,53.227331],[6.038797,53.227347],[6.038213,53.227501],[6.036347,53.227987],[6.033347,53.228768],[6.032772,53.228919],[6.03248,53.228996],[6.03247,53.228998],[6.032329,53.229033],[6.031569,53.229233],[6.031112,53.229351],[6.0304,53.229534],[6.029331,53.229801],[6.029273,53.229816],[6.029268,53.229817],[6.028366,53.230043],[6.028235,53.23033],[6.027812,53.23025],[6.027579,53.230205],[6.027567,53.230203],[6.02756,53.230202],[6.027421,53.23017],[6.027244,53.230133],[6.027222,53.230153],[6.027114,53.230248],[6.027062,53.230295],[6.027026,53.230345],[6.027004,53.230382],[6.026962,53.230528],[6.026924,53.230611],[6.026706,53.230918],[6.026222,53.23155],[6.025879,53.231893],[6.025641,53.232138],[6.024792,53.233003],[6.024094,53.233592],[6.023947,53.233776],[6.023904,53.233843],[6.023861,53.233916],[6.02383,53.233991],[6.023796,53.234079],[6.023756,53.234152],[6.023631,53.234347],[6.023479,53.234542],[6.023353,53.234728],[6.023109,53.235333],[6.022529,53.236404],[6.022016,53.237352],[6.021577,53.238056],[6.021258,53.238636],[6.021094,53.238889],[6.021028,53.239024],[6.020986,53.239099],[6.020656,53.239604],[6.019844,53.240851],[6.019837,53.240861],[6.019793,53.240911],[6.019791,53.240914]]]},"properties":{"type":"boundary","gemeente":"Achtkarspelen"}}]}