{"type":"FeatureCollection","metadata":{"gemeente":"Barneveld","slug":"barneveld","generated_at":"2026-09-28T08:12:40.810644Z","total_points":73,"providers":["Amazon","DHL","DPD","PostNL","VintedGo","GLS","ViaTim","FedEx","InPost"],"bounds":[5.50795841217041,52.1199941,5.7154922,52.23453482105299]},"features":[{"type":"Feature","geometry":{"type":"Point","coordinates":[5.58824266789464,52.1382088886942]},"properties":{"type":"pakketpunt","locatieNaam":"Your Inkstation Barneveld","straatNaam":"Langstraat 101","straatNr":"","vervoerder":"Amazon","puntType":"3p","bezettingsgraad":50,"latitude":52.1382088886942,"longitude":5.58824266789464,"canPickup":true,"canDropoff":false,"openingstijden":null}},{"type":"Feature","geometry":{"type":"Point","coordinates":[5.606788639,52.1460942]},"properties":{"type":"pakketpunt","locatieNaam":"Tinq Barneveld","straatNaam":"Wesselseweg 48","straatNr":"","vervoerder":"Amazon","puntType":"3p","bezettingsgraad":50,"latitude":52.1460942,"longitude":5.606788639,"canPickup":true,"canDropoff":false,"openingstijden":null}},{"type":"Feature","geometry":{"type":"Point","coordinates":[5.563287513,52.1685157588342]},"properties":{"type":"pakketpunt","locatieNaam":"DHL - Pakketautomaat Tango Terschuur","straatNaam":"Zelderseweg 63","straatNr":"","vervoerder":"Amazon","puntType":"3p","bezettingsgraad":50,"latitude":52.1685157588342,"longitude":5.563287513,"canPickup":true,"canDropoff":false,"openingstijden":null}},{"type":"Feature","geometry":{"type":"Point","coordinates":[5.50795841217041,52.177364349365234]},"properties":{"type":"pakketpunt","locatieNaam":"DHL - DeBuren Locker 24-7  COOP Zwartebr","straatNaam":"Albert van Meerveldstraat 90","straatNr":"","vervoerder":"Amazon","puntType":"3p","bezettingsgraad":50,"latitude":52.177364349365234,"longitude":5.50795841217041,"canPickup":true,"canDropoff":false,"openingstijden":null}},{"type":"Feature","geometry":{"type":"Point","coordinates":[5.50795841217041,52.177364349365234]},"properties":{"type":"pakketpunt","locatieNaam":"DeBuren Locker 24-7  COOP Zwartebr","straatNaam":"Albert van Meerveldstraat","straatNr":"90","vervoerder":"DHL","puntType":"packStation","bezettingsgraad":50,"latitude":52.177364349365234,"longitude":5.50795841217041,"canPickup":true,"canDropoff":true,"openingstijden":{"ma":"00:00 - 23:59","di":"00:00 - 23:59","wo":"00:00 - 23:59","do":"00:00 - 23:59","vr":"00:00 - 23:59","za":"00:00 - 23:59","zo":"00:00 - 23:59"}}},{"type":"Feature","geometry":{"type":"Point","coordinates":[5.5159199,52.163245]},"properties":{"type":"pakketpunt","locatieNaam":"Koops meubelen","straatNaam":"Hoevelakenseweg","straatNr":"154","vervoerder":"DHL","puntType":"parcelShop","bezettingsgraad":50,"latitude":52.163245,"longitude":5.5159199,"canPickup":true,"canDropoff":true,"openingstijden":{"ma":"13:00 - 17:00","di":"13:00 - 17:00","wo":"13:00 - 17:00","do":"13:00 - 17:00","vr":"13:00 - 17:00","za":"10:00 - 16:00","zo":"gesloten"}}},{"type":"Feature","geometry":{"type":"Point","coordinates":[5.5082171,52.1199941]},"properties":{"type":"pakketpunt","locatieNaam":"Pannenkoekenrestaurant de Glind","straatNaam":"Rudolphlaan","straatNr":"2","vervoerder":"DHL","puntType":"parcelShop","bezettingsgraad":50,"latitude":52.1199941,"longitude":5.5082171,"canPickup":true,"canDropoff":true,"openingstijden":{"ma":"gesloten","di":"11:00 - 17:00","wo":"11:00 - 15:00","do":"11:00 - 17:00","vr":"11:00 - 17:00","za":"gesloten","zo":"gesloten"}}},{"type":"Feature","geometry":{"type":"Point","coordinates":[5.580694018496728,52.15066912026567]},"properties":{"type":"pakketpunt","locatieNaam":"Pakketautomaat Basic-Fit Barneveld","straatNaam":"Wethouder Rebellaan","straatNr":"134","vervoerder":"DHL","puntType":"packStation","bezettingsgraad":50,"latitude":52.15066912026567,"longitude":5.580694018496728,"canPickup":true,"canDropoff":true,"openingstijden":{"ma":"00:00 - 23:59","di":"00:00 - 23:59","wo":"00:00 - 23:59","do":"00:00 - 23:59","vr":"00:00 - 23:59","za":"00:00 - 23:59","zo":"00:00 - 23:59"}}},{"type":"Feature","geometry":{"type":"Point","coordinates":[5.59484,52.13916]},"properties":{"type":"pakketpunt","locatieNaam":"Pakketautomaat Karwei Barneveld","straatNaam":"V.Van Zuijlen van Nieveltlaan 45","straatNr":"45","vervoerder":"DHL","puntType":"packStation","bezettingsgraad":50,"latitude":52.13916,"longitude":5.59484,"canPickup":true,"canDropoff":true,"openingstijden":{"ma":"09:00 - 21:00","di":"09:00 - 21:00","wo":"09:00 - 21:00","do":"09:00 - 21:00","vr":"09:00 - 21:00","za":"09:00 - 18:00","zo":"gesloten"}}},{"type":"Feature","geometry":{"type":"Point","coordinates":[5.5872314,52.1401192]},"properties":{"type":"pakketpunt","locatieNaam":"Shoeby Barneveld","straatNaam":"Dijkje","straatNr":"17","vervoerder":"DHL","puntType":"parcelShop","bezettingsgraad":50,"latitude":52.1401192,"longitude":5.5872314,"canPickup":true,"canDropoff":true,"openingstijden":{"ma":"11:00 - 17:30","di":"09:00 - 17:30","wo":"09:00 - 17:30","do":"09:00 - 17:30","vr":"09:00 - 21:00","za":"09:00 - 17:00","zo":"gesloten"}}},{"type":"Feature","geometry":{"type":"Point","coordinates":[5.5864677431878365,52.139164538454686]},"properties":{"type":"pakketpunt","locatieNaam":"Pakketautomaat HEMA Barneveld","straatNaam":"Langstraat","straatNr":"71-Kast","vervoerder":"DHL","puntType":"packStation","bezettingsgraad":50,"latitude":52.139164538454686,"longitude":5.5864677431878365,"canPickup":true,"canDropoff":true,"openingstijden":{"ma":"09:00 - 18:00","di":"09:00 - 18:00","wo":"09:00 - 18:00","do":"09:00 - 18:00","vr":"09:00 - 21:00","za":"09:00 - 17:30","zo":"gesloten"}}},{"type":"Feature","geometry":{"type":"Point","coordinates":[5.585201263427734,52.13935470581055]},"properties":{"type":"pakketpunt","locatieNaam":"Pakketautomaat terStal Barneveld","straatNaam":"Langstraat","straatNr":"24-Kast","vervoerder":"DHL","puntType":"packStation","bezettingsgraad":50,"latitude":52.13935470581055,"longitude":5.585201263427734,"canPickup":true,"canDropoff":true,"openingstijden":{"ma":"13:00 - 17:30","di":"09:00 - 17:30","wo":"09:00 - 17:30","do":"09:00 - 17:30","vr":"09:00 - 21:00","za":"09:30 - 17:00","zo":"gesloten"}}},{"type":"Feature","geometry":{"type":"Point","coordinates":[5.587944984436035,52.138118743896484]},"properties":{"type":"pakketpunt","locatieNaam":"Intertoys Barneveld","straatNaam":"Langstraat","straatNr":"103","vervoerder":"DHL","puntType":"parcelShop","bezettingsgraad":50,"latitude":52.138118743896484,"longitude":5.587944984436035,"canPickup":true,"canDropoff":true,"openingstijden":{"ma":"13:00 - 18:00","di":"09:30 - 18:00","wo":"09:30 - 18:00","do":"09:30 - 18:00","vr":"09:30 - 21:00","za":"09:30 - 17:00","zo":"gesloten"}}},{"type":"Feature","geometry":{"type":"Point","coordinates":[5.60388087365326,52.13442727384213]},"properties":{"type":"pakketpunt","locatieNaam":"Pakketautomaat PLUS Lavendelplein","straatNaam":"Lavendelplein","straatNr":"2","vervoerder":"DHL","puntType":"packStation","bezettingsgraad":50,"latitude":52.13442727384213,"longitude":5.60388087365326,"canPickup":true,"canDropoff":true,"openingstijden":{"ma":"00:00 - 23:59","di":"00:00 - 23:59","wo":"00:00 - 23:59","do":"00:00 - 23:59","vr":"00:00 - 23:59","za":"00:00 - 23:59","zo":"00:00 - 23:59"}}},{"type":"Feature","geometry":{"type":"Point","coordinates":[5.580827,52.136344]},"properties":{"type":"pakketpunt","locatieNaam":"Bloemenhal Chloris","straatNaam":"Amersfoortsestraat","straatNr":"53","vervoerder":"DHL","puntType":"parcelShop","bezettingsgraad":50,"latitude":52.136344,"longitude":5.580827,"canPickup":true,"canDropoff":true,"openingstijden":{"ma":"09:00 - 18:00","di":"09:00 - 18:00","wo":"09:00 - 18:00","do":"09:00 - 18:00","vr":"09:00 - 18:00","za":"08:00 - 17:00","zo":"gesloten"}}},{"type":"Feature","geometry":{"type":"Point","coordinates":[5.569482386927198,52.13762557710354]},"properties":{"type":"pakketpunt","locatieNaam":"Pakketautomaat Lidl Barneveld","straatNaam":"Oldenbarnevelderweg","straatNr":"155","vervoerder":"DHL","puntType":"packStation","bezettingsgraad":50,"latitude":52.13762557710354,"longitude":5.569482386927198,"canPickup":true,"canDropoff":true,"openingstijden":{"ma":"07:30 - 21:00","di":"07:30 - 21:00","wo":"07:30 - 21:00","do":"07:30 - 21:00","vr":"07:30 - 21:00","za":"07:30 - 21:00","zo":"gesloten"}}},{"type":"Feature","geometry":{"type":"Point","coordinates":[5.563287513,52.1685157588342]},"properties":{"type":"pakketpunt","locatieNaam":"Pakketautomaat Tango Terschuur","straatNaam":"Zelderseweg","straatNr":"63","vervoerder":"DHL","puntType":"packStation","bezettingsgraad":50,"latitude":52.1685157588342,"longitude":5.563287513,"canPickup":true,"canDropoff":true,"openingstijden":{"ma":"00:00 - 23:59","di":"00:00 - 23:59","wo":"00:00 - 23:59","do":"00:00 - 23:59","vr":"00:00 - 23:59","za":"00:00 - 23:59","zo":"00:00 - 23:59"}}},{"type":"Feature","geometry":{"type":"Point","coordinates":[5.594759,52.181913]},"properties":{"type":"pakketpunt","locatieNaam":"Dijkma Electronics Voorthuizen","straatNaam":"Hoofdstraat","straatNr":"58","vervoerder":"DHL","puntType":"parcelShop","bezettingsgraad":50,"latitude":52.181913,"longitude":5.594759,"canPickup":true,"canDropoff":true,"openingstijden":{"ma":"09:00 - 18:00","di":"09:00 - 18:00","wo":"09:00 - 18:00","do":"09:00 - 18:00","vr":"09:00 - 18:00","za":"10:00 - 16:00","zo":"gesloten"}}},{"type":"Feature","geometry":{"type":"Point","coordinates":[5.6052639,52.1869552]},"properties":{"type":"pakketpunt","locatieNaam":"Intertoys Voorthuizen","straatNaam":"Hoofdstraat","straatNr":"167","vervoerder":"DHL","puntType":"parcelShop","bezettingsgraad":50,"latitude":52.1869552,"longitude":5.6052639,"canPickup":true,"canDropoff":true,"openingstijden":{"ma":"13:00 - 17:30","di":"08:30 - 17:30","wo":"08:30 - 17:30","do":"08:30 - 17:30","vr":"08:30 - 18:00","za":"09:00 - 17:00","zo":"gesloten"}}},{"type":"Feature","geometry":{"type":"Point","coordinates":[5.578417189316413,52.12146135935641]},"properties":{"type":"pakketpunt","locatieNaam":"Pakketautomaat GAMMA Barneveld","straatNaam":"Burgemeester Aschofflaan","straatNr":"4","vervoerder":"DHL","puntType":"packStation","bezettingsgraad":50,"latitude":52.12146135935641,"longitude":5.578417189316413,"canPickup":true,"canDropoff":true,"openingstijden":{"ma":"09:00 - 21:00","di":"09:00 - 21:00","wo":"09:00 - 21:00","do":"09:00 - 21:00","vr":"09:00 - 21:00","za":"09:00 - 18:00","zo":"gesloten"}}},{"type":"Feature","geometry":{"type":"Point","coordinates":[5.661106,52.151133]},"properties":{"type":"pakketpunt","locatieNaam":"De Schuur","straatNaam":"Wesselseweg","straatNr":"178","vervoerder":"DHL","puntType":"parcelShop","bezettingsgraad":50,"latitude":52.151133,"longitude":5.661106,"canPickup":true,"canDropoff":true,"openingstijden":{"ma":"08:00 - 12:30, 13:30 - 18:00","di":"08:00 - 12:30, 13:30 - 18:00","wo":"08:00 - 12:30, 13:30 - 18:00","do":"08:00 - 12:30, 13:30 - 18:00","vr":"08:00 - 12:30, 13:30 - 20:00","za":"08:00 - 16:00","zo":"gesloten"}}},{"type":"Feature","geometry":{"type":"Point","coordinates":[5.5876473,52.1380377]},"properties":{"type":"pakketpunt","locatieNaam":"Labels86","straatNaam":"LANGSTRAAT","straatNr":"86A","vervoerder":"DPD","puntType":"pickup_point","bezettingsgraad":50,"latitude":52.1380377,"longitude":5.5876473,"canPickup":true,"canDropoff":true,"openingstijden":{"ma":"gesloten","di":"09:30 - 17:00","wo":"09:30 - 17:00","do":"09:30 - 17:00","vr":"09:30 - 17:00","za":"09:30 - 17:00","zo":"gesloten"}}},{"type":"Feature","geometry":{"type":"Point","coordinates":[5.604886,52.1324499]},"properties":{"type":"pakketpunt","locatieNaam":"Pakketautomaat Car Wash Barneveld","straatNaam":"VALKSEWEG","straatNr":"104","vervoerder":"DPD","puntType":"dpd_box","bezettingsgraad":50,"latitude":52.1324499,"longitude":5.604886,"canPickup":true,"canDropoff":true,"openingstijden":{"ma":"00:01 - 23:59","di":"00:01 - 23:59","wo":"00:01 - 23:59","do":"00:01 - 23:59","vr":"00:01 - 23:59","za":"00:01 - 23:59","zo":"00:01 - 23:59"}}},{"type":"Feature","geometry":{"type":"Point","coordinates":[5.5850898,52.1392861]},"properties":{"type":"pakketpunt","locatieNaam":"PhoneXpert Barneveld","straatNaam":"LANGSTRAAT","straatNr":"28","vervoerder":"DPD","puntType":"pickup_point","bezettingsgraad":50,"latitude":52.1392861,"longitude":5.5850898,"canPickup":true,"canDropoff":true,"openingstijden":{"ma":"gesloten","di":"10:00 - 18:00","wo":"10:00 - 18:00","do":"10:00 - 18:00","vr":"10:00 - 20:00","za":"09:30 - 17:00","zo":"gesloten"}}},{"type":"Feature","geometry":{"type":"Point","coordinates":[5.659353,52.151092]},"properties":{"type":"pakketpunt","locatieNaam":"Pakketautomaat Plus Pater Kootwijke","straatNaam":"WESSELSEWEG","straatNr":"166","vervoerder":"DPD","puntType":"dpd_box","bezettingsgraad":50,"latitude":52.151092,"longitude":5.659353,"canPickup":true,"canDropoff":true,"openingstijden":{"ma":"00:01 - 23:59","di":"00:01 - 23:59","wo":"00:01 - 23:59","do":"00:01 - 23:59","vr":"00:01 - 23:59","za":"00:01 - 23:59","zo":"00:01 - 23:59"}}},{"type":"Feature","geometry":{"type":"Point","coordinates":[5.563,52.1228484]},"properties":{"type":"pakketpunt","locatieNaam":"Pakketautomaat Loepzuiver Barneveld","straatNaam":"SCHERPENZEELSEWEG","straatNr":"56","vervoerder":"DPD","puntType":"dpd_box","bezettingsgraad":50,"latitude":52.1228484,"longitude":5.563,"canPickup":true,"canDropoff":true,"openingstijden":{"ma":"00:01 - 23:59","di":"00:01 - 23:59","wo":"00:01 - 23:59","do":"00:01 - 23:59","vr":"00:01 - 23:59","za":"00:01 - 23:59","zo":"00:01 - 23:59"}}},{"type":"Feature","geometry":{"type":"Point","coordinates":[5.5159199,52.163245]},"properties":{"type":"pakketpunt","locatieNaam":"Koops meubelen","straatNaam":"HOEVELAKENSEWEG","straatNr":"154","vervoerder":"DPD","puntType":"pickup_point","bezettingsgraad":50,"latitude":52.163245,"longitude":5.5159199,"canPickup":true,"canDropoff":true,"openingstijden":{"ma":"13:00 - 17:00","di":"13:00 - 17:00","wo":"13:00 - 17:00","do":"13:00 - 17:00","vr":"13:00 - 17:00","za":"10:00 - 16:00","zo":"gesloten"}}},{"type":"Feature","geometry":{"type":"Point","coordinates":[5.7154922,52.2329599]},"properties":{"type":"pakketpunt","locatieNaam":"Pakketautomaat SPAR van de Beek","straatNaam":"SMIDSTRAAT","straatNr":"1","vervoerder":"DPD","puntType":"dpd_box","bezettingsgraad":50,"latitude":52.2329599,"longitude":5.7154922,"canPickup":true,"canDropoff":true,"openingstijden":{"ma":"08:30 - 19:00","di":"08:30 - 19:00","wo":"08:30 - 19:00","do":"08:30 - 19:00","vr":"08:30 - 19:00","za":"08:00 - 17:00","zo":"gesloten"}}},{"type":"Feature","geometry":{"type":"Point","coordinates":[5.57863,52.13509]},"properties":{"type":"pakketpunt","locatieNaam":"ViaTim & Groenteschuurtje","straatNaam":"AMERSFOORTSESTRAAT","straatNr":"138","vervoerder":"DPD","puntType":"pickup_point","bezettingsgraad":50,"latitude":52.13509,"longitude":5.57863,"canPickup":true,"canDropoff":true,"openingstijden":{"ma":"13:00 - 21:00","di":"13:00 - 21:00","wo":"13:00 - 21:00","do":"13:00 - 21:00","vr":"13:00 - 21:00","za":"09:00 - 12:00","zo":"gesloten"}}},{"type":"Feature","geometry":{"type":"Point","coordinates":[5.50808,52.17718]},"properties":{"type":"pakketpunt","locatieNaam":"Pakketautomaat Coop Albert van Meer","straatNaam":"ALBERT VAN MEERVELDSTRAAT","straatNr":"90","vervoerder":"DPD","puntType":"dpd_box","bezettingsgraad":50,"latitude":52.17718,"longitude":5.50808,"canPickup":true,"canDropoff":true,"openingstijden":{"ma":"00:01 - 23:59","di":"00:01 - 23:59","wo":"00:01 - 23:59","do":"00:01 - 23:59","vr":"00:01 - 23:59","za":"00:01 - 23:59","zo":"00:01 - 23:59"}}},{"type":"Feature","geometry":{"type":"Point","coordinates":[5.659370149,52.15109867]},"properties":{"type":"pakketpunt","locatieNaam":"Plus Pater Kootwijkerbroek","straatNaam":"Wesselseweg","straatNr":"166","vervoerder":"PostNL","puntType":"servicepunt","bezettingsgraad":50,"latitude":52.15109867,"longitude":5.659370149,"canPickup":true,"canDropoff":true,"openingstijden":"07:30 - 21:00 (Na 18:00 open; Zaterdag open)"}},{"type":"Feature","geometry":{"type":"Point","coordinates":[5.659355483,52.15108971]},"properties":{"type":"pakketpunt","locatieNaam":"Pakket- en briefautomaat","straatNaam":"Wesselseweg","straatNr":"166PBA","vervoerder":"PostNL","puntType":"automaat","bezettingsgraad":50,"latitude":52.15108971,"longitude":5.659355483,"canPickup":true,"canDropoff":true,"openingstijden":"00:00 - 23:59"}},{"type":"Feature","geometry":{"type":"Point","coordinates":[5.607149999,52.18678192]},"properties":{"type":"pakketpunt","locatieNaam":"Bruna","straatNaam":"Van den Berglaan","straatNr":"2A-B","vervoerder":"PostNL","puntType":"servicepunt","bezettingsgraad":50,"latitude":52.18678192,"longitude":5.607149999,"canPickup":true,"canDropoff":true,"openingstijden":"08:30 - 18:00 (Na 18:00 open; Zaterdag open)"}},{"type":"Feature","geometry":{"type":"Point","coordinates":[5.604591175,52.18682262]},"properties":{"type":"pakketpunt","locatieNaam":"PhoneHouse Voorthuizen","straatNaam":"Hoofdstraat","straatNr":"157","vervoerder":"PostNL","puntType":"servicepunt","bezettingsgraad":50,"latitude":52.18682262,"longitude":5.604591175,"canPickup":true,"canDropoff":true,"openingstijden":"13:00 - 18:00"}},{"type":"Feature","geometry":{"type":"Point","coordinates":[5.606788639,52.1460942]},"properties":{"type":"pakketpunt","locatieNaam":"Tinq Barneveld","straatNaam":"Wesselseweg","straatNr":"48","vervoerder":"PostNL","puntType":"servicepunt","bezettingsgraad":50,"latitude":52.1460942,"longitude":5.606788639,"canPickup":true,"canDropoff":true,"openingstijden":"07:00 - 20:00 (Na 18:00 open; Zaterdag open)"}},{"type":"Feature","geometry":{"type":"Point","coordinates":[5.69260278147314,52.1861871542759]},"properties":{"type":"pakketpunt","locatieNaam":"Pakket- en briefautomaat","straatNaam":"Wolweg","straatNr":"24PBA","vervoerder":"PostNL","puntType":"automaat","bezettingsgraad":50,"latitude":52.1861871542759,"longitude":5.69260278147314,"canPickup":true,"canDropoff":true,"openingstijden":"00:00 - 23:59"}},{"type":"Feature","geometry":{"type":"Point","coordinates":[5.595228898,52.13907758]},"properties":{"type":"pakketpunt","locatieNaam":"Pakket- en briefautomaat","straatNaam":"Van Zuijlen van Nieveltlaan","straatNr":"45PBA","vervoerder":"PostNL","puntType":"automaat","bezettingsgraad":50,"latitude":52.13907758,"longitude":5.595228898,"canPickup":true,"canDropoff":true,"openingstijden":"00:00 - 23:59"}},{"type":"Feature","geometry":{"type":"Point","coordinates":[5.595228898,52.13907758]},"properties":{"type":"pakketpunt","locatieNaam":"KARWEI Barneveld","straatNaam":"Van Zuijlen van Nieveltlaan","straatNr":"45","vervoerder":"PostNL","puntType":"servicepunt","bezettingsgraad":50,"latitude":52.13907758,"longitude":5.595228898,"canPickup":true,"canDropoff":true,"openingstijden":"09:00 - 21:00"}},{"type":"Feature","geometry":{"type":"Point","coordinates":[5.6039561409961,52.134433043046]},"properties":{"type":"pakketpunt","locatieNaam":"Pakketautomaat","straatNaam":"Lavendelplein","straatNr":"2PBA","vervoerder":"PostNL","puntType":"automaat","bezettingsgraad":50,"latitude":52.134433043046,"longitude":5.6039561409961,"canPickup":true,"canDropoff":true,"openingstijden":"08:00 - 20:00"}},{"type":"Feature","geometry":{"type":"Point","coordinates":[5.58799204,52.14094166]},"properties":{"type":"pakketpunt","locatieNaam":"Primera","straatNaam":"Jan van Schaffelaarstraat","straatNr":"64","vervoerder":"PostNL","puntType":"servicepunt","bezettingsgraad":50,"latitude":52.14094166,"longitude":5.58799204,"canPickup":true,"canDropoff":true,"openingstijden":"13:00 - 17:00 (Zaterdag open)"}},{"type":"Feature","geometry":{"type":"Point","coordinates":[5.585900435,52.14034301]},"properties":{"type":"pakketpunt","locatieNaam":"Bruna de Feijter Barneveld","straatNaam":"Jan van Schaffelaarstraat","straatNr":"20A","vervoerder":"PostNL","puntType":"servicepunt","bezettingsgraad":50,"latitude":52.14034301,"longitude":5.585900435,"canPickup":true,"canDropoff":true,"openingstijden":"09:00 - 17:30"}},{"type":"Feature","geometry":{"type":"Point","coordinates":[5.589204367,52.13768594]},"properties":{"type":"pakketpunt","locatieNaam":"PhoneHouse Barneveld","straatNaam":"Langstraat","straatNr":"129","vervoerder":"PostNL","puntType":"servicepunt","bezettingsgraad":50,"latitude":52.13768594,"longitude":5.589204367,"canPickup":true,"canDropoff":true,"openingstijden":"13:00 - 18:00"}},{"type":"Feature","geometry":{"type":"Point","coordinates":[5.58824266789464,52.1382088886942]},"properties":{"type":"pakketpunt","locatieNaam":"Your Inkstation Barneveld","straatNaam":"Langstraat","straatNr":"101","vervoerder":"PostNL","puntType":"servicepunt","bezettingsgraad":50,"latitude":52.1382088886942,"longitude":5.58824266789464,"canPickup":true,"canDropoff":true,"openingstijden":"13:00 - 17:30"}},{"type":"Feature","geometry":{"type":"Point","coordinates":[5.58696956859877,52.1376987391944]},"properties":{"type":"pakketpunt","locatieNaam":"Pakketautomaat","straatNaam":"Gowthorpeplein","straatNr":"50PBA","vervoerder":"PostNL","puntType":"automaat","bezettingsgraad":50,"latitude":52.1376987391944,"longitude":5.58696956859877,"canPickup":true,"canDropoff":true,"openingstijden":"08:00 - 22:00"}},{"type":"Feature","geometry":{"type":"Point","coordinates":[5.587215891,52.12747898]},"properties":{"type":"pakketpunt","locatieNaam":"Jumbo","straatNaam":"Buru","straatNr":"40","vervoerder":"PostNL","puntType":"servicepunt","bezettingsgraad":50,"latitude":52.12747898,"longitude":5.587215891,"canPickup":true,"canDropoff":true,"openingstijden":"08:00 - 21:00 (Na 18:00 open; Zaterdag open)"}},{"type":"Feature","geometry":{"type":"Point","coordinates":[5.57816511115557,52.1214540670848]},"properties":{"type":"pakketpunt","locatieNaam":"Pakket- en briefautomaat","straatNaam":"Burgemeester Aschofflaan","straatNr":"4PBA","vervoerder":"PostNL","puntType":"automaat","bezettingsgraad":50,"latitude":52.1214540670848,"longitude":5.57816511115557,"canPickup":true,"canDropoff":true,"openingstijden":"09:00 - 21:00"}},{"type":"Feature","geometry":{"type":"Point","coordinates":[5.575304546,52.12177325]},"properties":{"type":"pakketpunt","locatieNaam":"GAMMA Barneveld","straatNaam":"Burgemeester Aschofflaan","straatNr":"4","vervoerder":"PostNL","puntType":"servicepunt","bezettingsgraad":50,"latitude":52.12177325,"longitude":5.575304546,"canPickup":true,"canDropoff":true,"openingstijden":"09:00 - 21:00"}},{"type":"Feature","geometry":{"type":"Point","coordinates":[5.575304546,52.12177325]},"properties":{"type":"pakketpunt","locatieNaam":"Intratuin Barneveld","straatNaam":"Burgemeester Aschofflaan","straatNr":"1","vervoerder":"PostNL","puntType":"servicepunt","bezettingsgraad":50,"latitude":52.12177325,"longitude":5.575304546,"canPickup":true,"canDropoff":true,"openingstijden":"09:30 - 18:00"}},{"type":"Feature","geometry":{"type":"Point","coordinates":[5.712506166,52.23448887]},"properties":{"type":"pakketpunt","locatieNaam":"Pakket- en briefautomaat","straatNaam":"Speulderweg","straatNr":"2PBA","vervoerder":"PostNL","puntType":"automaat","bezettingsgraad":50,"latitude":52.23448887,"longitude":5.712506166,"canPickup":true,"canDropoff":true,"openingstijden":"00:00 - 23:59"}},{"type":"Feature","geometry":{"type":"Point","coordinates":[5.712520871,52.23449782]},"properties":{"type":"pakketpunt","locatieNaam":"Coop Garderen","straatNaam":"Speulderweg","straatNr":"2","vervoerder":"PostNL","puntType":"servicepunt","bezettingsgraad":50,"latitude":52.23449782,"longitude":5.712520871,"canPickup":true,"canDropoff":true,"openingstijden":"08:00 - 18:00 (Na 18:00 open; Zaterdag open)"}},{"type":"Feature","geometry":{"type":"Point","coordinates":[5.508097187,52.17718221]},"properties":{"type":"pakketpunt","locatieNaam":"Boons Zwartebroek","straatNaam":"Albert van Meerveldstraat","straatNr":"90","vervoerder":"PostNL","puntType":"servicepunt","bezettingsgraad":50,"latitude":52.17718221,"longitude":5.508097187,"canPickup":true,"canDropoff":true,"openingstijden":"08:00 - 18:00 (Na 18:00 open; Zaterdag open)"}},{"type":"Feature","geometry":{"type":"Point","coordinates":[5.508082543,52.17717324]},"properties":{"type":"pakketpunt","locatieNaam":"Pakket- en briefautomaat","straatNaam":"Albert van Meerveldstraat","straatNr":"90PBA","vervoerder":"PostNL","puntType":"automaat","bezettingsgraad":50,"latitude":52.17717324,"longitude":5.508082543,"canPickup":true,"canDropoff":true,"openingstijden":"00:00 - 23:59"}},{"type":"Feature","geometry":{"type":"Point","coordinates":[5.5947091,52.1760849]},"properties":{"type":"pakketpunt","locatieNaam":"Hubo Voorthuizen","straatNaam":"Verbindingsweg 39","straatNr":"","vervoerder":"VintedGo","puntType":"parcel_shop","bezettingsgraad":50,"latitude":52.1760849,"longitude":5.5947091,"canPickup":true,"canDropoff":true,"openingstijden":null}},{"type":"Feature","geometry":{"type":"Point","coordinates":[5.66111,52.15113]},"properties":{"type":"pakketpunt","locatieNaam":"De Schuur Bv","straatNaam":"Wesselseweg 178","straatNr":"","vervoerder":"VintedGo","puntType":"parcel_shop","bezettingsgraad":50,"latitude":52.15113,"longitude":5.66111,"canPickup":true,"canDropoff":true,"openingstijden":null}},{"type":"Feature","geometry":{"type":"Point","coordinates":[5.59467,52.18197]},"properties":{"type":"pakketpunt","locatieNaam":"Dijkma Electronics","straatNaam":"Hoofdstraat 58","straatNr":"","vervoerder":"VintedGo","puntType":"parcel_shop","bezettingsgraad":50,"latitude":52.18197,"longitude":5.59467,"canPickup":true,"canDropoff":true,"openingstijden":null}},{"type":"Feature","geometry":{"type":"Point","coordinates":[5.6048008,52.1323642]},"properties":{"type":"pakketpunt","locatieNaam":"Carwash Barneveld","straatNaam":"Valkseweg 104","straatNr":"","vervoerder":"VintedGo","puntType":"locker","bezettingsgraad":50,"latitude":52.1323642,"longitude":5.6048008,"canPickup":true,"canDropoff":true,"openingstijden":null}},{"type":"Feature","geometry":{"type":"Point","coordinates":[5.5677333,52.1318633]},"properties":{"type":"pakketpunt","locatieNaam":"Homey Wholesale ","straatNaam":"Plantagelaan 6","straatNr":"","vervoerder":"VintedGo","puntType":"locker","bezettingsgraad":50,"latitude":52.1318633,"longitude":5.5677333,"canPickup":true,"canDropoff":true,"openingstijden":null}},{"type":"Feature","geometry":{"type":"Point","coordinates":[5.6269313,52.1893363]},"properties":{"type":"pakketpunt","locatieNaam":"Brasserie Dolce Vita","straatNaam":"Apeldoornsestraat 32B","straatNr":"","vervoerder":"VintedGo","puntType":"locker","bezettingsgraad":50,"latitude":52.1893363,"longitude":5.6269313,"canPickup":true,"canDropoff":true,"openingstijden":null}},{"type":"Feature","geometry":{"type":"Point","coordinates":[5.5849602,52.1396997]},"properties":{"type":"pakketpunt","locatieNaam":"Releaz Footwear","straatNaam":"Langstraat 39","straatNr":"","vervoerder":"VintedGo","puntType":"parcel_shop","bezettingsgraad":50,"latitude":52.1396997,"longitude":5.5849602,"canPickup":true,"canDropoff":true,"openingstijden":null}},{"type":"Feature","geometry":{"type":"Point","coordinates":[5.50808254,52.1771732]},"properties":{"type":"pakketpunt","locatieNaam":"Pakketautomaat","straatNaam":"Albert van Meerveldstraat","straatNr":"90","vervoerder":"GLS","puntType":"locker","bezettingsgraad":50,"latitude":52.1771732,"longitude":5.50808254,"canPickup":true,"canDropoff":true,"openingstijden":{"ma":"00:00 - 23:59","di":"00:00 - 23:59","wo":"00:00 - 23:59","do":"00:00 - 23:59","vr":"00:00 - 23:59","za":"00:00 - 23:59","zo":"00:00 - 23:59"}}},{"type":"Feature","geometry":{"type":"Point","coordinates":[5.5160687,52.1632403]},"properties":{"type":"pakketpunt","locatieNaam":"Zijde Chic","straatNaam":"Hoevelakenseweg","straatNr":"154A","vervoerder":"GLS","puntType":"parcel_shop","bezettingsgraad":50,"latitude":52.1632403,"longitude":5.5160687,"canPickup":true,"canDropoff":true,"openingstijden":{"ma":"13:00 - 17:00","di":"13:00 - 17:00","wo":"13:00 - 17:00","do":"13:00 - 17:00","vr":"13:00 - 17:00","za":"10:00 - 16:00","zo":"00:00 - 00:00"}}},{"type":"Feature","geometry":{"type":"Point","coordinates":[5.6148516,52.18921431]},"properties":{"type":"pakketpunt","locatieNaam":"ViaTim en Sandra","straatNaam":"Roelenengweg","straatNr":"106","vervoerder":"ViaTim","puntType":"servicepunt","bezettingsgraad":50,"latitude":52.18921431,"longitude":5.6148516,"canPickup":true,"canDropoff":true,"openingstijden":{"ma":"17:30 - 20:30","di":"14:00 - 17:30","wo":"gesloten","do":"14:00 - 17:30","vr":"gesloten","za":"gesloten","zo":"gesloten"}}},{"type":"Feature","geometry":{"type":"Point","coordinates":[5.57834289,52.13528943]},"properties":{"type":"pakketpunt","locatieNaam":"ViaTim en Groenteschuurtje","straatNaam":"Amersfoortsestraat","straatNr":"138","vervoerder":"ViaTim","puntType":"servicepunt","bezettingsgraad":50,"latitude":52.13528943,"longitude":5.57834289,"canPickup":true,"canDropoff":true,"openingstijden":{"ma":"13:00 - 21:00","di":"13:00 - 21:00","wo":"13:00 - 21:00","do":"13:00 - 21:00","vr":"13:00 - 21:00","za":"09:00 - 12:00","zo":"gesloten"}}},{"type":"Feature","geometry":{"type":"Point","coordinates":[5.5783037741325,52.121309836358535]},"properties":{"type":"pakketpunt","locatieNaam":"FedEx Ship&Get","straatNaam":"Burgemeester Aschofflaan 4 PBA","straatNr":"","vervoerder":"FedEx","puntType":"servicepunt","bezettingsgraad":50,"latitude":52.121309836358535,"longitude":5.5783037741325,"canPickup":true,"canDropoff":true,"openingstijden":{"ma":"09:00 - 21:00","di":"09:00 - 21:00","wo":"09:00 - 21:00","do":"09:00 - 21:00","vr":"09:00 - 21:00","za":"09:00 - 18:00","zo":"gesloten"}}},{"type":"Feature","geometry":{"type":"Point","coordinates":[5.508090901433054,52.17713820715921]},"properties":{"type":"pakketpunt","locatieNaam":"FedEx Ship&Get","straatNaam":"Albert van Meerveldstraat 90 PBA","straatNr":"","vervoerder":"FedEx","puntType":"servicepunt","bezettingsgraad":50,"latitude":52.17713820715921,"longitude":5.508090901433054,"canPickup":true,"canDropoff":true,"openingstijden":{"ma":"00:00 - 23:59","di":"00:00 - 23:59","wo":"00:00 - 23:59","do":"00:00 - 23:59","vr":"00:00 - 23:59","za":"00:00 - 23:59","zo":"00:00 - 23:59"}}},{"type":"Feature","geometry":{"type":"Point","coordinates":[5.594770555326183,52.13897866278276]},"properties":{"type":"pakketpunt","locatieNaam":"FedEx Ship&Get","straatNaam":"Van Zuijlen van Nieveltlaan 45 PBA","straatNr":"","vervoerder":"FedEx","puntType":"servicepunt","bezettingsgraad":50,"latitude":52.13897866278276,"longitude":5.594770555326183,"canPickup":true,"canDropoff":true,"openingstijden":{"ma":"00:00 - 23:59","di":"00:00 - 23:59","wo":"00:00 - 23:59","do":"00:00 - 23:59","vr":"00:00 - 23:59","za":"00:00 - 23:59","zo":"00:00 - 23:59"}}},{"type":"Feature","geometry":{"type":"Point","coordinates":[5.6038945002971685,52.13442052172125]},"properties":{"type":"pakketpunt","locatieNaam":"FedEx Ship&Get","straatNaam":"Lavendelplein 2 PBA","straatNr":"","vervoerder":"FedEx","puntType":"servicepunt","bezettingsgraad":50,"latitude":52.13442052172125,"longitude":5.6038945002971685,"canPickup":true,"canDropoff":true,"openingstijden":{"ma":"08:00 - 20:00","di":"08:00 - 20:00","wo":"08:00 - 20:00","do":"08:00 - 20:00","vr":"08:00 - 21:00","za":"08:00 - 18:00","zo":"gesloten"}}},{"type":"Feature","geometry":{"type":"Point","coordinates":[5.594727,52.181804]},"properties":{"type":"pakketpunt","locatieNaam":"FedEx OnSite","straatNaam":"HOOFDSTRAAT 58","straatNr":"","vervoerder":"FedEx","puntType":"servicepunt","bezettingsgraad":50,"latitude":52.181804,"longitude":5.594727,"canPickup":true,"canDropoff":true,"openingstijden":{"ma":"09:00 - 18:00","di":"09:00 - 18:00","wo":"09:00 - 18:00","do":"09:00 - 18:00","vr":"09:00 - 18:00","za":"10:00 - 16:00","zo":"gesloten"}}},{"type":"Feature","geometry":{"type":"Point","coordinates":[5.659477961062431,52.15111453629421]},"properties":{"type":"pakketpunt","locatieNaam":"FedEx Ship&Get","straatNaam":"Wesselseweg 166 PBA","straatNr":"","vervoerder":"FedEx","puntType":"servicepunt","bezettingsgraad":50,"latitude":52.15111453629421,"longitude":5.659477961062431,"canPickup":true,"canDropoff":true,"openingstijden":{"ma":"00:00 - 23:59","di":"00:00 - 23:59","wo":"00:00 - 23:59","do":"00:00 - 23:59","vr":"00:00 - 23:59","za":"00:00 - 23:59","zo":"00:00 - 23:59"}}},{"type":"Feature","geometry":{"type":"Point","coordinates":[5.7125304618857875,52.23453482105299]},"properties":{"type":"pakketpunt","locatieNaam":"FedEx Ship&Get","straatNaam":"Speulderweg 2 PBA","straatNr":"","vervoerder":"FedEx","puntType":"servicepunt","bezettingsgraad":50,"latitude":52.23453482105299,"longitude":5.7125304618857875,"canPickup":true,"canDropoff":true,"openingstijden":{"ma":"00:00 - 23:59","di":"00:00 - 23:59","wo":"00:00 - 23:59","do":"00:00 - 23:59","vr":"00:00 - 23:59","za":"00:00 - 23:59","zo":"00:00 - 23:59"}}},{"type":"Feature","geometry":{"type":"Point","coordinates":[5.59473,52.1818]},"properties":{"type":"pakketpunt","locatieNaam":"DIJKMA ELECTRONICS VOORTHUIZEN","straatNaam":"Hoofdstraat 58","straatNr":"","vervoerder":"InPost","puntType":"servicepunt","bezettingsgraad":50,"latitude":52.1818,"longitude":5.59473,"canPickup":true,"canDropoff":true,"openingstijden":null}},{"type":"Feature","geometry":{"type":"Point","coordinates":[5.58776,52.13802]},"properties":{"type":"pakketpunt","locatieNaam":"LABELS86","straatNaam":"Langstraat 86a","straatNr":"","vervoerder":"InPost","puntType":"servicepunt","bezettingsgraad":50,"latitude":52.13802,"longitude":5.58776,"canPickup":true,"canDropoff":true,"openingstijden":null}},{"type":"Feature","geometry":{"type":"Point","coordinates":[5.56389,52.12281]},"properties":{"type":"pakketpunt","locatieNaam":"","straatNaam":"Scherpenzeelseweg","straatNr":"56","vervoerder":"InPost","puntType":"automaat","bezettingsgraad":50,"latitude":52.12281,"longitude":5.56389,"canPickup":true,"canDropoff":true,"openingstijden":"24/7"}},{"type":"Feature","geometry":{"type":"Polygon","coordinates":[[[5.479199,52.165019],[5.479149,52.164963],[5.478981,52.164777],[5.478948,52.164741],[5.478878,52.164464],[5.478874,52.164451],[5.47887,52.164428],[5.478883,52.164401],[5.478688,52.164372],[5.47862,52.164362],[5.478288,52.164312],[5.477966,52.164266],[5.477814,52.164245],[5.477739,52.16424],[5.477609,52.164251],[5.477454,52.164264],[5.47714,52.164289],[5.476924,52.164307],[5.476736,52.16432],[5.476546,52.164336],[5.476412,52.164345],[5.47629,52.164353],[5.476147,52.164363],[5.476034,52.164372],[5.475996,52.164375],[5.475958,52.164377],[5.475856,52.164382],[5.475768,52.164391],[5.475716,52.164391],[5.475701,52.164392],[5.475613,52.164392],[5.475557,52.16439],[5.475526,52.164382],[5.475521,52.164381],[5.475517,52.16438],[5.475512,52.164379],[5.475508,52.164378],[5.475504,52.164376],[5.4755,52.164375],[5.475496,52.164373],[5.475492,52.164371],[5.475488,52.164369],[5.475485,52.164367],[5.475481,52.164365],[5.475478,52.164363],[5.475475,52.164361],[5.475472,52.164359],[5.475469,52.164356],[5.475466,52.164354],[5.475464,52.164351],[5.475461,52.164349],[5.475423,52.164302],[5.475401,52.164269],[5.475375,52.164245],[5.475342,52.164215],[5.475341,52.164214],[5.475313,52.164189],[5.475311,52.164187],[5.475282,52.164165],[5.475257,52.164151],[5.475228,52.164138],[5.47516,52.164117],[5.475024,52.164071],[5.474925,52.164037],[5.474823,52.163996],[5.474706,52.163953],[5.474541,52.163892],[5.474514,52.163883],[5.474484,52.163876],[5.474451,52.163873],[5.47442,52.163874],[5.474378,52.163876],[5.47434,52.163882],[5.474291,52.163888],[5.474282,52.16389],[5.474251,52.163895],[5.474232,52.163899],[5.474216,52.163903],[5.474179,52.163906],[5.474144,52.16391],[5.474087,52.163912],[5.474012,52.163912],[5.473937,52.16391],[5.473869,52.163908],[5.473812,52.163903],[5.47376,52.1639],[5.473551,52.163874],[5.473448,52.163863],[5.473358,52.163851],[5.473172,52.163836],[5.472982,52.163823],[5.473018,52.163789],[5.47303,52.163777],[5.473066,52.163743],[5.473192,52.163645],[5.473257,52.163553],[5.473316,52.163464],[5.473361,52.163372],[5.473409,52.163275],[5.473417,52.1632],[5.473408,52.163144],[5.473406,52.163128],[5.473405,52.163114],[5.473332,52.1631],[5.473393,52.162995],[5.473278,52.162978],[5.473086,52.16295],[5.472809,52.162909],[5.472433,52.162851],[5.472483,52.162747],[5.472518,52.16267],[5.472521,52.162662],[5.472663,52.162316],[5.472866,52.161848],[5.472906,52.161853],[5.473293,52.161897],[5.473557,52.161927],[5.474046,52.16198],[5.474508,52.162032],[5.474708,52.162061],[5.474721,52.162063],[5.474946,52.16209],[5.475206,52.162134],[5.475309,52.162149],[5.475316,52.16215],[5.475371,52.162153],[5.47552,52.162162],[5.475671,52.162146],[5.475872,52.162109],[5.476117,52.162056],[5.476461,52.161994],[5.476902,52.161915],[5.477136,52.161882],[5.477218,52.161874],[5.477301,52.161865],[5.477522,52.161836],[5.477712,52.161799],[5.477948,52.161756],[5.478066,52.161732],[5.47814,52.161717],[5.478292,52.161675],[5.478351,52.161647],[5.478384,52.161641],[5.478495,52.161607],[5.478611,52.161571],[5.478689,52.161543],[5.478729,52.161529],[5.478923,52.161463],[5.479083,52.161404],[5.479197,52.161361],[5.479289,52.161322],[5.479392,52.161279],[5.479483,52.161235],[5.479598,52.161176],[5.479668,52.161135],[5.479789,52.161069],[5.479944,52.160973],[5.47997,52.160956],[5.480012,52.16092],[5.480137,52.160816],[5.480153,52.160803],[5.480733,52.160354],[5.480796,52.160279],[5.480823,52.160233],[5.480838,52.160213],[5.480886,52.160162],[5.480892,52.160157],[5.480898,52.160151],[5.480904,52.160146],[5.480911,52.160141],[5.480917,52.160136],[5.480924,52.160131],[5.480931,52.160127],[5.480938,52.160122],[5.480945,52.160118],[5.480953,52.160113],[5.480961,52.160109],[5.480968,52.160105],[5.480976,52.1601],[5.480984,52.160096],[5.480993,52.160092],[5.481001,52.160089],[5.481009,52.160085],[5.481018,52.160081],[5.481027,52.160078],[5.481036,52.160074],[5.481045,52.160071],[5.48105,52.160068],[5.481056,52.160066],[5.481062,52.160063],[5.481068,52.160061],[5.481074,52.160059],[5.481081,52.160057],[5.481087,52.160055],[5.481094,52.160053],[5.4811,52.160051],[5.481107,52.160049],[5.481114,52.160048],[5.48112,52.160046],[5.481127,52.160045],[5.481134,52.160044],[5.481141,52.160043],[5.481148,52.160042],[5.481155,52.160042],[5.481163,52.160041],[5.48117,52.160041],[5.481177,52.160041],[5.481184,52.16004],[5.481302,52.160032],[5.48136,52.160029],[5.481398,52.160025],[5.481435,52.160013],[5.481517,52.159979],[5.481751,52.159877],[5.481913,52.159827],[5.482019,52.15981],[5.482116,52.159796],[5.481902,52.159336],[5.481675,52.158849],[5.481458,52.158374],[5.481496,52.158297],[5.482309,52.158205],[5.482461,52.158243],[5.482677,52.158259],[5.482841,52.158273],[5.483038,52.158289],[5.483197,52.158296],[5.483362,52.158297],[5.483524,52.158296],[5.483653,52.158289],[5.483751,52.158277],[5.483977,52.158236],[5.484142,52.158178],[5.484261,52.158116],[5.484317,52.158064],[5.48433,52.158033],[5.484325,52.158007],[5.484321,52.157995],[5.48428,52.157854],[5.484243,52.15773],[5.484242,52.157727],[5.484199,52.157534],[5.484196,52.157523],[5.484195,52.15752],[5.484176,52.157453],[5.484145,52.15723],[5.484132,52.157134],[5.484254,52.157086],[5.484197,52.156919],[5.484196,52.156717],[5.484191,52.156501],[5.484172,52.156075],[5.484166,52.155817],[5.484147,52.155695],[5.484113,52.155479],[5.484078,52.155359],[5.484074,52.155346],[5.484009,52.155349],[5.483783,52.155362],[5.483691,52.155371],[5.48361,52.155385],[5.483724,52.155047],[5.483745,52.154905],[5.483765,52.154748],[5.483771,52.154701],[5.483774,52.154683],[5.483786,52.154572],[5.483784,52.15439],[5.483767,52.153981],[5.483637,52.153989],[5.483248,52.154017],[5.483048,52.153049],[5.482975,52.152748],[5.48294,52.152565],[5.482933,52.15253],[5.482805,52.152107],[5.482769,52.151976],[5.482686,52.151671],[5.482634,52.151546],[5.482626,52.151504],[5.482592,52.151461],[5.48259,52.15146],[5.482501,52.151387],[5.482034,52.151023],[5.481702,52.150781],[5.481454,52.150587],[5.481399,52.150545],[5.481387,52.150535],[5.481342,52.150501],[5.48174,52.150322],[5.482176,52.15013],[5.482692,52.149903],[5.483158,52.149702],[5.483424,52.149596],[5.483795,52.149465],[5.483923,52.149421],[5.484309,52.149307],[5.484795,52.149166],[5.485248,52.14906],[5.485531,52.149],[5.48599,52.148906],[5.486229,52.148858],[5.48632,52.148842],[5.48637,52.148833],[5.486455,52.148818],[5.487367,52.148637],[5.488033,52.148506],[5.488862,52.148341],[5.489187,52.148276],[5.489476,52.148219],[5.48987,52.148154],[5.490867,52.148028],[5.491554,52.147941],[5.492529,52.147821],[5.493192,52.147736],[5.493432,52.147704],[5.494375,52.147584],[5.494412,52.147579],[5.494494,52.147569],[5.494505,52.147568],[5.495572,52.147436],[5.496051,52.147377],[5.496251,52.14735],[5.496502,52.147329],[5.49656,52.147325],[5.49677,52.147315],[5.496892,52.147311],[5.497026,52.147309],[5.497172,52.14731],[5.497296,52.147313],[5.497547,52.147324],[5.497897,52.14734],[5.49809,52.147351],[5.498552,52.147386],[5.498596,52.147355],[5.498849,52.147391],[5.498983,52.147393],[5.498985,52.147361],[5.498988,52.147314],[5.498991,52.147269],[5.498953,52.147024],[5.498889,52.146648],[5.498841,52.146372],[5.498815,52.146227],[5.498792,52.146131],[5.498766,52.146025],[5.498676,52.145643],[5.498665,52.145596],[5.498658,52.145566],[5.498594,52.145271],[5.498582,52.145221],[5.498513,52.144958],[5.498506,52.144932],[5.498445,52.14471],[5.4984,52.144579],[5.498381,52.14452],[5.49837,52.144486],[5.498347,52.144439],[5.498326,52.144397],[5.498296,52.144342],[5.498256,52.144286],[5.498218,52.144236],[5.498215,52.144232],[5.498179,52.144193],[5.498111,52.144049],[5.498068,52.143936],[5.498049,52.143872],[5.498031,52.143818],[5.498021,52.143756],[5.498003,52.14365],[5.497995,52.143611],[5.497992,52.143595],[5.49799,52.143549],[5.497989,52.14353],[5.497996,52.143512],[5.498008,52.143498],[5.498018,52.143491],[5.498092,52.143467],[5.498073,52.143397],[5.498007,52.143152],[5.497971,52.143032],[5.497946,52.142956],[5.497909,52.14285],[5.497565,52.142035],[5.49741,52.141686],[5.49739,52.141639],[5.497306,52.141444],[5.497313,52.141442],[5.497446,52.141423],[5.497531,52.141404],[5.497875,52.141322],[5.497933,52.141307],[5.497979,52.141295],[5.498123,52.141256],[5.49822,52.141231],[5.498322,52.141205],[5.498382,52.141197],[5.498535,52.141171],[5.498771,52.141138],[5.498943,52.141118],[5.49899,52.141116],[5.499104,52.141111],[5.499306,52.141108],[5.499416,52.141105],[5.499699,52.141093],[5.499764,52.141089],[5.499835,52.141083],[5.499869,52.141078],[5.499911,52.141069],[5.499961,52.141055],[5.500003,52.141043],[5.500025,52.141032],[5.500082,52.141005],[5.500149,52.140974],[5.500354,52.140876],[5.500405,52.140852],[5.500624,52.140757],[5.500705,52.140727],[5.500757,52.14071],[5.500833,52.140694],[5.500838,52.140693],[5.500876,52.140677],[5.501024,52.140603],[5.501113,52.140559],[5.501222,52.140505],[5.501275,52.140464],[5.501351,52.140423],[5.501442,52.140371],[5.501492,52.140338],[5.501594,52.14027],[5.501683,52.140204],[5.501764,52.140142],[5.501863,52.140061],[5.501955,52.14],[5.502067,52.139933],[5.502202,52.139851],[5.502313,52.139746],[5.502603,52.139536],[5.502742,52.139567],[5.504063,52.139368],[5.504139,52.139356],[5.504186,52.139302],[5.504216,52.139277],[5.504274,52.139254],[5.504378,52.139225],[5.504492,52.139231],[5.504537,52.139229],[5.504716,52.139209],[5.504772,52.1392],[5.505047,52.139151],[5.505614,52.139052],[5.505642,52.13905],[5.505771,52.139043],[5.505869,52.139032],[5.506308,52.138993],[5.506578,52.138971],[5.506802,52.138954],[5.50706,52.138932],[5.507461,52.138879],[5.507592,52.138866],[5.50745,52.138532],[5.50783,52.138473],[5.508405,52.138379],[5.508786,52.138311],[5.509285,52.138229],[5.509637,52.138167],[5.509628,52.138157],[5.509761,52.138138],[5.509811,52.138132],[5.510307,52.137999],[5.510501,52.137929],[5.510818,52.137815],[5.511086,52.137721],[5.511245,52.137661],[5.511674,52.1375],[5.511685,52.137496],[5.51169,52.137494],[5.511932,52.137368],[5.512374,52.13713],[5.512481,52.137072],[5.512516,52.137051],[5.512595,52.137003],[5.512917,52.136773],[5.513992,52.135988],[5.51408,52.135923],[5.513669,52.135808],[5.513536,52.135773],[5.513398,52.135584],[5.513228,52.135356],[5.512554,52.134481],[5.512459,52.13435],[5.512445,52.134331],[5.512429,52.134309],[5.512367,52.134224],[5.512181,52.134189],[5.51198,52.134131],[5.511881,52.134115],[5.51196,52.134001],[5.512,52.133998],[5.512015,52.133887],[5.512034,52.13375],[5.512042,52.133736],[5.512037,52.133548],[5.512036,52.133471],[5.512034,52.133457],[5.512034,52.133408],[5.512035,52.133273],[5.512037,52.13322],[5.512025,52.133077],[5.511994,52.132797],[5.511968,52.132653],[5.511966,52.132636],[5.511961,52.132584],[5.511964,52.132513],[5.511986,52.13244],[5.512021,52.132371],[5.512077,52.132284],[5.512171,52.132193],[5.512149,52.132185],[5.511966,52.132118],[5.511928,52.132105],[5.511856,52.132085],[5.511823,52.132077],[5.511697,52.132055],[5.511668,52.13205],[5.511642,52.132052],[5.51161,52.132057],[5.511552,52.132077],[5.511484,52.132095],[5.511456,52.132103],[5.511442,52.132106],[5.511407,52.132109],[5.511403,52.132109],[5.511398,52.13211],[5.511393,52.13211],[5.511388,52.132111],[5.511383,52.132111],[5.511378,52.132111],[5.511373,52.132111],[5.511368,52.132111],[5.511363,52.132111],[5.511358,52.132111],[5.511353,52.132111],[5.511348,52.13211],[5.511342,52.13211],[5.511338,52.13211],[5.511333,52.132109],[5.511328,52.132109],[5.511323,52.132108],[5.511318,52.132107],[5.511313,52.132107],[5.511308,52.132106],[5.511303,52.132105],[5.511298,52.132104],[5.511294,52.132103],[5.511289,52.132102],[5.511285,52.132101],[5.51128,52.132099],[5.511275,52.132098],[5.511271,52.132097],[5.511266,52.132095],[5.511262,52.132094],[5.511261,52.132094],[5.511223,52.132081],[5.511184,52.13207],[5.511139,52.132058],[5.511069,52.13204],[5.510989,52.132026],[5.510907,52.132013],[5.510768,52.131995],[5.510656,52.131983],[5.510566,52.131975],[5.510428,52.131965],[5.510323,52.131951],[5.51022,52.131936],[5.510153,52.131924],[5.510065,52.131917],[5.509952,52.131913],[5.509916,52.131914],[5.509864,52.131915],[5.50974,52.131923],[5.509591,52.13193],[5.5094,52.131948],[5.509334,52.131952],[5.509233,52.13195],[5.509227,52.131949],[5.509222,52.131949],[5.509216,52.131948],[5.509211,52.131947],[5.509206,52.131946],[5.5092,52.131945],[5.509195,52.131943],[5.50919,52.131942],[5.509184,52.131941],[5.509179,52.13194],[5.509174,52.131938],[5.509169,52.131937],[5.509164,52.131935],[5.509159,52.131933],[5.509154,52.131932],[5.50915,52.13193],[5.509145,52.131928],[5.50914,52.131926],[5.509135,52.131924],[5.509131,52.131922],[5.509126,52.13192],[5.509122,52.131918],[5.509117,52.131916],[5.509113,52.131914],[5.509109,52.131911],[5.509105,52.131909],[5.509101,52.131907],[5.5091,52.131906],[5.509017,52.131849],[5.509011,52.131844],[5.509005,52.13184],[5.508999,52.131835],[5.508993,52.131831],[5.508987,52.131826],[5.508981,52.131822],[5.508975,52.131817],[5.50897,52.131812],[5.508964,52.131807],[5.508959,52.131802],[5.508953,52.131797],[5.508948,52.131793],[5.508943,52.131788],[5.508938,52.131783],[5.508933,52.131778],[5.508931,52.131775],[5.508919,52.13176],[5.508909,52.131738],[5.508895,52.131703],[5.508887,52.131682],[5.508889,52.131618],[5.508889,52.131617],[5.508888,52.131615],[5.508888,52.131613],[5.508888,52.131612],[5.508887,52.131611],[5.508887,52.131609],[5.508886,52.131607],[5.508885,52.131606],[5.508884,52.131604],[5.508883,52.131602],[5.508881,52.131601],[5.50888,52.131599],[5.508879,52.131598],[5.508877,52.131596],[5.508875,52.131595],[5.508874,52.131594],[5.508872,52.131592],[5.50887,52.131591],[5.508868,52.13159],[5.508866,52.131589],[5.508864,52.131587],[5.508862,52.131586],[5.508859,52.131585],[5.508857,52.131584],[5.508854,52.131583],[5.508852,52.131583],[5.508849,52.131582],[5.508847,52.131581],[5.508844,52.13158],[5.508841,52.13158],[5.508839,52.131579],[5.508836,52.131579],[5.508801,52.13158],[5.508779,52.131586],[5.508751,52.131594],[5.508647,52.131646],[5.508642,52.131649],[5.508639,52.13165],[5.508636,52.13165],[5.508633,52.131651],[5.508629,52.131652],[5.508626,52.131653],[5.508623,52.131654],[5.50862,52.131654],[5.508616,52.131655],[5.508613,52.131655],[5.508609,52.131656],[5.508606,52.131656],[5.508602,52.131656],[5.508599,52.131656],[5.508595,52.131656],[5.508592,52.131656],[5.508588,52.131656],[5.508585,52.131656],[5.508581,52.131656],[5.508578,52.131656],[5.508574,52.131656],[5.508571,52.131655],[5.508567,52.131655],[5.508564,52.131654],[5.508561,52.131653],[5.508557,52.131653],[5.508554,52.131652],[5.508551,52.131651],[5.508548,52.13165],[5.508545,52.131649],[5.508541,52.131648],[5.508538,52.131647],[5.508535,52.131646],[5.508533,52.131645],[5.50835,52.131578],[5.508115,52.131492],[5.50784,52.131392],[5.507706,52.131339],[5.507697,52.131335],[5.507684,52.131291],[5.507689,52.131265],[5.507709,52.131226],[5.507709,52.131208],[5.507717,52.131159],[5.507713,52.131148],[5.507712,52.131146],[5.507711,52.131145],[5.50771,52.131143],[5.507709,52.131142],[5.507707,52.13114],[5.507706,52.131139],[5.507704,52.131138],[5.507703,52.131136],[5.507701,52.131135],[5.507699,52.131134],[5.507697,52.131132],[5.507695,52.131131],[5.507693,52.13113],[5.507691,52.131129],[5.507688,52.131128],[5.507686,52.131127],[5.507684,52.131127],[5.507681,52.131126],[5.507679,52.131125],[5.507676,52.131125],[5.507674,52.131124],[5.507671,52.131124],[5.507669,52.131123],[5.507666,52.131123],[5.507663,52.131123],[5.50766,52.131122],[5.507658,52.131122],[5.507655,52.131122],[5.507652,52.131122],[5.50765,52.131122],[5.507647,52.131122],[5.507636,52.131124],[5.507634,52.131124],[5.50763,52.131126],[5.507625,52.131128],[5.507621,52.131129],[5.507617,52.131131],[5.507613,52.131133],[5.50761,52.131135],[5.507606,52.131137],[5.507602,52.131139],[5.507599,52.131141],[5.507595,52.131143],[5.507592,52.131145],[5.507588,52.131147],[5.507585,52.131149],[5.507582,52.131152],[5.507579,52.131154],[5.507576,52.131156],[5.507573,52.131159],[5.50757,52.131161],[5.507567,52.131164],[5.507565,52.131166],[5.507562,52.131169],[5.50756,52.131172],[5.507556,52.131176],[5.507553,52.13118],[5.507549,52.131185],[5.507546,52.131189],[5.507542,52.131193],[5.507539,52.131198],[5.507536,52.131202],[5.507533,52.131206],[5.50753,52.131211],[5.507527,52.131216],[5.507525,52.13122],[5.507522,52.131225],[5.50752,52.131229],[5.507517,52.131234],[5.507515,52.131239],[5.507513,52.131243],[5.507511,52.131248],[5.507509,52.131253],[5.507508,52.131257],[5.507506,52.131262],[5.507504,52.131267],[5.507495,52.13129],[5.507473,52.131348],[5.50737,52.131334],[5.507365,52.131333],[5.507359,52.131333],[5.507354,52.131332],[5.507349,52.131332],[5.507344,52.131331],[5.507338,52.13133],[5.507333,52.131329],[5.507328,52.131328],[5.507323,52.131327],[5.507318,52.131326],[5.507313,52.131325],[5.507308,52.131324],[5.507303,52.131323],[5.507298,52.131321],[5.507294,52.13132],[5.507289,52.131318],[5.507284,52.131317],[5.50728,52.131315],[5.507275,52.131314],[5.50727,52.131312],[5.507266,52.13131],[5.507262,52.131308],[5.507257,52.131307],[5.507253,52.131305],[5.507253,52.131304],[5.507192,52.131275],[5.507095,52.131222],[5.507072,52.131206],[5.507052,52.131188],[5.507032,52.13117],[5.506997,52.131144],[5.50693,52.131099],[5.506853,52.131045],[5.506786,52.131009],[5.506784,52.131007],[5.506782,52.131005],[5.50678,52.131003],[5.506778,52.131002],[5.506775,52.131],[5.506773,52.130998],[5.50677,52.130997],[5.506768,52.130995],[5.506765,52.130994],[5.506762,52.130993],[5.50676,52.130991],[5.506757,52.13099],[5.506754,52.130989],[5.506751,52.130988],[5.506748,52.130987],[5.506744,52.130986],[5.506741,52.130985],[5.506738,52.130984],[5.506735,52.130983],[5.506731,52.130982],[5.506728,52.130981],[5.506725,52.130981],[5.506721,52.13098],[5.506718,52.13098],[5.506714,52.130979],[5.506711,52.130979],[5.506706,52.130978],[5.506702,52.130978],[5.506697,52.130977],[5.506692,52.130976],[5.506687,52.130976],[5.506682,52.130975],[5.506678,52.130975],[5.506673,52.130975],[5.506668,52.130974],[5.506663,52.130974],[5.506658,52.130974],[5.506653,52.130974],[5.506648,52.130974],[5.506643,52.130974],[5.506638,52.130974],[5.506634,52.130975],[5.506629,52.130975],[5.506624,52.130975],[5.506619,52.130976],[5.506614,52.130976],[5.506609,52.130977],[5.506605,52.130978],[5.506525,52.130991],[5.506409,52.131012],[5.506349,52.131021],[5.506332,52.131022],[5.506308,52.131023],[5.506297,52.131023],[5.506252,52.131013],[5.506238,52.131],[5.506219,52.130982],[5.506189,52.130951],[5.506167,52.130929],[5.506165,52.130927],[5.506163,52.130926],[5.506161,52.130925],[5.506158,52.130924],[5.506156,52.130923],[5.506153,52.130922],[5.506151,52.130921],[5.506148,52.13092],[5.506146,52.130919],[5.506143,52.130918],[5.50614,52.130917],[5.506137,52.130917],[5.506134,52.130916],[5.506131,52.130916],[5.506128,52.130915],[5.506125,52.130915],[5.506123,52.130914],[5.506119,52.130914],[5.506116,52.130914],[5.506113,52.130914],[5.50611,52.130914],[5.506107,52.130914],[5.506104,52.130914],[5.506101,52.130914],[5.506098,52.130914],[5.506095,52.130915],[5.506092,52.130915],[5.506089,52.130916],[5.506086,52.130916],[5.506083,52.130917],[5.506081,52.130917],[5.506078,52.130918],[5.506075,52.130919],[5.506073,52.13092],[5.50607,52.130921],[5.506069,52.130921],[5.506063,52.130922],[5.506058,52.130923],[5.506052,52.130924],[5.506046,52.130925],[5.50604,52.130926],[5.506035,52.130927],[5.506029,52.130929],[5.506024,52.13093],[5.506018,52.130932],[5.506012,52.130933],[5.506007,52.130935],[5.506002,52.130936],[5.505996,52.130938],[5.505991,52.13094],[5.505986,52.130942],[5.505985,52.130942],[5.50598,52.130944],[5.505974,52.130946],[5.505853,52.130997],[5.505585,52.131105],[5.505513,52.131118],[5.505472,52.131123],[5.505333,52.131134],[5.50522,52.131141],[5.505154,52.131136],[5.505092,52.131123],[5.505043,52.131114],[5.505009,52.131104],[5.504988,52.131088],[5.504971,52.131068],[5.505003,52.13098],[5.504993,52.130943],[5.504978,52.130933],[5.504942,52.13093],[5.504887,52.13094],[5.50486,52.130944],[5.504793,52.130951],[5.504757,52.130953],[5.50471,52.130949],[5.504668,52.130945],[5.504661,52.130943],[5.504654,52.130942],[5.504647,52.13094],[5.50464,52.130938],[5.504634,52.130936],[5.504627,52.130935],[5.50462,52.130933],[5.504613,52.130931],[5.504607,52.130929],[5.5046,52.130926],[5.504594,52.130924],[5.504587,52.130922],[5.504581,52.13092],[5.504575,52.130917],[5.504569,52.130915],[5.504565,52.130913],[5.504165,52.130683],[5.504118,52.130665],[5.50404,52.130643],[5.504033,52.130641],[5.503761,52.130602],[5.503632,52.130586],[5.503584,52.130573],[5.503515,52.130549],[5.503434,52.130515],[5.503301,52.130455],[5.503163,52.130389],[5.503049,52.130351],[5.503011,52.130336],[5.502869,52.130283],[5.502778,52.130249],[5.502703,52.130237],[5.502619,52.130223],[5.502524,52.130213],[5.502395,52.130199],[5.502353,52.130184],[5.502281,52.130162],[5.502232,52.130142],[5.502166,52.130113],[5.502117,52.130093],[5.501972,52.130081],[5.50195,52.130081],[5.50187,52.130085],[5.50176,52.130095],[5.501705,52.130098],[5.501663,52.130097],[5.501637,52.130093],[5.501603,52.130086],[5.5016,52.130085],[5.501596,52.130084],[5.501593,52.130083],[5.501589,52.130081],[5.501586,52.13008],[5.501582,52.130079],[5.501579,52.130077],[5.501576,52.130076],[5.501572,52.130074],[5.501569,52.130072],[5.501566,52.130071],[5.501563,52.130069],[5.50156,52.130067],[5.501558,52.130066],[5.501555,52.130064],[5.501552,52.130062],[5.50155,52.13006],[5.501547,52.130058],[5.501545,52.130056],[5.501543,52.130054],[5.501541,52.130052],[5.501538,52.130049],[5.501537,52.130047],[5.501535,52.130045],[5.501533,52.130043],[5.501531,52.13004],[5.50153,52.130038],[5.501528,52.130036],[5.501528,52.130035],[5.501525,52.130015],[5.501524,52.130009],[5.501522,52.12997],[5.501518,52.129961],[5.501506,52.129952],[5.501488,52.129939],[5.501452,52.129932],[5.501424,52.129926],[5.501403,52.129927],[5.501372,52.129932],[5.501354,52.12994],[5.50129,52.129965],[5.501209,52.129993],[5.501111,52.130022],[5.501103,52.130025],[5.501032,52.130044],[5.500992,52.130053],[5.500987,52.130054],[5.500981,52.130054],[5.500975,52.130054],[5.500969,52.130055],[5.500964,52.130055],[5.500958,52.130055],[5.500952,52.130055],[5.500946,52.130055],[5.50094,52.130055],[5.500934,52.130055],[5.500929,52.130055],[5.500923,52.130055],[5.500917,52.130055],[5.500911,52.130054],[5.500906,52.130054],[5.5009,52.130053],[5.500894,52.130053],[5.500888,52.130052],[5.500885,52.130052],[5.500794,52.130041],[5.500752,52.13004],[5.500724,52.130043],[5.500697,52.130048],[5.500636,52.13007],[5.500534,52.130101],[5.500521,52.130104],[5.500508,52.130108],[5.500496,52.130111],[5.500483,52.130115],[5.50047,52.130118],[5.500457,52.130121],[5.500444,52.130124],[5.500431,52.130128],[5.500418,52.130131],[5.500405,52.130133],[5.500391,52.130136],[5.500378,52.130139],[5.500365,52.130142],[5.500352,52.130145],[5.500338,52.130147],[5.500325,52.13015],[5.500312,52.130153],[5.500298,52.130155],[5.500288,52.130157],[5.500017,52.130205],[5.499944,52.130218],[5.49983,52.130237],[5.499734,52.130253],[5.499663,52.130261],[5.499656,52.130262],[5.49965,52.130263],[5.499643,52.130263],[5.499636,52.130264],[5.49963,52.130265],[5.499623,52.130265],[5.499616,52.130266],[5.499609,52.130266],[5.499603,52.130266],[5.499596,52.130267],[5.499589,52.130267],[5.499582,52.130267],[5.499575,52.130267],[5.499569,52.130267],[5.499562,52.130267],[5.499555,52.130267],[5.499548,52.130266],[5.499542,52.130266],[5.499535,52.130266],[5.499528,52.130265],[5.499521,52.130265],[5.499515,52.130264],[5.499508,52.130263],[5.499501,52.130263],[5.499496,52.130262],[5.499469,52.130258],[5.499414,52.130251],[5.499304,52.130238],[5.499252,52.130233],[5.499209,52.130237],[5.499165,52.130245],[5.499164,52.130245],[5.49916,52.130246],[5.499155,52.130247],[5.499151,52.130249],[5.499147,52.13025],[5.499142,52.130251],[5.499138,52.130253],[5.499134,52.130254],[5.499133,52.130255],[5.499129,52.130256],[5.499125,52.130258],[5.499121,52.13026],[5.499117,52.130262],[5.499114,52.130263],[5.49911,52.130265],[5.499106,52.130267],[5.499103,52.130269],[5.499099,52.130271],[5.499096,52.130274],[5.499092,52.130276],[5.499089,52.130278],[5.499086,52.13028],[5.499083,52.130282],[5.49908,52.130285],[5.499077,52.130287],[5.499074,52.13029],[5.499071,52.130292],[5.499072,52.130294],[5.499149,52.130417],[5.499161,52.130438],[5.499166,52.130458],[5.499163,52.130475],[5.499153,52.130491],[5.499121,52.130532],[5.499098,52.130542],[5.499088,52.130543],[5.499037,52.130534],[5.499016,52.130529],[5.498882,52.130481],[5.49875,52.130413],[5.498621,52.130351],[5.498583,52.130334],[5.498489,52.130292],[5.49843,52.130262],[5.498417,52.130256],[5.498386,52.130243],[5.498344,52.130225],[5.498307,52.13022],[5.498262,52.130212],[5.498259,52.130212],[5.49825,52.130211],[5.498241,52.13021],[5.498232,52.130209],[5.498223,52.130208],[5.498214,52.130208],[5.498205,52.130207],[5.498196,52.130206],[5.498187,52.130206],[5.498178,52.130206],[5.498169,52.130205],[5.49816,52.130205],[5.498151,52.130205],[5.498142,52.130204],[5.498132,52.130205],[5.498121,52.130206],[5.49811,52.130206],[5.498099,52.130207],[5.498088,52.130208],[5.498077,52.130209],[5.498066,52.130209],[5.498055,52.13021],[5.498045,52.130212],[5.498001,52.130219],[5.497979,52.130227],[5.49796,52.130238],[5.497913,52.130283],[5.497901,52.130161],[5.497845,52.129944],[5.497776,52.129598],[5.497673,52.129171],[5.497643,52.129003],[5.49764,52.128996],[5.497617,52.128945],[5.497609,52.12879],[5.497583,52.128633],[5.497518,52.128435],[5.497467,52.128335],[5.497422,52.128157],[5.497412,52.128118],[5.49736,52.127874],[5.497351,52.127833],[5.497349,52.12782],[5.497202,52.1271],[5.497188,52.127032],[5.497112,52.12664],[5.497065,52.126397],[5.497016,52.126054],[5.496993,52.125894],[5.496897,52.125356],[5.496853,52.125158],[5.496812,52.124977],[5.496763,52.124827],[5.496759,52.124814],[5.496496,52.124847],[5.496473,52.124772],[5.496421,52.124601],[5.496319,52.124607],[5.496281,52.124609],[5.496139,52.124617],[5.496062,52.124622],[5.496043,52.124622],[5.495839,52.124627],[5.495716,52.124635],[5.4956,52.124638],[5.495471,52.124647],[5.495337,52.124657],[5.495259,52.12466],[5.494751,52.124721],[5.494705,52.124718],[5.494695,52.124698],[5.494687,52.124615],[5.494713,52.124608],[5.494738,52.124591],[5.494738,52.124569],[5.494714,52.124426],[5.494691,52.124245],[5.494701,52.124197],[5.49471,52.124168],[5.494768,52.124027],[5.494786,52.123875],[5.494796,52.123832],[5.494831,52.123675],[5.494832,52.123665],[5.494838,52.123554],[5.494844,52.123539],[5.49487,52.123479],[5.494887,52.123428],[5.494924,52.123311],[5.494943,52.123215],[5.494946,52.123157],[5.495029,52.122716],[5.495103,52.122458],[5.495118,52.122429],[5.495107,52.12241],[5.49512,52.122366],[5.495135,52.122325],[5.495137,52.122313],[5.495141,52.122296],[5.495141,52.122255],[5.495138,52.122255],[5.495083,52.122241],[5.495019,52.122209],[5.495038,52.122106],[5.495053,52.122026],[5.49506,52.121994],[5.495095,52.121938],[5.495118,52.121913],[5.49514,52.121888],[5.495182,52.121845],[5.495334,52.121693],[5.495582,52.121453],[5.495699,52.121376],[5.495801,52.121294],[5.495862,52.121249],[5.495952,52.121201],[5.495981,52.121187],[5.496057,52.121144],[5.496118,52.12111],[5.496134,52.121102],[5.496139,52.121095],[5.496157,52.121072],[5.496307,52.12089],[5.496615,52.120535],[5.496653,52.120496],[5.496661,52.120476],[5.496672,52.120451],[5.496683,52.120392],[5.496706,52.120283],[5.496703,52.120219],[5.496682,52.120163],[5.496652,52.120125],[5.496686,52.120072],[5.496701,52.12005],[5.49673,52.119962],[5.496779,52.119941],[5.496819,52.119913],[5.496836,52.119867],[5.496873,52.11977],[5.496905,52.119659],[5.496924,52.119611],[5.496923,52.119586],[5.496906,52.119565],[5.49691,52.119562],[5.496918,52.119557],[5.496969,52.119548],[5.497161,52.119515],[5.497402,52.119465],[5.497654,52.119412],[5.497821,52.119379],[5.497961,52.119358],[5.498136,52.119345],[5.49854,52.119315],[5.498596,52.11931],[5.499024,52.11928],[5.499224,52.119266],[5.499429,52.119247],[5.499479,52.11924],[5.499559,52.11923],[5.499632,52.119222],[5.499681,52.119215],[5.499752,52.119211],[5.49982,52.119206],[5.499868,52.119204],[5.499928,52.1192],[5.499985,52.119199],[5.500042,52.1192],[5.500115,52.119208],[5.500203,52.119219],[5.500295,52.119237],[5.500419,52.119266],[5.500616,52.119325],[5.500671,52.119341],[5.500888,52.119407],[5.501029,52.119447],[5.50114,52.11948],[5.501201,52.119497],[5.50124,52.119506],[5.501299,52.119515],[5.501409,52.119533],[5.501487,52.119545],[5.501548,52.119554],[5.501669,52.11957],[5.501744,52.119577],[5.502093,52.119601],[5.502448,52.119625],[5.502981,52.119665],[5.503222,52.119686],[5.503229,52.119649],[5.503839,52.119691],[5.504011,52.119704],[5.504218,52.11972],[5.504651,52.119752],[5.504829,52.119763],[5.505079,52.119773],[5.505258,52.119758],[5.505312,52.119754],[5.505354,52.11975],[5.505337,52.119709],[5.505298,52.119611],[5.505163,52.119274],[5.505118,52.119161],[5.504982,52.118815],[5.504939,52.11871],[5.50471,52.118148],[5.504609,52.118162],[5.504508,52.117902],[5.504358,52.117533],[5.504212,52.117165],[5.504047,52.116958],[5.504004,52.116902],[5.503903,52.116774],[5.503756,52.116586],[5.503856,52.116557],[5.504003,52.116514],[5.504015,52.116511],[5.504053,52.1165],[5.504277,52.116435],[5.504567,52.116348],[5.50505,52.116214],[5.505166,52.116182],[5.505603,52.116062],[5.505806,52.116008],[5.505894,52.115984],[5.505922,52.115992],[5.506122,52.115951],[5.506251,52.115923],[5.506263,52.115921],[5.506319,52.115912],[5.50649,52.115876],[5.506507,52.115873],[5.506601,52.115855],[5.506639,52.115853],[5.506722,52.115849],[5.507004,52.115854],[5.507076,52.115841],[5.507103,52.115804],[5.507153,52.115638],[5.507164,52.115609],[5.507223,52.115614],[5.507331,52.11562],[5.507441,52.11563],[5.507549,52.115645],[5.507627,52.114834],[5.507642,52.114665],[5.507666,52.114377],[5.507699,52.113942],[5.507702,52.113897],[5.506625,52.114235],[5.506467,52.114281],[5.506365,52.114303],[5.506356,52.114305],[5.506311,52.114309],[5.506302,52.114311],[5.506267,52.114314],[5.506168,52.11431],[5.506067,52.114293],[5.505946,52.114263],[5.505213,52.114048],[5.505108,52.114017],[5.504335,52.113788],[5.504157,52.113738],[5.504033,52.113719],[5.503996,52.113719],[5.50395,52.11372],[5.503868,52.113745],[5.503813,52.113778],[5.50377,52.11381],[5.503055,52.114452],[5.502823,52.11466],[5.502812,52.11467],[5.502602,52.114858],[5.5025,52.114949],[5.502519,52.114973],[5.502558,52.115023],[5.50261,52.115092],[5.502276,52.115177],[5.501906,52.115269],[5.501632,52.11534],[5.501351,52.11541],[5.50093,52.115514],[5.500893,52.115523],[5.50081,52.115545],[5.50074,52.115564],[5.499961,52.115768],[5.499591,52.115864],[5.499536,52.115862],[5.498917,52.116018],[5.498829,52.116012],[5.498321,52.115982],[5.497728,52.115945],[5.497715,52.115945],[5.497508,52.11593],[5.497151,52.115861],[5.497012,52.115851],[5.496935,52.115858],[5.496716,52.115901],[5.496582,52.115933],[5.496513,52.115947],[5.496457,52.115945],[5.496411,52.115935],[5.496351,52.115885],[5.496333,52.11587],[5.496291,52.115862],[5.496149,52.115796],[5.496051,52.115746],[5.495933,52.115716],[5.495895,52.115705],[5.495872,52.115694],[5.495849,52.115681],[5.49584,52.11567],[5.495802,52.115651],[5.495783,52.11564],[5.495755,52.115626],[5.495722,52.115614],[5.495659,52.115594],[5.495626,52.115586],[5.495063,52.115607],[5.494284,52.115638],[5.494214,52.115639],[5.494165,52.11564],[5.493903,52.115651],[5.493363,52.115662],[5.493338,52.115662],[5.493103,52.115659],[5.492743,52.115659],[5.492623,52.11566],[5.492579,52.115662],[5.491945,52.115723],[5.491563,52.115786],[5.491453,52.115807],[5.491139,52.115872],[5.490755,52.116055],[5.490423,52.116076],[5.490285,52.116064],[5.490211,52.116074],[5.490211,52.116073],[5.490215,52.116067],[5.49011,52.116069],[5.489402,52.116083],[5.489316,52.116085],[5.488869,52.116094],[5.488424,52.116102],[5.488187,52.116106],[5.488082,52.116101],[5.488014,52.116091],[5.4879,52.116043],[5.487775,52.115975],[5.487738,52.115959],[5.487691,52.115939],[5.487583,52.115892],[5.487456,52.115835],[5.487325,52.11578],[5.487192,52.115701],[5.48706,52.115643],[5.48695,52.115592],[5.486873,52.115541],[5.486832,52.115523],[5.486552,52.115403],[5.486486,52.115376],[5.486447,52.11536],[5.486727,52.115255],[5.486761,52.115242],[5.48686,52.115205],[5.487122,52.115126],[5.48732,52.115073],[5.487415,52.115051],[5.487639,52.115021],[5.487886,52.114998],[5.488116,52.114984],[5.488335,52.114979],[5.488537,52.114966],[5.488705,52.114965],[5.488774,52.114951],[5.488875,52.114928],[5.488964,52.114888],[5.489005,52.114874],[5.489037,52.114876],[5.489075,52.114899],[5.489089,52.114925],[5.489094,52.114934],[5.489113,52.114981],[5.489134,52.114996],[5.489162,52.114998],[5.489238,52.114993],[5.489363,52.114968],[5.489519,52.114938],[5.489718,52.1149],[5.489758,52.114883],[5.489758,52.114844],[5.48977,52.114812],[5.489811,52.114773],[5.48983,52.114766],[5.489887,52.114744],[5.490026,52.114705],[5.490224,52.114655],[5.490256,52.114645],[5.490329,52.114643],[5.490395,52.114648],[5.490439,52.114645],[5.490458,52.114638],[5.490531,52.114609],[5.490609,52.114576],[5.490682,52.114554],[5.490849,52.114514],[5.49094,52.114486],[5.490997,52.114492],[5.491052,52.114507],[5.491086,52.114538],[5.491123,52.11458],[5.491156,52.114596],[5.491176,52.114599],[5.491226,52.114597],[5.49134,52.114537],[5.491443,52.114491],[5.491487,52.114474],[5.491521,52.114465],[5.491554,52.114463],[5.491609,52.114473],[5.491736,52.11451],[5.491767,52.114515],[5.491805,52.114513],[5.491831,52.114508],[5.491873,52.114485],[5.491891,52.114453],[5.491896,52.114426],[5.491896,52.114401],[5.491877,52.114346],[5.49186,52.1143],[5.491849,52.114262],[5.491841,52.114225],[5.491823,52.11417],[5.49182,52.114154],[5.491817,52.114117],[5.491832,52.11409],[5.491857,52.114073],[5.491896,52.114053],[5.491955,52.11403],[5.491993,52.114015],[5.49211,52.113971],[5.492189,52.113935],[5.492335,52.113844],[5.492397,52.113813],[5.492446,52.113798],[5.49255,52.113793],[5.492625,52.113767],[5.492711,52.113721],[5.492845,52.113648],[5.493014,52.113559],[5.493019,52.113532],[5.493006,52.113489],[5.493003,52.113458],[5.493003,52.113457],[5.493033,52.113413],[5.493187,52.11322],[5.493308,52.113078],[5.493363,52.113012],[5.493377,52.113002],[5.493386,52.112997],[5.493404,52.112999],[5.49345,52.113023],[5.49354,52.113075],[5.493581,52.113105],[5.493605,52.113111],[5.493608,52.113112],[5.493647,52.113111],[5.493688,52.113094],[5.493712,52.113065],[5.493718,52.113038],[5.493717,52.112995],[5.493716,52.11299],[5.493712,52.11296],[5.493709,52.112893],[5.493715,52.112873],[5.493745,52.112853],[5.493782,52.112837],[5.493824,52.112829],[5.493843,52.112825],[5.493879,52.112815],[5.493901,52.112794],[5.493922,52.112764],[5.49394,52.112708],[5.493942,52.112652],[5.493941,52.112504],[5.493927,52.1124],[5.493919,52.112325],[5.4939,52.112153],[5.493872,52.111908],[5.493877,52.111738],[5.493877,52.111575],[5.493878,52.111551],[5.493878,52.11145],[5.493874,52.111373],[5.493883,52.111336],[5.493905,52.111289],[5.493907,52.111285],[5.493911,52.111271],[5.493907,52.111258],[5.493904,52.111248],[5.493896,52.111231],[5.493881,52.1112],[5.493865,52.111151],[5.493858,52.111112],[5.493858,52.111105],[5.493862,52.111097],[5.494187,52.111039],[5.494449,52.110996],[5.49454,52.110989],[5.494587,52.110985],[5.494646,52.11098],[5.494773,52.110972],[5.494786,52.110972],[5.495132,52.110959],[5.495145,52.110959],[5.495171,52.110957],[5.495221,52.110955],[5.49527,52.110954],[5.495329,52.110952],[5.495387,52.110951],[5.495549,52.110949],[5.495871,52.110945],[5.496431,52.110941],[5.496923,52.110935],[5.497312,52.110928],[5.497332,52.110927],[5.497499,52.110924],[5.497606,52.110921],[5.49803,52.110916],[5.498891,52.11091],[5.499831,52.110902],[5.499846,52.110901],[5.499905,52.110903],[5.500031,52.1109],[5.500035,52.110899],[5.500072,52.1109],[5.500142,52.1109],[5.50051,52.110894],[5.500736,52.110891],[5.500751,52.110891],[5.500791,52.110888],[5.500828,52.110885],[5.500849,52.110884],[5.500864,52.110882],[5.500898,52.110879],[5.50093,52.110875],[5.500959,52.11087],[5.501079,52.110835],[5.501202,52.110738],[5.501241,52.110707],[5.501294,52.110667],[5.501521,52.110494],[5.501559,52.110453],[5.501642,52.110371],[5.501669,52.110346],[5.501713,52.110304],[5.501736,52.110284],[5.50181,52.110212],[5.501847,52.110177],[5.501893,52.110134],[5.501896,52.110131],[5.501994,52.11003],[5.502035,52.109985],[5.502053,52.109963],[5.502064,52.109947],[5.502074,52.109931],[5.502079,52.109919],[5.502082,52.109911],[5.502086,52.109897],[5.502086,52.109891],[5.502087,52.10988],[5.502088,52.109852],[5.502072,52.109735],[5.502068,52.109701],[5.502068,52.109688],[5.50207,52.109674],[5.502079,52.109659],[5.502085,52.109653],[5.502097,52.109644],[5.502106,52.109636],[5.502116,52.109631],[5.502161,52.10962],[5.502313,52.109577],[5.503014,52.109339],[5.503317,52.109246],[5.503983,52.109016],[5.504101,52.108975],[5.504562,52.108818],[5.505327,52.108573],[5.505837,52.108403],[5.506,52.10835],[5.506019,52.108344],[5.506026,52.108341],[5.506084,52.108318],[5.506093,52.108315],[5.506228,52.108272],[5.506394,52.108217],[5.506578,52.108155],[5.506645,52.108131],[5.506811,52.108084],[5.506844,52.108074],[5.50693,52.108049],[5.506993,52.108026],[5.507033,52.10801],[5.507121,52.107978],[5.507143,52.107971],[5.507181,52.107959],[5.507198,52.107953],[5.507215,52.107949],[5.507236,52.107945],[5.507245,52.107943],[5.507258,52.10794],[5.50727,52.107938],[5.507299,52.107934],[5.507319,52.107933],[5.507348,52.10793],[5.507381,52.107929],[5.507396,52.107929],[5.507547,52.107923],[5.50823,52.107898],[5.508728,52.107885],[5.509204,52.107871],[5.509681,52.107858],[5.510127,52.10785],[5.510195,52.107849],[5.510215,52.107849],[5.510353,52.10785],[5.510401,52.107842],[5.510514,52.107615],[5.510515,52.107614],[5.510522,52.107602],[5.510548,52.107576],[5.510579,52.107549],[5.510643,52.107492],[5.510659,52.107483],[5.510675,52.107475],[5.510693,52.107465],[5.510712,52.107455],[5.510729,52.107445],[5.510773,52.107425],[5.510802,52.107411],[5.510825,52.107404],[5.510863,52.107391],[5.510877,52.107385],[5.510909,52.107372],[5.510984,52.107344],[5.511061,52.107311],[5.511096,52.107298],[5.511122,52.107289],[5.511152,52.107276],[5.511158,52.107273],[5.511182,52.107261],[5.511207,52.107252],[5.511234,52.10724],[5.511348,52.107203],[5.511496,52.107073],[5.511664,52.106936],[5.511812,52.106819],[5.511949,52.106693],[5.511994,52.106652],[5.512184,52.106451],[5.512406,52.106235],[5.512518,52.106101],[5.512234,52.105974],[5.512145,52.105934],[5.512174,52.105902],[5.512665,52.105346],[5.513141,52.104794],[5.513463,52.104422],[5.513629,52.104246],[5.513901,52.103956],[5.513998,52.103774],[5.514154,52.10369],[5.514572,52.103444],[5.514696,52.103375],[5.514736,52.103348],[5.51476,52.103315],[5.514781,52.103274],[5.514855,52.103125],[5.514916,52.102928],[5.515059,52.102584],[5.515067,52.102555],[5.515085,52.102528],[5.515112,52.102498],[5.515151,52.102475],[5.515264,52.102414],[5.515288,52.102396],[5.515312,52.102364],[5.515333,52.102316],[5.515464,52.101895],[5.515471,52.101846],[5.515477,52.101793],[5.515487,52.101735],[5.515489,52.101731],[5.515511,52.101697],[5.51706,52.100918],[5.517202,52.100768],[5.517383,52.100629],[5.517474,52.100601],[5.517709,52.100598],[5.518266,52.100528],[5.519294,52.100482],[5.519368,52.100494],[5.519692,52.101298],[5.519837,52.101547],[5.521894,52.103444],[5.522887,52.104184],[5.523026,52.104272],[5.523187,52.104322],[5.523478,52.103822],[5.523954,52.102941],[5.524225,52.102483],[5.525164,52.100752],[5.526954,52.101252],[5.529023,52.101792],[5.52971,52.101997],[5.531543,52.102267],[5.533157,52.102512],[5.537477,52.103164],[5.538894,52.103363],[5.539374,52.103418],[5.540248,52.103554],[5.54154,52.103737],[5.543498,52.10207],[5.543904,52.101959],[5.543963,52.101947],[5.544013,52.101949],[5.546302,52.102444],[5.5464,52.102846],[5.545292,52.10439],[5.550343,52.10542],[5.549296,52.107152],[5.547529,52.110055],[5.546745,52.11137],[5.546956,52.111365],[5.547295,52.111386],[5.549762,52.111669],[5.55097,52.111822],[5.55106,52.111863],[5.551417,52.1121],[5.551931,52.112477],[5.552152,52.112695],[5.552341,52.112798],[5.55245,52.112871],[5.552957,52.113281],[5.553055,52.113268],[5.553586,52.113264],[5.553657,52.113285],[5.55381,52.113401],[5.553942,52.113478],[5.553865,52.113537],[5.553847,52.113567],[5.553853,52.113624],[5.553905,52.113696],[5.554522,52.114224],[5.558921,52.118283],[5.558957,52.118271],[5.560251,52.119446],[5.561235,52.120251],[5.561376,52.12042],[5.561485,52.12058],[5.561568,52.120752],[5.561666,52.120773],[5.561689,52.120861],[5.561629,52.120926],[5.561895,52.121682],[5.562715,52.121815],[5.563024,52.121847],[5.565299,52.12201],[5.565434,52.121752],[5.565934,52.120899],[5.566477,52.120052],[5.567658,52.118323],[5.56862,52.118209],[5.568365,52.118572],[5.568043,52.119082],[5.567951,52.119257],[5.567772,52.119621],[5.567749,52.119746],[5.567759,52.119868],[5.567812,52.119989],[5.567888,52.120096],[5.567986,52.120187],[5.569063,52.120888],[5.569257,52.12109],[5.569326,52.121198],[5.569378,52.121312],[5.569405,52.121428],[5.569413,52.121545],[5.569396,52.121671],[5.569172,52.122191],[5.569698,52.122169],[5.570197,52.122215],[5.570826,52.122177],[5.571169,52.122121],[5.571346,52.122079],[5.571942,52.121904],[5.575263,52.120879],[5.57569,52.120764],[5.576431,52.120632],[5.576485,52.120483],[5.57673,52.120459],[5.576833,52.120584],[5.577548,52.120575],[5.578275,52.12062],[5.578852,52.120677],[5.579388,52.120759],[5.582512,52.121395],[5.583947,52.121699],[5.584449,52.12182],[5.585127,52.122017],[5.585737,52.122264],[5.586008,52.122396],[5.588353,52.123632],[5.589077,52.123985],[5.589102,52.123987],[5.589411,52.123908],[5.590184,52.123475],[5.591407,52.124446],[5.591604,52.124291],[5.591922,52.12415],[5.592191,52.124085],[5.592374,52.124056],[5.592596,52.124044],[5.594403,52.124089],[5.597434,52.124192],[5.597657,52.12423],[5.597888,52.124285],[5.598163,52.124368],[5.599735,52.125079],[5.600046,52.125178],[5.600429,52.125291],[5.60089,52.125383],[5.601588,52.125456],[5.603064,52.125502],[5.604337,52.125523],[5.604637,52.125496],[5.60495,52.125459],[5.605306,52.125396],[5.605622,52.12532],[5.605935,52.125229],[5.606485,52.125043],[5.606898,52.124933],[5.607079,52.124949],[5.607585,52.125106],[5.607772,52.125133],[5.608339,52.125147],[5.60885,52.125172],[5.609303,52.125264],[5.609814,52.125386],[5.610183,52.125478],[5.610552,52.125593],[5.612341,52.126289],[5.613465,52.126754],[5.614497,52.127252],[5.615528,52.127695],[5.615675,52.127738],[5.61585,52.127767],[5.616101,52.127801],[5.616285,52.127813],[5.616716,52.127798],[5.617046,52.127732],[5.61758,52.12755],[5.617777,52.127499],[5.617948,52.127461],[5.61843,52.127413],[5.618834,52.127415],[5.620353,52.127463],[5.62241,52.127556],[5.622998,52.127603],[5.623289,52.12766],[5.624001,52.127855],[5.624287,52.127909],[5.624646,52.127949],[5.625467,52.128007],[5.625943,52.128075],[5.626407,52.128167],[5.62916,52.128913],[5.630011,52.129185],[5.63063,52.129341],[5.633827,52.129583],[5.634603,52.129655],[5.634966,52.129707],[5.635414,52.129855],[5.636257,52.130166],[5.638135,52.130741],[5.638243,52.130765],[5.639047,52.130808],[5.639216,52.130806],[5.640752,52.13049],[5.641073,52.130437],[5.64121,52.130445],[5.641601,52.130537],[5.641708,52.13055],[5.642537,52.130457],[5.64292,52.13043],[5.643028,52.130442],[5.643565,52.130622],[5.643711,52.130658],[5.645034,52.130806],[5.645218,52.130813],[5.64557,52.130741],[5.646183,52.130569],[5.646246,52.130527],[5.646358,52.130394],[5.64647,52.130324],[5.646613,52.130271],[5.646753,52.130262],[5.646803,52.130277],[5.646841,52.130306],[5.64701,52.130534],[5.647254,52.130662],[5.647432,52.130734],[5.647527,52.130761],[5.648223,52.130891],[5.649631,52.131087],[5.650288,52.131107],[5.650801,52.131149],[5.653886,52.131608],[5.654822,52.131729],[5.655126,52.131756],[5.65552,52.131767],[5.655877,52.131754],[5.656302,52.131725],[5.656357,52.131758],[5.656459,52.131888],[5.656954,52.13258],[5.657058,52.132563],[5.657849,52.132433],[5.657926,52.13242],[5.658872,52.132263],[5.659046,52.132234],[5.659207,52.132207],[5.659229,52.132204],[5.659402,52.132175],[5.659511,52.132156],[5.659839,52.132101],[5.659999,52.132074],[5.66033,52.132019],[5.660337,52.132017],[5.660403,52.132007],[5.66047,52.131995],[5.660731,52.131952],[5.660786,52.131943],[5.660914,52.131935],[5.660953,52.131935],[5.660967,52.131935],[5.660983,52.131936],[5.661019,52.131938],[5.661034,52.131938],[5.661091,52.131945],[5.661352,52.131989],[5.661649,52.13204],[5.661673,52.132044],[5.661699,52.132049],[5.66176,52.13206],[5.661918,52.132087],[5.661941,52.132091],[5.662076,52.132115],[5.662155,52.13213],[5.662748,52.132233],[5.662764,52.132235],[5.662779,52.132237],[5.662841,52.132246],[5.663005,52.132275],[5.663122,52.132296],[5.663189,52.132309],[5.663259,52.132324],[5.663502,52.132367],[5.663628,52.13239],[5.663748,52.132411],[5.663791,52.132419],[5.663835,52.132426],[5.663917,52.132441],[5.663995,52.132455],[5.664134,52.13248],[5.664249,52.132501],[5.664253,52.132501],[5.664358,52.13252],[5.664379,52.132524],[5.664557,52.132556],[5.66464,52.132571],[5.664711,52.132585],[5.664765,52.132594],[5.664904,52.132618],[5.664936,52.132623],[5.664951,52.132625],[5.664999,52.132632],[5.665065,52.132641],[5.665106,52.132647],[5.665114,52.132648],[5.665129,52.132652],[5.665134,52.132653],[5.665423,52.132706],[5.665444,52.13271],[5.665473,52.132715],[5.665482,52.132717],[5.665579,52.132735],[5.665579,52.132735],[5.665637,52.132746],[5.665648,52.132748],[5.665704,52.132758],[5.665717,52.132763],[5.665763,52.132784],[5.665791,52.132797],[5.665795,52.132799],[5.665826,52.132812],[5.665828,52.132813],[5.665859,52.132829],[5.665927,52.132869],[5.666017,52.132922],[5.666077,52.13296],[5.666098,52.132974],[5.66612,52.132987],[5.666158,52.133012],[5.666163,52.133015],[5.666181,52.133026],[5.6662,52.133037],[5.666302,52.1331],[5.666313,52.133107],[5.66635,52.13313],[5.666438,52.133185],[5.666665,52.133329],[5.666707,52.133356],[5.666715,52.133361],[5.666741,52.133377],[5.666791,52.133408],[5.666853,52.133447],[5.666924,52.133491],[5.666993,52.133534],[5.667061,52.133577],[5.667072,52.133584],[5.667079,52.133588],[5.667097,52.133599],[5.66722,52.133676],[5.667243,52.133691],[5.667266,52.133705],[5.667285,52.133717],[5.667354,52.13376],[5.667429,52.133807],[5.667505,52.133854],[5.667593,52.13391],[5.667867,52.134082],[5.66794,52.134127],[5.668017,52.134176],[5.668187,52.134285],[5.668363,52.134397],[5.668423,52.134431],[5.668454,52.134448],[5.668488,52.134464],[5.668503,52.13447],[5.668536,52.134485],[5.668595,52.134509],[5.668675,52.134543],[5.668933,52.134651],[5.668997,52.134678],[5.669008,52.134682],[5.669018,52.134686],[5.669063,52.134677],[5.669101,52.13467],[5.670579,52.134382],[5.674783,52.133563],[5.674829,52.133558],[5.67492,52.13355],[5.675004,52.133539],[5.675073,52.133527],[5.675143,52.133512],[5.675268,52.133483],[5.675404,52.13345],[5.675527,52.133414],[5.675694,52.133353],[5.675829,52.133293],[5.67619,52.133132],[5.677529,52.132545],[5.677557,52.132533],[5.678392,52.132172],[5.678616,52.132132],[5.678621,52.132131],[5.678621,52.132131],[5.678714,52.132111],[5.678788,52.132103],[5.678823,52.132109],[5.678929,52.132127],[5.67897,52.132123],[5.679139,52.132089],[5.679146,52.132087],[5.679153,52.132085],[5.679206,52.13207],[5.679213,52.132067],[5.679225,52.132064],[5.679387,52.132061],[5.679257,52.131603],[5.679387,52.131604],[5.679389,52.131604],[5.679999,52.131609],[5.68042,52.131613],[5.680665,52.131625],[5.680687,52.13172],[5.682094,52.131762],[5.682354,52.131778],[5.682471,52.131785],[5.682827,52.131842],[5.68296,52.131864],[5.683124,52.131896],[5.683375,52.131958],[5.683636,52.132044],[5.683932,52.132145],[5.683902,52.132164],[5.683725,52.132281],[5.684148,52.132934],[5.684364,52.133295],[5.684393,52.133342],[5.68464,52.133713],[5.68484,52.133998],[5.684989,52.134177],[5.685066,52.134259],[5.685224,52.134426],[5.685278,52.134496],[5.685289,52.134511],[5.685582,52.134923],[5.685625,52.135022],[5.685659,52.135059],[5.685849,52.135266],[5.68597,52.135377],[5.686038,52.135441],[5.68634,52.135705],[5.686465,52.135811],[5.68675,52.136054],[5.687162,52.136409],[5.687289,52.13652],[5.68737,52.136586],[5.687408,52.136598],[5.687889,52.136762],[5.688053,52.136822],[5.688342,52.136928],[5.688414,52.13695],[5.688821,52.137027],[5.688962,52.137038],[5.689585,52.137121],[5.689983,52.137174],[5.69011,52.137191],[5.691058,52.137304],[5.691361,52.137323],[5.691364,52.137342],[5.691512,52.137353],[5.691649,52.137362],[5.69213,52.137387],[5.692311,52.137395],[5.692438,52.137396],[5.692518,52.137389],[5.69272,52.137357],[5.692778,52.137349],[5.693037,52.137304],[5.693071,52.137298],[5.69308,52.137296],[5.693161,52.137283],[5.693385,52.13724],[5.693472,52.137224],[5.693524,52.137213],[5.69372,52.137179],[5.694135,52.137094],[5.69414,52.137093],[5.694191,52.137083],[5.694493,52.13691],[5.694554,52.136875],[5.694786,52.136727],[5.695117,52.136515],[5.695162,52.136504],[5.695684,52.136466],[5.697049,52.136356],[5.697607,52.13632],[5.697641,52.136318],[5.697751,52.136311],[5.698613,52.136251],[5.698696,52.136245],[5.698803,52.136238],[5.698843,52.136235],[5.699427,52.136196],[5.699448,52.136196],[5.699543,52.136193],[5.699564,52.136191],[5.699674,52.136183],[5.700189,52.136144],[5.700253,52.136115],[5.700577,52.135971],[5.700964,52.13577],[5.701364,52.135553],[5.701366,52.135552],[5.701522,52.135467],[5.701705,52.135397],[5.701763,52.135384],[5.701825,52.135377],[5.701903,52.135375],[5.701989,52.135376],[5.702082,52.135378],[5.702179,52.135382],[5.702275,52.135389],[5.702399,52.135402],[5.702438,52.135407],[5.702579,52.135416],[5.702691,52.135426],[5.702759,52.135434],[5.702867,52.135436],[5.703025,52.135427],[5.703104,52.135431],[5.70321,52.135437],[5.703315,52.135432],[5.703405,52.135436],[5.703543,52.135449],[5.704007,52.135494],[5.70488,52.135584],[5.70521,52.135615],[5.705847,52.135677],[5.706222,52.135703],[5.706749,52.135733],[5.707763,52.135796],[5.708221,52.135824],[5.709904,52.135942],[5.710421,52.13598],[5.710662,52.135998],[5.711237,52.136048],[5.711411,52.136061],[5.711515,52.136065],[5.711887,52.136082],[5.712081,52.13609],[5.71296,52.136157],[5.714039,52.136235],[5.715597,52.136336],[5.71678,52.136415],[5.717212,52.136442],[5.717279,52.136449],[5.717313,52.13646],[5.717329,52.136482],[5.717335,52.13651],[5.717325,52.136613],[5.717248,52.13712],[5.717233,52.137227],[5.717216,52.137372],[5.717219,52.137414],[5.717234,52.137441],[5.717259,52.137459],[5.717301,52.13748],[5.717381,52.137504],[5.717492,52.13752],[5.718876,52.137699],[5.719226,52.137747],[5.719432,52.137764],[5.719638,52.137772],[5.719836,52.137787],[5.719999,52.137805],[5.720147,52.137831],[5.720371,52.137869],[5.72055,52.137908],[5.720947,52.13798],[5.721283,52.138006],[5.721402,52.138004],[5.72152,52.137994],[5.721534,52.138016],[5.721608,52.138128],[5.721657,52.13819],[5.721758,52.138335],[5.721858,52.138485],[5.721875,52.138508],[5.721939,52.138595],[5.721931,52.1386],[5.721837,52.138609],[5.721521,52.139434],[5.721348,52.139855],[5.721278,52.140078],[5.721243,52.140164],[5.721237,52.140209],[5.721264,52.140239],[5.721218,52.140255],[5.721164,52.140287],[5.721141,52.140302],[5.721101,52.140327],[5.721075,52.140375],[5.72102,52.140562],[5.720983,52.140731],[5.720952,52.140888],[5.720929,52.141063],[5.720935,52.141176],[5.720995,52.141554],[5.721014,52.141668],[5.721046,52.141852],[5.721085,52.142184],[5.721086,52.142309],[5.721075,52.142588],[5.721058,52.142748],[5.721015,52.143265],[5.721012,52.143298],[5.721749,52.143451],[5.721752,52.143516],[5.721777,52.143836],[5.721795,52.144025],[5.721801,52.144069],[5.721823,52.144237],[5.721823,52.144252],[5.721834,52.1444],[5.721856,52.144598],[5.72185,52.144683],[5.721847,52.14482],[5.721461,52.144814],[5.721374,52.144818],[5.721207,52.144847],[5.720973,52.144903],[5.720687,52.144976],[5.720644,52.14519],[5.720598,52.145439],[5.720555,52.145658],[5.720474,52.145921],[5.720349,52.14626],[5.72043,52.146263],[5.72087,52.14629],[5.721533,52.146343],[5.72165,52.146353],[5.721927,52.146379],[5.723278,52.146524],[5.725219,52.146737],[5.725242,52.146739],[5.72611,52.146834],[5.727361,52.146971],[5.727364,52.146971],[5.728777,52.147125],[5.728784,52.147126],[5.729116,52.147162],[5.729246,52.147176],[5.73029,52.14729],[5.730298,52.147291],[5.732046,52.147482],[5.732113,52.147489],[5.732117,52.147489],[5.732211,52.1475],[5.732959,52.147582],[5.733373,52.147627],[5.734545,52.147754],[5.734774,52.147777],[5.735412,52.147838],[5.735688,52.147865],[5.735816,52.147879],[5.735873,52.147886],[5.736052,52.147906],[5.736075,52.147908],[5.740552,52.148405],[5.741068,52.148456],[5.741161,52.148466],[5.742898,52.148656],[5.743295,52.1487],[5.753086,52.148128],[5.753109,52.148127],[5.753167,52.148123],[5.753212,52.148121],[5.753225,52.14812],[5.762105,52.147598],[5.767083,52.149393],[5.767182,52.149429],[5.76833,52.149857],[5.770704,52.150742],[5.77458,52.152187],[5.774691,52.152228],[5.779332,52.151812],[5.779351,52.151811],[5.780473,52.15171],[5.781859,52.151586],[5.785331,52.151274],[5.792389,52.151309],[5.793652,52.151316],[5.794866,52.151322],[5.800489,52.151358],[5.803852,52.151379],[5.808669,52.15141],[5.809843,52.151415],[5.809647,52.166692],[5.808806,52.167847],[5.801959,52.177364],[5.811932,52.184878],[5.810006,52.186416],[5.801699,52.193024],[5.799657,52.194652],[5.79626,52.19634],[5.792055,52.196982],[5.792025,52.196987],[5.791467,52.196944],[5.788566,52.196536],[5.785592,52.196316],[5.783957,52.196191],[5.779895,52.195899],[5.779861,52.195539],[5.779771,52.195531],[5.779596,52.195878],[5.76883,52.195064],[5.768385,52.195081],[5.761547,52.194558],[5.759653,52.194417],[5.757307,52.194243],[5.752281,52.193861],[5.750585,52.193731],[5.750408,52.193882],[5.750101,52.194145],[5.749918,52.194301],[5.7489,52.195172],[5.747585,52.196297],[5.747447,52.196416],[5.747286,52.196554],[5.744457,52.198979],[5.741075,52.201879],[5.737284,52.204355],[5.734475,52.206166],[5.734303,52.206277],[5.733422,52.206845],[5.733282,52.206937],[5.733204,52.206988],[5.732273,52.207598],[5.730953,52.208474],[5.730871,52.208529],[5.730765,52.208599],[5.730506,52.20922],[5.730058,52.210307],[5.729968,52.210524],[5.729778,52.210957],[5.729763,52.211032],[5.729984,52.211096],[5.729769,52.211775],[5.729666,52.212103],[5.729439,52.212827],[5.729227,52.213484],[5.729078,52.21397],[5.72898,52.214288],[5.728821,52.214794],[5.728785,52.214907],[5.728757,52.214999],[5.728594,52.215547],[5.728573,52.215619],[5.728212,52.216793],[5.727996,52.217488],[5.727763,52.218246],[5.727535,52.218983],[5.727435,52.219298],[5.729425,52.219413],[5.73018,52.219458],[5.730372,52.219456],[5.730718,52.219468],[5.731215,52.219493],[5.731678,52.219512],[5.732168,52.219536],[5.732631,52.219556],[5.733104,52.219574],[5.733579,52.219589],[5.733882,52.219602],[5.734052,52.219609],[5.734506,52.219633],[5.734963,52.219654],[5.73546,52.219672],[5.735983,52.219693],[5.736515,52.219713],[5.737051,52.21973],[5.737418,52.219751],[5.738089,52.219767],[5.738181,52.21977],[5.738185,52.219746],[5.738787,52.219762],[5.738787,52.219784],[5.739123,52.219791],[5.739819,52.219811],[5.740404,52.219832],[5.740728,52.219844],[5.741459,52.219874],[5.741504,52.219876],[5.741673,52.219882],[5.742158,52.221165],[5.742415,52.221883],[5.74262,52.222399],[5.742789,52.222864],[5.742982,52.223345],[5.743029,52.22349],[5.74099,52.226667],[5.740126,52.228022],[5.739518,52.228954],[5.739352,52.229237],[5.739284,52.22935],[5.738777,52.23012],[5.738522,52.230519],[5.738497,52.230733],[5.738401,52.231468],[5.73836,52.231474],[5.738325,52.231498],[5.738214,52.231579],[5.736819,52.231631],[5.736573,52.231644],[5.736417,52.231657],[5.734495,52.231869],[5.734325,52.231891],[5.734111,52.231909],[5.733976,52.231904],[5.733794,52.231888],[5.733674,52.231863],[5.73348,52.231806],[5.733359,52.231773],[5.73314,52.231736],[5.732934,52.231717],[5.732741,52.231697],[5.732283,52.231667],[5.7317,52.23163],[5.731184,52.231579],[5.730915,52.231569],[5.730211,52.235353],[5.730013,52.236429],[5.729994,52.236528],[5.729553,52.238922],[5.728373,52.240259],[5.726389,52.242503],[5.726277,52.242486],[5.725947,52.242433],[5.72395,52.242119],[5.72373,52.242084],[5.722515,52.241934],[5.721691,52.241833],[5.720052,52.241644],[5.71941,52.24157],[5.719397,52.241568],[5.719057,52.241525],[5.718694,52.241478],[5.7185,52.241454],[5.718494,52.241451],[5.718356,52.241388],[5.718208,52.24132],[5.718089,52.241256],[5.718036,52.24123],[5.718002,52.241212],[5.717982,52.241202],[5.717949,52.241187],[5.717925,52.241176],[5.717312,52.240894],[5.717128,52.240818],[5.717082,52.2408],[5.717072,52.240795],[5.71668,52.240617],[5.716634,52.240597],[5.716627,52.240593],[5.716475,52.240535],[5.716344,52.240501],[5.716223,52.240459],[5.715853,52.240335],[5.715281,52.240142],[5.715265,52.240136],[5.714973,52.240102],[5.713899,52.239975],[5.713651,52.239946],[5.71365,52.239946],[5.711615,52.239706],[5.711539,52.239697],[5.711087,52.239644],[5.711042,52.239632],[5.710955,52.23961],[5.710675,52.239537],[5.709837,52.239341],[5.709289,52.239341],[5.709284,52.239341],[5.709084,52.239346],[5.708936,52.23935],[5.708928,52.23935],[5.708917,52.23935],[5.708877,52.239351],[5.708471,52.239361],[5.708038,52.23937],[5.708028,52.239371],[5.707924,52.239374],[5.707916,52.239374],[5.707755,52.239377],[5.706814,52.2394],[5.706716,52.2394],[5.706692,52.2394],[5.706575,52.239403],[5.706202,52.239413],[5.705628,52.239428],[5.705331,52.239433],[5.705296,52.239434],[5.705216,52.239438],[5.70521,52.239438],[5.705087,52.23944],[5.705067,52.23944],[5.704116,52.239465],[5.704107,52.239465],[5.703102,52.239488],[5.702905,52.239493],[5.701968,52.239515],[5.701725,52.239519],[5.701689,52.239519],[5.701441,52.239536],[5.700682,52.239552],[5.700163,52.239564],[5.700019,52.239568],[5.699085,52.23959],[5.69862,52.239601],[5.698545,52.239606],[5.698395,52.239608],[5.694651,52.239696],[5.694086,52.239709],[5.693726,52.239717],[5.693503,52.239772],[5.692868,52.239906],[5.692648,52.239951],[5.691926,52.240058],[5.691701,52.240107],[5.691398,52.240171],[5.691228,52.240214],[5.691128,52.24024],[5.690816,52.240332],[5.690796,52.240336],[5.690525,52.240372],[5.690238,52.240405],[5.689672,52.240459],[5.689563,52.240463],[5.689436,52.240466],[5.689336,52.240464],[5.688999,52.240458],[5.688791,52.240459],[5.688573,52.240468],[5.688413,52.240475],[5.688332,52.240476],[5.688214,52.240477],[5.688173,52.240476],[5.68807,52.240474],[5.687052,52.240433],[5.686898,52.240431],[5.686488,52.240423],[5.686011,52.240412],[5.685515,52.240445],[5.685009,52.240478],[5.6848,52.24049],[5.68467,52.240498],[5.684281,52.240523],[5.683833,52.24057],[5.683745,52.240587],[5.683642,52.240617],[5.683633,52.240534],[5.683628,52.240495],[5.683524,52.239867],[5.68345,52.239411],[5.683139,52.237413],[5.683059,52.236829],[5.683025,52.236637],[5.683018,52.236426],[5.682981,52.236186],[5.682939,52.235916],[5.682939,52.235913],[5.68218,52.231077],[5.682175,52.231045],[5.68217,52.231012],[5.681938,52.229532],[5.681848,52.228968],[5.681727,52.228217],[5.681636,52.227645],[5.681553,52.227134],[5.681546,52.22709],[5.681489,52.226723],[5.681486,52.2267],[5.68148,52.226666],[5.681373,52.225958],[5.681366,52.225911],[5.68127,52.225339],[5.681117,52.225312],[5.67863,52.224986],[5.675231,52.224541],[5.673267,52.224283],[5.670863,52.223968],[5.670504,52.223894],[5.670208,52.223835],[5.669216,52.223587],[5.66916,52.223573],[5.669107,52.22356],[5.6658,52.222772],[5.665519,52.222704],[5.66548,52.222687],[5.66499,52.222468],[5.664952,52.222451],[5.664457,52.22223],[5.663333,52.221727],[5.662327,52.22127],[5.66229,52.221253],[5.662222,52.221222],[5.661041,52.220686],[5.66099,52.220663],[5.660036,52.220235],[5.659902,52.220174],[5.659485,52.219988],[5.659459,52.219976],[5.657895,52.219277],[5.657777,52.219224],[5.657759,52.219216],[5.657662,52.219173],[5.657629,52.219153],[5.657599,52.219137],[5.656784,52.21877],[5.656472,52.218633],[5.656408,52.218605],[5.656008,52.218426],[5.655669,52.21827],[5.655383,52.218146],[5.655092,52.218016],[5.655085,52.218013],[5.655057,52.217999],[5.65504,52.217991],[5.654862,52.217906],[5.654732,52.217844],[5.654607,52.217784],[5.654226,52.217614],[5.653154,52.217136],[5.652286,52.216748],[5.652166,52.216694],[5.652062,52.216648],[5.651632,52.216456],[5.651517,52.216405],[5.651389,52.216348],[5.650424,52.215917],[5.650406,52.215909],[5.650266,52.215849],[5.649725,52.215616],[5.649429,52.215478],[5.649007,52.215281],[5.648907,52.215236],[5.648574,52.215095],[5.648253,52.214959],[5.648211,52.214941],[5.648108,52.214886],[5.648073,52.21487],[5.647898,52.214786],[5.647731,52.214706],[5.647578,52.214633],[5.647412,52.214554],[5.647209,52.214456],[5.647108,52.214411],[5.646924,52.214329],[5.646823,52.214283],[5.646439,52.214111],[5.646409,52.214097],[5.646282,52.21404],[5.646238,52.21402],[5.646167,52.213987],[5.645791,52.213809],[5.64555,52.213704],[5.645402,52.213638],[5.645303,52.213593],[5.64526,52.213574],[5.645094,52.213499],[5.644915,52.213418],[5.644762,52.213349],[5.644656,52.213301],[5.644427,52.213198],[5.642916,52.212516],[5.642494,52.212325],[5.642371,52.21227],[5.642275,52.212226],[5.641932,52.212071],[5.641539,52.211894],[5.641359,52.211812],[5.641207,52.211746],[5.641043,52.211675],[5.640886,52.211603],[5.640527,52.211437],[5.640277,52.211321],[5.640104,52.211241],[5.639986,52.211186],[5.639727,52.21107],[5.639679,52.211048],[5.639572,52.211],[5.638901,52.210698],[5.638671,52.210595],[5.638153,52.210363],[5.638148,52.210361],[5.637468,52.210056],[5.637432,52.21004],[5.637365,52.21001],[5.637175,52.209925],[5.635968,52.209384],[5.635667,52.209249],[5.63555,52.209196],[5.635362,52.209111],[5.635074,52.208979],[5.634811,52.208858],[5.634809,52.208857],[5.634523,52.20872],[5.634507,52.20871],[5.634484,52.208697],[5.633812,52.208396],[5.633681,52.208337],[5.633694,52.208334],[5.633674,52.208325],[5.633499,52.208253],[5.633327,52.208189],[5.633267,52.208167],[5.63332,52.207895],[5.633381,52.207521],[5.633412,52.207329],[5.633463,52.207021],[5.633575,52.206406],[5.633781,52.206013],[5.634163,52.205281],[5.634219,52.205162],[5.634297,52.204999],[5.634401,52.204765],[5.634412,52.204744],[5.634414,52.204738],[5.634589,52.204368],[5.634706,52.204125],[5.63474,52.204055],[5.634862,52.203806],[5.634657,52.203555],[5.634656,52.203553],[5.634598,52.203482],[5.633938,52.202672],[5.633866,52.202583],[5.633619,52.202278],[5.633573,52.202222],[5.63329,52.201878],[5.63329,52.201878],[5.63329,52.201878],[5.633289,52.201877],[5.633044,52.20157],[5.63286,52.201345],[5.632817,52.201291],[5.63279,52.201263],[5.632787,52.20126],[5.632753,52.201224],[5.632424,52.200826],[5.63231,52.200688],[5.632267,52.200621],[5.63226,52.200612],[5.632077,52.200389],[5.631827,52.200081],[5.631471,52.19964],[5.631252,52.19937],[5.631104,52.199188],[5.630957,52.199007],[5.630769,52.198775],[5.630482,52.19842],[5.630451,52.198389],[5.6303,52.198202],[5.629948,52.197775],[5.629696,52.197473],[5.629689,52.197465],[5.629686,52.197461],[5.629413,52.197128],[5.629161,52.196821],[5.629075,52.196716],[5.628814,52.196396],[5.628604,52.196139],[5.628579,52.196111],[5.628569,52.1961],[5.628391,52.195878],[5.628089,52.195519],[5.626642,52.193864],[5.626623,52.193843],[5.626246,52.193409],[5.625743,52.192825],[5.625651,52.192724],[5.624283,52.193326],[5.624069,52.193317],[5.623075,52.193269],[5.622145,52.19323],[5.622044,52.193226],[5.621987,52.193223],[5.621857,52.193218],[5.621419,52.193201],[5.62106,52.193183],[5.620801,52.19317],[5.620549,52.193158],[5.620102,52.193137],[5.619634,52.193119],[5.618579,52.191183],[5.617796,52.191182],[5.617792,52.191189],[5.617771,52.191224],[5.617741,52.191264],[5.617705,52.191326],[5.617671,52.191345],[5.617387,52.191499],[5.617267,52.191676],[5.617198,52.191765],[5.61707,52.191938],[5.616918,52.192135],[5.616909,52.192148],[5.616901,52.192158],[5.61659,52.192328],[5.616924,52.192451],[5.617415,52.19264],[5.617473,52.192662],[5.617465,52.19314],[5.617457,52.193619],[5.61745,52.193989],[5.617444,52.194359],[5.616262,52.194348],[5.615174,52.194337],[5.615056,52.194335],[5.614607,52.194331],[5.614323,52.194328],[5.614254,52.194328],[5.614213,52.194328],[5.614128,52.194327],[5.614062,52.194324],[5.613736,52.194321],[5.613654,52.194322],[5.613542,52.194322],[5.613226,52.194315],[5.613166,52.194315],[5.613051,52.194313],[5.612882,52.194311],[5.612662,52.194311],[5.612634,52.194311],[5.612296,52.194307],[5.612116,52.194306],[5.612094,52.194306],[5.611938,52.194306],[5.611785,52.194306],[5.611593,52.194305],[5.61125,52.194302],[5.611188,52.194302],[5.610901,52.194303],[5.610703,52.194304],[5.610496,52.194302],[5.610297,52.1943],[5.609853,52.194297],[5.609631,52.194295],[5.609312,52.194292],[5.608453,52.194285],[5.608391,52.194292],[5.608367,52.194296],[5.608131,52.194283],[5.607997,52.194281],[5.608,52.194205],[5.607762,52.194198],[5.607763,52.194242],[5.607765,52.194287],[5.607765,52.194295],[5.607765,52.194305],[5.607765,52.194315],[5.607754,52.194678],[5.607753,52.194748],[5.607752,52.194933],[5.607749,52.195162],[5.607417,52.195227],[5.607253,52.195261],[5.607024,52.195309],[5.607004,52.195313],[5.606998,52.195315],[5.60692,52.195331],[5.60677,52.195363],[5.606513,52.195417],[5.606263,52.195469],[5.60603,52.195518],[5.605767,52.195573],[5.60547,52.195636],[5.605427,52.195651],[5.605406,52.195672],[5.605389,52.1957],[5.605369,52.195722],[5.605338,52.195741],[5.605292,52.195762],[5.60499,52.195871],[5.604907,52.195899],[5.604308,52.195998],[5.6038,52.196108],[5.60337,52.196201],[5.602181,52.196501],[5.602106,52.196433],[5.60202,52.196464],[5.601967,52.196484],[5.601949,52.196492],[5.601862,52.196504],[5.601848,52.19653],[5.601816,52.196575],[5.601744,52.196659],[5.601706,52.196701],[5.601682,52.196728],[5.601625,52.196824],[5.601585,52.196889],[5.601514,52.196954],[5.601385,52.197048],[5.601142,52.197222],[5.600868,52.197385],[5.600409,52.197608],[5.600376,52.197623],[5.600335,52.197642],[5.600304,52.197649],[5.600249,52.197651],[5.600181,52.197651],[5.600052,52.197632],[5.599491,52.197513],[5.599188,52.197435],[5.598146,52.197133],[5.597911,52.197051],[5.597694,52.196981],[5.597473,52.196913],[5.597359,52.19688],[5.597237,52.196847],[5.596875,52.19675],[5.596429,52.196639],[5.595944,52.196494],[5.595727,52.196409],[5.595588,52.196348],[5.595557,52.196341],[5.595502,52.196341],[5.595434,52.19635],[5.595335,52.196378],[5.595146,52.196427],[5.595104,52.196433],[5.595012,52.196448],[5.594748,52.196455],[5.594269,52.196439],[5.593949,52.196365],[5.593667,52.196307],[5.593591,52.196296],[5.593448,52.196262],[5.593214,52.196229],[5.592885,52.196182],[5.591837,52.196087],[5.591053,52.196065],[5.590521,52.196021],[5.590188,52.195989],[5.589993,52.19597],[5.589922,52.19596],[5.589872,52.195953],[5.589848,52.195924],[5.589846,52.195911],[5.589832,52.195874],[5.589804,52.195737],[5.589789,52.195661],[5.589767,52.195566],[5.589735,52.195509],[5.589718,52.195492],[5.589706,52.195482],[5.589646,52.195455],[5.589554,52.195431],[5.589445,52.195416],[5.589323,52.195411],[5.588967,52.195439],[5.588677,52.19547],[5.588506,52.195489],[5.588362,52.195504],[5.588248,52.195516],[5.588138,52.195512],[5.588077,52.19551],[5.588025,52.195499],[5.587982,52.195474],[5.587952,52.195426],[5.587938,52.195383],[5.587913,52.19531],[5.587906,52.19516],[5.58794,52.19513],[5.588075,52.195032],[5.588123,52.194992],[5.58821,52.194918],[5.58816,52.194842],[5.588071,52.194864],[5.587695,52.194945],[5.587394,52.195013],[5.587148,52.195069],[5.586876,52.195125],[5.586701,52.195159],[5.586413,52.19522],[5.586157,52.195221],[5.585658,52.195225],[5.585629,52.195326],[5.585598,52.195328],[5.584576,52.195369],[5.583997,52.1954],[5.583198,52.195411],[5.582349,52.195141],[5.582058,52.195048],[5.582089,52.195001],[5.582008,52.19486],[5.581381,52.194719],[5.580699,52.194557],[5.580482,52.194507],[5.580465,52.194478],[5.580383,52.194487],[5.58027,52.194501],[5.580257,52.194503],[5.579573,52.194585],[5.578716,52.194684],[5.577699,52.194797],[5.577667,52.194797],[5.577649,52.194786],[5.57764,52.194781],[5.577197,52.194411],[5.576742,52.194011],[5.57636,52.193683],[5.576109,52.193453],[5.575903,52.193281],[5.575772,52.193172],[5.575448,52.1929],[5.575174,52.192666],[5.575524,52.19246],[5.576166,52.192104],[5.576534,52.191907],[5.576638,52.191851],[5.576805,52.191761],[5.576855,52.191728],[5.57692,52.191682],[5.576927,52.191667],[5.576948,52.191442],[5.57695,52.191395],[5.576953,52.191361],[5.576956,52.191323],[5.577095,52.189742],[5.57712,52.189464],[5.577449,52.188664],[5.577737,52.187253],[5.577765,52.187097],[5.577809,52.186853],[5.577862,52.186558],[5.577911,52.186291],[5.577912,52.186284],[5.577929,52.186191],[5.57793,52.186183],[5.577927,52.186185],[5.577922,52.186186],[5.577881,52.186199],[5.577695,52.186257],[5.5774,52.186349],[5.5773,52.18638],[5.577198,52.186412],[5.57713,52.186433],[5.577116,52.186437],[5.577029,52.186464],[5.576737,52.186557],[5.576666,52.186577],[5.576418,52.186654],[5.576392,52.186663],[5.575492,52.186947],[5.575366,52.186979],[5.575273,52.187008],[5.574837,52.18617],[5.574261,52.186133],[5.574049,52.186118],[5.573591,52.186081],[5.573377,52.186065],[5.573237,52.186063],[5.573125,52.18607],[5.573085,52.186076],[5.572888,52.186104],[5.57252,52.186164],[5.572476,52.186172],[5.572239,52.186215],[5.572194,52.186223],[5.57177,52.186293],[5.571278,52.186377],[5.570704,52.186471],[5.570625,52.186492],[5.570701,52.186592],[5.56803,52.18655],[5.567974,52.186549],[5.567943,52.186548],[5.567887,52.186547],[5.567873,52.186547],[5.566493,52.186521],[5.566122,52.186299],[5.565847,52.186138],[5.565173,52.185725],[5.564796,52.185508],[5.564643,52.185423],[5.56459,52.185391],[5.564555,52.185371],[5.564528,52.185341],[5.564526,52.185327],[5.564525,52.185317],[5.564537,52.185164],[5.564546,52.185069],[5.564557,52.184937],[5.564564,52.184807],[5.564578,52.184518],[5.564583,52.184435],[5.5646,52.184189],[5.564619,52.183896],[5.564631,52.183661],[5.564634,52.183588],[5.564899,52.182155],[5.564903,52.18213],[5.564885,52.182002],[5.564926,52.18187],[5.564865,52.181781],[5.565141,52.180981],[5.565141,52.18098],[5.565229,52.180725],[5.565859,52.180756],[5.566989,52.180812],[5.567302,52.180542],[5.567368,52.180484],[5.567454,52.180423],[5.567944,52.18007],[5.568072,52.179975],[5.568129,52.179944],[5.568181,52.179916],[5.568221,52.179876],[5.568275,52.179825],[5.568319,52.179776],[5.568384,52.179686],[5.568464,52.179549],[5.568525,52.17944],[5.568603,52.179287],[5.568617,52.179255],[5.568656,52.179185],[5.568689,52.179116],[5.568701,52.179073],[5.568702,52.179068],[5.568704,52.179057],[5.568706,52.179043],[5.568708,52.179034],[5.568712,52.17899],[5.568722,52.17895],[5.568738,52.178885],[5.568755,52.178807],[5.568767,52.178766],[5.568788,52.178661],[5.568788,52.178601],[5.568746,52.178507],[5.568702,52.178424],[5.568681,52.178353],[5.568653,52.178305],[5.568645,52.178289],[5.568644,52.178275],[5.568649,52.178255],[5.568664,52.17823],[5.568774,52.178096],[5.568802,52.178046],[5.568891,52.177909],[5.568866,52.177906],[5.568782,52.177901],[5.568647,52.1779],[5.568559,52.1779],[5.568457,52.177903],[5.56836,52.177911],[5.568255,52.177918],[5.567995,52.177938],[5.567636,52.177966],[5.567069,52.178008],[5.566674,52.178039],[5.566358,52.178063],[5.566078,52.178085],[5.565931,52.178096],[5.565756,52.178109],[5.565607,52.178111],[5.565484,52.178115],[5.565347,52.178117],[5.565277,52.178111],[5.565156,52.178095],[5.565022,52.178072],[5.564808,52.178028],[5.564633,52.177992],[5.564349,52.177929],[5.5642,52.177899],[5.564018,52.177866],[5.563939,52.177851],[5.563761,52.177805],[5.563591,52.177767],[5.563412,52.177726],[5.563149,52.177681],[5.5629,52.177621],[5.562575,52.177551],[5.562236,52.177478],[5.561879,52.177405],[5.561665,52.177362],[5.56155,52.177357],[5.561507,52.177323],[5.561504,52.177321],[5.561177,52.177249],[5.560682,52.177146],[5.560275,52.177056],[5.560044,52.177014],[5.559947,52.176994],[5.559822,52.176964],[5.559538,52.176901],[5.558865,52.176757],[5.558629,52.176706],[5.55816,52.176607],[5.557779,52.176524],[5.557284,52.176423],[5.557246,52.176414],[5.556968,52.176344],[5.556506,52.176224],[5.556336,52.176185],[5.556246,52.17616],[5.555681,52.175997],[5.555631,52.175981],[5.555455,52.175926],[5.555309,52.175881],[5.55516,52.175834],[5.555013,52.175795],[5.554887,52.175756],[5.554741,52.175711],[5.554641,52.175684],[5.554521,52.175661],[5.554405,52.175641],[5.554305,52.175631],[5.554191,52.175624],[5.554059,52.175626],[5.553796,52.175633],[5.553545,52.175639],[5.553273,52.175643],[5.552995,52.175651],[5.552884,52.175652],[5.552715,52.175653],[5.552583,52.175655],[5.552416,52.175651],[5.552279,52.175644],[5.552077,52.175632],[5.551943,52.175621],[5.55177,52.175606],[5.5516,52.175586],[5.551431,52.17557],[5.55124,52.175551],[5.551162,52.175543],[5.550775,52.175504],[5.549948,52.175423],[5.549889,52.175418],[5.549015,52.175327],[5.548927,52.175317],[5.548519,52.175623],[5.548309,52.175767],[5.54826,52.175782],[5.548057,52.175918],[5.547725,52.176143],[5.547302,52.176428],[5.547098,52.176556],[5.546999,52.176601],[5.54673,52.176725],[5.546673,52.176751],[5.546567,52.176799],[5.546272,52.176879],[5.546015,52.176935],[5.545603,52.176993],[5.545056,52.177065],[5.544946,52.177071],[5.544857,52.177076],[5.544726,52.177094],[5.544536,52.177132],[5.54432,52.177162],[5.543908,52.177218],[5.543717,52.177249],[5.54356,52.177274],[5.543452,52.177298],[5.543341,52.177326],[5.543224,52.177359],[5.543089,52.1774],[5.543025,52.177422],[5.542961,52.177444],[5.5428,52.177505],[5.542672,52.177563],[5.542532,52.177631],[5.542529,52.177633],[5.542511,52.177644],[5.542424,52.177694],[5.542293,52.177775],[5.542193,52.177846],[5.542088,52.177925],[5.542001,52.177997],[5.541896,52.178092],[5.541782,52.178202],[5.541709,52.178274],[5.541663,52.17831],[5.541622,52.178338],[5.541452,52.178459],[5.541404,52.178503],[5.541377,52.178538],[5.54136,52.178572],[5.541324,52.178618],[5.541298,52.178641],[5.541222,52.178711],[5.54103,52.178884],[5.540826,52.179073],[5.540726,52.179171],[5.540649,52.179246],[5.540492,52.179396],[5.54043,52.179459],[5.540364,52.179663],[5.540267,52.179744],[5.540089,52.17989],[5.539996,52.17997],[5.539911,52.180042],[5.539893,52.180058],[5.539877,52.180073],[5.539828,52.180116],[5.539749,52.180183],[5.53956,52.180297],[5.539301,52.180548],[5.538633,52.181172],[5.538266,52.181514],[5.53791,52.18187],[5.537732,52.18204],[5.537698,52.182072],[5.537596,52.182198],[5.537391,52.182445],[5.537179,52.182719],[5.536898,52.183088],[5.536626,52.183449],[5.536388,52.183837],[5.536204,52.184151],[5.536081,52.184365],[5.536012,52.184458],[5.535925,52.184561],[5.535837,52.184664],[5.535833,52.184669],[5.535764,52.184751],[5.535648,52.184905],[5.535388,52.185264],[5.535213,52.18553],[5.535211,52.185529],[5.53518,52.185517],[5.535139,52.185497],[5.535128,52.185488],[5.535121,52.185469],[5.535062,52.185461],[5.534955,52.185447],[5.534912,52.185434],[5.534763,52.185388],[5.534665,52.185508],[5.534591,52.185591],[5.534495,52.185698],[5.534424,52.185778],[5.534396,52.185834],[5.534507,52.185865],[5.534424,52.185979],[5.534323,52.186121],[5.534226,52.186257],[5.534023,52.186545],[5.533882,52.186739],[5.533735,52.186951],[5.533668,52.187056],[5.533607,52.187166],[5.533531,52.187288],[5.533514,52.18732],[5.533497,52.187351],[5.533475,52.187392],[5.533451,52.187428],[5.533398,52.187506],[5.533361,52.187586],[5.533304,52.187712],[5.533252,52.187826],[5.533164,52.188023],[5.533135,52.188091],[5.533095,52.188179],[5.533067,52.188244],[5.532968,52.188452],[5.532913,52.188563],[5.532858,52.18866],[5.53281,52.188728],[5.532766,52.188789],[5.532712,52.188851],[5.532654,52.188916],[5.532591,52.188987],[5.53258,52.189029],[5.532573,52.189056],[5.53256,52.189106],[5.532533,52.189142],[5.532503,52.189177],[5.532472,52.189211],[5.532426,52.189262],[5.532271,52.189429],[5.532204,52.189498],[5.532108,52.189596],[5.532035,52.189672],[5.531935,52.189785],[5.531862,52.189869],[5.531793,52.189954],[5.531705,52.190063],[5.531661,52.190048],[5.531644,52.190066],[5.531509,52.190255],[5.531442,52.190356],[5.531373,52.190474],[5.531262,52.190681],[5.531143,52.190899],[5.531095,52.190992],[5.531072,52.191036],[5.531025,52.191129],[5.530929,52.191316],[5.530881,52.19141],[5.53085,52.191465],[5.530808,52.191539],[5.530699,52.191499],[5.530052,52.191263],[5.529975,52.191236],[5.529725,52.191152],[5.529714,52.191148],[5.529426,52.191051],[5.529239,52.19101],[5.529206,52.191003],[5.529038,52.191019],[5.52894,52.191029],[5.528609,52.191061],[5.528325,52.191082],[5.527972,52.191118],[5.527779,52.191138],[5.527749,52.191141],[5.527602,52.191155],[5.527301,52.191182],[5.52678,52.191225],[5.526372,52.19126],[5.526303,52.191269],[5.526081,52.191292],[5.525954,52.191308],[5.525865,52.191326],[5.525849,52.191331],[5.525829,52.191339],[5.525767,52.191342],[5.525733,52.191342],[5.525625,52.191344],[5.525309,52.191355],[5.524897,52.191365],[5.524766,52.191364],[5.524546,52.191369],[5.524259,52.191379],[5.524019,52.191388],[5.5239,52.191391],[5.523794,52.191397],[5.523685,52.191415],[5.523528,52.19145],[5.523345,52.191501],[5.523185,52.191539],[5.522978,52.191596],[5.52288,52.191622],[5.522803,52.191643],[5.522708,52.191668],[5.522479,52.191724],[5.522351,52.191752],[5.522204,52.191775],[5.522064,52.191789],[5.52186,52.191795],[5.521772,52.191788],[5.521698,52.191785],[5.521611,52.191783],[5.521512,52.191788],[5.521323,52.191816],[5.521281,52.191823],[5.521209,52.191835],[5.521182,52.191761],[5.521162,52.191721],[5.521131,52.191681],[5.521128,52.191679],[5.521089,52.191653],[5.521027,52.191624],[5.520942,52.191589],[5.520871,52.191562],[5.520739,52.191517],[5.520546,52.191444],[5.520496,52.191426],[5.520185,52.191313],[5.520148,52.191299],[5.520071,52.191271],[5.520018,52.191255],[5.519937,52.191225],[5.51977,52.191168],[5.519626,52.191118],[5.519417,52.191048],[5.519254,52.190993],[5.51921,52.190977],[5.51918,52.190966],[5.519124,52.190948],[5.519055,52.190922],[5.518881,52.190864],[5.518822,52.190844],[5.518734,52.190814],[5.518549,52.190752],[5.518338,52.190681],[5.51834,52.190675],[5.518248,52.190645],[5.518046,52.190577],[5.517937,52.190539],[5.517807,52.190492],[5.517635,52.190434],[5.517488,52.19038],[5.517465,52.190372],[5.517277,52.190304],[5.517119,52.19025],[5.517031,52.190221],[5.51694,52.190191],[5.516844,52.190156],[5.516754,52.190122],[5.516508,52.190032],[5.516439,52.190006],[5.516267,52.189946],[5.516241,52.189937],[5.515998,52.189852],[5.515963,52.18984],[5.51598,52.18982],[5.51588,52.189785],[5.515844,52.18977],[5.515566,52.18967],[5.515433,52.189622],[5.515294,52.18961],[5.515253,52.189596],[5.515009,52.189513],[5.514777,52.189432],[5.514601,52.189365],[5.514391,52.189285],[5.514053,52.189166],[5.513726,52.189053],[5.513262,52.188892],[5.512925,52.188775],[5.512835,52.188747],[5.512738,52.188722],[5.512607,52.188693],[5.512346,52.188633],[5.512085,52.188574],[5.511791,52.188579],[5.511776,52.18858],[5.511357,52.188587],[5.510807,52.188593],[5.510649,52.188587],[5.51017,52.188582],[5.509402,52.1886],[5.509467,52.188395],[5.507376,52.188493],[5.507356,52.188494],[5.507328,52.188496],[5.507255,52.188499],[5.505468,52.188556],[5.50495,52.188574],[5.504935,52.188575],[5.504569,52.18889],[5.504333,52.189051],[5.504242,52.1891],[5.504177,52.189135],[5.50239,52.188841],[5.502005,52.188779],[5.501212,52.18865],[5.501038,52.188621],[5.500824,52.188577],[5.500723,52.188534],[5.500571,52.188486],[5.500493,52.188457],[5.500407,52.188425],[5.500215,52.188355],[5.500187,52.188344],[5.499947,52.188248],[5.499927,52.188239],[5.499704,52.188147],[5.499638,52.188118],[5.499445,52.188033],[5.499409,52.188016],[5.499046,52.187849],[5.499033,52.187842],[5.498998,52.187821],[5.498794,52.187731],[5.498513,52.187604],[5.498211,52.187467],[5.497859,52.187311],[5.497444,52.187126],[5.497293,52.187059],[5.497245,52.187038],[5.497121,52.186982],[5.497027,52.186936],[5.496829,52.186846],[5.496708,52.186791],[5.496697,52.186786],[5.496334,52.186633],[5.496309,52.186618],[5.496034,52.186793],[5.495934,52.186856],[5.495456,52.186578],[5.495192,52.186427],[5.495292,52.186342],[5.495341,52.186307],[5.495384,52.186263],[5.495394,52.186248],[5.495393,52.186199],[5.495379,52.186142],[5.495366,52.186114],[5.495364,52.186113],[5.495361,52.186109],[5.495179,52.18602],[5.494892,52.185883],[5.494696,52.185762],[5.494691,52.185759],[5.494425,52.185991],[5.494103,52.185775],[5.493999,52.185714],[5.493836,52.185615],[5.493667,52.185507],[5.493499,52.185398],[5.493255,52.185241],[5.493076,52.185123],[5.492893,52.185014],[5.492764,52.184934],[5.492509,52.184786],[5.49243,52.184747],[5.492349,52.184714],[5.492336,52.184709],[5.492239,52.184668],[5.492156,52.184631],[5.492135,52.184621],[5.49198,52.184546],[5.491885,52.184502],[5.491836,52.18448],[5.491512,52.184342],[5.491503,52.184339],[5.491481,52.184329],[5.491478,52.184328],[5.491043,52.184125],[5.490901,52.184227],[5.490716,52.184105],[5.490879,52.183994],[5.490936,52.183961],[5.490743,52.183862],[5.490684,52.183901],[5.490647,52.183912],[5.490617,52.18391],[5.490594,52.183909],[5.490516,52.183895],[5.490089,52.183725],[5.489421,52.183463],[5.48883,52.183229],[5.488463,52.183077],[5.488451,52.183071],[5.48848,52.183046],[5.488286,52.182971],[5.488155,52.182921],[5.487856,52.182787],[5.487584,52.18267],[5.487358,52.182579],[5.487285,52.182554],[5.487189,52.182512],[5.487094,52.18248],[5.486969,52.182446],[5.486594,52.182363],[5.486307,52.182283],[5.486129,52.182229],[5.486097,52.18222],[5.486017,52.182193],[5.485983,52.182181],[5.485901,52.182156],[5.485813,52.182123],[5.485758,52.182093],[5.485731,52.182071],[5.485705,52.18205],[5.48567,52.18201],[5.485646,52.181987],[5.485635,52.181982],[5.48561,52.181974],[5.485581,52.181629],[5.485472,52.181639],[5.48547,52.181499],[5.48547,52.181442],[5.485468,52.181387],[5.48545,52.181009],[5.485435,52.180492],[5.485429,52.180304],[5.485426,52.180132],[5.485418,52.179943],[5.4854,52.17952],[5.485396,52.17943],[5.485368,52.178783],[5.485359,52.178253],[5.485352,52.178107],[5.485337,52.177722],[5.48532,52.177211],[5.485286,52.176667],[5.485271,52.176278],[5.485236,52.175877],[5.485226,52.175638],[5.485221,52.175517],[5.485207,52.175181],[5.485207,52.175166],[5.48518,52.174767],[5.485183,52.174685],[5.485183,52.17466],[5.485218,52.174665],[5.485217,52.174612],[5.48519,52.174611],[5.485185,52.174578],[5.485161,52.174423],[5.485173,52.174245],[5.485143,52.174014],[5.485153,52.173941],[5.48517,52.173834],[5.485181,52.173732],[5.48517,52.173625],[5.485168,52.173587],[5.485177,52.173538],[5.48519,52.173397],[5.485189,52.173362],[5.485173,52.173297],[5.485098,52.17304],[5.485024,52.172776],[5.484955,52.172599],[5.484857,52.172416],[5.484768,52.172241],[5.484719,52.17215],[5.484692,52.172011],[5.484711,52.171957],[5.484878,52.171888],[5.484932,52.171867],[5.485009,52.171835],[5.485058,52.171805],[5.485099,52.17178],[5.485169,52.171739],[5.484999,52.171659],[5.484997,52.171658],[5.484981,52.17165],[5.484867,52.171603],[5.484841,52.171592],[5.48484,52.171592],[5.48483,52.171587],[5.48482,52.171581],[5.484591,52.171433],[5.484121,52.171041],[5.483829,52.170776],[5.483826,52.170773],[5.483824,52.170771],[5.483786,52.170731],[5.48361,52.170545],[5.483532,52.170466],[5.483418,52.170389],[5.483232,52.170303],[5.483128,52.170256],[5.483128,52.170232],[5.483111,52.170172],[5.483078,52.170087],[5.483072,52.170057],[5.48305,52.170053],[5.482983,52.169936],[5.482918,52.169827],[5.482859,52.169737],[5.482789,52.169651],[5.482716,52.169568],[5.482637,52.169484],[5.482531,52.169374],[5.482502,52.169334],[5.482467,52.169286],[5.482455,52.169269],[5.482435,52.169245],[5.4824,52.169199],[5.482353,52.169153],[5.482267,52.169078],[5.48216,52.168996],[5.482028,52.168904],[5.481767,52.168744],[5.481686,52.168684],[5.481608,52.168613],[5.481534,52.16854],[5.481448,52.168462],[5.481393,52.168417],[5.481343,52.168376],[5.481258,52.168306],[5.481192,52.168228],[5.481092,52.168113],[5.480846,52.167955],[5.480692,52.16767],[5.480696,52.167651],[5.480701,52.167622],[5.480709,52.167582],[5.480681,52.167533],[5.480577,52.167355],[5.480403,52.167141],[5.480432,52.166926],[5.480437,52.166891],[5.480441,52.166861],[5.480427,52.166676],[5.480354,52.166468],[5.480378,52.166461],[5.48031,52.166285],[5.480227,52.166118],[5.480129,52.165967],[5.479932,52.165837],[5.479922,52.165815],[5.479898,52.16576],[5.479884,52.165736],[5.47987,52.165721],[5.479859,52.165704],[5.479833,52.165688],[5.47981,52.165682],[5.479751,52.165679],[5.479615,52.165477],[5.479602,52.165463],[5.479199,52.165019]]]},"properties":{"type":"boundary","gemeente":"Barneveld"}}]}