{
  "type": "FeatureCollection",
  "metadata": {
    "gemeente": "Dantumadiel",
    "slug": "dantumadiel",
    "generated_at": "2026-05-18T06:31:14.075189Z",
    "total_points": 35,
    "providers": [
      "Amazon",
      "DHL",
      "DPD",
      "PostNL",
      "VintedGo",
      "GLS",
      "InPost"
    ],
    "bounds": [
      5.98909272415578,
      53.2397357,
      6.041133575,
      53.2939833
    ]
  },
  "features": [
    {
      "type": "Feature",
      "geometry": {
        "type": "Point",
        "coordinates": [
          6.0336315538608,
          53.251005239805
        ]
      },
      "properties": {
        "type": "pakketpunt",
        "locatieNaam": "Whc de Westereen",
        "straatNaam": "Yndustrywei 11",
        "straatNr": "",
        "vervoerder": "Amazon",
        "puntType": "3p",
        "bezettingsgraad": 50,
        "latitude": 53.251005239805,
        "longitude": 6.0336315538608,
        "canPickup": true,
        "canDropoff": false
      }
    },
    {
      "type": "Feature",
      "geometry": {
        "type": "Point",
        "coordinates": [
          5.994706793,
          53.23974463
        ]
      },
      "properties": {
        "type": "pakketpunt",
        "locatieNaam": "Plus",
        "straatNaam": "Lysterstrjitte 25",
        "straatNr": "",
        "vervoerder": "Amazon",
        "puntType": "3p",
        "bezettingsgraad": 50,
        "latitude": 53.23974463,
        "longitude": 5.994706793,
        "canPickup": true,
        "canDropoff": false
      }
    },
    {
      "type": "Feature",
      "geometry": {
        "type": "Point",
        "coordinates": [
          5.99504629568413,
          53.293665611174
        ]
      },
      "properties": {
        "type": "pakketpunt",
        "locatieNaam": "lifestyle en Cadeauwinkel Papito",
        "straatNaam": "Conradi-Veenlandstrjitte 42",
        "straatNr": "",
        "vervoerder": "Amazon",
        "puntType": "3p",
        "bezettingsgraad": 50,
        "latitude": 53.293665611174,
        "longitude": 5.99504629568413,
        "canPickup": true,
        "canDropoff": false
      }
    },
    {
      "type": "Feature",
      "geometry": {
        "type": "Point",
        "coordinates": [
          5.98909272415578,
          53.2904607936056
        ]
      },
      "properties": {
        "type": "pakketpunt",
        "locatieNaam": "Bakkerij van Eck",
        "straatNaam": "Foarwei 96",
        "straatNr": "",
        "vervoerder": "Amazon",
        "puntType": "3p",
        "bezettingsgraad": 50,
        "latitude": 53.2904607936056,
        "longitude": 5.98909272415578,
        "canPickup": true,
        "canDropoff": false
      }
    },
    {
      "type": "Feature",
      "geometry": {
        "type": "Point",
        "coordinates": [
          5.9949,
          53.23993
        ]
      },
      "properties": {
        "type": "pakketpunt",
        "locatieNaam": "Pakketautomaat Poiesz Feanwalden",
        "straatNaam": "Lysterstrjitte",
        "straatNr": "25-PS/101",
        "vervoerder": "DHL",
        "puntType": "packStation",
        "bezettingsgraad": 50,
        "latitude": 53.23993,
        "longitude": 5.9949,
        "canPickup": true,
        "canDropoff": true
      }
    },
    {
      "type": "Feature",
      "geometry": {
        "type": "Point",
        "coordinates": [
          5.994431,
          53.240467
        ]
      },
      "properties": {
        "type": "pakketpunt",
        "locatieNaam": "DA Drogisterij Lia",
        "straatNaam": "Lysterstrjitte",
        "straatNr": "47",
        "vervoerder": "DHL",
        "puntType": "parcelShop",
        "bezettingsgraad": 50,
        "latitude": 53.240467,
        "longitude": 5.994431,
        "canPickup": true,
        "canDropoff": true
      }
    },
    {
      "type": "Feature",
      "geometry": {
        "type": "Point",
        "coordinates": [
          6.0370637,
          53.2511859
        ]
      },
      "properties": {
        "type": "pakketpunt",
        "locatieNaam": "Party & More",
        "straatNaam": "Noarder Stasjonsstrjitte",
        "straatNr": "40-B",
        "vervoerder": "DHL",
        "puntType": "parcelShop",
        "bezettingsgraad": 50,
        "latitude": 53.2511859,
        "longitude": 6.0370637,
        "canPickup": true,
        "canDropoff": true
      }
    },
    {
      "type": "Feature",
      "geometry": {
        "type": "Point",
        "coordinates": [
          6.03773,
          53.25396
        ]
      },
      "properties": {
        "type": "pakketpunt",
        "locatieNaam": "Primera Jousma",
        "straatNaam": "Ljurkstrjitte",
        "straatNr": "72-C",
        "vervoerder": "DHL",
        "puntType": "parcelShop",
        "bezettingsgraad": 50,
        "latitude": 53.25396,
        "longitude": 6.03773,
        "canPickup": true,
        "canDropoff": true
      }
    },
    {
      "type": "Feature",
      "geometry": {
        "type": "Point",
        "coordinates": [
          6.0381848,
          53.2539098
        ]
      },
      "properties": {
        "type": "pakketpunt",
        "locatieNaam": "Pakketautomaat terStal Westereen",
        "straatNaam": "Ljurkstrjitte",
        "straatNr": "76-PS/73",
        "vervoerder": "DHL",
        "puntType": "packStation",
        "bezettingsgraad": 50,
        "latitude": 53.2539098,
        "longitude": 6.0381848,
        "canPickup": true,
        "canDropoff": true
      }
    },
    {
      "type": "Feature",
      "geometry": {
        "type": "Point",
        "coordinates": [
          6.040433579089295,
          53.26194124030715
        ]
      },
      "properties": {
        "type": "pakketpunt",
        "locatieNaam": "Pakketautomaat Poiesz De Westereen",
        "straatNaam": "Foarstrjitte",
        "straatNr": "49-PS/88",
        "vervoerder": "DHL",
        "puntType": "packStation",
        "bezettingsgraad": 50,
        "latitude": 53.26194124030715,
        "longitude": 6.040433579089295,
        "canPickup": true,
        "canDropoff": true
      }
    },
    {
      "type": "Feature",
      "geometry": {
        "type": "Point",
        "coordinates": [
          5.9893819,
          53.2906472
        ]
      },
      "properties": {
        "type": "pakketpunt",
        "locatieNaam": "Schaafsma Rijwielen",
        "straatNaam": "Foarwei",
        "straatNr": "94",
        "vervoerder": "DHL",
        "puntType": "parcelShop",
        "bezettingsgraad": 50,
        "latitude": 53.2906472,
        "longitude": 5.9893819,
        "canPickup": true,
        "canDropoff": true
      }
    },
    {
      "type": "Feature",
      "geometry": {
        "type": "Point",
        "coordinates": [
          5.9945897,
          53.2935215
        ]
      },
      "properties": {
        "type": "pakketpunt",
        "locatieNaam": "Pakketautomaat terStal Damwoude",
        "straatNaam": "Conradi Veenlandstraat",
        "straatNr": "88-PS/73",
        "vervoerder": "DHL",
        "puntType": "packStation",
        "bezettingsgraad": 50,
        "latitude": 53.2935215,
        "longitude": 5.9945897,
        "canPickup": true,
        "canDropoff": true
      }
    },
    {
      "type": "Feature",
      "geometry": {
        "type": "Point",
        "coordinates": [
          5.994529,
          53.293698
        ]
      },
      "properties": {
        "type": "pakketpunt",
        "locatieNaam": "Pets en Co Broekema Damwoude",
        "straatNaam": "Conradi Veenlandstraat",
        "straatNr": "86",
        "vervoerder": "DHL",
        "puntType": "parcelShop",
        "bezettingsgraad": 50,
        "latitude": 53.293698,
        "longitude": 5.994529,
        "canPickup": true,
        "canDropoff": true
      }
    },
    {
      "type": "Feature",
      "geometry": {
        "type": "Point",
        "coordinates": [
          5.994445,
          53.293742
        ]
      },
      "properties": {
        "type": "pakketpunt",
        "locatieNaam": "Pets & Co Broekema",
        "straatNaam": "CONRADI-VEENLANDSTRAAT",
        "straatNr": "86",
        "vervoerder": "DPD",
        "puntType": "pickup_point",
        "bezettingsgraad": 50,
        "latitude": 53.293742,
        "longitude": 5.994445,
        "canPickup": true,
        "canDropoff": true
      }
    },
    {
      "type": "Feature",
      "geometry": {
        "type": "Point",
        "coordinates": [
          6.036696,
          53.250992
        ]
      },
      "properties": {
        "type": "pakketpunt",
        "locatieNaam": "Party & More",
        "straatNaam": "STASJONSSTRJITTE",
        "straatNr": "40B",
        "vervoerder": "DPD",
        "puntType": "pickup_point",
        "bezettingsgraad": 50,
        "latitude": 53.250992,
        "longitude": 6.036696,
        "canPickup": true,
        "canDropoff": true
      }
    },
    {
      "type": "Feature",
      "geometry": {
        "type": "Point",
        "coordinates": [
          5.9969624,
          53.2939833
        ]
      },
      "properties": {
        "type": "pakketpunt",
        "locatieNaam": "Pakketautomaat - De Buren - TinQ Ha",
        "straatNaam": "HAADWEI",
        "straatNr": "8",
        "vervoerder": "DPD",
        "puntType": "dpd_box",
        "bezettingsgraad": 50,
        "latitude": 53.2939833,
        "longitude": 5.9969624,
        "canPickup": true,
        "canDropoff": true
      }
    },
    {
      "type": "Feature",
      "geometry": {
        "type": "Point",
        "coordinates": [
          5.9946159,
          53.2402491
        ]
      },
      "properties": {
        "type": "pakketpunt",
        "locatieNaam": "DA Drogisterij Lia",
        "straatNaam": "LYSTERSTRJITTE",
        "straatNr": "47",
        "vervoerder": "DPD",
        "puntType": "pickup_point",
        "bezettingsgraad": 50,
        "latitude": 53.2402491,
        "longitude": 5.9946159,
        "canPickup": true,
        "canDropoff": true
      }
    },
    {
      "type": "Feature",
      "geometry": {
        "type": "Point",
        "coordinates": [
          5.9891251,
          53.2847368
        ]
      },
      "properties": {
        "type": "pakketpunt",
        "locatieNaam": "DPD Pakketautomaat - vv Broekster B",
        "straatNaam": "LYTSE LOANE",
        "straatNr": "124",
        "vervoerder": "DPD",
        "puntType": "dpd_box",
        "bezettingsgraad": 50,
        "latitude": 53.2847368,
        "longitude": 5.9891251,
        "canPickup": true,
        "canDropoff": true
      }
    },
    {
      "type": "Feature",
      "geometry": {
        "type": "Point",
        "coordinates": [
          5.98909272415578,
          53.2904607936056
        ]
      },
      "properties": {
        "type": "pakketpunt",
        "locatieNaam": "Bakkerij van Eck",
        "straatNaam": "Foarwei",
        "straatNr": "96",
        "vervoerder": "PostNL",
        "puntType": "servicepunt",
        "bezettingsgraad": 50,
        "latitude": 53.2904607936056,
        "longitude": 5.98909272415578,
        "canPickup": true,
        "canDropoff": true
      }
    },
    {
      "type": "Feature",
      "geometry": {
        "type": "Point",
        "coordinates": [
          5.99504629568413,
          53.293665611174
        ]
      },
      "properties": {
        "type": "pakketpunt",
        "locatieNaam": "lifestyle en Cadeauwinkel Papito",
        "straatNaam": "Conradi-Veenlandstrjitte",
        "straatNr": "42",
        "vervoerder": "PostNL",
        "puntType": "servicepunt",
        "bezettingsgraad": 50,
        "latitude": 53.293665611174,
        "longitude": 5.99504629568413,
        "canPickup": true,
        "canDropoff": true
      }
    },
    {
      "type": "Feature",
      "geometry": {
        "type": "Point",
        "coordinates": [
          5.99566455434486,
          53.2939050908691
        ]
      },
      "properties": {
        "type": "pakketpunt",
        "locatieNaam": "Pakketautomaat",
        "straatNaam": "Conradi-Veenlandstrjitte",
        "straatNr": "22PBA",
        "vervoerder": "PostNL",
        "puntType": "automaat",
        "bezettingsgraad": 50,
        "latitude": 53.2939050908691,
        "longitude": 5.99566455434486,
        "canPickup": true,
        "canDropoff": true
      }
    },
    {
      "type": "Feature",
      "geometry": {
        "type": "Point",
        "coordinates": [
          5.994706793,
          53.23974463
        ]
      },
      "properties": {
        "type": "pakketpunt",
        "locatieNaam": "Poiesz Feanwâlden (81)",
        "straatNaam": "Lysterstrjitte",
        "straatNr": "25",
        "vervoerder": "PostNL",
        "puntType": "servicepunt",
        "bezettingsgraad": 50,
        "latitude": 53.23974463,
        "longitude": 5.994706793,
        "canPickup": true,
        "canDropoff": true
      }
    },
    {
      "type": "Feature",
      "geometry": {
        "type": "Point",
        "coordinates": [
          5.99469168951468,
          53.2397357215062
        ]
      },
      "properties": {
        "type": "pakketpunt",
        "locatieNaam": "Pakket- en briefautomaat",
        "straatNaam": "Lysterstrjitte",
        "straatNr": "25PBA",
        "vervoerder": "PostNL",
        "puntType": "automaat",
        "bezettingsgraad": 50,
        "latitude": 53.2397357215062,
        "longitude": 5.99469168951468,
        "canPickup": true,
        "canDropoff": true
      }
    },
    {
      "type": "Feature",
      "geometry": {
        "type": "Point",
        "coordinates": [
          6.041133575,
          53.26209072
        ]
      },
      "properties": {
        "type": "pakketpunt",
        "locatieNaam": "Poiesz Supermarkt (109)",
        "straatNaam": "Foarstrjitte",
        "straatNr": "49",
        "vervoerder": "PostNL",
        "puntType": "servicepunt",
        "bezettingsgraad": 50,
        "latitude": 53.26209072,
        "longitude": 6.041133575,
        "canPickup": true,
        "canDropoff": true
      }
    },
    {
      "type": "Feature",
      "geometry": {
        "type": "Point",
        "coordinates": [
          6.0336315538608,
          53.251005239805
        ]
      },
      "properties": {
        "type": "pakketpunt",
        "locatieNaam": "Whc de Westereen",
        "straatNaam": "Yndustrywei",
        "straatNr": "11",
        "vervoerder": "PostNL",
        "puntType": "servicepunt",
        "bezettingsgraad": 50,
        "latitude": 53.251005239805,
        "longitude": 6.0336315538608,
        "canPickup": true,
        "canDropoff": true
      }
    },
    {
      "type": "Feature",
      "geometry": {
        "type": "Point",
        "coordinates": [
          6.03817330512384,
          53.2546037667094
        ]
      },
      "properties": {
        "type": "pakketpunt",
        "locatieNaam": "Pakketautomaat+",
        "straatNaam": "Ljurkstrjitte",
        "straatNr": "63PBA",
        "vervoerder": "PostNL",
        "puntType": "automaat",
        "bezettingsgraad": 50,
        "latitude": 53.2546037667094,
        "longitude": 6.03817330512384,
        "canPickup": true,
        "canDropoff": true
      }
    },
    {
      "type": "Feature",
      "geometry": {
        "type": "Point",
        "coordinates": [
          6.038188423,
          53.25461267
        ]
      },
      "properties": {
        "type": "pakketpunt",
        "locatieNaam": "Plusmarkt",
        "straatNaam": "Ljurkstrjitte",
        "straatNr": "63",
        "vervoerder": "PostNL",
        "puntType": "servicepunt",
        "bezettingsgraad": 50,
        "latitude": 53.25461267,
        "longitude": 6.038188423,
        "canPickup": true,
        "canDropoff": true
      }
    },
    {
      "type": "Feature",
      "geometry": {
        "type": "Point",
        "coordinates": [
          6.03707,
          53.25119
        ]
      },
      "properties": {
        "type": "pakketpunt",
        "locatieNaam": "P. &. More",
        "straatNaam": "Noarder Stasjonsstrjitte 40b",
        "straatNr": "",
        "vervoerder": "VintedGo",
        "puntType": "social",
        "bezettingsgraad": 50,
        "latitude": 53.25119,
        "longitude": 6.03707,
        "canPickup": true,
        "canDropoff": true
      }
    },
    {
      "type": "Feature",
      "geometry": {
        "type": "Point",
        "coordinates": [
          5.9955,
          53.2939
        ]
      },
      "properties": {
        "type": "pakketpunt",
        "locatieNaam": "Maxx Voordeel",
        "straatNaam": "Conradi-Veenlandstrjitte 24",
        "straatNr": "",
        "vervoerder": "VintedGo",
        "puntType": "parcel_shop",
        "bezettingsgraad": 50,
        "latitude": 53.2939,
        "longitude": 5.9955,
        "canPickup": true,
        "canDropoff": true
      }
    },
    {
      "type": "Feature",
      "geometry": {
        "type": "Point",
        "coordinates": [
          5.99469168,
          53.2397357
        ]
      },
      "properties": {
        "type": "pakketpunt",
        "locatieNaam": "Pakketautomaat",
        "straatNaam": "Lysterstrjitte",
        "straatNr": "25",
        "vervoerder": "GLS",
        "puntType": "locker",
        "bezettingsgraad": 50,
        "latitude": 53.2397357,
        "longitude": 5.99469168,
        "canPickup": true,
        "canDropoff": true
      }
    },
    {
      "type": "Feature",
      "geometry": {
        "type": "Point",
        "coordinates": [
          5.9954828,
          53.2939622
        ]
      },
      "properties": {
        "type": "pakketpunt",
        "locatieNaam": "Maxx Voordeel",
        "straatNaam": "Conradi-Veenlandstrjitte",
        "straatNr": "24",
        "vervoerder": "GLS",
        "puntType": "parcel_shop",
        "bezettingsgraad": 50,
        "latitude": 53.2939622,
        "longitude": 5.9954828,
        "canPickup": true,
        "canDropoff": true
      }
    },
    {
      "type": "Feature",
      "geometry": {
        "type": "Point",
        "coordinates": [
          5.99566455,
          53.293905
        ]
      },
      "properties": {
        "type": "pakketpunt",
        "locatieNaam": "Pakketautomaat",
        "straatNaam": "Conradi-Veenlandstrjitte",
        "straatNr": "22",
        "vervoerder": "GLS",
        "puntType": "locker",
        "bezettingsgraad": 50,
        "latitude": 53.293905,
        "longitude": 5.99566455,
        "canPickup": true,
        "canDropoff": true
      }
    },
    {
      "type": "Feature",
      "geometry": {
        "type": "Point",
        "coordinates": [
          6.0381733,
          53.2546037
        ]
      },
      "properties": {
        "type": "pakketpunt",
        "locatieNaam": "Pakketautomaat",
        "straatNaam": "Ljurkstrjitte",
        "straatNr": "63",
        "vervoerder": "GLS",
        "puntType": "locker",
        "bezettingsgraad": 50,
        "latitude": 53.2546037,
        "longitude": 6.0381733,
        "canPickup": true,
        "canDropoff": true
      }
    },
    {
      "type": "Feature",
      "geometry": {
        "type": "Point",
        "coordinates": [
          6.03703,
          53.2511
        ]
      },
      "properties": {
        "type": "pakketpunt",
        "locatieNaam": "PARTY AND MORE",
        "straatNaam": "NOARDER STASJONSSTRJITTE 40B",
        "straatNr": "",
        "vervoerder": "InPost",
        "puntType": "servicepunt",
        "bezettingsgraad": 50,
        "latitude": 53.2511,
        "longitude": 6.03703,
        "canPickup": true,
        "canDropoff": true
      }
    },
    {
      "type": "Feature",
      "geometry": {
        "type": "Point",
        "coordinates": [
          5.99578,
          53.29341
        ]
      },
      "properties": {
        "type": "pakketpunt",
        "locatieNaam": "MAXX VOORDEELSHOP",
        "straatNaam": "CONRADI-VEENLANDSTRJITTE 24",
        "straatNr": "",
        "vervoerder": "InPost",
        "puntType": "servicepunt",
        "bezettingsgraad": 50,
        "latitude": 53.29341,
        "longitude": 5.99578,
        "canPickup": true,
        "canDropoff": true
      }
    },
    {
      "type": "Feature",
      "geometry": {
        "type": "MultiPolygon",
        "coordinates": [
          [
            [
              [
                5.996776207455714,
                53.237347730600426
              ],
              [
                5.9963760295475055,
                53.23723665497607
              ],
              [
                5.995959633253134,
                53.23714964529292
              ],
              [
                5.995531028075353,
                53.237087539357454
              ],
              [
                5.995094341011503,
                53.23705093517803
              ],
              [
                5.994653776835349,
                53.23704018520989
              ],
              [
                5.994213577632066,
                53.23705539296339
              ],
              [
                5.993777981974924,
                53.237096412007446
              ],
              [
                5.993351184135724,
                53.23716284737903
              ],
              [
                5.992937293720555,
                53.237254059383964
              ],
              [
                5.99254029611859,
                53.23736916975306
              ],
              [
                5.992164014143707,
                53.23750707009451
              ],
              [
                5.991812071237556,
                53.2376664325613
              ],
              [
                5.991487856587638,
                53.23784572263101
              ],
              [
                5.991194492495847,
                53.23804321387556
              ],
              [
                5.990934804311391,
                53.23825700457847
              ],
              [
                5.990711293217597,
                53.23848503604075
              ],
              [
                5.990526112134763,
                53.23872511239856
              ],
              [
                5.990381044971515,
                53.23897492176301
              ],
              [
                5.990277489425074,
                53.239232058477704
              ],
              [
                5.990216443496797,
                53.239494046281315
              ],
              [
                5.990212859996247,
                53.23954682093262
              ],
              [
                5.990120296514139,
                53.239706212688034
              ],
              [
                5.9900167376800715,
                53.23996334912006
              ],
              [
                5.98995568915502,
                53.24022533673106
              ],
              [
                5.9899377396311415,
                53.24048965250031
              ],
              [
                5.989963062761005,
                53.24075375094018
              ],
              [
                5.9900314154549195,
                53.241015088610474
              ],
              [
                5.990142140191813,
                53.24127114861376
              ],
              [
                5.990294171322591,
                53.2415194648375
              ],
              [
                5.990486045306378,
                53.24175764570842
              ],
              [
                5.990715914782061,
                53.24198339723048
              ],
              [
                5.990981566340561,
                53.24219454508442
              ],
              [
                5.991280441827325,
                53.24238905557571
              ],
              [
                5.991609662970485,
                53.2425650552287
              ],
              [
                5.991966059097792,
                53.242720848838196
              ],
              [
                5.992346197675464,
                53.242854935804225
              ],
              [
                5.992746417374762,
                53.242966024592114
              ],
              [
                5.99316286334742,
                53.24305304517851
              ],
              [
                5.993591524369712,
                53.24311515936313
              ],
              [
                5.9940282714965925,
                53.2431517688467
              ],
              [
                5.994468897852793,
                53.24316252099683
              ],
              [
                5.994909159176625,
                53.24314731224657
              ],
              [
                5.995344814724855,
                53.24310628909256
              ],
              [
                5.995771668143595,
                53.24303984668293
              ],
              [
                5.996185607910428,
                53.24294862500926
              ],
              [
                5.996582646957156,
                53.24283350273846
              ],
              [
                5.9969589610905825,
                53.24269558874502
              ],
              [
                5.997310925840424,
                53.242536211424735
              ],
              [
                5.997635151378751,
                53.24235690589376
              ],
              [
                5.997928515174151,
                53.242159399195565
              ],
              [
                5.9981881920657845,
                53.241945593659985
              ],
              [
                5.998411681467667,
                53.24171754857351
              ],
              [
                5.998517534123235,
                53.241580287360264
              ],
              [
                5.998596566692727,
                53.24149964255578
              ],
              [
                5.998702354522341,
                53.24136246378249
              ],
              [
                5.998880645439925,
                53.24118053330076
              ],
              [
                5.999065790515727,
                53.240940444307206
              ],
              [
                5.999210813975934,
                53.24069062467838
              ],
              [
                5.999314319786745,
                53.24043348045826
              ],
              [
                5.999375311835659,
                53.24017148819191
              ],
              [
                5.99939320349749,
                53.239907171071174
              ],
              [
                5.999367823254615,
                53.23964307463213
              ],
              [
                5.999299416318462,
                53.23938174223981
              ],
              [
                5.999188642237792,
                53.239125690595216
              ],
              [
                5.99903656851798,
                53.23887738550085
              ],
              [
                5.998844660313811,
                53.238639218118195
              ],
              [
                5.998614766296129,
                53.23841348194528
              ],
              [
                5.998591477374005,
                53.238394973744086
              ],
              [
                5.9984215501920986,
                53.23822811784337
              ],
              [
                5.9981558868109515,
                53.23801698619058
              ],
              [
                5.997857010766758,
                53.23782249253274
              ],
              [
                5.997849220329371,
                53.237818328100026
              ],
              [
                5.997841897791254,
                53.237813562923556
              ],
              [
                5.997512687615475,
                53.237637580065545
              ],
              [
                5.997156313559415,
                53.237481802624636
              ],
              [
                5.996776207455714,
                53.237347730600426
              ]
            ]
          ],
          [
            [
              [
                5.9930740236637865,
                53.283446221029436
              ],
              [
                5.992843920149739,
                53.28322047751333
              ],
              [
                5.992578006154356,
                53.283009337077885
              ],
              [
                5.992278842790302,
                53.28281483289535
              ],
              [
                5.991949311226814,
                53.28263883791391
              ],
              [
                5.9915925849400535,
                53.282483046828894
              ],
              [
                5.991212099154377,
                53.28234895977111
              ],
              [
                5.990811517768665,
                53.28223786786819
              ],
              [
                5.990394698085844,
                53.282150840818105
              ],
              [
                5.989965653684737,
                53.282088716594316
              ],
              [
                5.989528515791021,
                53.2820520933813
              ],
              [
                5.989087493518418,
                53.28204132381742
              ],
              [
                5.9886468333619405,
                53.28205651160159
              ],
              [
                5.988210778332207,
                53.28209751049512
              ],
              [
                5.987783527123181,
                53.2821639257291
              ],
              [
                5.987369193705434,
                53.28225511780326
              ],
              [
                5.986971767732966,
                53.28237020864054
              ],
              [
                5.986595076143817,
                53.28250809003746
              ],
              [
                5.986242746323465,
                53.28266743432959
              ],
              [
                5.985918171184958,
                53.28284670716978
              ],
              [
                5.985624476501597,
                53.28304418229608
              ],
              [
                5.985364490806465,
                53.28325795814754
              ],
              [
                5.9851407181485206,
                53.28348597616839
              ],
              [
                5.98495531396787,
                53.28372604062461
              ],
              [
                5.984810064322816,
                53.28397583974192
              ],
              [
                5.9847063686693796,
                53.28423296796302
              ],
              [
                5.984645226359847,
                53.28449494910842
              ],
              [
                5.984627226991318,
                53.28475926021969
              ],
              [
                5.984652544698243,
                53.285023355854186
              ],
              [
                5.984720936445016,
                53.2852846925987
              ],
              [
                5.9848317443362795,
                53.285540753564675
              ],
              [
                5.984983901923807,
                53.28578907263029
              ],
              [
                5.985175944450367,
                53.28602725819471
              ],
              [
                5.985406022932959,
                53.28625301621651
              ],
              [
                5.985671921950607,
                53.286464172313785
              ],
              [
                5.985971080966226,
                53.286658692712244
              ],
              [
                5.986300618977695,
                53.2868347038406
              ],
              [
                5.986657362261053,
                53.286990510383
              ],
              [
                5.987037874938777,
                53.2871246116146
              ],
              [
                5.98743849207854,
                53.28723571586308
              ],
              [
                5.987855355003407,
                53.28732275295603
              ],
              [
                5.988284448472792,
                53.287384884534056
              ],
              [
                5.9887216393753455,
                53.28742151213013
              ],
              [
                5.989162716560246,
                53.28743228293734
              ],
              [
                5.989603431422235,
                53.28741709320906
              ],
              [
                5.9900395388483885,
                53.28737608925866
              ],
              [
                5.990466838131181,
                53.287309666049424
              ],
              [
                5.990881213452592,
                53.28721846338801
              ],
              [
                5.99127867354829,
                53.28710335975841
              ],
              [
                5.991655390168893,
                53.28696546385577
              ],
              [
                5.992007734966982,
                53.28680610390186
              ],
              [
                5.992332314453921,
                53.2866268148457
              ],
              [
                5.992626002689301,
                53.28642932357255
              ],
              [
                5.992885971387835,
                53.28621553226373
              ],
              [
                5.9931097171537315,
                53.285987500069034
              ],
              [
                5.993295085580334,
                53.28574742326726
              ],
              [
                5.993440291983336,
                53.28549761410705
              ],
              [
                5.993543938568498,
                53.2852404785317
              ],
              [
                5.993605027869197,
                53.28497849300323
              ],
              [
                5.993622972325428,
                53.28471418064868
              ],
              [
                5.9935975999129925,
                53.28445008695828
              ],
              [
                5.9935291557697985,
                53.284188755270655
              ],
              [
                5.993418299804767,
                53.28393270227994
              ],
              [
                5.993266100313578,
                53.28368439380154
              ],
              [
                5.9930740236637865,
                53.283446221029436
              ]
            ]
          ],
          [
            [
              [
                5.991180000691714,
                53.28807295818159
              ],
              [
                5.990779366185561,
                53.2879618664651
              ],
              [
                5.990362491223391,
                53.287874839553226
              ],
              [
                5.989933389916218,
                53.28781271541806
              ],
              [
                5.989496194037539,
                53.28777609224315
              ],
              [
                5.98905511325927,
                53.28776532266658
              ],
              [
                5.988614394639629,
                53.287780510387364
              ],
              [
                5.98817828175202,
                53.2878215091674
              ],
              [
                5.987750973847385,
                53.28788792423885
              ],
              [
                5.987336585442096,
                53.28797911610311
              ],
              [
                5.986939106719522,
                53.28809420668508
              ],
              [
                5.986562365125572,
                53.28823208778382
              ],
              [
                5.986209988527188,
                53.28839143173775
              ],
              [
                5.9858853702878445,
                53.288570704203046
              ],
              [
                5.985591636595915,
                53.28876817892141
              ],
              [
                5.985331616360175,
                53.28898195433581
              ],
              [
                5.9851078139623075,
                53.28920997189475
              ],
              [
                5.984922385128944,
                53.28945003586859
              ],
              [
                5.984777116155971,
                53.28969983448791
              ],
              [
                5.984673406685725,
                53.28995696220007
              ],
              [
                5.984612256203777,
                53.290218942830535
              ],
              [
                5.984594254386161,
                53.29048325342585
              ],
              [
                5.984619575391152,
                53.290747348548344
              ],
              [
                5.984687976151628,
                53.29100868478972
              ],
              [
                5.984798798685648,
                53.291264745266304
              ],
              [
                5.984950976404177,
                53.291513063860904
              ],
              [
                5.985143044356305,
                53.29175124897725
              ],
              [
                5.985373153314306,
                53.29197700657825
              ],
              [
                5.985639087563828,
                53.29218816228587
              ],
              [
                5.985938286228545,
                53.292382682329695
              ],
              [
                5.985951958405153,
                53.292389983907285
              ],
              [
                5.986227461389567,
                53.292569096194434
              ],
              [
                5.9865570456894295,
                53.2927451061984
              ],
              [
                5.986913838857392,
                53.292900911593584
              ],
              [
                5.987294404535428,
                53.29303501166619
              ],
              [
                5.987695077280661,
                53.293146114755025
              ],
              [
                5.98811199788048,
                53.293233150698825
              ],
              [
                5.988541150538656,
                53.29329528114922
              ],
              [
                5.988978401573593,
                53.29333190765
              ],
              [
                5.989419539255126,
                53.29334267740494
              ],
              [
                5.989860314395127,
                53.29332748667739
              ],
              [
                5.9900077254652055,
                53.29331362846587
              ],
              [
                5.989964161991722,
                53.29350034960405
              ],
              [
                5.989946191680342,
                53.2937646606592
              ],
              [
                5.989971547452743,
                53.29402875430741
              ],
              [
                5.990039985907094,
                53.29429008715453
              ],
              [
                5.990150848698538,
                53.29454614234949
              ],
              [
                5.990303068850391,
                53.29479445382596
              ],
              [
                5.990495181003101,
                53.29503263005613
              ],
              [
                5.990725335503248,
                53.29525837708849
              ],
              [
                5.9909913161978245,
                53.29546952064671
              ],
              [
                5.991290561763129,
                53.29566402707738
              ],
              [
                5.991620190363407,
                53.29584002294365
              ],
              [
                5.9919770274021085,
                53.2959958130765
              ],
              [
                5.992357636098544,
                53.29612989690915
              ],
              [
                5.992758350595377,
                53.2962409829369
              ],
              [
                5.9931753112777155,
                53.29632800116271
              ],
              [
                5.99346907169313,
                53.29637051419779
              ],
              [
                5.9937962022214535,
                53.29646119723977
              ],
              [
                5.99421316711329,
                53.29654821185179
              ],
              [
                5.994642361470405,
                53.29661032038125
              ],
              [
                5.995079651209424,
                53.29664692458309
              ],
              [
                5.995520824227265,
                53.296657671875764
              ],
              [
                5.995961630995337,
                53.2966424587391
              ],
              [
                5.9961050454447165,
                53.29662896982928
              ],
              [
                5.996122051943602,
                53.29663143057692
              ],
              [
                5.996559343130224,
                53.29666802939197
              ],
              [
                5.9970005167102505,
                53.29667877125154
              ],
              [
                5.997441323149669,
                53.29666355268783
              ],
              [
                5.997877516453258,
                53.296622520291955
              ],
              [
                5.9983048950861395,
                53.29655606930123
              ],
              [
                5.998719342465854,
                53.29646483978998
              ],
              [
                5.999116866633954,
                53.29634971050079
              ],
              [
                5.999493638723912,
                53.296211790376034
              ],
              [
                5.999846029854112,
                53.29605240787089
              ],
              [
                6.0001706460898,
                53.29587309815161
              ],
              [
                6.000464361136816,
                53.29567558830236
              ],
              [
                6.000724346451917,
                53.29546178068356
              ],
              [
                6.00094809847958,
                53.29523373460209
              ],
              [
                6.001133462753216,
                53.29499364647046
              ],
              [
                6.001278654628919,
                53.29474382864639
              ],
              [
                6.001382276452778,
                53.29448668715662
              ],
              [
                6.001443330997073,
                53.29422469852021
              ],
              [
                6.0014612310369495,
                53.29396038589384
              ],
              [
                6.001435804976373,
                53.29369629477052
              ],
              [
                6.001367298470266,
                53.293434968463906
              ],
              [
                6.001256372028458,
                53.293178923616374
              ],
              [
                6.001104094625594,
                53.2929306259648
              ],
              [
                6.00091193337973,
                53.29269246659869
              ],
              [
                6.000681739400007,
                53.292466738938735
              ],
              [
                6.0004157299405785,
                53.29225561665666
              ],
              [
                6.000116467033393,
                53.29206113274992
              ],
              [
                5.999786832806175,
                53.29188515997133
              ],
              [
                5.999430001723557,
                53.29172939280242
              ],
              [
                5.999158637191594,
                53.29163380611688
              ],
              [
                5.998934078033694,
                53.29148786339312
              ],
              [
                5.998604453006019,
                53.29131188732304
              ],
              [
                5.9982476309283035,
                53.291156116599296
              ],
              [
                5.997867047947158,
                53.29102205115649
              ],
              [
                5.9974663688971726,
                53.29091098191411
              ],
              [
                5.9970494520214785,
                53.290823978351895
              ],
              [
                5.996620311834523,
                53.2907618782171
              ],
              [
                5.996183080484054,
                53.29072527946224
              ],
              [
                5.995741967983435,
                53.290714534490206
              ],
              [
                5.995301221696249,
                53.2907297467631
              ],
              [
                5.994865085462257,
                53.29077076980651
              ],
              [
                5.994497620814495,
                53.290827901642416
              ],
              [
                5.9941109943599225,
                53.290841242016285
              ],
              [
                5.993864101086583,
                53.29086446247503
              ],
              [
                5.993880388325517,
                53.29062457017246
              ],
              [
                5.9938550107140625,
                53.29036047707489
              ],
              [
                5.993786555489805,
                53.29009914607535
              ],
              [
                5.993675682668626,
                53.28984309386141
              ],
              [
                5.993523460708747,
                53.28959478624097
              ],
              [
                5.993331356194297,
                53.28935661439959
              ],
              [
                5.993101219688125,
                53.28913087187818
              ],
              [
                5.992835267890982,
                53.28891973249163
              ],
              [
                5.992536062279656,
                53.28872522940212
              ],
              [
                5.992522390155724,
                53.288717928564495
              ],
              [
                5.992246885754399,
                53.28853883047753
              ],
              [
                5.99191731050832,
                53.28836283581451
              ],
              [
                5.991560536927509,
                53.288207045006516
              ],
              [
                5.991180000691714,
                53.28807295818159
              ]
            ]
          ],
          [
            [
              [
                6.033150908518344,
                53.24832510217285
              ],
              [
                6.0327152368997226,
                53.24836626245569
              ],
              [
                6.032288388315654,
                53.24843283607465
              ],
              [
                6.031874472860987,
                53.24852418200448
              ],
              [
                6.03147747616632,
                53.248639420686466
              ],
              [
                6.031101221037276,
                53.24877744249343
              ],
              [
                6.030749330657621,
                53.24893691840871
              ],
              [
                6.030425193709809,
                53.24911631281753
              ],
              [
                6.030131931748364,
                53.24931389828691
              ],
              [
                6.029872369139955,
                53.24952777219305
              ],
              [
                6.029649005859617,
                53.24975587503562
              ],
              [
                6.029463993405212,
                53.2499960102633
              ],
              [
                6.029319114062434,
                53.25024586542
              ],
              [
                6.029215763720668,
                53.250503034408105
              ],
              [
                6.029154938405905,
                53.25076504065524
              ],
              [
                6.029137224661351,
                53.25102936096074
              ],
              [
                6.029162793869418,
                53.25129344979317
              ],
              [
                6.029231400570862,
                53.251554763804315
              ],
              [
                6.029342384798499,
                53.25181078632441
              ],
              [
                6.029494678404101,
                53.252059051601506
              ],
              [
                6.029686815318701,
                53.252297168552694
              ],
              [
                6.029916945648533,
                53.25252284379728
              ],
              [
                6.030182853471653,
                53.252733903750396
              ],
              [
                6.03048197816472,
                53.252928315563935
              ],
              [
                6.030811439054922,
                53.253104206712386
              ],
              [
                6.031168063160078,
                53.253259883035625
              ],
              [
                6.031548415749782,
                53.253393845063165
              ],
              [
                6.031948833433164,
                53.25350480246371
              ],
              [
                6.03236545945423,
                53.25359168647935
              ],
              [
                6.032794280854324,
                53.253653660225396
              ],
              [
                6.033231167143036,
                53.2536901267552
              ],
              [
                6.033259818221502,
                53.25369081639537
              ],
              [
                6.033253056094277,
                53.2537199543895
              ],
              [
                6.03323536629881,
                53.25398427500034
              ],
              [
                6.033260962389056,
                53.254248362656504
              ],
              [
                6.033329598647005,
                53.25450967402116
              ],
              [
                6.0334406148209,
                53.254765692449894
              ],
              [
                6.033592942454916,
                53.25501395223022
              ],
              [
                6.033785115152406,
                53.25525206233204
              ],
              [
                6.033838153408982,
                53.25530406379382
              ],
              [
                6.0338838643982236,
                53.25540947490637
              ],
              [
                6.0340361968645295,
                53.255657734063284
              ],
              [
                6.034228374882858,
                53.255895843396104
              ],
              [
                6.034458548163585,
                53.25612150959742
              ],
              [
                6.034724500371101,
                53.25633255916944
              ],
              [
                6.035023670454549,
                53.25652695936398
              ],
              [
                6.035031598193538,
                53.25653119092148
              ],
              [
                6.035038788358084,
                53.25653586304535
              ],
              [
                6.0353682953368875,
                53.25671174140661
              ],
              [
                6.035724965655142,
                53.25686740393602
              ],
              [
                6.036105364137228,
                53.25700135129594
              ],
              [
                6.036505826950123,
                53.257112293296316
              ],
              [
                6.036922496903037,
                53.257199161327634
              ],
              [
                6.037351360614032,
                53.25726111865901
              ],
              [
                6.037788287185027,
                53.25729756850206
              ],
              [
                6.038229068011749,
                53.25730815976214
              ],
              [
                6.038669457344194,
                53.257292790422134
              ],
              [
                6.039105213205869,
                53.25725160852559
              ],
              [
                6.039532138276604,
                53.25718501074987
              ],
              [
                6.0399461203439415,
                53.25709363858313
              ],
              [
                6.040343171932578,
                53.25697837214187
              ],
              [
                6.040719468729034,
                53.25684032168939
              ],
              [
                6.0410713864306995,
                53.256680816935976
              ],
              [
                6.041395535663649,
                53.25650139422502
              ],
              [
                6.041688794632381,
                53.25630378172876
              ],
              [
                6.04194833918676,
                53.25608988279586
              ],
              [
                6.042171670016518,
                53.25586175761226
              ],
              [
                6.042356636711516,
                53.255621603351955
              ],
              [
                6.042501458456466,
                53.25537173300912
              ],
              [
                6.042604741161357,
                53.25511455311589
              ],
              [
                6.04266549086336,
                53.25485254056069
              ],
              [
                6.042683123272112,
                53.25458821873028
              ],
              [
                6.042657469367433,
                53.25432413320577
              ],
              [
                6.042638274508282,
                53.25425111623837
              ],
              [
                6.042661794966776,
                53.25414967086852
              ],
              [
                6.042679427130178,
                53.25388534897679
              ],
              [
                6.042653773684541,
                53.25362126338861
              ],
              [
                6.042585082472842,
                53.25335995736414
              ],
              [
                6.042474015781792,
                53.25310394735011
              ],
              [
                6.042321643934739,
                53.25285569874774
              ],
              [
                6.042129434957334,
                53.252617602174006
              ],
              [
                6.041899240416537,
                53.25239195044488
              ],
              [
                6.041633277570213,
                53.25218091650091
              ],
              [
                6.041353630357472,
                53.25199921712485
              ],
              [
                6.041382673937305,
                53.25194910462321
              ],
              [
                6.041485955213529,
                53.25169192539971
              ],
              [
                6.041546706982373,
                53.251429913106875
              ],
              [
                6.041564344933422,
                53.251165591129045
              ],
              [
                6.041538699992975,
                53.25090150504876
              ],
              [
                6.041470019921986,
                53.250640198130995
              ],
              [
                6.0413589668997805,
                53.250384186830956
              ],
              [
                6.04135566278502,
                53.250378803100936
              ],
              [
                6.041318958723212,
                53.250294188248425
              ],
              [
                6.041166603490838,
                53.250045937920696
              ],
              [
                6.04097441344317,
                53.249807839244475
              ],
              [
                6.04074423996481,
                53.2495821850558
              ],
              [
                6.04047830011076,
                53.24937114831897
              ],
              [
                6.040179155241171,
                53.249176761207714
              ],
              [
                6.039849686345857,
                53.2490008955429
              ],
              [
                6.039493066296418,
                53.24884524477469
              ],
              [
                6.039112729293382,
                53.24871130768282
              ],
              [
                6.038984599455615,
                53.248675807833
              ],
              [
                6.038778742607086,
                53.2486033133686
              ],
              [
                6.038378352971151,
                53.24849237851625
              ],
              [
                6.0379617641753445,
                53.24840551515516
              ],
              [
                6.0375329875752985,
                53.24834355968289
              ],
              [
                6.037096151818334,
                53.24830710865895
              ],
              [
                6.036655463109478,
                53.248296513064105
              ],
              [
                6.036215164732665,
                53.24831187492213
              ],
              [
                6.035779496215927,
                53.24835304631836
              ],
              [
                6.035352652532611,
                53.248419630822845
              ],
              [
                6.03513349883109,
                53.24846800187651
              ],
              [
                6.034897502047289,
                53.248418786986996
              ],
              [
                6.034468729662967,
                53.248356820566244
              ],
              [
                6.034031896309341,
                53.24832035839094
              ],
              [
                6.033591208168309,
                53.24830975154908
              ],
              [
                6.033150908518344,
                53.24832510217285
              ]
            ]
          ],
          [
            [
              [
                6.041270546601062,
                53.25929278369713
              ],
              [
                6.040833596951998,
                53.25925634658425
              ],
              [
                6.040392795641078,
                53.25924576492293
              ],
              [
                6.039952387036195,
                53.259261140602845
              ],
              [
                6.039516611726488,
                53.259302325576236
              ],
              [
                6.039089665713375,
                53.259368923282416
              ],
              [
                6.038675660029696,
                53.259460292464254
              ],
              [
                6.038278581174761,
                53.259575553339246
              ],
              [
                6.037902252745289,
                53.259713596066405
              ],
              [
                6.0375502986309195,
                53.25987309142785
              ],
              [
                6.037226108127947,
                53.26005250362145
              ],
              [
                6.036932803306792,
                53.26025010504317
              ],
              [
                6.036673208947115,
                53.26046399291555
              ],
              [
                6.036449825330037,
                53.26069210760377
              ],
              [
                6.036264804149649,
                53.260932252442515
              ],
              [
                6.036119927776109,
                53.26118211488305
              ],
              [
                6.036016592070676,
                53.261439288757714
              ],
              [
                6.0359557929188705,
                53.26170129744703
              ],
              [
                6.035938116612426,
                53.26196561772671
              ],
              [
                6.035963734173669,
                53.26222970406551
              ],
              [
                6.036032399678133,
                53.262491013139226
              ],
              [
                6.036143452592706,
                53.26274702832557
              ],
              [
                6.0362958241079845,
                53.262995283943106
              ],
              [
                6.03648804740493,
                53.26323338900191
              ],
              [
                6.0367182717580095,
                53.263459050235674
              ],
              [
                6.0369842803398495,
                53.2636700941945
              ],
              [
                6.037283511556697,
                53.263864488184055
              ],
              [
                6.037613083709726,
                53.26404035985057
              ],
              [
                6.037969822745005,
                53.26419601522142
              ],
              [
                6.03835029282499,
                53.26432995502791
              ],
              [
                6.038750829426934,
                53.26444088915269
              ],
              [
                6.039167574649164,
                53.26452774906205
              ],
              [
                6.039287002800391,
                53.26454499748328
              ],
              [
                6.03945086011881,
                53.2645903784725
              ],
              [
                6.039867608182873,
                53.26467723594409
              ],
              [
                6.040296550397744,
                53.26473918247832
              ],
              [
                6.040733555108997,
                53.264775621390825
              ],
              [
                6.041174412959501,
                53.26478620169221
              ],
              [
                6.0416148774571505,
                53.26477082147099
              ],
              [
                6.042050705901272,
                53.2647296288755
              ],
              [
                6.042477700272405,
                53.26466302068616
              ],
              [
                6.042891747690461,
                53.26457163849142
              ],
              [
                6.043288860050576,
                53.26445636250452
              ],
              [
                6.043665212453876,
                53.26431830308063
              ],
              [
                6.044017180062147,
                53.26415879001645
              ],
              [
                6.044341373020829,
                53.263979359735565
              ],
              [
                6.044634669113364,
                53.263781740483154
              ],
              [
                6.044894243832207,
                53.263567835672895
              ],
              [
                6.0451175975767555,
                53.26333970554742
              ],
              [
                6.045302579716408,
                53.26309954732832
              ],
              [
                6.045447409287397,
                53.26284967404797
              ],
              [
                6.045550692124636,
                53.26259249226668
              ],
              [
                6.0456114342643374,
                53.262330478891165
              ],
              [
                6.0456290514892865,
                53.262066157316035
              ],
              [
                6.04560337492585,
                53.26180207311994
              ],
              [
                6.045534652639977,
                53.261540769549676
              ],
              [
                6.045423547217942,
                53.261284763028186
              ],
              [
                6.045271129356354,
                53.26103651892303
              ],
              [
                6.045078867524225,
                53.26079842780795
              ],
              [
                6.044848613797686,
                53.26057278244615
              ],
              [
                6.044582586004684,
                53.26036175571686
              ],
              [
                6.044283346352302,
                53.26016737969731
              ],
              [
                6.043953776743087,
                53.25999152610146
              ],
              [
                6.043597051018419,
                53.2598358882633
              ],
              [
                6.043216604396292,
                53.259701964837944
              ],
              [
                6.0428161003977365,
                53.25959104537744
              ],
              [
                6.042399395580029,
                53.25950419791956
              ],
              [
                6.042279980149474,
                53.25948695254373
              ],
              [
                6.042116139263856,
                53.25944157531025
              ],
              [
                6.041699437286877,
                53.259354725414845
              ],
              [
                6.041270546601062,
                53.25929278369713
              ]
            ]
          ]
        ]
      },
      "properties": {
        "type": "buffer_union_300m",
        "buffer_m": 300
      }
    },
    {
      "type": "Feature",
      "geometry": {
        "type": "MultiPolygon",
        "coordinates": [
          [
            [
              [
                5.997470998046425,
                53.236551730879064
              ],
              [
                5.996937435429626,
                53.236403632786256
              ],
              [
                5.996382249957122,
                53.236287622103895
              ],
              [
                5.995810787264234,
                53.2362048158216
              ],
              [
                5.995228549596142,
                53.23615601122115
              ],
              [
                5.994641142866392,
                53.23614167820564
              ],
              [
                5.9940542227208855,
                53.236161954778
              ],
              [
                5.9934734401247765,
                53.23621664571369
              ],
              [
                5.992904386994251,
                53.23630522443838
              ],
              [
                5.992352542394696,
                53.236426838094474
              ],
              [
                5.991823219821483,
                53.23658031574675
              ],
              [
                5.991321516069168,
                53.236764179648624
              ],
              [
                5.990852262180098,
                53.2369766594611
              ],
              [
                5.990419976943344,
                53.23721570928784
              ],
              [
                5.990028823391027,
                53.23747902736297
              ],
              [
                5.9896825687102995,
                53.237764078202346
              ],
              [
                5.989384547956978,
                53.238068117005824
              ],
              [
                5.989137631920461,
                53.23838821607591
              ],
              [
                5.988944199450088,
                53.23872129299916
              ],
              [
                5.9888061145104565,
                53.23906414031961
              ],
              [
                5.988737146023309,
                53.23936008579566
              ],
              [
                5.988683428175403,
                53.23945258089846
              ],
              [
                5.988545338851893,
                53.2397954278419
              ],
              [
                5.988463929066645,
                53.240144743683636
              ],
              [
                5.988439984194114,
                53.240497164433215
              ],
              [
                5.988473736238886,
                53.240849296118036
              ],
              [
                5.98856486154748,
                53.24119774746767
              ],
              [
                5.988712483871594,
                53.24153916257595
              ],
              [
                5.988915182755437,
                53.24187025322461
              ],
              [
                5.989171007168283,
                53.24218783055906
              ],
              [
                5.989477494252823,
                53.24248883580882
              ],
              [
                5.9898316930103155,
                53.24277036975773
              ],
              [
                5.9902301926957175,
                53.243029720679466
              ],
              [
                5.990669155650316,
                53.243264390468084
              ],
              [
                5.991144354256195,
                53.24347211871224
              ],
              [
                5.991651211656822,
                53.24365090448014
              ],
              [
                5.992184845851359,
                53.24379902560456
              ],
              [
                5.992740116737397,
                53.243915055282315
              ],
              [
                5.993311675648073,
                53.243997875827404
              ],
              [
                5.9938940169051005,
                53.244046689444644
              ],
              [
                5.994481530889655,
                53.24406102592016
              ],
              [
                5.9950685581181204,
                53.24404074715418
              ],
              [
                5.995649443799944,
                53.24398604849203
              ],
              [
                5.996218592350066,
                53.24389745684123
              ],
              [
                5.996770521328932,
                53.24377582559186
              ],
              [
                5.997299914288556,
                53.243622326390216
              ],
              [
                5.997801672013979,
                53.24343843784474
              ],
              [
                5.998270961664976,
                53.243225931273805
              ],
              [
                5.9987032633435105,
                53.242986853632374
              ],
              [
                5.999094413637492,
                53.242723507783644
              ],
              [
                5.99944064572097,
                53.242438430305
              ],
              [
                5.999738625624346,
                53.24213436704376
              ],
              [
                5.999844475075214,
                53.24199710468436
              ],
              [
                5.999923505923566,
                53.241916459020246
              ],
              [
                6.000029290550422,
                53.241779279101586
              ],
              [
                6.000207577585222,
                53.241597346680386
              ],
              [
                6.0004544297561635,
                53.241277225282566
              ],
              [
                6.000647784780154,
                53.24094413021572
              ],
              [
                6.000785781647399,
                53.24060126962423
              ],
              [
                6.000867092626095,
                53.24025194563087
              ],
              [
                6.000890936001028,
                53.23989952252859
              ],
              [
                6.000857083549895,
                53.23954739437618
              ],
              [
                6.00076586268729,
                53.239198952310346
              ],
              [
                6.000618153257862,
                53.23885755188917
              ],
              [
                6.0004153790115105,
                53.23852648078126
              ],
              [
                6.000159493844743,
                53.23820892711156
              ],
              [
                5.999852962942498,
                53.23790794876826
              ],
              [
                5.999829673764379,
                53.237889440804516
              ],
              [
                5.999659743804568,
                53.23772258663245
              ],
              [
                5.999305522646546,
                53.23744108123897
              ],
              [
                5.998907020294009,
                53.23718175996154
              ],
              [
                5.998899229871479,
                53.23717759559604
              ],
              [
                5.998891907326706,
                53.2371728304826
              ],
              [
                5.998452961858419,
                53.236938190256026
              ],
              [
                5.997977800221022,
                53.23673049043231
              ],
              [
                5.997470998046425,
                53.236551730879064
              ]
            ]
          ],
          [
            [
              [
                5.994390278194156,
                53.283015997608544
              ],
              [
                5.994083467948249,
                53.28271500947739
              ],
              [
                5.993728912627917,
                53.28243349237717
              ],
              [
                5.993330027177797,
                53.28217415707052
              ],
              [
                5.9928906531938635,
                53.28193950068319
              ],
              [
                5.992415021922504,
                53.28173178267118
              ],
              [
                5.991907713517657,
                53.28155300307682
              ],
              [
                5.991373612948167,
                53.28140488328267
              ],
              [
                5.99081786297932,
                53.28128884944729
              ],
              [
                5.990245814680356,
                53.281206018783
              ],
              [
                5.989662975933275,
                53.281157188806134
              ],
              [
                5.989074958437176,
                53.281142829663864
              ],
              [
                5.988487423716648,
                53.28116307961081
              ],
              [
                5.987906028652168,
                53.28121774367862
              ],
              [
                5.987336371055053,
                53.28130629555188
              ],
              [
                5.986783935808988,
                53.28142788263174
              ],
              [
                5.98625404209486,
                53.281581334239114
              ],
              [
                5.985751792205366,
                53.281765172878494
              ],
              [
                5.985282022440688,
                53.28197762845462
              ],
              [
                5.984849256556925,
                53.282216655304914
              ],
              [
                5.984457662214567,
                53.28247995188519
              ],
              [
                5.984111010845972,
                53.28276498291879
              ],
              [
                5.983812641328072,
                53.28306900379674
              ],
              [
                5.98356542781049,
                53.28338908699456
              ],
              [
                5.98337175200946,
                53.28372215025214
              ],
              [
                5.983233480235478,
                53.28406498624539
              ],
              [
                5.98315194537718,
                53.28441429346465
              ],
              [
                5.983127934016649,
                53.28476670800265
              ],
              [
                5.983161678802081,
                53.285118835946705
              ],
              [
                5.9832528561532055,
                53.28546728606246
              ],
              [
                5.983400589323753,
                53.285808702455554
              ],
              [
                5.983603456793417,
                53.2861397968953
              ],
              [
                5.983859505910569,
                53.286457380490276
              ],
              [
                5.984166271656113,
                53.28675839440942
              ],
              [
                5.984520800349358,
                53.287039939352844
              ],
              [
                5.984919678068928,
                53.28729930348779
              ],
              [
                5.985359063515935,
                53.28753398858074
              ],
              [
                5.985491727296893,
                53.28759192997359
              ],
              [
                5.985249137345689,
                53.28770162712594
              ],
              [
                5.984816313994447,
                53.28794065347587
              ],
              [
                5.984424667640236,
                53.28820394951179
              ],
              [
                5.984077970216362,
                53.288488979962196
              ],
              [
                5.983779561043426,
                53.28879300022378
              ],
              [
                5.983532314653156,
                53.2891130827781
              ],
              [
                5.983338613078652,
                53.28944614537136
              ],
              [
                5.9832003228789485,
                53.2897889806858
              ],
              [
                5.9831187771205165,
                53.29013828721832
              ],
              [
                5.983094762490829,
                53.29049070106836
              ],
              [
                5.983128511669989,
                53.29084282832979
              ],
              [
                5.983219701035841,
                53.29119127777488
              ],
              [
                5.983367453726812,
                53.29153269351566
              ],
              [
                5.983570348034978,
                53.29186378732774
              ],
              [
                5.983826431050569,
                53.292181370325686
              ],
              [
                5.984133237428293,
                53.29248238368414
              ],
              [
                5.984487813096346,
                53.292763928108535
              ],
              [
                5.98488674368108,
                53.29302329177108
              ],
              [
                5.984900415883649,
                53.29303059346673
              ],
              [
                5.985175918613667,
                53.29320970812595
              ],
              [
                5.985615365779083,
                53.29344439172023
              ],
              [
                5.986091093780706,
                53.29365213568286
              ],
              [
                5.986598520662686,
                53.29383093893023
              ],
              [
                5.987132758938132,
                53.29397907912618
              ],
              [
                5.987688662684744,
                53.294095129283654
              ],
              [
                5.988260877138058,
                53.294177971518906
              ],
              [
                5.98849967378113,
                53.294197974761666
              ],
              [
                5.988571622079182,
                53.29447274546062
              ],
              [
                5.988719428445873,
                53.29481415415993
              ],
              [
                5.988922379331536,
                53.295145238481844
              ],
              [
                5.989178521281555,
                53.29546280963224
              ],
              [
                5.989485388383033,
                53.29576380889972
              ],
              [
                5.989840025979255,
                53.2960453371254
              ],
              [
                5.990239019100009,
                53.29630468263743
              ],
              [
                5.990678525334845,
                53.296539347381554
              ],
              [
                5.991154311833284,
                53.2967470709945
              ],
              [
                5.991661796075835,
                53.2969258525885
              ],
              [
                5.992196090022885,
                53.29707397003609
              ],
              [
                5.99275204721566,
                53.29718999656918
              ],
              [
                5.992973933842574,
                53.29722210826607
              ],
              [
                5.993233958858298,
                53.29729418910696
              ],
              [
                5.9937899216641,
                53.297410210821624
              ],
              [
                5.994362191718996,
                53.297493023828345
              ],
              [
                5.994945256492409,
                53.29754183040438
              ],
              [
                5.995533499393793,
                53.297556160403516
              ],
              [
                5.996107369061435,
                53.29753635501653
              ],
              [
                5.9964249790558775,
                53.297562936816426
              ],
              [
                5.997013222706901,
                53.29757725957127
              ],
              [
                5.9976009767905225,
                53.29755696771975
              ],
              [
                5.998182579512216,
                53.297502256733445
              ],
              [
                5.998752428377672,
                53.29741365363859
              ],
              [
                5.999305034199471,
                53.297292011935944
              ],
              [
                5.999835074008303,
                53.297138503372736
              ],
              [
                6.000337442357305,
                53.296954606648036
              ],
              [
                6.0008073005239035,
                53.2967420931594
              ],
              [
                6.001240123133969,
                53.29650300992903
              ],
              [
                6.001631741758362,
                53.296239659874374
              ],
              [
                6.001978385061437,
                53.29595457961398
              ],
              [
                6.002276715114669,
                53.29565051502224
              ],
              [
                6.002523859525983,
                53.29533039477034
              ],
              [
                6.002717439075915,
                53.294997302107234
              ],
              [
                6.002855590595598,
                53.29465444515442
              ],
              [
                6.002936984867484,
                53.29430512599992
              ],
              [
                6.002960839378117,
                53.293952708890146
              ],
              [
                6.002926925801984,
                53.293600587826134
              ],
              [
                6.002835572146346,
                53.293252153876296
              ],
              [
                6.0026876595385374,
                53.292910762520336
              ],
              [
                6.0024846136886545,
                53.292579701339285
              ],
              [
                6.002228391111904,
                53.292262158362114
              ],
              [
                6.00192146024509,
                53.291961191373595
              ],
              [
                6.001566777640672,
                53.29167969847893
              ],
              [
                6.0011677594689505,
                53.29142039020754
              ],
              [
                6.000728248603789,
                53.2911857634247
              ],
              [
                6.000252477609375,
                53.290978077301205
              ],
              [
                6.000109212133467,
                53.290927613366286
              ],
              [
                5.999985374138264,
                53.29084713106485
              ],
              [
                5.999545875538653,
                53.2906124998933
              ],
              [
                5.9990701165502305,
                53.29040480903001
              ],
              [
                5.998562678556436,
                53.29022605825589
              ],
              [
                5.998028447773552,
                53.290077968675796
              ],
              [
                5.997472568220237,
                53.289961966157364
              ],
              [
                5.996900392213005,
                53.28987916761126
              ],
              [
                5.9963174288630485,
                53.28983037024464
              ],
              [
                5.995729291068752,
                53.28981604389069
              ],
              [
                5.995218907580331,
                53.28983365983186
              ],
              [
                5.995106907079944,
                53.28957502284808
              ],
              [
                5.994903935153768,
                53.289243948374285
              ],
              [
                5.994647788217923,
                53.288926388762604
              ],
              [
                5.994340933980859,
                53.2886254019581
              ],
              [
                5.993986328257241,
                53.28834388625692
              ],
              [
                5.993587386477224,
                53.288084552408165
              ],
              [
                5.993573714379345,
                53.288077251688506
              ],
              [
                5.993298209725654,
                53.28789815597349
              ],
              [
                5.992858777498697,
                53.28766350001122
              ],
              [
                5.992726103637636,
                53.28760556676876
              ],
              [
                5.992968673977444,
                53.287495854546115
              ],
              [
                5.993401447591756,
                53.28725679886751
              ],
              [
                5.99379303047104,
                53.286993473581575
              ],
              [
                5.994139651623461,
                53.2867084150682
              ],
              [
                5.994437973333271,
                53.28640436899242
              ],
              [
                5.994685123288097,
                53.28608426384692
              ],
              [
                5.994878722214372,
                53.2857511827353
              ],
              [
                5.995016906755869,
                53.285408333667775
              ],
              [
                5.995098347376237,
                53.285059018656526
              ],
              [
                5.995122261114903,
                53.284706601908134
              ],
              [
                5.995088419075232,
                53.28435447742028
              ],
              [
                5.994997148574915,
                53.28400603629451
              ],
              [
                5.9948493299398935,
                53.28366463407971
              ],
              [
                5.994646387974825,
                53.28333355846168
              ],
              [
                5.994390278194156,
                53.283015997608544
              ]
            ]
          ],
          [
            [
              [
                6.032409822143747,
                53.24748659969468
              ],
              [
                6.03184070135235,
                53.24757536274434
              ],
              [
                6.031288823362513,
                53.24769715496253
              ],
              [
                6.030759501991654,
                53.24785080369485
              ],
              [
                6.030257834023619,
                53.24803482954757
              ],
              [
                6.029788650157281,
                53.24824746062239
              ],
              [
                6.029356468508823,
                53.24848664956653
              ],
              [
                6.0289654511144155,
                53.248750093274495
              ],
              [
                6.028619363851774,
                53.24903525505223
              ],
              [
                6.0283215401662975,
                53.24933938903107
              ],
              [
                6.0280748489514435,
                53.249659566596826
              ],
              [
                6.02788166689327,
                53.2499927045798
              ],
              [
                6.027743855546508,
                53.25033559493556
              ],
              [
                6.027662743364286,
                53.25068493563013
              ],
              [
                6.027639112856202,
                53.251037362433124
              ],
              [
                6.027673193000269,
                53.2513894813131
              ],
              [
                6.027764656983801,
                53.251737901122375
              ],
              [
                6.027912625297073,
                53.25207926625789
              ],
              [
                6.02811567415206,
                53.25241028898215
              ],
              [
                6.028371849147077,
                53.25272778109415
              ],
              [
                6.028678684047629,
                53.25302868464372
              ],
              [
                6.029033224504101,
                53.25331010139377
              ],
              [
                6.029432056479233,
                53.253569320746415
              ],
              [
                6.029871339112488,
                53.25380384586264
              ],
              [
                6.030346841705435,
                53.25401141772438
              ],
              [
                6.030853984472062,
                53.254190036905854
              ],
              [
                6.031387882661392,
                53.2543379828445
              ],
              [
                6.031791687678574,
                53.25442219362214
              ],
              [
                6.031862772359523,
                53.25469286134396
              ],
              [
                6.032010783266921,
                53.25503422102495
              ],
              [
                6.032213877492711,
                53.25536523642072
              ],
              [
                6.032439750713618,
                53.2556451139341
              ],
              [
                6.032454014326653,
                53.255678008729824
              ],
              [
                6.0326571149952875,
                53.256009023294546
              ],
              [
                6.032913344795222,
                53.2563265052493
              ],
              [
                6.033220236964154,
                53.25662739674172
              ],
              [
                6.033574836600893,
                53.25690879965079
              ],
              [
                6.033973729098108,
                53.25716800351179
              ],
              [
                6.033981656852476,
                53.25717223513763
              ],
              [
                6.033988847010734,
                53.25717690732337
              ],
              [
                6.034428191097499,
                53.25741141539024
              ],
              [
                6.034903755310321,
                53.25761896886035
              ],
              [
                6.0354109592694805,
                53.257797568484996
              ],
              [
                6.035944917634364,
                53.25794549388993
              ],
              [
                6.03650048717846,
                53.25806132015715
              ],
              [
                6.037072316356614,
                53.25814393156002
              ],
              [
                6.037654896885889,
                53.25819253231809
              ],
              [
                6.0382426168415915,
                53.258206654267994
              ],
              [
                6.03882981475529,
                53.258186161376535
              ],
              [
                6.039410834191815,
                53.25813125105197
              ],
              [
                6.03998007827759,
                53.258042452240815
              ],
              [
                6.040532063653028,
                53.2579206203289
              ],
              [
                6.041061473327498,
                53.257766928895535
              ],
              [
                6.041563207925945,
                53.25758285840113
              ],
              [
                6.042032434832146,
                53.257370181916556
              ],
              [
                6.042464634753922,
                53.25713094803357
              ],
              [
                6.042855645261043,
                53.25686746112019
              ],
              [
                6.043201700875836,
                53.25658225911246
              ],
              [
                6.0434994693303965,
                53.25627808905677
              ],
              [
                6.0437460836413015,
                53.25595788063928
              ],
              [
                6.043939169693745,
                53.25562471795745
              ],
              [
                6.04407686907033,
                53.255281809806306
              ],
              [
                6.044157856906109,
                53.25493245876614
              ],
              [
                6.044181354599491,
                53.25458002938983
              ],
              [
                6.044149319292214,
                53.25425037019362
              ],
              [
                6.044154136710276,
                53.254229589177484
              ],
              [
                6.044177634076976,
                53.2538771597194
              ],
              [
                6.044143417348501,
                53.25352504604056
              ],
              [
                6.044051817448448,
                53.25317663913761
              ],
              [
                6.04390371787219,
                53.252835294229314
              ],
              [
                6.043700546126913,
                53.25250429844905
              ],
              [
                6.043444259936792,
                53.25218683919574
              ],
              [
                6.043137328347957,
                53.251885973447706
              ],
              [
                6.042980586630213,
                53.25176160664066
              ],
              [
                6.043038952732071,
                53.25150984549883
              ],
              [
                6.043062457817426,
                53.251157415925846
              ],
              [
                6.0430282524309,
                53.25080530159074
              ],
              [
                6.042936667386672,
                53.2504568934964
              ],
              [
                6.042788586036861,
                53.25011554687324
              ],
              [
                6.042785281764785,
                53.25011016318229
              ],
              [
                6.042748575135021,
                53.25002554876327
              ],
              [
                6.0425454255437385,
                53.2496945506823
              ],
              [
                6.042289164594033,
                53.249377088625295
              ],
              [
                6.041982261088872,
                53.2490762195976
              ],
              [
                6.0416276713141555,
                53.248794840761214
              ],
              [
                6.041228810543587,
                53.248535661547294
              ],
              [
                6.040789520133128,
                53.248301177578526
              ],
              [
                6.040314030522476,
                53.24809364665092
              ],
              [
                6.03980692050004,
                53.24791506700563
              ],
              [
                6.039678792459665,
                53.24787956788426
              ],
              [
                6.039472938251666,
                53.24780707458654
              ],
              [
                6.0389390933483655,
                53.247659164186935
              ],
              [
                6.038383651223103,
                53.247543348597
              ],
              [
                6.03781195998108,
                53.24746074292779
              ],
              [
                6.037229524066933,
                53.24741214252973
              ],
              [
                6.036641951302106,
                53.24739801533977
              ],
              [
                6.0360548989305345,
                53.24741849737942
              ],
              [
                6.035474019190161,
                53.24747339144583
              ],
              [
                6.035122693298117,
                53.247528196016454
              ],
              [
                6.034747764806361,
                53.247474010836505
              ],
              [
                6.034165332096349,
                53.24742539557031
              ],
              [
                6.03357776008854,
                53.24741125338474
              ],
              [
                6.032990706019578,
                53.24743172044575
              ],
              [
                6.032409822143747,
                53.24748659969468
              ]
            ]
          ],
          [
            [
              [
                6.041549512311471,
                53.25840996150718
              ],
              [
                6.040966924548412,
                53.25836137965699
              ],
              [
                6.040379201654689,
                53.25834727104468
              ],
              [
                6.039792002319226,
                53.25836777151291
              ],
              [
                6.039210980194528,
                53.258422683681424
              ],
              [
                6.0386417295026265,
                53.258511478846174
              ],
              [
                6.038089731211096,
                53.25863330206579
              ],
              [
                6.037560300295512,
                53.25878698038741
              ],
              [
                6.037058534594421,
                53.25897103413257
              ],
              [
                6.036589265747834,
                53.25918369113447
              ],
              [
                6.0361570126904,
                53.259422903790735
              ],
              [
                6.035765938146242,
                53.25968636876762
              ],
              [
                6.0354198085438595,
                53.25997154916636
              ],
              [
                6.035121957736955,
                53.26027569893906
              ],
              [
                6.034875254880837,
                53.26059588931939
              ],
              [
                6.034682076774443,
                53.260929037014314
              ],
              [
                6.034544284935271,
                53.261271933885844
              ],
              [
                6.034463207629451,
                53.261621277837186
              ],
              [
                6.034439627031574,
                53.2619737046066
              ],
              [
                6.034473771639821,
                53.262325820162765
              ],
              [
                6.034565314021455,
                53.26267423338994
              ],
              [
                6.034713373912425,
                53.2630155887483
              ],
              [
                6.034916526643318,
                53.26334659859443
              ],
              [
                6.035172816812495,
                53.263664074851235
              ],
              [
                6.03547977707653,
                53.26396495972094
              ],
              [
                6.035834451878591,
                53.26424635514631
              ],
              [
                6.036233425887523,
                53.26450555073471
              ],
              [
                6.036672856874685,
                53.264740049875805
              ],
              [
                6.037148512712514,
                53.26494759380166
              ],
              [
                6.03765581213863,
                53.26512618335547
              ],
              [
                6.038189868892665,
                53.265274098259844
              ],
              [
                6.038745538800127,
                53.265389913697966
              ],
              [
                6.03879313203325,
                53.265396787406836
              ],
              [
                6.0388899111787,
                53.26542359078894
              ],
              [
                6.039445584875516,
                53.26553940297659
              ],
              [
                6.040017518730349,
                53.26562199998323
              ],
              [
                6.040600203451612,
                53.26567058616704
              ],
              [
                6.041188026110616,
                53.26568469350504
              ],
              [
                6.041775324249264,
                53.265664186104836
              ],
              [
                6.042356440466636,
                53.2656092615144
              ],
              [
                6.042925776956611,
                53.265520448817774
              ],
              [
                6.043477849469273,
                53.26539860353452
              ],
              [
                6.044007340174473,
                53.26524489937289
              ],
              [
                6.044509148916553,
                53.26506081691582
              ],
              [
                6.0449784423651,
                53.26484812934958
              ],
              [
                6.045410700587084,
                53.26460888537271
              ],
              [
                6.045801760590888,
                53.264345389450504
              ],
              [
                6.046147856422371,
                53.2640601796058
              ],
              [
                6.046445655426605,
                53.26375600296059
              ],
              [
                6.046692290326359,
                53.26343578926452
              ],
              [
                6.046885386808998,
                53.263102622665876
              ],
              [
                6.047023086357206,
                53.262759711997404
              ],
              [
                6.047104064104934,
                53.26241035986368
              ],
              [
                6.047127541548323,
                53.26205793082811
              ],
              [
                6.047093293990989,
                53.261705819005805
              ],
              [
                6.04700165265402,
                53.26135741537565
              ],
              [
                6.046853501432388,
                53.261016075124736
              ],
              [
                6.046650268331115,
                53.26068508534158
              ],
              [
                6.046393911665658,
                53.26036763336718
              ],
              [
                6.046086901161123,
                53.26006677610972
              ],
              [
                6.0457321941340885,
                53.2597854106177
              ],
              [
                6.045333206987505,
                53.25952624619367
              ],
              [
                6.044893782294284,
                53.259291778317774
              ],
              [
                6.044418151787057,
                53.259084264630935
              ],
              [
                6.043910895610717,
                53.25890570320818
              ],
              [
                6.0433768982299165,
                53.25875781333142
              ],
              [
                6.042821301415502,
                53.25864201894584
              ],
              [
                6.042773714997659,
                53.25863514680674
              ],
              [
                6.042676948687879,
                53.25860834647257
              ],
              [
                6.042121355660863,
                53.258492548836976
              ],
              [
                6.041549512311471,
                53.25840996150718
              ]
            ]
          ]
        ]
      },
      "properties": {
        "type": "buffer_union_400m",
        "buffer_m": 400
      }
    },
    {
      "type": "Feature",
      "geometry": {
        "type": "Polygon",
        "coordinates": [
          [
            [
              5.882245,
              53.276783
            ],
            [
              5.88226,
              53.276773
            ],
            [
              5.88232,
              53.276746
            ],
            [
              5.882956,
              53.276354
            ],
            [
              5.883686,
              53.275913
            ],
            [
              5.884009,
              53.275718
            ],
            [
              5.884182,
              53.275606
            ],
            [
              5.884369,
              53.27548
            ],
            [
              5.884574,
              53.275344
            ],
            [
              5.884968,
              53.275092
            ],
            [
              5.885171,
              53.274961
            ],
            [
              5.885245,
              53.274917
            ],
            [
              5.88575,
              53.274605
            ],
            [
              5.886164,
              53.27436
            ],
            [
              5.886635,
              53.274078
            ],
            [
              5.886953,
              53.273888
            ],
            [
              5.887159,
              53.273727
            ],
            [
              5.887827,
              53.273316
            ],
            [
              5.888065,
              53.273147
            ],
            [
              5.888299,
              53.272983
            ],
            [
              5.888301,
              53.272982
            ],
            [
              5.888806,
              53.272666
            ],
            [
              5.888965,
              53.272565
            ],
            [
              5.889024,
              53.272537
            ],
            [
              5.889075,
              53.272513
            ],
            [
              5.889136,
              53.272489
            ],
            [
              5.889159,
              53.272473
            ],
            [
              5.889238,
              53.272419
            ],
            [
              5.889317,
              53.272365
            ],
            [
              5.8894,
              53.272304
            ],
            [
              5.889533,
              53.272203
            ],
            [
              5.889676,
              53.2721
            ],
            [
              5.889731,
              53.272061
            ],
            [
              5.889828,
              53.271997
            ],
            [
              5.889926,
              53.271932
            ],
            [
              5.890169,
              53.271781
            ],
            [
              5.890462,
              53.2716
            ],
            [
              5.890522,
              53.271565
            ],
            [
              5.890735,
              53.271447
            ],
            [
              5.891276,
              53.271137
            ],
            [
              5.891441,
              53.271044
            ],
            [
              5.891566,
              53.270978
            ],
            [
              5.891533,
              53.270954
            ],
            [
              5.8917,
              53.270843
            ],
            [
              5.891777,
              53.270793
            ],
            [
              5.891844,
              53.270747
            ],
            [
              5.891876,
              53.270724
            ],
            [
              5.891915,
              53.27069
            ],
            [
              5.891928,
              53.270682
            ],
            [
              5.891947,
              53.270671
            ],
            [
              5.891967,
              53.270659
            ],
            [
              5.891977,
              53.270653
            ],
            [
              5.892047,
              53.270612
            ],
            [
              5.892141,
              53.270567
            ],
            [
              5.892192,
              53.270538
            ],
            [
              5.892255,
              53.270508
            ],
            [
              5.892302,
              53.270481
            ],
            [
              5.892367,
              53.270445
            ],
            [
              5.892483,
              53.270381
            ],
            [
              5.892568,
              53.270334
            ],
            [
              5.892644,
              53.270287
            ],
            [
              5.892716,
              53.270238
            ],
            [
              5.892781,
              53.270187
            ],
            [
              5.89282,
              53.270149
            ],
            [
              5.892841,
              53.270125
            ],
            [
              5.892877,
              53.270071
            ],
            [
              5.892909,
              53.270021
            ],
            [
              5.89293,
              53.269994
            ],
            [
              5.892991,
              53.269937
            ],
            [
              5.893011,
              53.26992
            ],
            [
              5.893035,
              53.269892
            ],
            [
              5.893078,
              53.26985
            ],
            [
              5.893196,
              53.269734
            ],
            [
              5.893241,
              53.269748
            ],
            [
              5.893326,
              53.269771
            ],
            [
              5.893388,
              53.269788
            ],
            [
              5.893915,
              53.269493
            ],
            [
              5.894407,
              53.269217
            ],
            [
              5.894675,
              53.269065
            ],
            [
              5.894969,
              53.268899
            ],
            [
              5.895046,
              53.26885
            ],
            [
              5.895217,
              53.268745
            ],
            [
              5.895359,
              53.268668
            ],
            [
              5.89555,
              53.268564
            ],
            [
              5.895741,
              53.268458
            ],
            [
              5.895781,
              53.268436
            ],
            [
              5.896097,
              53.268273
            ],
            [
              5.896367,
              53.268138
            ],
            [
              5.896671,
              53.267981
            ],
            [
              5.896794,
              53.267917
            ],
            [
              5.897051,
              53.267783
            ],
            [
              5.897584,
              53.267506
            ],
            [
              5.898037,
              53.267274
            ],
            [
              5.898479,
              53.267048
            ],
            [
              5.898978,
              53.266792
            ],
            [
              5.899089,
              53.266733
            ],
            [
              5.899461,
              53.266543
            ],
            [
              5.900017,
              53.266259
            ],
            [
              5.900534,
              53.265995
            ],
            [
              5.900727,
              53.266123
            ],
            [
              5.900801,
              53.266083
            ],
            [
              5.900894,
              53.266034
            ],
            [
              5.90098,
              53.265987
            ],
            [
              5.901033,
              53.265955
            ],
            [
              5.901752,
              53.26558
            ],
            [
              5.902229,
              53.26533
            ],
            [
              5.90259,
              53.265134
            ],
            [
              5.902912,
              53.264961
            ],
            [
              5.903243,
              53.264791
            ],
            [
              5.903701,
              53.264554
            ],
            [
              5.904103,
              53.264342
            ],
            [
              5.904459,
              53.264158
            ],
            [
              5.904644,
              53.264053
            ],
            [
              5.904886,
              53.263929
            ],
            [
              5.904891,
              53.263926
            ],
            [
              5.905045,
              53.263836
            ],
            [
              5.905165,
              53.263779
            ],
            [
              5.905296,
              53.263719
            ],
            [
              5.905469,
              53.263639
            ],
            [
              5.905658,
              53.263552
            ],
            [
              5.905734,
              53.263522
            ],
            [
              5.905848,
              53.263485
            ],
            [
              5.906051,
              53.263461
            ],
            [
              5.906416,
              53.263423
            ],
            [
              5.906471,
              53.263342
            ],
            [
              5.906555,
              53.263348
            ],
            [
              5.906599,
              53.263349
            ],
            [
              5.906631,
              53.263338
            ],
            [
              5.906679,
              53.263316
            ],
            [
              5.906732,
              53.263287
            ],
            [
              5.906786,
              53.263264
            ],
            [
              5.906835,
              53.263249
            ],
            [
              5.906928,
              53.263203
            ],
            [
              5.90706,
              53.263126
            ],
            [
              5.907646,
              53.262769
            ],
            [
              5.907896,
              53.262596
            ],
            [
              5.907971,
              53.262642
            ],
            [
              5.908072,
              53.262698
            ],
            [
              5.908134,
              53.26265
            ],
            [
              5.908158,
              53.262632
            ],
            [
              5.908225,
              53.262581
            ],
            [
              5.90885,
              53.262104
            ],
            [
              5.909025,
              53.261971
            ],
            [
              5.909126,
              53.261892
            ],
            [
              5.909275,
              53.261815
            ],
            [
              5.909298,
              53.261801
            ],
            [
              5.90934,
              53.261776
            ],
            [
              5.909466,
              53.261705
            ],
            [
              5.909745,
              53.261582
            ],
            [
              5.909776,
              53.261563
            ],
            [
              5.909836,
              53.261527
            ],
            [
              5.909872,
              53.261493
            ],
            [
              5.909923,
              53.261456
            ],
            [
              5.910003,
              53.261398
            ],
            [
              5.910039,
              53.261372
            ],
            [
              5.910047,
              53.261366
            ],
            [
              5.910175,
              53.261273
            ],
            [
              5.910204,
              53.261249
            ],
            [
              5.910287,
              53.261182
            ],
            [
              5.910307,
              53.261212
            ],
            [
              5.910433,
              53.261148
            ],
            [
              5.910462,
              53.261137
            ],
            [
              5.910509,
              53.26112
            ],
            [
              5.910514,
              53.261117
            ],
            [
              5.910788,
              53.261004
            ],
            [
              5.910792,
              53.261002
            ],
            [
              5.911069,
              53.260903
            ],
            [
              5.911074,
              53.260902
            ],
            [
              5.911324,
              53.260827
            ],
            [
              5.911694,
              53.260689
            ],
            [
              5.911719,
              53.26068
            ],
            [
              5.911886,
              53.260613
            ],
            [
              5.912003,
              53.260561
            ],
            [
              5.912194,
              53.260477
            ],
            [
              5.912372,
              53.260392
            ],
            [
              5.912588,
              53.260279
            ],
            [
              5.912719,
              53.2602
            ],
            [
              5.912911,
              53.260084
            ],
            [
              5.913116,
              53.259933
            ],
            [
              5.913121,
              53.259929
            ],
            [
              5.913241,
              53.25984
            ],
            [
              5.91331,
              53.259765
            ],
            [
              5.913397,
              53.259643
            ],
            [
              5.913498,
              53.25948
            ],
            [
              5.913551,
              53.259395
            ],
            [
              5.913559,
              53.259384
            ],
            [
              5.913653,
              53.259275
            ],
            [
              5.913735,
              53.259191
            ],
            [
              5.91382,
              53.259113
            ],
            [
              5.913846,
              53.259088
            ],
            [
              5.913889,
              53.25906
            ],
            [
              5.91394,
              53.259018
            ],
            [
              5.913988,
              53.258978
            ],
            [
              5.914101,
              53.258894
            ],
            [
              5.914177,
              53.25885
            ],
            [
              5.914229,
              53.258844
            ],
            [
              5.914167,
              53.258824
            ],
            [
              5.914245,
              53.25877
            ],
            [
              5.914269,
              53.258756
            ],
            [
              5.914341,
              53.258712
            ],
            [
              5.914421,
              53.258661
            ],
            [
              5.91448,
              53.25863
            ],
            [
              5.914554,
              53.258596
            ],
            [
              5.914615,
              53.258572
            ],
            [
              5.914698,
              53.258546
            ],
            [
              5.914788,
              53.258524
            ],
            [
              5.914894,
              53.258498
            ],
            [
              5.915035,
              53.258473
            ],
            [
              5.91518,
              53.25845
            ],
            [
              5.915531,
              53.258401
            ],
            [
              5.915988,
              53.258341
            ],
            [
              5.916656,
              53.258249
            ],
            [
              5.917038,
              53.258198
            ],
            [
              5.917267,
              53.258166
            ],
            [
              5.917628,
              53.258116
            ],
            [
              5.918127,
              53.258049
            ],
            [
              5.918557,
              53.257989
            ],
            [
              5.918956,
              53.257933
            ],
            [
              5.91924,
              53.257896
            ],
            [
              5.919441,
              53.25787
            ],
            [
              5.919537,
              53.257859
            ],
            [
              5.919545,
              53.25786
            ],
            [
              5.91959,
              53.257853
            ],
            [
              5.91975,
              53.257837
            ],
            [
              5.919755,
              53.257837
            ],
            [
              5.919831,
              53.257823
            ],
            [
              5.919913,
              53.257829
            ],
            [
              5.919988,
              53.257831
            ],
            [
              5.920068,
              53.257838
            ],
            [
              5.920131,
              53.257841
            ],
            [
              5.920217,
              53.25784
            ],
            [
              5.920304,
              53.257835
            ],
            [
              5.92037,
              53.25783
            ],
            [
              5.920593,
              53.257805
            ],
            [
              5.920663,
              53.257789
            ],
            [
              5.92079,
              53.257756
            ],
            [
              5.920905,
              53.257721
            ],
            [
              5.921003,
              53.25769
            ],
            [
              5.921072,
              53.257666
            ],
            [
              5.921122,
              53.257651
            ],
            [
              5.921178,
              53.257639
            ],
            [
              5.921233,
              53.25763
            ],
            [
              5.921295,
              53.25762
            ],
            [
              5.921372,
              53.257615
            ],
            [
              5.921676,
              53.257582
            ],
            [
              5.922163,
              53.25752
            ],
            [
              5.922505,
              53.257473
            ],
            [
              5.922909,
              53.257416
            ],
            [
              5.922931,
              53.257412
            ],
            [
              5.922955,
              53.257405
            ],
            [
              5.923107,
              53.257269
            ],
            [
              5.923267,
              53.257125
            ],
            [
              5.923254,
              53.257121
            ],
            [
              5.923328,
              53.257067
            ],
            [
              5.923447,
              53.256963
            ],
            [
              5.923656,
              53.256777
            ],
            [
              5.923821,
              53.256632
            ],
            [
              5.923987,
              53.256484
            ],
            [
              5.924016,
              53.256458
            ],
            [
              5.924241,
              53.256249
            ],
            [
              5.924385,
              53.256118
            ],
            [
              5.92455,
              53.255973
            ],
            [
              5.92462,
              53.255914
            ],
            [
              5.924695,
              53.255846
            ],
            [
              5.924772,
              53.255795
            ],
            [
              5.92485,
              53.255742
            ],
            [
              5.924924,
              53.255693
            ],
            [
              5.925036,
              53.255625
            ],
            [
              5.925209,
              53.255514
            ],
            [
              5.92535,
              53.255424
            ],
            [
              5.925484,
              53.255324
            ],
            [
              5.925545,
              53.255276
            ],
            [
              5.92556,
              53.255257
            ],
            [
              5.925588,
              53.255222
            ],
            [
              5.925607,
              53.255187
            ],
            [
              5.925657,
              53.255123
            ],
            [
              5.925712,
              53.255027
            ],
            [
              5.925808,
              53.254849
            ],
            [
              5.925808,
              53.254848
            ],
            [
              5.925823,
              53.254788
            ],
            [
              5.925877,
              53.254786
            ],
            [
              5.925914,
              53.25473
            ],
            [
              5.925916,
              53.254665
            ],
            [
              5.925974,
              53.254556
            ],
            [
              5.92598,
              53.254467
            ],
            [
              5.925993,
              53.254225
            ],
            [
              5.926002,
              53.253992
            ],
            [
              5.92601,
              53.253731
            ],
            [
              5.926018,
              53.253633
            ],
            [
              5.926021,
              53.253562
            ],
            [
              5.92601,
              53.253516
            ],
            [
              5.925982,
              53.25336
            ],
            [
              5.925967,
              53.25331
            ],
            [
              5.925971,
              53.253304
            ],
            [
              5.926067,
              53.253163
            ],
            [
              5.926085,
              53.253033
            ],
            [
              5.926089,
              53.252999
            ],
            [
              5.926082,
              53.25296
            ],
            [
              5.926067,
              53.252911
            ],
            [
              5.926055,
              53.252861
            ],
            [
              5.926028,
              53.252794
            ],
            [
              5.925979,
              53.252699
            ],
            [
              5.925889,
              53.252532
            ],
            [
              5.925844,
              53.252447
            ],
            [
              5.925807,
              53.252401
            ],
            [
              5.925775,
              53.252353
            ],
            [
              5.925652,
              53.252201
            ],
            [
              5.925887,
              53.252165
            ],
            [
              5.92602,
              53.252143
            ],
            [
              5.926119,
              53.252128
            ],
            [
              5.926338,
              53.252094
            ],
            [
              5.926572,
              53.252071
            ],
            [
              5.926634,
              53.252065
            ],
            [
              5.927059,
              53.252025
            ],
            [
              5.928006,
              53.251934
            ],
            [
              5.928781,
              53.251861
            ],
            [
              5.929103,
              53.251832
            ],
            [
              5.929321,
              53.251812
            ],
            [
              5.929432,
              53.2518
            ],
            [
              5.930117,
              53.251734
            ],
            [
              5.93116,
              53.251635
            ],
            [
              5.932056,
              53.251548
            ],
            [
              5.932374,
              53.251521
            ],
            [
              5.932377,
              53.25151
            ],
            [
              5.932412,
              53.251516
            ],
            [
              5.932663,
              53.25149
            ],
            [
              5.933804,
              53.251372
            ],
            [
              5.933896,
              53.251363
            ],
            [
              5.935348,
              53.251216
            ],
            [
              5.936748,
              53.251074
            ],
            [
              5.937716,
              53.250977
            ],
            [
              5.938003,
              53.250945
            ],
            [
              5.939551,
              53.250779
            ],
            [
              5.939679,
              53.250768
            ],
            [
              5.940023,
              53.250732
            ],
            [
              5.94029,
              53.250704
            ],
            [
              5.94033,
              53.2507
            ],
            [
              5.940576,
              53.250675
            ],
            [
              5.940978,
              53.250635
            ],
            [
              5.941535,
              53.250578
            ],
            [
              5.941878,
              53.250543
            ],
            [
              5.942992,
              53.250428
            ],
            [
              5.94467,
              53.247331
            ],
            [
              5.945397,
              53.245989
            ],
            [
              5.946828,
              53.243346
            ],
            [
              5.946936,
              53.243133
            ],
            [
              5.947056,
              53.242912
            ],
            [
              5.94709,
              53.242851
            ],
            [
              5.947158,
              53.242752
            ],
            [
              5.947262,
              53.242596
            ],
            [
              5.947435,
              53.242365
            ],
            [
              5.947538,
              53.242235
            ],
            [
              5.947656,
              53.242088
            ],
            [
              5.947754,
              53.241991
            ],
            [
              5.947927,
              53.241825
            ],
            [
              5.948063,
              53.241685
            ],
            [
              5.948227,
              53.241527
            ],
            [
              5.948334,
              53.241422
            ],
            [
              5.948486,
              53.241324
            ],
            [
              5.948486,
              53.241324
            ],
            [
              5.948586,
              53.241258
            ],
            [
              5.948598,
              53.241249
            ],
            [
              5.948714,
              53.241166
            ],
            [
              5.948744,
              53.241136
            ],
            [
              5.948806,
              53.241065
            ],
            [
              5.948897,
              53.240933
            ],
            [
              5.948991,
              53.240762
            ],
            [
              5.949033,
              53.240598
            ],
            [
              5.949104,
              53.240434
            ],
            [
              5.94916,
              53.240292
            ],
            [
              5.949248,
              53.240142
            ],
            [
              5.949397,
              53.239919
            ],
            [
              5.94948,
              53.239795
            ],
            [
              5.949569,
              53.239673
            ],
            [
              5.949625,
              53.239554
            ],
            [
              5.949654,
              53.239501
            ],
            [
              5.949684,
              53.239446
            ],
            [
              5.949928,
              53.239012
            ],
            [
              5.950089,
              53.238764
            ],
            [
              5.950414,
              53.238293
            ],
            [
              5.950467,
              53.238171
            ],
            [
              5.95053,
              53.238066
            ],
            [
              5.950552,
              53.238012
            ],
            [
              5.950573,
              53.237956
            ],
            [
              5.950585,
              53.237887
            ],
            [
              5.950601,
              53.237825
            ],
            [
              5.950622,
              53.237771
            ],
            [
              5.950658,
              53.237703
            ],
            [
              5.950748,
              53.237575
            ],
            [
              5.950842,
              53.237435
            ],
            [
              5.951168,
              53.23692
            ],
            [
              5.951235,
              53.236814
            ],
            [
              5.95134,
              53.236624
            ],
            [
              5.951483,
              53.236341
            ],
            [
              5.951623,
              53.236058
            ],
            [
              5.951729,
              53.23584
            ],
            [
              5.951918,
              53.235512
            ],
            [
              5.952004,
              53.235377
            ],
            [
              5.952203,
              53.235079
            ],
            [
              5.952444,
              53.234727
            ],
            [
              5.952577,
              53.234566
            ],
            [
              5.952659,
              53.234438
            ],
            [
              5.952737,
              53.234309
            ],
            [
              5.952845,
              53.234093
            ],
            [
              5.952915,
              53.233978
            ],
            [
              5.953031,
              53.233791
            ],
            [
              5.953067,
              53.23371
            ],
            [
              5.953143,
              53.233569
            ],
            [
              5.95319,
              53.233486
            ],
            [
              5.953269,
              53.233401
            ],
            [
              5.953335,
              53.233326
            ],
            [
              5.953379,
              53.233278
            ],
            [
              5.953443,
              53.233197
            ],
            [
              5.953485,
              53.233156
            ],
            [
              5.953622,
              53.233009
            ],
            [
              5.95374,
              53.232882
            ],
            [
              5.953785,
              53.232838
            ],
            [
              5.953815,
              53.232795
            ],
            [
              5.953856,
              53.232712
            ],
            [
              5.953915,
              53.232589
            ],
            [
              5.953957,
              53.23252
            ],
            [
              5.954014,
              53.232437
            ],
            [
              5.954097,
              53.232316
            ],
            [
              5.954144,
              53.232275
            ],
            [
              5.954136,
              53.23227
            ],
            [
              5.954125,
              53.232266
            ],
            [
              5.954079,
              53.23225
            ],
            [
              5.954097,
              53.232231
            ],
            [
              5.954141,
              53.232182
            ],
            [
              5.95415,
              53.232172
            ],
            [
              5.954205,
              53.232108
            ],
            [
              5.954217,
              53.232097
            ],
            [
              5.954284,
              53.232031
            ],
            [
              5.954398,
              53.231947
            ],
            [
              5.954521,
              53.231849
            ],
            [
              5.954566,
              53.231794
            ],
            [
              5.954583,
              53.23175
            ],
            [
              5.954598,
              53.231686
            ],
            [
              5.954605,
              53.23163
            ],
            [
              5.954627,
              53.23158
            ],
            [
              5.954656,
              53.231538
            ],
            [
              5.954691,
              53.231503
            ],
            [
              5.954749,
              53.231456
            ],
            [
              5.954818,
              53.231411
            ],
            [
              5.954861,
              53.231376
            ],
            [
              5.954906,
              53.231337
            ],
            [
              5.954956,
              53.231276
            ],
            [
              5.955028,
              53.231171
            ],
            [
              5.955092,
              53.231062
            ],
            [
              5.955167,
              53.23093
            ],
            [
              5.955195,
              53.230872
            ],
            [
              5.955205,
              53.230823
            ],
            [
              5.955189,
              53.230792
            ],
            [
              5.955127,
              53.23073
            ],
            [
              5.955079,
              53.230651
            ],
            [
              5.955033,
              53.230593
            ],
            [
              5.954968,
              53.230546
            ],
            [
              5.954886,
              53.230504
            ],
            [
              5.954822,
              53.230482
            ],
            [
              5.95477,
              53.230477
            ],
            [
              5.954614,
              53.230486
            ],
            [
              5.954561,
              53.230483
            ],
            [
              5.954513,
              53.230474
            ],
            [
              5.954479,
              53.230457
            ],
            [
              5.95447,
              53.230436
            ],
            [
              5.954473,
              53.230405
            ],
            [
              5.954525,
              53.230293
            ],
            [
              5.954554,
              53.23025
            ],
            [
              5.954576,
              53.230209
            ],
            [
              5.954719,
              53.229999
            ],
            [
              5.954794,
              53.229877
            ],
            [
              5.954856,
              53.229781
            ],
            [
              5.954914,
              53.229674
            ],
            [
              5.954997,
              53.229524
            ],
            [
              5.955049,
              53.229409
            ],
            [
              5.955103,
              53.229331
            ],
            [
              5.955148,
              53.229302
            ],
            [
              5.955224,
              53.2293
            ],
            [
              5.95532,
              53.229309
            ],
            [
              5.955386,
              53.229312
            ],
            [
              5.955432,
              53.229305
            ],
            [
              5.955451,
              53.229286
            ],
            [
              5.955458,
              53.229245
            ],
            [
              5.955448,
              53.229185
            ],
            [
              5.955442,
              53.229095
            ],
            [
              5.955447,
              53.229057
            ],
            [
              5.955458,
              53.22902
            ],
            [
              5.955462,
              53.228981
            ],
            [
              5.95548,
              53.228924
            ],
            [
              5.955503,
              53.22887
            ],
            [
              5.955549,
              53.228769
            ],
            [
              5.955623,
              53.228632
            ],
            [
              5.955744,
              53.228446
            ],
            [
              5.955939,
              53.228169
            ],
            [
              5.955964,
              53.228125
            ],
            [
              5.955972,
              53.228081
            ],
            [
              5.955973,
              53.228056
            ],
            [
              5.956062,
              53.22806
            ],
            [
              5.956222,
              53.228065
            ],
            [
              5.956432,
              53.228072
            ],
            [
              5.956589,
              53.228081
            ],
            [
              5.956712,
              53.228067
            ],
            [
              5.956778,
              53.228065
            ],
            [
              5.956911,
              53.228051
            ],
            [
              5.957061,
              53.228044
            ],
            [
              5.957201,
              53.228043
            ],
            [
              5.957497,
              53.228056
            ],
            [
              5.957849,
              53.228057
            ],
            [
              5.958086,
              53.228055
            ],
            [
              5.95819,
              53.228051
            ],
            [
              5.958252,
              53.228045
            ],
            [
              5.958299,
              53.228037
            ],
            [
              5.958388,
              53.228021
            ],
            [
              5.95846,
              53.228012
            ],
            [
              5.958673,
              53.228016
            ],
            [
              5.958816,
              53.228017
            ],
            [
              5.958937,
              53.228023
            ],
            [
              5.959275,
              53.228026
            ],
            [
              5.959389,
              53.228025
            ],
            [
              5.959459,
              53.228023
            ],
            [
              5.959572,
              53.22802
            ],
            [
              5.959772,
              53.227985
            ],
            [
              5.959921,
              53.227966
            ],
            [
              5.960028,
              53.22796
            ],
            [
              5.96018,
              53.227974
            ],
            [
              5.96055,
              53.228015
            ],
            [
              5.960645,
              53.228026
            ],
            [
              5.960842,
              53.228038
            ],
            [
              5.96096,
              53.228041
            ],
            [
              5.961116,
              53.228043
            ],
            [
              5.961297,
              53.228051
            ],
            [
              5.961432,
              53.228063
            ],
            [
              5.961754,
              53.22809
            ],
            [
              5.961839,
              53.228092
            ],
            [
              5.961907,
              53.228088
            ],
            [
              5.962061,
              53.228079
            ],
            [
              5.962237,
              53.228057
            ],
            [
              5.962397,
              53.228035
            ],
            [
              5.962469,
              53.228024
            ],
            [
              5.96319,
              53.227849
            ],
            [
              5.963256,
              53.227905
            ],
            [
              5.963347,
              53.227947
            ],
            [
              5.963464,
              53.227997
            ],
            [
              5.963486,
              53.228003
            ],
            [
              5.963512,
              53.228009
            ],
            [
              5.96368,
              53.228019
            ],
            [
              5.964128,
              53.228021
            ],
            [
              5.964221,
              53.228018
            ],
            [
              5.964332,
              53.228013
            ],
            [
              5.965111,
              53.228025
            ],
            [
              5.965118,
              53.228025
            ],
            [
              5.965165,
              53.228027
            ],
            [
              5.965866,
              53.228052
            ],
            [
              5.966035,
              53.228058
            ],
            [
              5.966099,
              53.228059
            ],
            [
              5.966189,
              53.228063
            ],
            [
              5.966472,
              53.228075
            ],
            [
              5.966596,
              53.22808
            ],
            [
              5.966673,
              53.228084
            ],
            [
              5.966736,
              53.228084
            ],
            [
              5.966791,
              53.228079
            ],
            [
              5.966856,
              53.228068
            ],
            [
              5.966919,
              53.228053
            ],
            [
              5.966953,
              53.228043
            ],
            [
              5.966991,
              53.228028
            ],
            [
              5.967171,
              53.227947
            ],
            [
              5.967214,
              53.227933
            ],
            [
              5.967333,
              53.227908
            ],
            [
              5.967374,
              53.227898
            ],
            [
              5.967415,
              53.227886
            ],
            [
              5.967451,
              53.227873
            ],
            [
              5.967551,
              53.227829
            ],
            [
              5.967679,
              53.227753
            ],
            [
              5.967725,
              53.227724
            ],
            [
              5.967763,
              53.227704
            ],
            [
              5.967788,
              53.227699
            ],
            [
              5.967817,
              53.227698
            ],
            [
              5.967904,
              53.227716
            ],
            [
              5.968096,
              53.227756
            ],
            [
              5.968273,
              53.227798
            ],
            [
              5.968367,
              53.227821
            ],
            [
              5.968452,
              53.227844
            ],
            [
              5.968535,
              53.227866
            ],
            [
              5.968571,
              53.227878
            ],
            [
              5.968708,
              53.227863
            ],
            [
              5.968896,
              53.227841
            ],
            [
              5.96899,
              53.22783
            ],
            [
              5.969081,
              53.227824
            ],
            [
              5.96918,
              53.227819
            ],
            [
              5.969272,
              53.227816
            ],
            [
              5.969368,
              53.227821
            ],
            [
              5.969472,
              53.227829
            ],
            [
              5.969528,
              53.227836
            ],
            [
              5.969574,
              53.227845
            ],
            [
              5.96961,
              53.227854
            ],
            [
              5.969657,
              53.227866
            ],
            [
              5.969736,
              53.227866
            ],
            [
              5.969992,
              53.227916
            ],
            [
              5.970097,
              53.227933
            ],
            [
              5.970139,
              53.227939
            ],
            [
              5.970162,
              53.22794
            ],
            [
              5.970203,
              53.227949
            ],
            [
              5.970263,
              53.227971
            ],
            [
              5.970316,
              53.227981
            ],
            [
              5.97036,
              53.227984
            ],
            [
              5.970428,
              53.227988
            ],
            [
              5.970821,
              53.227983
            ],
            [
              5.970938,
              53.22798
            ],
            [
              5.971074,
              53.227978
            ],
            [
              5.97114,
              53.227977
            ],
            [
              5.971758,
              53.227947
            ],
            [
              5.971851,
              53.227942
            ],
            [
              5.971904,
              53.227935
            ],
            [
              5.972278,
              53.227929
            ],
            [
              5.972722,
              53.22793
            ],
            [
              5.972732,
              53.22793
            ],
            [
              5.972732,
              53.22793
            ],
            [
              5.97291,
              53.227935
            ],
            [
              5.972882,
              53.227981
            ],
            [
              5.97281,
              53.228094
            ],
            [
              5.972741,
              53.22823
            ],
            [
              5.972746,
              53.228289
            ],
            [
              5.972806,
              53.228321
            ],
            [
              5.972936,
              53.228359
            ],
            [
              5.973054,
              53.228386
            ],
            [
              5.973257,
              53.228424
            ],
            [
              5.973394,
              53.228445
            ],
            [
              5.973855,
              53.228487
            ],
            [
              5.974296,
              53.228519
            ],
            [
              5.974781,
              53.228551
            ],
            [
              5.975084,
              53.228578
            ],
            [
              5.975344,
              53.228604
            ],
            [
              5.97569,
              53.228671
            ],
            [
              5.975842,
              53.228699
            ],
            [
              5.976167,
              53.228734
            ],
            [
              5.976462,
              53.22876
            ],
            [
              5.976691,
              53.228785
            ],
            [
              5.976782,
              53.228796
            ],
            [
              5.976976,
              53.228836
            ],
            [
              5.977205,
              53.228888
            ],
            [
              5.977318,
              53.228918
            ],
            [
              5.977426,
              53.22895
            ],
            [
              5.977554,
              53.228986
            ],
            [
              5.977696,
              53.22902
            ],
            [
              5.977944,
              53.22907
            ],
            [
              5.978075,
              53.229094
            ],
            [
              5.979593,
              53.229324
            ],
            [
              5.980124,
              53.229395
            ],
            [
              5.980563,
              53.229456
            ],
            [
              5.980855,
              53.229496
            ],
            [
              5.981415,
              53.229537
            ],
            [
              5.981826,
              53.229592
            ],
            [
              5.982153,
              53.229637
            ],
            [
              5.982784,
              53.229749
            ],
            [
              5.982859,
              53.22976
            ],
            [
              5.983171,
              53.229807
            ],
            [
              5.983355,
              53.229843
            ],
            [
              5.983343,
              53.229863
            ],
            [
              5.98332,
              53.229899
            ],
            [
              5.983789,
              53.230042
            ],
            [
              5.983859,
              53.230069
            ],
            [
              5.984193,
              53.230217
            ],
            [
              5.984507,
              53.230358
            ],
            [
              5.984635,
              53.230406
            ],
            [
              5.984736,
              53.230442
            ],
            [
              5.984762,
              53.230452
            ],
            [
              5.985073,
              53.230562
            ],
            [
              5.985404,
              53.230679
            ],
            [
              5.985533,
              53.230716
            ],
            [
              5.985728,
              53.230772
            ],
            [
              5.985758,
              53.23078
            ],
            [
              5.986067,
              53.230869
            ],
            [
              5.986638,
              53.23101
            ],
            [
              5.986759,
              53.231048
            ],
            [
              5.987189,
              53.231192
            ],
            [
              5.987787,
              53.231395
            ],
            [
              5.988732,
              53.231705
            ],
            [
              5.989302,
              53.231892
            ],
            [
              5.990024,
              53.232143
            ],
            [
              5.990673,
              53.232368
            ],
            [
              5.99103,
              53.232483
            ],
            [
              5.991506,
              53.232642
            ],
            [
              5.992019,
              53.232815
            ],
            [
              5.993078,
              53.233179
            ],
            [
              5.99389,
              53.233454
            ],
            [
              5.994557,
              53.233676
            ],
            [
              5.995368,
              53.233947
            ],
            [
              5.995954,
              53.234139
            ],
            [
              5.996517,
              53.234321
            ],
            [
              5.997285,
              53.234575
            ],
            [
              5.997815,
              53.23475
            ],
            [
              5.998394,
              53.234928
            ],
            [
              5.998966,
              53.235107
            ],
            [
              5.999287,
              53.235211
            ],
            [
              5.999548,
              53.2353
            ],
            [
              5.999875,
              53.23542
            ],
            [
              5.999904,
              53.235436
            ],
            [
              6.000025,
              53.235504
            ],
            [
              6.000411,
              53.235632
            ],
            [
              6.001614,
              53.236025
            ],
            [
              6.002277,
              53.236225
            ],
            [
              6.002846,
              53.2364
            ],
            [
              6.00335,
              53.23655
            ],
            [
              6.004443,
              53.236865
            ],
            [
              6.004797,
              53.236976
            ],
            [
              6.005014,
              53.23705
            ],
            [
              6.00534,
              53.237158
            ],
            [
              6.005426,
              53.237176
            ],
            [
              6.005491,
              53.237195
            ],
            [
              6.005938,
              53.237338
            ],
            [
              6.006594,
              53.237545
            ],
            [
              6.007116,
              53.237716
            ],
            [
              6.007737,
              53.237925
            ],
            [
              6.008358,
              53.238128
            ],
            [
              6.008986,
              53.238339
            ],
            [
              6.00962,
              53.238549
            ],
            [
              6.010251,
              53.238754
            ],
            [
              6.010824,
              53.238939
            ],
            [
              6.011383,
              53.239156
            ],
            [
              6.011991,
              53.239387
            ],
            [
              6.012196,
              53.239463
            ],
            [
              6.012499,
              53.239569
            ],
            [
              6.012717,
              53.239645
            ],
            [
              6.013648,
              53.23997
            ],
            [
              6.014268,
              53.24019
            ],
            [
              6.014729,
              53.240363
            ],
            [
              6.015068,
              53.24051
            ],
            [
              6.015182,
              53.240539
            ],
            [
              6.015292,
              53.240568
            ],
            [
              6.015251,
              53.240616
            ],
            [
              6.01528,
              53.240625
            ],
            [
              6.01534,
              53.240627
            ],
            [
              6.015417,
              53.240639
            ],
            [
              6.01554,
              53.240672
            ],
            [
              6.015748,
              53.240733
            ],
            [
              6.015855,
              53.24077
            ],
            [
              6.015936,
              53.24079
            ],
            [
              6.016052,
              53.240843
            ],
            [
              6.016137,
              53.24089
            ],
            [
              6.01634,
              53.240976
            ],
            [
              6.016516,
              53.241032
            ],
            [
              6.01668,
              53.241092
            ],
            [
              6.016761,
              53.241106
            ],
            [
              6.016906,
              53.241156
            ],
            [
              6.017021,
              53.241186
            ],
            [
              6.017279,
              53.241239
            ],
            [
              6.017294,
              53.24124
            ],
            [
              6.017354,
              53.24124
            ],
            [
              6.017356,
              53.24124
            ],
            [
              6.017439,
              53.241246
            ],
            [
              6.017648,
              53.241248
            ],
            [
              6.01779,
              53.241242
            ],
            [
              6.017873,
              53.241233
            ],
            [
              6.017883,
              53.241232
            ],
            [
              6.017938,
              53.241224
            ],
            [
              6.01805,
              53.241201
            ],
            [
              6.018198,
              53.24116
            ],
            [
              6.018369,
              53.241109
            ],
            [
              6.01856,
              53.241079
            ],
            [
              6.018612,
              53.241071
            ],
            [
              6.019158,
              53.241003
            ],
            [
              6.019284,
              53.240986
            ],
            [
              6.019317,
              53.240978
            ],
            [
              6.019392,
              53.240969
            ],
            [
              6.019501,
              53.240955
            ],
            [
              6.01972,
              53.240936
            ],
            [
              6.019726,
              53.240907
            ],
            [
              6.019791,
              53.240914
            ],
            [
              6.019793,
              53.240914
            ],
            [
              6.019789,
              53.240924
            ],
            [
              6.019848,
              53.24093
            ],
            [
              6.019851,
              53.24092
            ],
            [
              6.019894,
              53.240924
            ],
            [
              6.019886,
              53.240957
            ],
            [
              6.019889,
              53.240976
            ],
            [
              6.019939,
              53.241253
            ],
            [
              6.020011,
              53.241256
            ],
            [
              6.020199,
              53.241262
            ],
            [
              6.020268,
              53.241264
            ],
            [
              6.020302,
              53.241265
            ],
            [
              6.020313,
              53.241266
            ],
            [
              6.020639,
              53.241277
            ],
            [
              6.020663,
              53.241286
            ],
            [
              6.020708,
              53.241308
            ],
            [
              6.02072,
              53.241313
            ],
            [
              6.020728,
              53.241332
            ],
            [
              6.020758,
              53.241401
            ],
            [
              6.02081,
              53.241512
            ],
            [
              6.020922,
              53.241765
            ],
            [
              6.021007,
              53.241959
            ],
            [
              6.021143,
              53.242251
            ],
            [
              6.021127,
              53.242356
            ],
            [
              6.021233,
              53.242376
            ],
            [
              6.021263,
              53.242445
            ],
            [
              6.021268,
              53.242456
            ],
            [
              6.021277,
              53.242481
            ],
            [
              6.0213,
              53.242502
            ],
            [
              6.021317,
              53.242516
            ],
            [
              6.021337,
              53.242526
            ],
            [
              6.02136,
              53.242532
            ],
            [
              6.021404,
              53.242534
            ],
            [
              6.021504,
              53.242536
            ],
            [
              6.021596,
              53.242538
            ],
            [
              6.021639,
              53.242538
            ],
            [
              6.02172,
              53.24254
            ],
            [
              6.021891,
              53.242542
            ],
            [
              6.021915,
              53.242548
            ],
            [
              6.022164,
              53.2426
            ],
            [
              6.022431,
              53.242653
            ],
            [
              6.022632,
              53.242694
            ],
            [
              6.02277,
              53.242723
            ],
            [
              6.023053,
              53.242783
            ],
            [
              6.023094,
              53.242791
            ],
            [
              6.023147,
              53.242754
            ],
            [
              6.023175,
              53.242725
            ],
            [
              6.023203,
              53.242698
            ],
            [
              6.02321,
              53.242692
            ],
            [
              6.023242,
              53.242659
            ],
            [
              6.023293,
              53.242606
            ],
            [
              6.023328,
              53.242595
            ],
            [
              6.023377,
              53.24258
            ],
            [
              6.023427,
              53.242571
            ],
            [
              6.023546,
              53.24255
            ],
            [
              6.023587,
              53.242542
            ],
            [
              6.023656,
              53.242526
            ],
            [
              6.023721,
              53.24251
            ],
            [
              6.02378,
              53.24249
            ],
            [
              6.023845,
              53.242468
            ],
            [
              6.023916,
              53.242441
            ],
            [
              6.024003,
              53.242409
            ],
            [
              6.024089,
              53.242377
            ],
            [
              6.024203,
              53.242336
            ],
            [
              6.024267,
              53.242309
            ],
            [
              6.024328,
              53.242285
            ],
            [
              6.024368,
              53.242267
            ],
            [
              6.024431,
              53.242239
            ],
            [
              6.024497,
              53.24221
            ],
            [
              6.024546,
              53.242188
            ],
            [
              6.024583,
              53.242171
            ],
            [
              6.02464,
              53.24215
            ],
            [
              6.024726,
              53.242121
            ],
            [
              6.024823,
              53.242089
            ],
            [
              6.024844,
              53.242081
            ],
            [
              6.024889,
              53.24207
            ],
            [
              6.024952,
              53.242053
            ],
            [
              6.025106,
              53.242013
            ],
            [
              6.025219,
              53.241985
            ],
            [
              6.025316,
              53.241962
            ],
            [
              6.025358,
              53.241951
            ],
            [
              6.025411,
              53.24194
            ],
            [
              6.0255,
              53.241921
            ],
            [
              6.02558,
              53.241902
            ],
            [
              6.025743,
              53.241868
            ],
            [
              6.025887,
              53.241837
            ],
            [
              6.026005,
              53.24181
            ],
            [
              6.026124,
              53.241782
            ],
            [
              6.026219,
              53.24176
            ],
            [
              6.026373,
              53.241724
            ],
            [
              6.026525,
              53.24169
            ],
            [
              6.026617,
              53.241666
            ],
            [
              6.026727,
              53.241636
            ],
            [
              6.026912,
              53.241586
            ],
            [
              6.02705,
              53.241551
            ],
            [
              6.027207,
              53.241513
            ],
            [
              6.027241,
              53.241505
            ],
            [
              6.027322,
              53.241482
            ],
            [
              6.027448,
              53.241447
            ],
            [
              6.02749,
              53.241436
            ],
            [
              6.027539,
              53.241421
            ],
            [
              6.027565,
              53.241415
            ],
            [
              6.027599,
              53.241409
            ],
            [
              6.027647,
              53.2414
            ],
            [
              6.027679,
              53.241394
            ],
            [
              6.027705,
              53.241393
            ],
            [
              6.027739,
              53.241395
            ],
            [
              6.027765,
              53.241395
            ],
            [
              6.0278,
              53.241398
            ],
            [
              6.027837,
              53.241404
            ],
            [
              6.027871,
              53.241417
            ],
            [
              6.027908,
              53.241442
            ],
            [
              6.027951,
              53.241484
            ],
            [
              6.027979,
              53.241514
            ],
            [
              6.028018,
              53.241552
            ],
            [
              6.028067,
              53.241596
            ],
            [
              6.028113,
              53.241632
            ],
            [
              6.028139,
              53.241659
            ],
            [
              6.028164,
              53.241684
            ],
            [
              6.028212,
              53.241747
            ],
            [
              6.028241,
              53.241795
            ],
            [
              6.028275,
              53.241859
            ],
            [
              6.028339,
              53.241983
            ],
            [
              6.02839,
              53.242083
            ],
            [
              6.028435,
              53.242167
            ],
            [
              6.028443,
              53.242202
            ],
            [
              6.028464,
              53.242275
            ],
            [
              6.02848,
              53.242333
            ],
            [
              6.028489,
              53.242367
            ],
            [
              6.02852,
              53.242445
            ],
            [
              6.028545,
              53.242521
            ],
            [
              6.028554,
              53.242548
            ],
            [
              6.028572,
              53.242585
            ],
            [
              6.028594,
              53.24262
            ],
            [
              6.028623,
              53.242649
            ],
            [
              6.028671,
              53.2427
            ],
            [
              6.028681,
              53.242711
            ],
            [
              6.028705,
              53.242727
            ],
            [
              6.028794,
              53.242755
            ],
            [
              6.028816,
              53.242759
            ],
            [
              6.028869,
              53.242762
            ],
            [
              6.028945,
              53.242763
            ],
            [
              6.028955,
              53.242763
            ],
            [
              6.029312,
              53.242677
            ],
            [
              6.029554,
              53.242619
            ],
            [
              6.029753,
              53.242573
            ],
            [
              6.029776,
              53.242567
            ],
            [
              6.02989,
              53.242538
            ],
            [
              6.030142,
              53.242478
            ],
            [
              6.030162,
              53.242473
            ],
            [
              6.030271,
              53.242447
            ],
            [
              6.030557,
              53.242378
            ],
            [
              6.030744,
              53.242333
            ],
            [
              6.030881,
              53.242301
            ],
            [
              6.031043,
              53.242261
            ],
            [
              6.031083,
              53.242254
            ],
            [
              6.031195,
              53.242234
            ],
            [
              6.031304,
              53.242214
            ],
            [
              6.031341,
              53.242214
            ],
            [
              6.031415,
              53.242219
            ],
            [
              6.031529,
              53.242226
            ],
            [
              6.03155,
              53.242227
            ],
            [
              6.032126,
              53.242257
            ],
            [
              6.032127,
              53.242257
            ],
            [
              6.032129,
              53.242257
            ],
            [
              6.032329,
              53.242267
            ],
            [
              6.033353,
              53.24232
            ],
            [
              6.034069,
              53.242358
            ],
            [
              6.034128,
              53.242362
            ],
            [
              6.034393,
              53.242376
            ],
            [
              6.034528,
              53.242384
            ],
            [
              6.036273,
              53.242478
            ],
            [
              6.036283,
              53.242478
            ],
            [
              6.036559,
              53.242493
            ],
            [
              6.037172,
              53.242526
            ],
            [
              6.038365,
              53.24259
            ],
            [
              6.038402,
              53.242593
            ],
            [
              6.038849,
              53.242617
            ],
            [
              6.039082,
              53.242688
            ],
            [
              6.039604,
              53.242771
            ],
            [
              6.039951,
              53.242832
            ],
            [
              6.04059,
              53.242936
            ],
            [
              6.040704,
              53.242959
            ],
            [
              6.041129,
              53.243046
            ],
            [
              6.041208,
              53.243062
            ],
            [
              6.041288,
              53.243078
            ],
            [
              6.041471,
              53.243116
            ],
            [
              6.04155,
              53.243133
            ],
            [
              6.041575,
              53.243138
            ],
            [
              6.041628,
              53.243148
            ],
            [
              6.041785,
              53.243179
            ],
            [
              6.041881,
              53.243199
            ],
            [
              6.041992,
              53.243221
            ],
            [
              6.042093,
              53.243241
            ],
            [
              6.042296,
              53.243283
            ],
            [
              6.042428,
              53.24331
            ],
            [
              6.042508,
              53.243326
            ],
            [
              6.04262,
              53.243345
            ],
            [
              6.042908,
              53.243383
            ],
            [
              6.042931,
              53.243386
            ],
            [
              6.043094,
              53.24341
            ],
            [
              6.043212,
              53.243423
            ],
            [
              6.043405,
              53.243444
            ],
            [
              6.043527,
              53.243458
            ],
            [
              6.043613,
              53.243466
            ],
            [
              6.043897,
              53.243495
            ],
            [
              6.043946,
              53.2435
            ],
            [
              6.043966,
              53.243502
            ],
            [
              6.044104,
              53.244119
            ],
            [
              6.044127,
              53.244221
            ],
            [
              6.044214,
              53.244572
            ],
            [
              6.044223,
              53.244608
            ],
            [
              6.044252,
              53.24472
            ],
            [
              6.044289,
              53.244862
            ],
            [
              6.044351,
              53.245111
            ],
            [
              6.044353,
              53.245121
            ],
            [
              6.044383,
              53.245244
            ],
            [
              6.04439,
              53.245272
            ],
            [
              6.044397,
              53.245305
            ],
            [
              6.044399,
              53.245317
            ],
            [
              6.044402,
              53.245326
            ],
            [
              6.044419,
              53.245407
            ],
            [
              6.04444,
              53.2455
            ],
            [
              6.04451,
              53.24581
            ],
            [
              6.04453,
              53.245915
            ],
            [
              6.044929,
              53.245913
            ],
            [
              6.045011,
              53.246264
            ],
            [
              6.045076,
              53.246552
            ],
            [
              6.045136,
              53.246807
            ],
            [
              6.045156,
              53.246892
            ],
            [
              6.045231,
              53.247081
            ],
            [
              6.045232,
              53.247086
            ],
            [
              6.045319,
              53.24746
            ],
            [
              6.045347,
              53.247578
            ],
            [
              6.045423,
              53.24789
            ],
            [
              6.045427,
              53.247906
            ],
            [
              6.045437,
              53.247952
            ],
            [
              6.045438,
              53.247957
            ],
            [
              6.045575,
              53.248589
            ],
            [
              6.045588,
              53.248646
            ],
            [
              6.045631,
              53.248844
            ],
            [
              6.04569,
              53.249114
            ],
            [
              6.045693,
              53.249126
            ],
            [
              6.045738,
              53.249333
            ],
            [
              6.045751,
              53.24939
            ],
            [
              6.045763,
              53.249446
            ],
            [
              6.045826,
              53.249723
            ],
            [
              6.045834,
              53.249757
            ],
            [
              6.046032,
              53.250631
            ],
            [
              6.046048,
              53.250699
            ],
            [
              6.046412,
              53.250676
            ],
            [
              6.04671,
              53.250658
            ],
            [
              6.046878,
              53.251638
            ],
            [
              6.046919,
              53.251659
            ],
            [
              6.047,
              53.251701
            ],
            [
              6.047013,
              53.251707
            ],
            [
              6.047173,
              53.252445
            ],
            [
              6.047248,
              53.252845
            ],
            [
              6.047259,
              53.252902
            ],
            [
              6.047421,
              53.25368
            ],
            [
              6.047462,
              53.253864
            ],
            [
              6.047545,
              53.25424
            ],
            [
              6.047596,
              53.254488
            ],
            [
              6.047726,
              53.255109
            ],
            [
              6.047813,
              53.2555
            ],
            [
              6.04793,
              53.256125
            ],
            [
              6.047955,
              53.256259
            ],
            [
              6.048025,
              53.256619
            ],
            [
              6.048032,
              53.256639
            ],
            [
              6.048035,
              53.256647
            ],
            [
              6.048051,
              53.256689
            ],
            [
              6.048123,
              53.25703
            ],
            [
              6.048148,
              53.257159
            ],
            [
              6.048186,
              53.257353
            ],
            [
              6.048299,
              53.25736
            ],
            [
              6.048365,
              53.257373
            ],
            [
              6.048392,
              53.25739
            ],
            [
              6.048408,
              53.257408
            ],
            [
              6.048475,
              53.257752
            ],
            [
              6.04852,
              53.257994
            ],
            [
              6.048525,
              53.258023
            ],
            [
              6.048659,
              53.258727
            ],
            [
              6.048689,
              53.258915
            ],
            [
              6.048723,
              53.259099
            ],
            [
              6.048902,
              53.260003
            ],
            [
              6.048902,
              53.260004
            ],
            [
              6.048951,
              53.260253
            ],
            [
              6.048961,
              53.260306
            ],
            [
              6.048792,
              53.260381
            ],
            [
              6.048799,
              53.260402
            ],
            [
              6.048807,
              53.260427
            ],
            [
              6.048971,
              53.260928
            ],
            [
              6.049004,
              53.261047
            ],
            [
              6.049015,
              53.261087
            ],
            [
              6.049017,
              53.261092
            ],
            [
              6.049142,
              53.261181
            ],
            [
              6.049154,
              53.261242
            ],
            [
              6.049159,
              53.261266
            ],
            [
              6.049159,
              53.261267
            ],
            [
              6.049187,
              53.261403
            ],
            [
              6.049341,
              53.262162
            ],
            [
              6.04938,
              53.262354
            ],
            [
              6.049417,
              53.262537
            ],
            [
              6.049554,
              53.263215
            ],
            [
              6.049687,
              53.263914
            ],
            [
              6.049721,
              53.264077
            ],
            [
              6.049866,
              53.264782
            ],
            [
              6.050096,
              53.266037
            ],
            [
              6.050115,
              53.266141
            ],
            [
              6.050213,
              53.266198
            ],
            [
              6.050292,
              53.266237
            ],
            [
              6.0504,
              53.266282
            ],
            [
              6.050524,
              53.266315
            ],
            [
              6.050647,
              53.266343
            ],
            [
              6.05076,
              53.266362
            ],
            [
              6.050897,
              53.26637
            ],
            [
              6.051055,
              53.266373
            ],
            [
              6.051211,
              53.266364
            ],
            [
              6.051354,
              53.266346
            ],
            [
              6.051494,
              53.266323
            ],
            [
              6.051607,
              53.266306
            ],
            [
              6.051628,
              53.266303
            ],
            [
              6.051781,
              53.266292
            ],
            [
              6.051864,
              53.266286
            ],
            [
              6.051878,
              53.266378
            ],
            [
              6.051881,
              53.2664
            ],
            [
              6.051885,
              53.26643
            ],
            [
              6.051902,
              53.266545
            ],
            [
              6.052073,
              53.267694
            ],
            [
              6.052151,
              53.268254
            ],
            [
              6.052229,
              53.268807
            ],
            [
              6.052235,
              53.268855
            ],
            [
              6.052342,
              53.269617
            ],
            [
              6.052383,
              53.26992
            ],
            [
              6.05246,
              53.270493
            ],
            [
              6.052485,
              53.270717
            ],
            [
              6.052729,
              53.270707
            ],
            [
              6.052791,
              53.271155
            ],
            [
              6.052791,
              53.271156
            ],
            [
              6.052792,
              53.271158
            ],
            [
              6.052801,
              53.271224
            ],
            [
              6.052612,
              53.271225
            ],
            [
              6.052375,
              53.271229
            ],
            [
              6.052188,
              53.271232
            ],
            [
              6.052215,
              53.271426
            ],
            [
              6.052325,
              53.272185
            ],
            [
              6.052535,
              53.273664
            ],
            [
              6.052542,
              53.273715
            ],
            [
              6.052535,
              53.273715
            ],
            [
              6.052546,
              53.273792
            ],
            [
              6.052547,
              53.273797
            ],
            [
              6.052547,
              53.273799
            ],
            [
              6.052609,
              53.274234
            ],
            [
              6.05266,
              53.274597
            ],
            [
              6.052679,
              53.274731
            ],
            [
              6.052825,
              53.275763
            ],
            [
              6.052948,
              53.276641
            ],
            [
              6.052952,
              53.276675
            ],
            [
              6.052963,
              53.276751
            ],
            [
              6.05297,
              53.276808
            ],
            [
              6.0531,
              53.277777
            ],
            [
              6.0531,
              53.277778
            ],
            [
              6.0531,
              53.277779
            ],
            [
              6.053104,
              53.277803
            ],
            [
              6.053191,
              53.278414
            ],
            [
              6.053267,
              53.278899
            ],
            [
              6.053268,
              53.278905
            ],
            [
              6.053302,
              53.279142
            ],
            [
              6.053308,
              53.279189
            ],
            [
              6.053464,
              53.279208
            ],
            [
              6.053466,
              53.279208
            ],
            [
              6.053476,
              53.279209
            ],
            [
              6.053504,
              53.279215
            ],
            [
              6.053573,
              53.279238
            ],
            [
              6.053622,
              53.27926
            ],
            [
              6.05369,
              53.279288
            ],
            [
              6.053747,
              53.279304
            ],
            [
              6.053801,
              53.279315
            ],
            [
              6.053857,
              53.279322
            ],
            [
              6.053932,
              53.279324
            ],
            [
              6.054018,
              53.279321
            ],
            [
              6.054149,
              53.2793
            ],
            [
              6.054191,
              53.279296
            ],
            [
              6.054235,
              53.279298
            ],
            [
              6.054281,
              53.279307
            ],
            [
              6.054918,
              53.279459
            ],
            [
              6.054953,
              53.279471
            ],
            [
              6.054965,
              53.279484
            ],
            [
              6.054963,
              53.279498
            ],
            [
              6.054651,
              53.280162
            ],
            [
              6.054646,
              53.280174
            ],
            [
              6.054618,
              53.280163
            ],
            [
              6.054156,
              53.280048
            ],
            [
              6.054089,
              53.280032
            ],
            [
              6.053873,
              53.280005
            ],
            [
              6.053795,
              53.280004
            ],
            [
              6.053719,
              53.280006
            ],
            [
              6.053625,
              53.280011
            ],
            [
              6.053578,
              53.280013
            ],
            [
              6.053425,
              53.280017
            ],
            [
              6.053394,
              53.280018
            ],
            [
              6.053404,
              53.280053
            ],
            [
              6.053405,
              53.280094
            ],
            [
              6.053407,
              53.280215
            ],
            [
              6.053469,
              53.280844
            ],
            [
              6.05347,
              53.280861
            ],
            [
              6.053484,
              53.280952
            ],
            [
              6.053484,
              53.28096
            ],
            [
              6.053504,
              53.281164
            ],
            [
              6.053657,
              53.282854
            ],
            [
              6.053714,
              53.283391
            ],
            [
              6.053723,
              53.283524
            ],
            [
              6.05385,
              53.284712
            ],
            [
              6.053883,
              53.284992
            ],
            [
              6.053904,
              53.284991
            ],
            [
              6.053907,
              53.285059
            ],
            [
              6.053911,
              53.285123
            ],
            [
              6.053862,
              53.285123
            ],
            [
              6.053865,
              53.285266
            ],
            [
              6.053877,
              53.285655
            ],
            [
              6.053877,
              53.28566
            ],
            [
              6.053879,
              53.285682
            ],
            [
              6.05407,
              53.287704
            ],
            [
              6.05408,
              53.287805
            ],
            [
              6.054094,
              53.287962
            ],
            [
              6.054298,
              53.289959
            ],
            [
              6.054301,
              53.289988
            ],
            [
              6.054317,
              53.290146
            ],
            [
              6.054345,
              53.290468
            ],
            [
              6.054356,
              53.290594
            ],
            [
              6.054364,
              53.290688
            ],
            [
              6.054365,
              53.290698
            ],
            [
              6.054379,
              53.29087
            ],
            [
              6.054523,
              53.290904
            ],
            [
              6.055191,
              53.291055
            ],
            [
              6.055962,
              53.291203
            ],
            [
              6.056605,
              53.291316
            ],
            [
              6.057477,
              53.291424
            ],
            [
              6.058047,
              53.29148
            ],
            [
              6.058956,
              53.291543
            ],
            [
              6.059772,
              53.291601
            ],
            [
              6.060868,
              53.291648
            ],
            [
              6.061758,
              53.291683
            ],
            [
              6.062035,
              53.291698
            ],
            [
              6.062211,
              53.291708
            ],
            [
              6.062647,
              53.291779
            ],
            [
              6.063085,
              53.291877
            ],
            [
              6.064061,
              53.29214
            ],
            [
              6.064873,
              53.29235
            ],
            [
              6.065281,
              53.292425
            ],
            [
              6.065681,
              53.292476
            ],
            [
              6.066103,
              53.292495
            ],
            [
              6.066634,
              53.292509
            ],
            [
              6.068263,
              53.292475
            ],
            [
              6.069289,
              53.292459
            ],
            [
              6.070582,
              53.292457
            ],
            [
              6.071723,
              53.292421
            ],
            [
              6.072983,
              53.292387
            ],
            [
              6.073105,
              53.292383
            ],
            [
              6.073621,
              53.292388
            ],
            [
              6.073695,
              53.2924
            ],
            [
              6.073597,
              53.292508
            ],
            [
              6.073582,
              53.292524
            ],
            [
              6.073564,
              53.292544
            ],
            [
              6.073103,
              53.293064
            ],
            [
              6.073072,
              53.293099
            ],
            [
              6.072916,
              53.293275
            ],
            [
              6.072763,
              53.293462
            ],
            [
              6.072462,
              53.293809
            ],
            [
              6.072343,
              53.293945
            ],
            [
              6.072205,
              53.294104
            ],
            [
              6.071985,
              53.294351
            ],
            [
              6.071824,
              53.29454
            ],
            [
              6.071499,
              53.294922
            ],
            [
              6.07129,
              53.295167
            ],
            [
              6.07076,
              53.295789
            ],
            [
              6.070487,
              53.296111
            ],
            [
              6.070311,
              53.296318
            ],
            [
              6.070283,
              53.296353
            ],
            [
              6.070084,
              53.296599
            ],
            [
              6.069899,
              53.296809
            ],
            [
              6.069821,
              53.29689
            ],
            [
              6.069794,
              53.29692
            ],
            [
              6.070037,
              53.296881
            ],
            [
              6.070389,
              53.296832
            ],
            [
              6.070398,
              53.29683
            ],
            [
              6.070591,
              53.296799
            ],
            [
              6.070718,
              53.296781
            ],
            [
              6.070823,
              53.296765
            ],
            [
              6.071063,
              53.296739
            ],
            [
              6.07116,
              53.296756
            ],
            [
              6.071196,
              53.296755
            ],
            [
              6.071297,
              53.296701
            ],
            [
              6.071408,
              53.296641
            ],
            [
              6.071462,
              53.296623
            ],
            [
              6.071542,
              53.296595
            ],
            [
              6.071542,
              53.29673
            ],
            [
              6.071554,
              53.29694
            ],
            [
              6.071558,
              53.297113
            ],
            [
              6.071584,
              53.2973
            ],
            [
              6.071586,
              53.297332
            ],
            [
              6.0716,
              53.29759
            ],
            [
              6.07163,
              53.297902
            ],
            [
              6.071638,
              53.298064
            ],
            [
              6.071642,
              53.298245
            ],
            [
              6.071649,
              53.298356
            ],
            [
              6.071654,
              53.298459
            ],
            [
              6.071651,
              53.298514
            ],
            [
              6.071662,
              53.298585
            ],
            [
              6.071664,
              53.2986
            ],
            [
              6.071657,
              53.298628
            ],
            [
              6.071646,
              53.298651
            ],
            [
              6.071622,
              53.298663
            ],
            [
              6.071525,
              53.298673
            ],
            [
              6.07115,
              53.298726
            ],
            [
              6.070994,
              53.298752
            ],
            [
              6.07085,
              53.298779
            ],
            [
              6.07086,
              53.298863
            ],
            [
              6.070872,
              53.299038
            ],
            [
              6.070882,
              53.299199
            ],
            [
              6.070888,
              53.299288
            ],
            [
              6.070896,
              53.2994
            ],
            [
              6.070899,
              53.299425
            ],
            [
              6.070917,
              53.299625
            ],
            [
              6.070923,
              53.299721
            ],
            [
              6.070935,
              53.29993
            ],
            [
              6.070939,
              53.300064
            ],
            [
              6.070941,
              53.300211
            ],
            [
              6.070944,
              53.300399
            ],
            [
              6.070971,
              53.300755
            ],
            [
              6.070988,
              53.300963
            ],
            [
              6.071181,
              53.301012
            ],
            [
              6.071281,
              53.301023
            ],
            [
              6.071386,
              53.301026
            ],
            [
              6.071598,
              53.301026
            ],
            [
              6.071619,
              53.301026
            ],
            [
              6.071673,
              53.301026
            ],
            [
              6.071845,
              53.301029
            ],
            [
              6.071847,
              53.301052
            ],
            [
              6.071859,
              53.301164
            ],
            [
              6.071884,
              53.301356
            ],
            [
              6.071885,
              53.301621
            ],
            [
              6.071911,
              53.301981
            ],
            [
              6.071942,
              53.30252
            ],
            [
              6.071953,
              53.302934
            ],
            [
              6.071954,
              53.303018
            ],
            [
              6.071957,
              53.303131
            ],
            [
              6.071996,
              53.303443
            ],
            [
              6.072005,
              53.303524
            ],
            [
              6.072019,
              53.303656
            ],
            [
              6.072049,
              53.303659
            ],
            [
              6.072052,
              53.303716
            ],
            [
              6.072111,
              53.304457
            ],
            [
              6.07214,
              53.30485
            ],
            [
              6.072188,
              53.305526
            ],
            [
              6.072248,
              53.306434
            ],
            [
              6.072263,
              53.306616
            ],
            [
              6.072288,
              53.306837
            ],
            [
              6.072293,
              53.307028
            ],
            [
              6.072296,
              53.307286
            ],
            [
              6.072297,
              53.307536
            ],
            [
              6.072295,
              53.307649
            ],
            [
              6.072295,
              53.307664
            ],
            [
              6.072311,
              53.308015
            ],
            [
              6.072313,
              53.308051
            ],
            [
              6.072342,
              53.308439
            ],
            [
              6.072361,
              53.308847
            ],
            [
              6.072395,
              53.309286
            ],
            [
              6.072425,
              53.309688
            ],
            [
              6.07246,
              53.310075
            ],
            [
              6.072484,
              53.310446
            ],
            [
              6.072498,
              53.310731
            ],
            [
              6.072521,
              53.311077
            ],
            [
              6.072527,
              53.311284
            ],
            [
              6.07255,
              53.311625
            ],
            [
              6.072552,
              53.311829
            ],
            [
              6.072564,
              53.312101
            ],
            [
              6.072577,
              53.312354
            ],
            [
              6.07258,
              53.312507
            ],
            [
              6.072584,
              53.312642
            ],
            [
              6.072588,
              53.312712
            ],
            [
              6.07259,
              53.312751
            ],
            [
              6.072595,
              53.312824
            ],
            [
              6.072601,
              53.312928
            ],
            [
              6.072602,
              53.312934
            ],
            [
              6.072603,
              53.312951
            ],
            [
              6.072604,
              53.312962
            ],
            [
              6.072607,
              53.312988
            ],
            [
              6.072619,
              53.313066
            ],
            [
              6.072631,
              53.313179
            ],
            [
              6.072645,
              53.313297
            ],
            [
              6.07265,
              53.313344
            ],
            [
              6.072654,
              53.313379
            ],
            [
              6.072668,
              53.313439
            ],
            [
              6.072662,
              53.313515
            ],
            [
              6.072669,
              53.313654
            ],
            [
              6.072672,
              53.313744
            ],
            [
              6.072682,
              53.313842
            ],
            [
              6.072684,
              53.313933
            ],
            [
              6.072693,
              53.313975
            ],
            [
              6.072695,
              53.314008
            ],
            [
              6.072675,
              53.31405
            ],
            [
              6.072651,
              53.314091
            ],
            [
              6.07263,
              53.314124
            ],
            [
              6.072624,
              53.314159
            ],
            [
              6.072621,
              53.314216
            ],
            [
              6.072629,
              53.314281
            ],
            [
              6.072635,
              53.314323
            ],
            [
              6.072634,
              53.314363
            ],
            [
              6.072598,
              53.314386
            ],
            [
              6.072546,
              53.314407
            ],
            [
              6.072506,
              53.314418
            ],
            [
              6.072503,
              53.314418
            ],
            [
              6.072386,
              53.314445
            ],
            [
              6.072338,
              53.314456
            ],
            [
              6.072296,
              53.314482
            ],
            [
              6.072246,
              53.314519
            ],
            [
              6.072223,
              53.31455
            ],
            [
              6.072207,
              53.314574
            ],
            [
              6.072222,
              53.314611
            ],
            [
              6.072248,
              53.314629
            ],
            [
              6.072268,
              53.31465
            ],
            [
              6.072288,
              53.314674
            ],
            [
              6.072306,
              53.314695
            ],
            [
              6.072325,
              53.314726
            ],
            [
              6.072338,
              53.314736
            ],
            [
              6.072361,
              53.314779
            ],
            [
              6.072394,
              53.314842
            ],
            [
              6.072428,
              53.3149
            ],
            [
              6.072468,
              53.314963
            ],
            [
              6.072544,
              53.315122
            ],
            [
              6.072571,
              53.315165
            ],
            [
              6.072568,
              53.315186
            ],
            [
              6.072573,
              53.315216
            ],
            [
              6.072578,
              53.315238
            ],
            [
              6.072598,
              53.315267
            ],
            [
              6.072606,
              53.315292
            ],
            [
              6.072631,
              53.315322
            ],
            [
              6.072649,
              53.315353
            ],
            [
              6.072663,
              53.315383
            ],
            [
              6.07266,
              53.315408
            ],
            [
              6.072653,
              53.315438
            ],
            [
              6.072639,
              53.315457
            ],
            [
              6.072617,
              53.315491
            ],
            [
              6.072594,
              53.315526
            ],
            [
              6.072584,
              53.315556
            ],
            [
              6.072555,
              53.315591
            ],
            [
              6.072539,
              53.315616
            ],
            [
              6.072504,
              53.315654
            ],
            [
              6.072449,
              53.315685
            ],
            [
              6.072398,
              53.315715
            ],
            [
              6.072325,
              53.315755
            ],
            [
              6.07226,
              53.315794
            ],
            [
              6.072228,
              53.315815
            ],
            [
              6.072178,
              53.315844
            ],
            [
              6.072141,
              53.315865
            ],
            [
              6.072113,
              53.315892
            ],
            [
              6.072095,
              53.315921
            ],
            [
              6.072083,
              53.315963
            ],
            [
              6.072065,
              53.316062
            ],
            [
              6.072055,
              53.316132
            ],
            [
              6.072051,
              53.316177
            ],
            [
              6.072066,
              53.316201
            ],
            [
              6.072231,
              53.316234
            ],
            [
              6.072398,
              53.31627
            ],
            [
              6.072533,
              53.316299
            ],
            [
              6.072646,
              53.316325
            ],
            [
              6.072755,
              53.316362
            ],
            [
              6.072829,
              53.316382
            ],
            [
              6.072959,
              53.316429
            ],
            [
              6.07309,
              53.316484
            ],
            [
              6.073185,
              53.316521
            ],
            [
              6.073289,
              53.316571
            ],
            [
              6.073307,
              53.31658
            ],
            [
              6.073342,
              53.316596
            ],
            [
              6.073353,
              53.3166
            ],
            [
              6.073405,
              53.316618
            ],
            [
              6.07346,
              53.316648
            ],
            [
              6.073507,
              53.31666
            ],
            [
              6.073592,
              53.316702
            ],
            [
              6.073685,
              53.316747
            ],
            [
              6.073862,
              53.316828
            ],
            [
              6.074071,
              53.316932
            ],
            [
              6.074188,
              53.31699
            ],
            [
              6.074276,
              53.317035
            ],
            [
              6.074531,
              53.317173
            ],
            [
              6.074723,
              53.317275
            ],
            [
              6.074816,
              53.317315
            ],
            [
              6.074843,
              53.317366
            ],
            [
              6.074863,
              53.317412
            ],
            [
              6.074895,
              53.3175
            ],
            [
              6.074936,
              53.317598
            ],
            [
              6.074949,
              53.317642
            ],
            [
              6.074985,
              53.317644
            ],
            [
              6.074981,
              53.3177
            ],
            [
              6.074954,
              53.317861
            ],
            [
              6.07491,
              53.318101
            ],
            [
              6.074878,
              53.318356
            ],
            [
              6.074854,
              53.318468
            ],
            [
              6.074843,
              53.318521
            ],
            [
              6.074818,
              53.318693
            ],
            [
              6.074797,
              53.318838
            ],
            [
              6.074738,
              53.319119
            ],
            [
              6.074714,
              53.319284
            ],
            [
              6.074675,
              53.319555
            ],
            [
              6.074623,
              53.319813
            ],
            [
              6.074599,
              53.320028
            ],
            [
              6.074579,
              53.320154
            ],
            [
              6.074518,
              53.320157
            ],
            [
              6.074322,
              53.320161
            ],
            [
              6.074293,
              53.320422
            ],
            [
              6.074253,
              53.320746
            ],
            [
              6.074211,
              53.321069
            ],
            [
              6.074177,
              53.321328
            ],
            [
              6.074152,
              53.321477
            ],
            [
              6.074165,
              53.321483
            ],
            [
              6.0744,
              53.321599
            ],
            [
              6.074616,
              53.321706
            ],
            [
              6.074691,
              53.321737
            ],
            [
              6.0748,
              53.321776
            ],
            [
              6.074889,
              53.321767
            ],
            [
              6.075141,
              53.321737
            ],
            [
              6.075417,
              53.321707
            ],
            [
              6.075615,
              53.321685
            ],
            [
              6.075701,
              53.321684
            ],
            [
              6.075851,
              53.321675
            ],
            [
              6.076054,
              53.32167
            ],
            [
              6.076285,
              53.321663
            ],
            [
              6.076436,
              53.321658
            ],
            [
              6.076537,
              53.321662
            ],
            [
              6.076546,
              53.32168
            ],
            [
              6.076581,
              53.321698
            ],
            [
              6.076599,
              53.321719
            ],
            [
              6.076625,
              53.321736
            ],
            [
              6.07668,
              53.321735
            ],
            [
              6.076726,
              53.321736
            ],
            [
              6.076777,
              53.321734
            ],
            [
              6.07683,
              53.321732
            ],
            [
              6.07689,
              53.32173
            ],
            [
              6.076959,
              53.321724
            ],
            [
              6.077005,
              53.32172
            ],
            [
              6.077049,
              53.32171
            ],
            [
              6.077111,
              53.321699
            ],
            [
              6.077174,
              53.321688
            ],
            [
              6.077223,
              53.321677
            ],
            [
              6.077234,
              53.321686
            ],
            [
              6.077251,
              53.321716
            ],
            [
              6.077266,
              53.32174
            ],
            [
              6.077267,
              53.321759
            ],
            [
              6.077279,
              53.321787
            ],
            [
              6.077275,
              53.32181
            ],
            [
              6.077329,
              53.321842
            ],
            [
              6.077376,
              53.321868
            ],
            [
              6.077416,
              53.321894
            ],
            [
              6.077464,
              53.321917
            ],
            [
              6.077508,
              53.321931
            ],
            [
              6.077516,
              53.321937
            ],
            [
              6.077541,
              53.321958
            ],
            [
              6.077627,
              53.322004
            ],
            [
              6.077753,
              53.322087
            ],
            [
              6.077634,
              53.322156
            ],
            [
              6.07752,
              53.322238
            ],
            [
              6.077509,
              53.322247
            ],
            [
              6.077221,
              53.322522
            ],
            [
              6.076973,
              53.322821
            ],
            [
              6.076774,
              53.323102
            ],
            [
              6.076582,
              53.323372
            ],
            [
              6.076471,
              53.323548
            ],
            [
              6.07641,
              53.323649
            ],
            [
              6.076306,
              53.323785
            ],
            [
              6.076207,
              53.323893
            ],
            [
              6.076118,
              53.323986
            ],
            [
              6.075989,
              53.324094
            ],
            [
              6.075773,
              53.324242
            ],
            [
              6.075663,
              53.324294
            ],
            [
              6.074759,
              53.324613
            ],
            [
              6.074649,
              53.324652
            ],
            [
              6.074535,
              53.324689
            ],
            [
              6.07441,
              53.324728
            ],
            [
              6.074289,
              53.324762
            ],
            [
              6.074226,
              53.324779
            ],
            [
              6.074151,
              53.324795
            ],
            [
              6.074077,
              53.324805
            ],
            [
              6.073991,
              53.324813
            ],
            [
              6.073646,
              53.324848
            ],
            [
              6.073556,
              53.324855
            ],
            [
              6.073468,
              53.324862
            ],
            [
              6.073394,
              53.324865
            ],
            [
              6.073313,
              53.324868
            ],
            [
              6.073224,
              53.324868
            ],
            [
              6.07313,
              53.324869
            ],
            [
              6.073044,
              53.32487
            ],
            [
              6.072967,
              53.324869
            ],
            [
              6.072747,
              53.32487
            ],
            [
              6.072747,
              53.324869
            ],
            [
              6.0727,
              53.324868
            ],
            [
              6.072439,
              53.324862
            ],
            [
              6.072063,
              53.324831
            ],
            [
              6.071696,
              53.324801
            ],
            [
              6.07157,
              53.324787
            ],
            [
              6.071251,
              53.324716
            ],
            [
              6.07122,
              53.324707
            ],
            [
              6.071003,
              53.324649
            ],
            [
              6.070868,
              53.324602
            ],
            [
              6.070645,
              53.324525
            ],
            [
              6.070485,
              53.324456
            ],
            [
              6.070187,
              53.324317
            ],
            [
              6.069824,
              53.32416
            ],
            [
              6.069335,
              53.323948
            ],
            [
              6.069086,
              53.323862
            ],
            [
              6.068866,
              53.323802
            ],
            [
              6.068696,
              53.323772
            ],
            [
              6.068448,
              53.323747
            ],
            [
              6.068022,
              53.3237
            ],
            [
              6.067568,
              53.323648
            ],
            [
              6.067142,
              53.323641
            ],
            [
              6.066774,
              53.323635
            ],
            [
              6.066307,
              53.323639
            ],
            [
              6.065881,
              53.323651
            ],
            [
              6.065437,
              53.323665
            ],
            [
              6.064871,
              53.323686
            ],
            [
              6.064374,
              53.323723
            ],
            [
              6.064061,
              53.323746
            ],
            [
              6.063628,
              53.323798
            ],
            [
              6.063127,
              53.323861
            ],
            [
              6.062734,
              53.32391
            ],
            [
              6.06254,
              53.323935
            ],
            [
              6.062423,
              53.32395
            ],
            [
              6.062105,
              53.323979
            ],
            [
              6.061739,
              53.324006
            ],
            [
              6.061414,
              53.324027
            ],
            [
              6.061209,
              53.32404
            ],
            [
              6.060836,
              53.324053
            ],
            [
              6.060649,
              53.324068
            ],
            [
              6.060407,
              53.324067
            ],
            [
              6.059925,
              53.324062
            ],
            [
              6.0594,
              53.324056
            ],
            [
              6.059328,
              53.324055
            ],
            [
              6.058891,
              53.324043
            ],
            [
              6.058471,
              53.32404
            ],
            [
              6.057986,
              53.324077
            ],
            [
              6.057406,
              53.324124
            ],
            [
              6.05677,
              53.324179
            ],
            [
              6.056065,
              53.324301
            ],
            [
              6.05606,
              53.324303
            ],
            [
              6.055861,
              53.324351
            ],
            [
              6.055652,
              53.324403
            ],
            [
              6.055467,
              53.324447
            ],
            [
              6.055261,
              53.324502
            ],
            [
              6.055111,
              53.324542
            ],
            [
              6.054953,
              53.324578
            ],
            [
              6.054743,
              53.324628
            ],
            [
              6.054545,
              53.324677
            ],
            [
              6.054336,
              53.324725
            ],
            [
              6.053923,
              53.324827
            ],
            [
              6.053823,
              53.324844
            ],
            [
              6.053617,
              53.324875
            ],
            [
              6.053394,
              53.324897
            ],
            [
              6.053228,
              53.324911
            ],
            [
              6.053095,
              53.324918
            ],
            [
              6.052876,
              53.324924
            ],
            [
              6.052515,
              53.324929
            ],
            [
              6.052196,
              53.324932
            ],
            [
              6.051965,
              53.324914
            ],
            [
              6.051699,
              53.324873
            ],
            [
              6.051412,
              53.324839
            ],
            [
              6.051132,
              53.324796
            ],
            [
              6.050788,
              53.32474
            ],
            [
              6.050418,
              53.324674
            ],
            [
              6.050141,
              53.324621
            ],
            [
              6.049863,
              53.324566
            ],
            [
              6.049431,
              53.324481
            ],
            [
              6.049292,
              53.324452
            ],
            [
              6.049229,
              53.324439
            ],
            [
              6.049083,
              53.324412
            ],
            [
              6.048888,
              53.324368
            ],
            [
              6.048653,
              53.324315
            ],
            [
              6.048247,
              53.324227
            ],
            [
              6.048053,
              53.324184
            ],
            [
              6.047843,
              53.324141
            ],
            [
              6.047638,
              53.324097
            ],
            [
              6.047534,
              53.324074
            ],
            [
              6.047443,
              53.324053
            ],
            [
              6.047292,
              53.324018
            ],
            [
              6.046931,
              53.323932
            ],
            [
              6.046788,
              53.323901
            ],
            [
              6.046634,
              53.323877
            ],
            [
              6.046411,
              53.323844
            ],
            [
              6.046254,
              53.323827
            ],
            [
              6.046086,
              53.32382
            ],
            [
              6.045889,
              53.323823
            ],
            [
              6.04571,
              53.323834
            ],
            [
              6.04554,
              53.323844
            ],
            [
              6.045285,
              53.323859
            ],
            [
              6.045101,
              53.323874
            ],
            [
              6.044938,
              53.323888
            ],
            [
              6.044752,
              53.323907
            ],
            [
              6.044464,
              53.323959
            ],
            [
              6.044298,
              53.323986
            ],
            [
              6.044136,
              53.324018
            ],
            [
              6.04395,
              53.324086
            ],
            [
              6.043613,
              53.32421
            ],
            [
              6.043443,
              53.324267
            ],
            [
              6.0433,
              53.324325
            ],
            [
              6.043126,
              53.324396
            ],
            [
              6.042929,
              53.324478
            ],
            [
              6.042773,
              53.324548
            ],
            [
              6.042608,
              53.324617
            ],
            [
              6.042466,
              53.324675
            ],
            [
              6.042307,
              53.324739
            ],
            [
              6.042146,
              53.324801
            ],
            [
              6.041995,
              53.324858
            ],
            [
              6.041843,
              53.324909
            ],
            [
              6.04176,
              53.324936
            ],
            [
              6.041667,
              53.324957
            ],
            [
              6.041553,
              53.324974
            ],
            [
              6.041444,
              53.324984
            ],
            [
              6.040976,
              53.325024
            ],
            [
              6.040743,
              53.325046
            ],
            [
              6.040484,
              53.325066
            ],
            [
              6.040238,
              53.325082
            ],
            [
              6.040009,
              53.325103
            ],
            [
              6.039767,
              53.325121
            ],
            [
              6.039552,
              53.325135
            ],
            [
              6.039316,
              53.325145
            ],
            [
              6.039079,
              53.325156
            ],
            [
              6.03885,
              53.325162
            ],
            [
              6.038616,
              53.325171
            ],
            [
              6.038417,
              53.325176
            ],
            [
              6.038249,
              53.325175
            ],
            [
              6.038157,
              53.325167
            ],
            [
              6.03806,
              53.325153
            ],
            [
              6.037966,
              53.325135
            ],
            [
              6.037868,
              53.325109
            ],
            [
              6.037774,
              53.325079
            ],
            [
              6.037692,
              53.325048
            ],
            [
              6.037624,
              53.325005
            ],
            [
              6.037542,
              53.324962
            ],
            [
              6.037468,
              53.324922
            ],
            [
              6.037401,
              53.324879
            ],
            [
              6.037334,
              53.324844
            ],
            [
              6.037243,
              53.324798
            ],
            [
              6.03716,
              53.324755
            ],
            [
              6.037005,
              53.324675
            ],
            [
              6.036848,
              53.324595
            ],
            [
              6.036704,
              53.324521
            ],
            [
              6.036626,
              53.324481
            ],
            [
              6.036549,
              53.324438
            ],
            [
              6.036468,
              53.324393
            ],
            [
              6.036421,
              53.324371
            ],
            [
              6.036375,
              53.324352
            ],
            [
              6.036298,
              53.324323
            ],
            [
              6.03621,
              53.324299
            ],
            [
              6.036107,
              53.324276
            ],
            [
              6.036034,
              53.32427
            ],
            [
              6.036013,
              53.324268
            ],
            [
              6.035906,
              53.324264
            ],
            [
              6.035817,
              53.324269
            ],
            [
              6.035712,
              53.324277
            ],
            [
              6.035613,
              53.324283
            ],
            [
              6.035515,
              53.324288
            ],
            [
              6.035414,
              53.324294
            ],
            [
              6.035363,
              53.324296
            ],
            [
              6.035307,
              53.324306
            ],
            [
              6.035262,
              53.324321
            ],
            [
              6.035203,
              53.324336
            ],
            [
              6.035169,
              53.324349
            ],
            [
              6.035073,
              53.324389
            ],
            [
              6.035015,
              53.324418
            ],
            [
              6.034969,
              53.324441
            ],
            [
              6.034929,
              53.324461
            ],
            [
              6.034899,
              53.32448
            ],
            [
              6.034869,
              53.324501
            ],
            [
              6.034839,
              53.324524
            ],
            [
              6.034802,
              53.324551
            ],
            [
              6.034773,
              53.324581
            ],
            [
              6.034737,
              53.324616
            ],
            [
              6.03469,
              53.324667
            ],
            [
              6.034628,
              53.32473
            ],
            [
              6.034582,
              53.324783
            ],
            [
              6.034516,
              53.324848
            ],
            [
              6.034427,
              53.32495
            ],
            [
              6.034379,
              53.325003
            ],
            [
              6.034321,
              53.325069
            ],
            [
              6.034257,
              53.325136
            ],
            [
              6.03419,
              53.325205
            ],
            [
              6.034145,
              53.325244
            ],
            [
              6.034088,
              53.325287
            ],
            [
              6.034031,
              53.325328
            ],
            [
              6.033962,
              53.325374
            ],
            [
              6.033892,
              53.325416
            ],
            [
              6.033812,
              53.325453
            ],
            [
              6.033739,
              53.325483
            ],
            [
              6.03364,
              53.325517
            ],
            [
              6.033549,
              53.325543
            ],
            [
              6.033436,
              53.325573
            ],
            [
              6.033335,
              53.325595
            ],
            [
              6.033226,
              53.325611
            ],
            [
              6.03309,
              53.325623
            ],
            [
              6.032963,
              53.32563
            ],
            [
              6.032806,
              53.325629
            ],
            [
              6.032693,
              53.325615
            ],
            [
              6.032575,
              53.325584
            ],
            [
              6.032549,
              53.325577
            ],
            [
              6.032413,
              53.325539
            ],
            [
              6.0323,
              53.325497
            ],
            [
              6.032168,
              53.325444
            ],
            [
              6.032008,
              53.325381
            ],
            [
              6.031918,
              53.325347
            ],
            [
              6.031749,
              53.325291
            ],
            [
              6.031566,
              53.32524
            ],
            [
              6.031389,
              53.325189
            ],
            [
              6.031276,
              53.32517
            ],
            [
              6.031188,
              53.325153
            ],
            [
              6.031092,
              53.325137
            ],
            [
              6.03099,
              53.32512
            ],
            [
              6.030885,
              53.325105
            ],
            [
              6.030772,
              53.325087
            ],
            [
              6.030633,
              53.325069
            ],
            [
              6.030482,
              53.325055
            ],
            [
              6.030362,
              53.325046
            ],
            [
              6.030257,
              53.325043
            ],
            [
              6.030155,
              53.325047
            ],
            [
              6.030061,
              53.325052
            ],
            [
              6.029952,
              53.325057
            ],
            [
              6.029842,
              53.325067
            ],
            [
              6.029707,
              53.325079
            ],
            [
              6.029497,
              53.325101
            ],
            [
              6.029299,
              53.325122
            ],
            [
              6.02903,
              53.325152
            ],
            [
              6.028802,
              53.32518
            ],
            [
              6.028587,
              53.325205
            ],
            [
              6.028467,
              53.325218
            ],
            [
              6.028348,
              53.325226
            ],
            [
              6.028228,
              53.32523
            ],
            [
              6.028105,
              53.325232
            ],
            [
              6.027982,
              53.325227
            ],
            [
              6.027869,
              53.325212
            ],
            [
              6.027765,
              53.325192
            ],
            [
              6.027664,
              53.325168
            ],
            [
              6.027575,
              53.325141
            ],
            [
              6.027479,
              53.325109
            ],
            [
              6.027391,
              53.325073
            ],
            [
              6.027297,
              53.325032
            ],
            [
              6.027225,
              53.324998
            ],
            [
              6.027145,
              53.324955
            ],
            [
              6.027059,
              53.324907
            ],
            [
              6.026983,
              53.32486
            ],
            [
              6.026922,
              53.324814
            ],
            [
              6.026854,
              53.324765
            ],
            [
              6.026779,
              53.324716
            ],
            [
              6.026695,
              53.32468
            ],
            [
              6.02661,
              53.324641
            ],
            [
              6.026508,
              53.3246
            ],
            [
              6.026426,
              53.324569
            ],
            [
              6.026338,
              53.32454
            ],
            [
              6.02624,
              53.324511
            ],
            [
              6.026136,
              53.324497
            ],
            [
              6.026019,
              53.324494
            ],
            [
              6.025908,
              53.324494
            ],
            [
              6.025799,
              53.324499
            ],
            [
              6.025685,
              53.3245
            ],
            [
              6.025494,
              53.324505
            ],
            [
              6.025376,
              53.32451
            ],
            [
              6.025253,
              53.324515
            ],
            [
              6.025142,
              53.324523
            ],
            [
              6.025032,
              53.32453
            ],
            [
              6.024926,
              53.324538
            ],
            [
              6.024817,
              53.324551
            ],
            [
              6.024701,
              53.324572
            ],
            [
              6.024599,
              53.324594
            ],
            [
              6.024526,
              53.324612
            ],
            [
              6.024272,
              53.324567
            ],
            [
              6.023437,
              53.324529
            ],
            [
              6.023438,
              53.324504
            ],
            [
              6.023449,
              53.324133
            ],
            [
              6.023452,
              53.324024
            ],
            [
              6.02268,
              53.324028
            ],
            [
              6.022438,
              53.324031
            ],
            [
              6.02244,
              53.323991
            ],
            [
              6.022445,
              53.323986
            ],
            [
              6.022449,
              53.323977
            ],
            [
              6.022458,
              53.323913
            ],
            [
              6.022465,
              53.323878
            ],
            [
              6.02248,
              53.32381
            ],
            [
              6.022498,
              53.323733
            ],
            [
              6.022513,
              53.323675
            ],
            [
              6.022531,
              53.323603
            ],
            [
              6.022576,
              53.323356
            ],
            [
              6.022612,
              53.323178
            ],
            [
              6.022623,
              53.323113
            ],
            [
              6.022644,
              53.323059
            ],
            [
              6.022656,
              53.323003
            ],
            [
              6.022674,
              53.322896
            ],
            [
              6.02268,
              53.322864
            ],
            [
              6.022687,
              53.322835
            ],
            [
              6.02271,
              53.322781
            ],
            [
              6.02273,
              53.322749
            ],
            [
              6.022746,
              53.322725
            ],
            [
              6.022773,
              53.322686
            ],
            [
              6.022777,
              53.322678
            ],
            [
              6.022779,
              53.322669
            ],
            [
              6.022778,
              53.322661
            ],
            [
              6.022774,
              53.322653
            ],
            [
              6.022769,
              53.322646
            ],
            [
              6.022764,
              53.322641
            ],
            [
              6.022757,
              53.322635
            ],
            [
              6.022752,
              53.322626
            ],
            [
              6.022745,
              53.322601
            ],
            [
              6.022749,
              53.322577
            ],
            [
              6.022766,
              53.322525
            ],
            [
              6.022787,
              53.322466
            ],
            [
              6.022869,
              53.322282
            ],
            [
              6.022954,
              53.322108
            ],
            [
              6.022934,
              53.322077
            ],
            [
              6.022881,
              53.321889
            ],
            [
              6.022739,
              53.321519
            ],
            [
              6.022693,
              53.32143
            ],
            [
              6.022661,
              53.321351
            ],
            [
              6.022644,
              53.321322
            ],
            [
              6.022438,
              53.321228
            ],
            [
              6.022337,
              53.321171
            ],
            [
              6.022265,
              53.32109
            ],
            [
              6.02226,
              53.321082
            ],
            [
              6.022234,
              53.321041
            ],
            [
              6.022161,
              53.320939
            ],
            [
              6.022121,
              53.320896
            ],
            [
              6.021929,
              53.3208
            ],
            [
              6.021866,
              53.320749
            ],
            [
              6.021563,
              53.320458
            ],
            [
              6.021504,
              53.320422
            ],
            [
              6.021254,
              53.320354
            ],
            [
              6.021241,
              53.320333
            ],
            [
              6.021207,
              53.320148
            ],
            [
              6.021194,
              53.320013
            ],
            [
              6.021234,
              53.319914
            ],
            [
              6.021243,
              53.319848
            ],
            [
              6.021216,
              53.319699
            ],
            [
              6.021213,
              53.31955
            ],
            [
              6.0212,
              53.319098
            ],
            [
              6.02119,
              53.318296
            ],
            [
              6.021183,
              53.318176
            ],
            [
              6.021184,
              53.317978
            ],
            [
              6.021184,
              53.317835
            ],
            [
              6.021183,
              53.317797
            ],
            [
              6.021178,
              53.317675
            ],
            [
              6.021218,
              53.31766
            ],
            [
              6.021222,
              53.317482
            ],
            [
              6.021223,
              53.317436
            ],
            [
              6.021225,
              53.317339
            ],
            [
              6.021226,
              53.317307
            ],
            [
              6.021235,
              53.316899
            ],
            [
              6.02124,
              53.316641
            ],
            [
              6.021251,
              53.315718
            ],
            [
              6.021246,
              53.315199
            ],
            [
              6.021251,
              53.314713
            ],
            [
              6.021253,
              53.31419
            ],
            [
              6.021215,
              53.312169
            ],
            [
              6.021212,
              53.311963
            ],
            [
              6.021191,
              53.31141
            ],
            [
              6.021165,
              53.310701
            ],
            [
              6.021141,
              53.310149
            ],
            [
              6.021126,
              53.309101
            ],
            [
              6.021125,
              53.309079
            ],
            [
              6.021122,
              53.308844
            ],
            [
              6.021075,
              53.30884
            ],
            [
              6.021033,
              53.308839
            ],
            [
              6.020978,
              53.308837
            ],
            [
              6.020856,
              53.308834
            ],
            [
              6.020739,
              53.308823
            ],
            [
              6.020613,
              53.308804
            ],
            [
              6.020548,
              53.308793
            ],
            [
              6.020373,
              53.308756
            ],
            [
              6.020275,
              53.308735
            ],
            [
              6.020179,
              53.308732
            ],
            [
              6.020152,
              53.308224
            ],
            [
              6.019212,
              53.308196
            ],
            [
              6.019099,
              53.308194
            ],
            [
              6.018865,
              53.308191
            ],
            [
              6.018393,
              53.308182
            ],
            [
              6.018328,
              53.308181
            ],
            [
              6.017759,
              53.308175
            ],
            [
              6.017721,
              53.308149
            ],
            [
              6.0175,
              53.308161
            ],
            [
              6.016858,
              53.308138
            ],
            [
              6.016098,
              53.308118
            ],
            [
              6.0161,
              53.308088
            ],
            [
              6.01604,
              53.308099
            ],
            [
              6.015402,
              53.308213
            ],
            [
              6.01465,
              53.308346
            ],
            [
              6.014271,
              53.308399
            ],
            [
              6.014062,
              53.308406
            ],
            [
              6.012818,
              53.30843
            ],
            [
              6.011618,
              53.308444
            ],
            [
              6.011612,
              53.308705
            ],
            [
              6.011567,
              53.309076
            ],
            [
              6.010783,
              53.309081
            ],
            [
              6.010404,
              53.309099
            ],
            [
              6.009789,
              53.309133
            ],
            [
              6.009516,
              53.309148
            ],
            [
              6.009413,
              53.309153
            ],
            [
              6.009296,
              53.30916
            ],
            [
              6.00927,
              53.30943
            ],
            [
              6.009257,
              53.309597
            ],
            [
              6.009255,
              53.309622
            ],
            [
              6.009254,
              53.309631
            ],
            [
              6.008951,
              53.309643
            ],
            [
              6.008633,
              53.309656
            ],
            [
              6.007983,
              53.309678
            ],
            [
              6.007345,
              53.309708
            ],
            [
              6.006725,
              53.309736
            ],
            [
              6.006249,
              53.309753
            ],
            [
              6.005849,
              53.309766
            ],
            [
              6.0056,
              53.309777
            ],
            [
              6.005508,
              53.309785
            ],
            [
              6.005434,
              53.309798
            ],
            [
              6.005168,
              53.309848
            ],
            [
              6.005006,
              53.309879
            ],
            [
              6.004834,
              53.309908
            ],
            [
              6.004665,
              53.309943
            ],
            [
              6.004439,
              53.309986
            ],
            [
              6.004063,
              53.310063
            ],
            [
              6.004023,
              53.310079
            ],
            [
              6.003873,
              53.310097
            ],
            [
              6.003662,
              53.310115
            ],
            [
              6.003491,
              53.310123
            ],
            [
              6.003178,
              53.310119
            ],
            [
              6.002317,
              53.310093
            ],
            [
              6.001556,
              53.310059
            ],
            [
              6.001495,
              53.31006
            ],
            [
              6.001487,
              53.31006
            ],
            [
              6.001449,
              53.310066
            ],
            [
              6.001413,
              53.310072
            ],
            [
              6.001368,
              53.31008
            ],
            [
              6.001286,
              53.310101
            ],
            [
              6.001093,
              53.310149
            ],
            [
              6.000934,
              53.310186
            ],
            [
              6.000773,
              53.310219
            ],
            [
              6.000477,
              53.310277
            ],
            [
              6.00031,
              53.310311
            ],
            [
              6.000237,
              53.310321
            ],
            [
              6.000047,
              53.31035
            ],
            [
              5.999736,
              53.3104
            ],
            [
              5.999563,
              53.310431
            ],
            [
              5.999383,
              53.310461
            ],
            [
              5.999203,
              53.310482
            ],
            [
              5.999056,
              53.310489
            ],
            [
              5.998928,
              53.31049
            ],
            [
              5.998762,
              53.310492
            ],
            [
              5.998532,
              53.310497
            ],
            [
              5.998168,
              53.310499
            ],
            [
              5.998101,
              53.3105
            ],
            [
              5.998024,
              53.310495
            ],
            [
              5.997959,
              53.310489
            ],
            [
              5.997859,
              53.310479
            ],
            [
              5.99773,
              53.310465
            ],
            [
              5.997601,
              53.310452
            ],
            [
              5.997467,
              53.310438
            ],
            [
              5.997323,
              53.310422
            ],
            [
              5.996929,
              53.310354
            ],
            [
              5.996798,
              53.310335
            ],
            [
              5.996712,
              53.310324
            ],
            [
              5.996665,
              53.310324
            ],
            [
              5.996634,
              53.310329
            ],
            [
              5.996581,
              53.310349
            ],
            [
              5.996543,
              53.310364
            ],
            [
              5.996514,
              53.310372
            ],
            [
              5.996482,
              53.310371
            ],
            [
              5.996441,
              53.310369
            ],
            [
              5.996053,
              53.310317
            ],
            [
              5.995788,
              53.310286
            ],
            [
              5.995577,
              53.310261
            ],
            [
              5.995291,
              53.310227
            ],
            [
              5.995027,
              53.310201
            ],
            [
              5.994753,
              53.310172
            ],
            [
              5.994477,
              53.310147
            ],
            [
              5.994308,
              53.310132
            ],
            [
              5.994292,
              53.310131
            ],
            [
              5.994279,
              53.31013
            ],
            [
              5.994206,
              53.310125
            ],
            [
              5.994117,
              53.310119
            ],
            [
              5.993972,
              53.31011
            ],
            [
              5.993888,
              53.310102
            ],
            [
              5.993499,
              53.310076
            ],
            [
              5.993488,
              53.310158
            ],
            [
              5.993375,
              53.310154
            ],
            [
              5.991727,
              53.310107
            ],
            [
              5.991452,
              53.310104
            ],
            [
              5.99133,
              53.310106
            ],
            [
              5.99102,
              53.310117
            ],
            [
              5.99069,
              53.310109
            ],
            [
              5.990529,
              53.310108
            ],
            [
              5.990302,
              53.310104
            ],
            [
              5.990195,
              53.310099
            ],
            [
              5.990148,
              53.310095
            ],
            [
              5.989819,
              53.310065
            ],
            [
              5.989756,
              53.310062
            ],
            [
              5.989742,
              53.31006
            ],
            [
              5.989624,
              53.310043
            ],
            [
              5.989275,
              53.309977
            ],
            [
              5.989135,
              53.309947
            ],
            [
              5.988287,
              53.309761
            ],
            [
              5.988226,
              53.309747
            ],
            [
              5.987505,
              53.309589
            ],
            [
              5.987631,
              53.309269
            ],
            [
              5.986632,
              53.309168
            ],
            [
              5.986579,
              53.30917
            ],
            [
              5.986508,
              53.309172
            ],
            [
              5.986472,
              53.309163
            ],
            [
              5.986259,
              53.309131
            ],
            [
              5.985899,
              53.309058
            ],
            [
              5.985463,
              53.308948
            ],
            [
              5.985491,
              53.308888
            ],
            [
              5.985419,
              53.308874
            ],
            [
              5.985436,
              53.308813
            ],
            [
              5.984765,
              53.308648
            ],
            [
              5.984416,
              53.308577
            ],
            [
              5.984095,
              53.308535
            ],
            [
              5.984044,
              53.308529
            ],
            [
              5.984029,
              53.308556
            ],
            [
              5.983696,
              53.308504
            ],
            [
              5.982723,
              53.308278
            ],
            [
              5.982355,
              53.308181
            ],
            [
              5.982243,
              53.308149
            ],
            [
              5.982126,
              53.308112
            ],
            [
              5.981471,
              53.307873
            ],
            [
              5.981355,
              53.30783
            ],
            [
              5.981249,
              53.3078
            ],
            [
              5.980582,
              53.307553
            ],
            [
              5.980384,
              53.307446
            ],
            [
              5.980247,
              53.307431
            ],
            [
              5.980152,
              53.307471
            ],
            [
              5.980108,
              53.307489
            ],
            [
              5.979894,
              53.307453
            ],
            [
              5.979792,
              53.307439
            ],
            [
              5.979405,
              53.307397
            ],
            [
              5.978754,
              53.307317
            ],
            [
              5.977834,
              53.307205
            ],
            [
              5.977555,
              53.307201
            ],
            [
              5.977429,
              53.307197
            ],
            [
              5.977317,
              53.307194
            ],
            [
              5.977215,
              53.307191
            ],
            [
              5.977144,
              53.307173
            ],
            [
              5.976728,
              53.307093
            ],
            [
              5.976089,
              53.306945
            ],
            [
              5.975853,
              53.306927
            ],
            [
              5.975388,
              53.307684
            ],
            [
              5.975128,
              53.308107
            ],
            [
              5.974855,
              53.308548
            ],
            [
              5.974821,
              53.308602
            ],
            [
              5.974715,
              53.308773
            ],
            [
              5.974564,
              53.309016
            ],
            [
              5.973957,
              53.308892
            ],
            [
              5.973686,
              53.309317
            ],
            [
              5.973632,
              53.309406
            ],
            [
              5.973628,
              53.309411
            ],
            [
              5.973623,
              53.309419
            ],
            [
              5.973615,
              53.309427
            ],
            [
              5.9736,
              53.309439
            ],
            [
              5.973592,
              53.309442
            ],
            [
              5.973581,
              53.309444
            ],
            [
              5.973563,
              53.309444
            ],
            [
              5.973537,
              53.309443
            ],
            [
              5.973422,
              53.309421
            ],
            [
              5.973392,
              53.309421
            ],
            [
              5.973383,
              53.309424
            ],
            [
              5.973367,
              53.309435
            ],
            [
              5.973188,
              53.309723
            ],
            [
              5.973149,
              53.309782
            ],
            [
              5.973009,
              53.310005
            ],
            [
              5.972816,
              53.310306
            ],
            [
              5.972649,
              53.310576
            ],
            [
              5.972637,
              53.310595
            ],
            [
              5.972384,
              53.310995
            ],
            [
              5.972036,
              53.311548
            ],
            [
              5.971975,
              53.311645
            ],
            [
              5.971647,
              53.311561
            ],
            [
              5.971438,
              53.311939
            ],
            [
              5.971362,
              53.312098
            ],
            [
              5.971237,
              53.312368
            ],
            [
              5.970913,
              53.313078
            ],
            [
              5.970823,
              53.313296
            ],
            [
              5.97075,
              53.313475
            ],
            [
              5.970742,
              53.313494
            ],
            [
              5.970676,
              53.313654
            ],
            [
              5.970669,
              53.313673
            ],
            [
              5.970828,
              53.313764
            ],
            [
              5.970977,
              53.313845
            ],
            [
              5.971144,
              53.313936
            ],
            [
              5.971219,
              53.31398
            ],
            [
              5.971431,
              53.314112
            ],
            [
              5.971554,
              53.314182
            ],
            [
              5.971738,
              53.31428
            ],
            [
              5.971848,
              53.314337
            ],
            [
              5.972173,
              53.314505
            ],
            [
              5.972302,
              53.314569
            ],
            [
              5.972341,
              53.314586
            ],
            [
              5.972682,
              53.314717
            ],
            [
              5.972727,
              53.31473
            ],
            [
              5.972822,
              53.314751
            ],
            [
              5.972926,
              53.314767
            ],
            [
              5.972994,
              53.314786
            ],
            [
              5.973198,
              53.314835
            ],
            [
              5.973353,
              53.314884
            ],
            [
              5.973642,
              53.314995
            ],
            [
              5.973774,
              53.315018
            ],
            [
              5.973786,
              53.315029
            ],
            [
              5.973837,
              53.315077
            ],
            [
              5.973843,
              53.315085
            ],
            [
              5.973841,
              53.315097
            ],
            [
              5.973839,
              53.315108
            ],
            [
              5.973828,
              53.315154
            ],
            [
              5.973824,
              53.315182
            ],
            [
              5.973937,
              53.315346
            ],
            [
              5.974026,
              53.315481
            ],
            [
              5.974076,
              53.315557
            ],
            [
              5.974099,
              53.315614
            ],
            [
              5.97412,
              53.315657
            ],
            [
              5.974224,
              53.315861
            ],
            [
              5.9743,
              53.315999
            ],
            [
              5.974288,
              53.316047
            ],
            [
              5.974242,
              53.316618
            ],
            [
              5.974232,
              53.316669
            ],
            [
              5.974207,
              53.316803
            ],
            [
              5.974246,
              53.316913
            ],
            [
              5.97425,
              53.316959
            ],
            [
              5.974324,
              53.317076
            ],
            [
              5.974341,
              53.317121
            ],
            [
              5.974453,
              53.317298
            ],
            [
              5.974416,
              53.317352
            ],
            [
              5.974276,
              53.317436
            ],
            [
              5.974215,
              53.31747
            ],
            [
              5.974114,
              53.317539
            ],
            [
              5.974045,
              53.317635
            ],
            [
              5.973984,
              53.317722
            ],
            [
              5.97393,
              53.317796
            ],
            [
              5.973904,
              53.317836
            ],
            [
              5.973816,
              53.317898
            ],
            [
              5.973734,
              53.317933
            ],
            [
              5.973474,
              53.317976
            ],
            [
              5.973327,
              53.318044
            ],
            [
              5.973175,
              53.318115
            ],
            [
              5.973162,
              53.31813
            ],
            [
              5.973127,
              53.318214
            ],
            [
              5.973103,
              53.318295
            ],
            [
              5.973066,
              53.318456
            ],
            [
              5.973046,
              53.318704
            ],
            [
              5.973033,
              53.318768
            ],
            [
              5.972946,
              53.318964
            ],
            [
              5.972915,
              53.319111
            ],
            [
              5.972899,
              53.319197
            ],
            [
              5.972886,
              53.31926
            ],
            [
              5.972872,
              53.319323
            ],
            [
              5.972872,
              53.319325
            ],
            [
              5.972871,
              53.31933
            ],
            [
              5.972857,
              53.319381
            ],
            [
              5.972828,
              53.319459
            ],
            [
              5.972794,
              53.319545
            ],
            [
              5.972766,
              53.319608
            ],
            [
              5.972677,
              53.319793
            ],
            [
              5.972637,
              53.319864
            ],
            [
              5.972548,
              53.320012
            ],
            [
              5.972489,
              53.320123
            ],
            [
              5.972468,
              53.320228
            ],
            [
              5.972463,
              53.320246
            ],
            [
              5.972423,
              53.320382
            ],
            [
              5.972414,
              53.320401
            ],
            [
              5.972394,
              53.320431
            ],
            [
              5.972378,
              53.320466
            ],
            [
              5.972337,
              53.320577
            ],
            [
              5.972312,
              53.32065
            ],
            [
              5.972243,
              53.320786
            ],
            [
              5.972205,
              53.320857
            ],
            [
              5.972181,
              53.320902
            ],
            [
              5.972176,
              53.320957
            ],
            [
              5.972175,
              53.320979
            ],
            [
              5.972188,
              53.321085
            ],
            [
              5.972174,
              53.321091
            ],
            [
              5.971954,
              53.321193
            ],
            [
              5.971546,
              53.321455
            ],
            [
              5.970838,
              53.321913
            ],
            [
              5.97011,
              53.322171
            ],
            [
              5.968776,
              53.322513
            ],
            [
              5.96748,
              53.322646
            ],
            [
              5.966084,
              53.322688
            ],
            [
              5.965594,
              53.322721
            ],
            [
              5.965304,
              53.322744
            ],
            [
              5.964758,
              53.322763
            ],
            [
              5.964013,
              53.322841
            ],
            [
              5.963858,
              53.322853
            ],
            [
              5.963562,
              53.322828
            ],
            [
              5.96322,
              53.322775
            ],
            [
              5.962985,
              53.322714
            ],
            [
              5.96275,
              53.322635
            ],
            [
              5.962075,
              53.322393
            ],
            [
              5.961423,
              53.322165
            ],
            [
              5.960597,
              53.321911
            ],
            [
              5.959851,
              53.321677
            ],
            [
              5.959196,
              53.321501
            ],
            [
              5.959182,
              53.321519
            ],
            [
              5.958473,
              53.321387
            ],
            [
              5.957763,
              53.32128
            ],
            [
              5.957339,
              53.321237
            ],
            [
              5.957097,
              53.32123
            ],
            [
              5.95685,
              53.321242
            ],
            [
              5.956616,
              53.321275
            ],
            [
              5.956378,
              53.321312
            ],
            [
              5.955685,
              53.321412
            ],
            [
              5.955641,
              53.32141
            ],
            [
              5.955579,
              53.321404
            ],
            [
              5.955464,
              53.321393
            ],
            [
              5.955347,
              53.321379
            ],
            [
              5.955291,
              53.321371
            ],
            [
              5.955228,
              53.321364
            ],
            [
              5.955101,
              53.321341
            ],
            [
              5.954994,
              53.321324
            ],
            [
              5.954879,
              53.321303
            ],
            [
              5.954768,
              53.321288
            ],
            [
              5.954696,
              53.321274
            ],
            [
              5.954578,
              53.321247
            ],
            [
              5.95447,
              53.32122
            ],
            [
              5.954362,
              53.321194
            ],
            [
              5.954247,
              53.321167
            ],
            [
              5.954144,
              53.321137
            ],
            [
              5.954031,
              53.321105
            ],
            [
              5.953929,
              53.32108
            ],
            [
              5.953872,
              53.321062
            ],
            [
              5.953755,
              53.321023
            ],
            [
              5.953633,
              53.320973
            ],
            [
              5.953536,
              53.320934
            ],
            [
              5.953502,
              53.32092
            ],
            [
              5.953513,
              53.320909
            ],
            [
              5.953467,
              53.320893
            ],
            [
              5.95337,
              53.320858
            ],
            [
              5.953271,
              53.320813
            ],
            [
              5.953071,
              53.320724
            ],
            [
              5.952798,
              53.3206
            ],
            [
              5.952691,
              53.320552
            ],
            [
              5.952494,
              53.32046
            ],
            [
              5.952223,
              53.320333
            ],
            [
              5.952125,
              53.320284
            ],
            [
              5.952034,
              53.320242
            ],
            [
              5.951839,
              53.320138
            ],
            [
              5.951581,
              53.319997
            ],
            [
              5.951404,
              53.3199
            ],
            [
              5.951322,
              53.319853
            ],
            [
              5.951261,
              53.319803
            ],
            [
              5.951193,
              53.319739
            ],
            [
              5.951123,
              53.319677
            ],
            [
              5.951062,
              53.319612
            ],
            [
              5.951006,
              53.319541
            ],
            [
              5.950901,
              53.319412
            ],
            [
              5.950797,
              53.319283
            ],
            [
              5.950742,
              53.319211
            ],
            [
              5.950643,
              53.319087
            ],
            [
              5.950592,
              53.319018
            ],
            [
              5.950541,
              53.318956
            ],
            [
              5.950451,
              53.31886
            ],
            [
              5.950365,
              53.318764
            ],
            [
              5.950254,
              53.318637
            ],
            [
              5.950139,
              53.318515
            ],
            [
              5.950062,
              53.318436
            ],
            [
              5.950012,
              53.318432
            ],
            [
              5.949986,
              53.318405
            ],
            [
              5.949995,
              53.318366
            ],
            [
              5.949968,
              53.318338
            ],
            [
              5.949912,
              53.318272
            ],
            [
              5.949853,
              53.318211
            ],
            [
              5.94979,
              53.318149
            ],
            [
              5.949731,
              53.318083
            ],
            [
              5.949673,
              53.31802
            ],
            [
              5.949612,
              53.31796
            ],
            [
              5.949579,
              53.317932
            ],
            [
              5.949538,
              53.317891
            ],
            [
              5.949516,
              53.317876
            ],
            [
              5.949353,
              53.317763
            ],
            [
              5.949305,
              53.317732
            ],
            [
              5.949262,
              53.317711
            ],
            [
              5.949211,
              53.31769
            ],
            [
              5.94917,
              53.317675
            ],
            [
              5.949097,
              53.31765
            ],
            [
              5.949063,
              53.31764
            ],
            [
              5.948992,
              53.317621
            ],
            [
              5.94893,
              53.317601
            ],
            [
              5.948868,
              53.317586
            ],
            [
              5.948818,
              53.317581
            ],
            [
              5.948689,
              53.317565
            ],
            [
              5.948607,
              53.317555
            ],
            [
              5.94855,
              53.317555
            ],
            [
              5.948497,
              53.317552
            ],
            [
              5.948461,
              53.317555
            ],
            [
              5.948379,
              53.317558
            ],
            [
              5.948305,
              53.31756
            ],
            [
              5.948238,
              53.317569
            ],
            [
              5.948129,
              53.317585
            ],
            [
              5.948015,
              53.317601
            ],
            [
              5.9479,
              53.317619
            ],
            [
              5.947779,
              53.317637
            ],
            [
              5.947723,
              53.317647
            ],
            [
              5.947629,
              53.317662
            ],
            [
              5.947567,
              53.317667
            ],
            [
              5.947536,
              53.317672
            ],
            [
              5.947467,
              53.317674
            ],
            [
              5.947351,
              53.317679
            ],
            [
              5.947256,
              53.317686
            ],
            [
              5.94715,
              53.317689
            ],
            [
              5.947081,
              53.317691
            ],
            [
              5.946944,
              53.317696
            ],
            [
              5.946825,
              53.317698
            ],
            [
              5.946666,
              53.317693
            ],
            [
              5.946472,
              53.317681
            ],
            [
              5.946224,
              53.317659
            ],
            [
              5.94618,
              53.317654
            ],
            [
              5.946051,
              53.317639
            ],
            [
              5.945957,
              53.31763
            ],
            [
              5.945771,
              53.317594
            ],
            [
              5.945656,
              53.317572
            ],
            [
              5.945484,
              53.317536
            ],
            [
              5.945213,
              53.317467
            ],
            [
              5.94501,
              53.317392
            ],
            [
              5.944807,
              53.317323
            ],
            [
              5.944591,
              53.317256
            ],
            [
              5.944269,
              53.317158
            ],
            [
              5.944173,
              53.317129
            ],
            [
              5.944066,
              53.317097
            ],
            [
              5.943943,
              53.317069
            ],
            [
              5.943833,
              53.317041
            ],
            [
              5.943728,
              53.317015
            ],
            [
              5.943655,
              53.317
            ],
            [
              5.943501,
              53.316964
            ],
            [
              5.943324,
              53.316927
            ],
            [
              5.942914,
              53.316846
            ],
            [
              5.9427,
              53.316797
            ],
            [
              5.942468,
              53.316746
            ],
            [
              5.942386,
              53.316727
            ],
            [
              5.942021,
              53.316639
            ],
            [
              5.941906,
              53.316609
            ],
            [
              5.941798,
              53.316579
            ],
            [
              5.941582,
              53.316513
            ],
            [
              5.941468,
              53.316481
            ],
            [
              5.941122,
              53.316406
            ],
            [
              5.940782,
              53.316331
            ],
            [
              5.940474,
              53.316264
            ],
            [
              5.940446,
              53.316255
            ],
            [
              5.940333,
              53.316232
            ],
            [
              5.940222,
              53.316205
            ],
            [
              5.940115,
              53.31618
            ],
            [
              5.939995,
              53.316151
            ],
            [
              5.939898,
              53.316125
            ],
            [
              5.93979,
              53.316096
            ],
            [
              5.939359,
              53.315965
            ],
            [
              5.939156,
              53.315895
            ],
            [
              5.939056,
              53.315859
            ],
            [
              5.938854,
              53.315786
            ],
            [
              5.938633,
              53.315719
            ],
            [
              5.938525,
              53.315691
            ],
            [
              5.938419,
              53.315665
            ],
            [
              5.938185,
              53.315626
            ],
            [
              5.93795,
              53.315585
            ],
            [
              5.937725,
              53.315547
            ],
            [
              5.937366,
              53.315497
            ],
            [
              5.937255,
              53.315484
            ],
            [
              5.937014,
              53.315476
            ],
            [
              5.93689,
              53.315472
            ],
            [
              5.936768,
              53.315475
            ],
            [
              5.936651,
              53.315483
            ],
            [
              5.93652,
              53.315493
            ],
            [
              5.9364,
              53.315506
            ],
            [
              5.936287,
              53.315524
            ],
            [
              5.93588,
              53.315591
            ],
            [
              5.935821,
              53.315603
            ],
            [
              5.935702,
              53.315623
            ],
            [
              5.935582,
              53.31564
            ],
            [
              5.935456,
              53.315654
            ],
            [
              5.935341,
              53.315661
            ],
            [
              5.935244,
              53.315664
            ],
            [
              5.93515,
              53.315654
            ],
            [
              5.935081,
              53.315661
            ],
            [
              5.935003,
              53.315673
            ],
            [
              5.934595,
              53.315638
            ],
            [
              5.934183,
              53.315578
            ],
            [
              5.933809,
              53.315485
            ],
            [
              5.933476,
              53.315379
            ],
            [
              5.93318,
              53.315308
            ],
            [
              5.932334,
              53.315013
            ],
            [
              5.931881,
              53.314855
            ],
            [
              5.931476,
              53.314721
            ],
            [
              5.93111,
              53.314624
            ],
            [
              5.930662,
              53.314543
            ],
            [
              5.929622,
              53.314306
            ],
            [
              5.928979,
              53.314169
            ],
            [
              5.928689,
              53.314107
            ],
            [
              5.928115,
              53.313978
            ],
            [
              5.927639,
              53.313867
            ],
            [
              5.927344,
              53.313784
            ],
            [
              5.927094,
              53.313715
            ],
            [
              5.926791,
              53.313612
            ],
            [
              5.926228,
              53.313441
            ],
            [
              5.92549,
              53.313284
            ],
            [
              5.924731,
              53.313144
            ],
            [
              5.924448,
              53.313098
            ],
            [
              5.924197,
              53.313053
            ],
            [
              5.923191,
              53.312843
            ],
            [
              5.923163,
              53.312837
            ],
            [
              5.923052,
              53.312809
            ],
            [
              5.922341,
              53.31264
            ],
            [
              5.922253,
              53.312607
            ],
            [
              5.922196,
              53.312574
            ],
            [
              5.922136,
              53.312538
            ],
            [
              5.922043,
              53.312461
            ],
            [
              5.921932,
              53.312367
            ],
            [
              5.921854,
              53.312287
            ],
            [
              5.921781,
              53.312207
            ],
            [
              5.921451,
              53.311478
            ],
            [
              5.921424,
              53.31143
            ],
            [
              5.921375,
              53.311374
            ],
            [
              5.921318,
              53.311332
            ],
            [
              5.921219,
              53.311269
            ],
            [
              5.921055,
              53.311177
            ],
            [
              5.920887,
              53.311099
            ],
            [
              5.92079,
              53.311059
            ],
            [
              5.920662,
              53.31102
            ],
            [
              5.920463,
              53.310981
            ],
            [
              5.920092,
              53.310922
            ],
            [
              5.919217,
              53.31078
            ],
            [
              5.918914,
              53.310741
            ],
            [
              5.918566,
              53.31066
            ],
            [
              5.918232,
              53.310561
            ],
            [
              5.918014,
              53.310473
            ],
            [
              5.91784,
              53.310399
            ],
            [
              5.91756,
              53.310255
            ],
            [
              5.917442,
              53.310172
            ],
            [
              5.917399,
              53.310142
            ],
            [
              5.917321,
              53.310089
            ],
            [
              5.917169,
              53.309989
            ],
            [
              5.917011,
              53.30987
            ],
            [
              5.916885,
              53.309766
            ],
            [
              5.916801,
              53.309693
            ],
            [
              5.91668,
              53.309618
            ],
            [
              5.916476,
              53.309487
            ],
            [
              5.91593,
              53.309195
            ],
            [
              5.915649,
              53.309083
            ],
            [
              5.915376,
              53.308991
            ],
            [
              5.915246,
              53.308935
            ],
            [
              5.914399,
              53.308704
            ],
            [
              5.913857,
              53.30862
            ],
            [
              5.913618,
              53.308571
            ],
            [
              5.913437,
              53.308524
            ],
            [
              5.913249,
              53.308465
            ],
            [
              5.912487,
              53.308166
            ],
            [
              5.912266,
              53.308065
            ],
            [
              5.911875,
              53.307844
            ],
            [
              5.911521,
              53.307651
            ],
            [
              5.911446,
              53.30761
            ],
            [
              5.911006,
              53.307405
            ],
            [
              5.910516,
              53.307157
            ],
            [
              5.910394,
              53.307107
            ],
            [
              5.909751,
              53.306866
            ],
            [
              5.908933,
              53.306606
            ],
            [
              5.908671,
              53.306534
            ],
            [
              5.908447,
              53.306484
            ],
            [
              5.908398,
              53.306473
            ],
            [
              5.907943,
              53.306383
            ],
            [
              5.907853,
              53.306364
            ],
            [
              5.907398,
              53.306227
            ],
            [
              5.907305,
              53.306199
            ],
            [
              5.907034,
              53.306101
            ],
            [
              5.906495,
              53.305867
            ],
            [
              5.906114,
              53.3057
            ],
            [
              5.905807,
              53.305553
            ],
            [
              5.905534,
              53.305403
            ],
            [
              5.904727,
              53.304917
            ],
            [
              5.904679,
              53.304893
            ],
            [
              5.90444,
              53.30477
            ],
            [
              5.904091,
              53.304611
            ],
            [
              5.903537,
              53.304368
            ],
            [
              5.903263,
              53.304241
            ],
            [
              5.902827,
              53.304048
            ],
            [
              5.902473,
              53.303913
            ],
            [
              5.902247,
              53.303826
            ],
            [
              5.901962,
              53.30372
            ],
            [
              5.901662,
              53.30362
            ],
            [
              5.901458,
              53.303571
            ],
            [
              5.901166,
              53.303512
            ],
            [
              5.901026,
              53.303475
            ],
            [
              5.90088,
              53.303431
            ],
            [
              5.900562,
              53.303336
            ],
            [
              5.900423,
              53.303277
            ],
            [
              5.900303,
              53.303218
            ],
            [
              5.900217,
              53.30317
            ],
            [
              5.899936,
              53.303016
            ],
            [
              5.89964,
              53.302842
            ],
            [
              5.899454,
              53.302723
            ],
            [
              5.899228,
              53.30259
            ],
            [
              5.899036,
              53.302477
            ],
            [
              5.898701,
              53.302331
            ],
            [
              5.898616,
              53.3023
            ],
            [
              5.898174,
              53.302166
            ],
            [
              5.897341,
              53.301957
            ],
            [
              5.896565,
              53.301743
            ],
            [
              5.896737,
              53.301633
            ],
            [
              5.896753,
              53.301622
            ],
            [
              5.896904,
              53.301526
            ],
            [
              5.897227,
              53.301244
            ],
            [
              5.898416,
              53.299892
            ],
            [
              5.898758,
              53.299487
            ],
            [
              5.898916,
              53.29928
            ],
            [
              5.898918,
              53.299276
            ],
            [
              5.899006,
              53.299171
            ],
            [
              5.899041,
              53.299128
            ],
            [
              5.899143,
              53.299003
            ],
            [
              5.89937,
              53.298742
            ],
            [
              5.899501,
              53.298591
            ],
            [
              5.900102,
              53.29795
            ],
            [
              5.900483,
              53.297539
            ],
            [
              5.900852,
              53.297139
            ],
            [
              5.901231,
              53.296727
            ],
            [
              5.901616,
              53.296316
            ],
            [
              5.902049,
              53.295868
            ],
            [
              5.902309,
              53.295602
            ],
            [
              5.902527,
              53.295382
            ],
            [
              5.903454,
              53.294298
            ],
            [
              5.903538,
              53.294182
            ],
            [
              5.903599,
              53.294082
            ],
            [
              5.903663,
              53.293989
            ],
            [
              5.90379,
              53.293748
            ],
            [
              5.904618,
              53.29204
            ],
            [
              5.904679,
              53.291917
            ],
            [
              5.905192,
              53.290878
            ],
            [
              5.90552,
              53.290195
            ],
            [
              5.906649,
              53.287839
            ],
            [
              5.906564,
              53.287817
            ],
            [
              5.90533,
              53.287496
            ],
            [
              5.904728,
              53.28734
            ],
            [
              5.904372,
              53.287245
            ],
            [
              5.904078,
              53.287156
            ],
            [
              5.903862,
              53.287083
            ],
            [
              5.902769,
              53.286628
            ],
            [
              5.902216,
              53.286403
            ],
            [
              5.901965,
              53.286303
            ],
            [
              5.90041,
              53.28566
            ],
            [
              5.900005,
              53.28551
            ],
            [
              5.898695,
              53.285067
            ],
            [
              5.898405,
              53.284962
            ],
            [
              5.897844,
              53.284711
            ],
            [
              5.897694,
              53.284634
            ],
            [
              5.897639,
              53.284602
            ],
            [
              5.897615,
              53.284581
            ],
            [
              5.897589,
              53.284552
            ],
            [
              5.897571,
              53.284522
            ],
            [
              5.897547,
              53.284416
            ],
            [
              5.8975,
              53.28423
            ],
            [
              5.8975,
              53.284229
            ],
            [
              5.897456,
              53.284052
            ],
            [
              5.897466,
              53.284049
            ],
            [
              5.897788,
              53.28366
            ],
            [
              5.897161,
              53.283293
            ],
            [
              5.896969,
              53.283187
            ],
            [
              5.89663,
              53.282981
            ],
            [
              5.89603,
              53.282608
            ],
            [
              5.895358,
              53.28222
            ],
            [
              5.89489,
              53.281937
            ],
            [
              5.893901,
              53.281334
            ],
            [
              5.891701,
              53.280038
            ],
            [
              5.891642,
              53.280021
            ],
            [
              5.891623,
              53.280022
            ],
            [
              5.891587,
              53.280036
            ],
            [
              5.891443,
              53.28013
            ],
            [
              5.891418,
              53.280137
            ],
            [
              5.89139,
              53.28014
            ],
            [
              5.891343,
              53.280131
            ],
            [
              5.890409,
              53.279868
            ],
            [
              5.890229,
              53.279809
            ],
            [
              5.890151,
              53.279777
            ],
            [
              5.889978,
              53.279682
            ],
            [
              5.889539,
              53.279451
            ],
            [
              5.889184,
              53.279266
            ],
            [
              5.888533,
              53.278942
            ],
            [
              5.888414,
              53.278889
            ],
            [
              5.888144,
              53.278776
            ],
            [
              5.887535,
              53.278537
            ],
            [
              5.887403,
              53.27848
            ],
            [
              5.8858,
              53.277737
            ],
            [
              5.885773,
              53.277732
            ],
            [
              5.885742,
              53.277733
            ],
            [
              5.885719,
              53.277742
            ],
            [
              5.885582,
              53.277833
            ],
            [
              5.885546,
              53.277849
            ],
            [
              5.885525,
              53.277847
            ],
            [
              5.885493,
              53.277838
            ],
            [
              5.884712,
              53.277489
            ],
            [
              5.88434,
              53.277332
            ],
            [
              5.883915,
              53.277089
            ],
            [
              5.883178,
              53.276696
            ],
            [
              5.883134,
              53.27668
            ],
            [
              5.883107,
              53.276679
            ],
            [
              5.883094,
              53.276681
            ],
            [
              5.883076,
              53.276688
            ],
            [
              5.882609,
              53.27698
            ],
            [
              5.882585,
              53.276986
            ],
            [
              5.882565,
              53.276985
            ],
            [
              5.882547,
              53.276974
            ],
            [
              5.882245,
              53.276783
            ]
          ]
        ]
      },
      "properties": {
        "type": "boundary",
        "gemeente": "Dantumadiel"
      }
    }
  ]
}