{"type":"FeatureCollection","metadata":{"gemeente":"De Fryske Marren","slug":"de-fryske-marren","generated_at":"2026-10-05T08:48:09.386391Z","total_points":91,"providers":["Amazon","DHL","DPD","PostNL","VintedGo","ViaTim","FedEx","InPost"],"bounds":[5.4589227,52.84288643646094,5.8741334,53.0007258297134]},"features":[{"type":"Feature","geometry":{"type":"Point","coordinates":[5.58003,52.89885]},"properties":{"type":"pakketpunt","locatieNaam":"DHL - Pakketautomaat Poiesz Balk","straatNaam":"F.D.Hoekstraplein 5","straatNr":"","vervoerder":"Amazon","puntType":"3p","bezettingsgraad":50,"latitude":52.89885,"longitude":5.58003,"canPickup":true,"canDropoff":false,"openingstijden":null}},{"type":"Feature","geometry":{"type":"Point","coordinates":[5.708468844301328,52.8538976805292]},"properties":{"type":"pakketpunt","locatieNaam":"DHL - Pakketautomaat Poiesz Verlaet","straatNaam":"Verlaet 2","straatNr":"","vervoerder":"Amazon","puntType":"3p","bezettingsgraad":50,"latitude":52.8538976805292,"longitude":5.708468844301328,"canPickup":true,"canDropoff":false,"openingstijden":null}},{"type":"Feature","geometry":{"type":"Point","coordinates":[5.718703147486714,52.8541288014504]},"properties":{"type":"pakketpunt","locatieNaam":"DHL - Pakketautomaat Karwei Lemmer","straatNaam":"Houtsaachmole 8","straatNr":"","vervoerder":"Amazon","puntType":"3p","bezettingsgraad":50,"latitude":52.8541288014504,"longitude":5.718703147486714,"canPickup":true,"canDropoff":false,"openingstijden":null}},{"type":"Feature","geometry":{"type":"Point","coordinates":[5.80817,52.96131]},"properties":{"type":"pakketpunt","locatieNaam":"DHL - DeBuren Locker 24-7  Jumbo Joure","straatNaam":"Geert Knolweg 52","straatNr":"","vervoerder":"Amazon","puntType":"3p","bezettingsgraad":50,"latitude":52.96131,"longitude":5.80817,"canPickup":true,"canDropoff":false,"openingstijden":null}},{"type":"Feature","geometry":{"type":"Point","coordinates":[5.5338315,52.8491362]},"properties":{"type":"pakketpunt","locatieNaam":"EP Oudemirdum","straatNaam":"De Brink","straatNr":"5","vervoerder":"DHL","puntType":"parcelShop","bezettingsgraad":50,"latitude":52.8491362,"longitude":5.5338315,"canPickup":true,"canDropoff":true,"openingstijden":{"ma":"13:00 - 18:00","di":"13:00 - 18:00","wo":"13:00 - 18:00","do":"13:00 - 18:00","vr":"13:00 - 18:00","za":"09:00 - 12:00","zo":"gesloten"}}},{"type":"Feature","geometry":{"type":"Point","coordinates":[5.7092548,52.8439165]},"properties":{"type":"pakketpunt","locatieNaam":"Shoeby Lemmer","straatNaam":"Nieuwedijk","straatNr":"9","vervoerder":"DHL","puntType":"parcelShop","bezettingsgraad":50,"latitude":52.8439165,"longitude":5.7092548,"canPickup":true,"canDropoff":true,"openingstijden":{"ma":"11:00 - 18:00","di":"09:30 - 18:00","wo":"09:30 - 18:00","do":"09:30 - 18:00","vr":"09:30 - 18:00","za":"09:30 - 17:00","zo":"gesloten"}}},{"type":"Feature","geometry":{"type":"Point","coordinates":[5.710777,52.84501]},"properties":{"type":"pakketpunt","locatieNaam":"Focus","straatNaam":"Kortestreek","straatNr":"5","vervoerder":"DHL","puntType":"parcelShop","bezettingsgraad":50,"latitude":52.84501,"longitude":5.710777,"canPickup":true,"canDropoff":true,"openingstijden":{"ma":"gesloten","di":"10:00 - 17:30","wo":"10:00 - 17:30","do":"10:00 - 17:30","vr":"10:00 - 17:30","za":"10:00 - 17:00","zo":"gesloten"}}},{"type":"Feature","geometry":{"type":"Point","coordinates":[5.708468844301328,52.8538976805292]},"properties":{"type":"pakketpunt","locatieNaam":"Pakketautomaat Poiesz Verlaet","straatNaam":"Verlaet","straatNr":"2","vervoerder":"DHL","puntType":"packStation","bezettingsgraad":50,"latitude":52.8538976805292,"longitude":5.708468844301328,"canPickup":true,"canDropoff":true,"openingstijden":{"ma":"00:00 - 23:59","di":"00:00 - 23:59","wo":"00:00 - 23:59","do":"00:00 - 23:59","vr":"00:00 - 23:59","za":"00:00 - 23:59","zo":"00:00 - 23:59"}}},{"type":"Feature","geometry":{"type":"Point","coordinates":[5.715777,52.8514681]},"properties":{"type":"pakketpunt","locatieNaam":"T Lemster Wolhús","straatNaam":"Straatweg","straatNr":"70-B","vervoerder":"DHL","puntType":"parcelShop","bezettingsgraad":50,"latitude":52.8514681,"longitude":5.715777,"canPickup":true,"canDropoff":true,"openingstijden":{"ma":"gesloten","di":"11:30 - 18:00","wo":"11:30 - 18:00","do":"11:30 - 22:00","vr":"11:30 - 18:00","za":"11:30 - 17:00","zo":"gesloten"}}},{"type":"Feature","geometry":{"type":"Point","coordinates":[5.718703147486714,52.8541288014504]},"properties":{"type":"pakketpunt","locatieNaam":"Pakketautomaat Karwei Lemmer","straatNaam":"Houtsaachmole","straatNr":"8","vervoerder":"DHL","puntType":"packStation","bezettingsgraad":50,"latitude":52.8541288014504,"longitude":5.718703147486714,"canPickup":true,"canDropoff":true,"openingstijden":{"ma":"00:00 - 23:59","di":"00:00 - 23:59","wo":"00:00 - 23:59","do":"00:00 - 23:59","vr":"00:00 - 23:59","za":"00:00 - 23:59","zo":"00:00 - 23:59"}}},{"type":"Feature","geometry":{"type":"Point","coordinates":[5.805235385894775,52.87369155883789]},"properties":{"type":"pakketpunt","locatieNaam":"Tankshop de Peereboom","straatNaam":"Hoofdweg","straatNr":"30-A","vervoerder":"DHL","puntType":"parcelShop","bezettingsgraad":50,"latitude":52.87369155883789,"longitude":5.805235385894775,"canPickup":true,"canDropoff":true,"openingstijden":{"ma":"08:00 - 18:00","di":"08:00 - 18:00","wo":"08:00 - 18:00","do":"08:00 - 18:00","vr":"08:00 - 18:00","za":"09:00 - 17:00","zo":"gesloten"}}},{"type":"Feature","geometry":{"type":"Point","coordinates":[5.5750714,52.8986925]},"properties":{"type":"pakketpunt","locatieNaam":"Pakketautomaat Lidl Balk","straatNaam":"Wilhelminastraat","straatNr":"47","vervoerder":"DHL","puntType":"packStation","bezettingsgraad":50,"latitude":52.8986925,"longitude":5.5750714,"canPickup":true,"canDropoff":true,"openingstijden":{"ma":"07:30 - 21:00","di":"07:30 - 21:00","wo":"07:30 - 21:00","do":"07:30 - 21:00","vr":"07:30 - 21:00","za":"07:30 - 21:00","zo":"09:00 - 18:00"}}},{"type":"Feature","geometry":{"type":"Point","coordinates":[5.5796709,52.8978773]},"properties":{"type":"pakketpunt","locatieNaam":"Blokker Balk","straatNaam":"Van Swinderenstraat","straatNr":"43","vervoerder":"DHL","puntType":"parcelShop","bezettingsgraad":50,"latitude":52.8978773,"longitude":5.5796709,"canPickup":true,"canDropoff":true,"openingstijden":{"ma":"11:00 - 18:00","di":"09:00 - 18:00","wo":"09:00 - 18:00","do":"09:00 - 18:00","vr":"09:00 - 18:00","za":"09:00 - 17:00","zo":"gesloten"}}},{"type":"Feature","geometry":{"type":"Point","coordinates":[5.58003,52.89885]},"properties":{"type":"pakketpunt","locatieNaam":"Pakketautomaat Poiesz Balk","straatNaam":"F.D.Hoekstraplein","straatNr":"5","vervoerder":"DHL","puntType":"packStation","bezettingsgraad":50,"latitude":52.89885,"longitude":5.58003,"canPickup":true,"canDropoff":true,"openingstijden":{"ma":"00:00 - 23:59","di":"00:00 - 23:59","wo":"00:00 - 23:59","do":"00:00 - 23:59","vr":"00:00 - 23:59","za":"00:00 - 23:59","zo":"00:00 - 23:59"}}},{"type":"Feature","geometry":{"type":"Point","coordinates":[5.580434,52.898144]},"properties":{"type":"pakketpunt","locatieNaam":"Het Geschenkenhuis","straatNaam":"van Swinderenstraat","straatNr":"30","vervoerder":"DHL","puntType":"parcelShop","bezettingsgraad":50,"latitude":52.898144,"longitude":5.580434,"canPickup":true,"canDropoff":true,"openingstijden":{"ma":"gesloten","di":"10:00 - 18:00","wo":"10:00 - 18:00","do":"10:00 - 18:00","vr":"10:00 - 18:00","za":"10:00 - 16:30","zo":"gesloten"}}},{"type":"Feature","geometry":{"type":"Point","coordinates":[5.740026,52.9222329]},"properties":{"type":"pakketpunt","locatieNaam":"De Marktloads","straatNaam":"Gaastweg","straatNr":"4","vervoerder":"DHL","puntType":"parcelShop","bezettingsgraad":50,"latitude":52.9222329,"longitude":5.740026,"canPickup":true,"canDropoff":true,"openingstijden":{"ma":"09:00 - 18:00","di":"09:00 - 18:00","wo":"09:00 - 18:00","do":"09:00 - 18:00","vr":"09:00 - 18:00","za":"09:00 - 17:00","zo":"gesloten"}}},{"type":"Feature","geometry":{"type":"Point","coordinates":[5.80817,52.96131]},"properties":{"type":"pakketpunt","locatieNaam":"DeBuren Locker 24-7  Jumbo Joure","straatNaam":"Geert Knolweg","straatNr":"52","vervoerder":"DHL","puntType":"packStation","bezettingsgraad":50,"latitude":52.96131,"longitude":5.80817,"canPickup":true,"canDropoff":true,"openingstijden":{"ma":"00:00 - 23:59","di":"00:00 - 23:59","wo":"00:00 - 23:59","do":"00:00 - 23:59","vr":"00:00 - 23:59","za":"00:00 - 23:59","zo":"00:00 - 23:59"}}},{"type":"Feature","geometry":{"type":"Point","coordinates":[5.823337577501201,52.9642073834677]},"properties":{"type":"pakketpunt","locatieNaam":"Pakketautomaat Karwei Joure","straatNaam":"Firmawei","straatNr":"2","vervoerder":"DHL","puntType":"packStation","bezettingsgraad":50,"latitude":52.9642073834677,"longitude":5.823337577501201,"canPickup":true,"canDropoff":true,"openingstijden":{"ma":"00:00 - 23:59","di":"00:00 - 23:59","wo":"00:00 - 23:59","do":"00:00 - 23:59","vr":"00:00 - 23:59","za":"00:00 - 23:59","zo":"00:00 - 23:59"}}},{"type":"Feature","geometry":{"type":"Point","coordinates":[5.799517631530762,52.965484619140625]},"properties":{"type":"pakketpunt","locatieNaam":"Primera Joure","straatNaam":"Midstraat","straatNr":"185","vervoerder":"DHL","puntType":"parcelShop","bezettingsgraad":50,"latitude":52.965484619140625,"longitude":5.799517631530762,"canPickup":true,"canDropoff":true,"openingstijden":{"ma":"08:45 - 18:00","di":"08:45 - 18:00","wo":"08:45 - 18:00","do":"08:45 - 18:00","vr":"09:00 - 20:00","za":"08:30 - 17:00","zo":"gesloten"}}},{"type":"Feature","geometry":{"type":"Point","coordinates":[5.7989365,52.9658591]},"properties":{"type":"pakketpunt","locatieNaam":"Pakketautomaat terStal Joure","straatNaam":"Midstraat 175","straatNr":"175-Kast","vervoerder":"DHL","puntType":"packStation","bezettingsgraad":50,"latitude":52.9658591,"longitude":5.7989365,"canPickup":true,"canDropoff":true,"openingstijden":{"ma":"13:00 - 18:00","di":"09:30 - 18:00","wo":"09:30 - 18:00","do":"09:30 - 18:00","vr":"09:30 - 21:00","za":"10:00 - 17:00","zo":"gesloten"}}},{"type":"Feature","geometry":{"type":"Point","coordinates":[5.873960971832275,52.959388732910156]},"properties":{"type":"pakketpunt","locatieNaam":"Pasazade","straatNaam":"Appelhôf","straatNr":"11","vervoerder":"DHL","puntType":"parcelShop","bezettingsgraad":50,"latitude":52.959388732910156,"longitude":5.873960971832275,"canPickup":true,"canDropoff":true,"openingstijden":{"ma":"09:00 - 17:00","di":"09:00 - 17:00","wo":"09:00 - 17:00","do":"09:00 - 17:00","vr":"09:00 - 17:00","za":"gesloten","zo":"gesloten"}}},{"type":"Feature","geometry":{"type":"Point","coordinates":[5.8642421,53.0007258]},"properties":{"type":"pakketpunt","locatieNaam":"DHL Buurtpunt ViaTim & Faber Farm.","straatNaam":"Rusken","straatNr":"4","vervoerder":"DHL","puntType":"parcelShop","bezettingsgraad":50,"latitude":53.0007258,"longitude":5.8642421,"canPickup":true,"canDropoff":true,"openingstijden":{"ma":"16:00 - 21:00","di":"16:00 - 21:00","wo":"16:00 - 21:00","do":"16:00 - 21:00","vr":"16:00 - 21:00","za":"gesloten","zo":"gesloten"}}},{"type":"Feature","geometry":{"type":"Point","coordinates":[5.746744,52.917797]},"properties":{"type":"pakketpunt","locatieNaam":"Bierwinkel/ Bouwhuis Drankenspeciaa","straatNaam":"TSJUKEMARWEI","straatNr":"20","vervoerder":"DPD","puntType":"pickup_point","bezettingsgraad":50,"latitude":52.917797,"longitude":5.746744,"canPickup":true,"canDropoff":true,"openingstijden":{"ma":"09:00 - 18:00","di":"09:00 - 18:00","wo":"09:00 - 18:00","do":"09:00 - 18:00","vr":"09:00 - 18:00","za":"09:00 - 17:00","zo":"gesloten"}}},{"type":"Feature","geometry":{"type":"Point","coordinates":[5.5804335,52.8981442]},"properties":{"type":"pakketpunt","locatieNaam":"Het Geschenkenhuis","straatNaam":"VAN SWINDERENSTRAAT","straatNr":"30","vervoerder":"DPD","puntType":"pickup_point","bezettingsgraad":50,"latitude":52.8981442,"longitude":5.5804335,"canPickup":true,"canDropoff":true,"openingstijden":{"ma":"gesloten","di":"10:00 - 18:00","wo":"10:00 - 18:00","do":"10:00 - 18:00","vr":"10:00 - 18:00","za":"10:00 - 16:30","zo":"gesloten"}}},{"type":"Feature","geometry":{"type":"Point","coordinates":[5.8044323,52.8734987]},"properties":{"type":"pakketpunt","locatieNaam":"Tankshop de Peereboom","straatNaam":"HOOFDWEG","straatNr":"30a","vervoerder":"DPD","puntType":"pickup_point","bezettingsgraad":50,"latitude":52.8734987,"longitude":5.8044323,"canPickup":true,"canDropoff":true,"openingstijden":{"ma":"08:00 - 18:00","di":"08:00 - 18:00","wo":"08:00 - 18:00","do":"08:00 - 18:00","vr":"08:00 - 18:00","za":"09:00 - 17:00","zo":"gesloten"}}},{"type":"Feature","geometry":{"type":"Point","coordinates":[5.8073365,52.961804]},"properties":{"type":"pakketpunt","locatieNaam":"Pakketautomaat Jumbo Geert Knolweg","straatNaam":"GEERT KNOLWEG","straatNr":"52 A","vervoerder":"DPD","puntType":"dpd_box","bezettingsgraad":50,"latitude":52.961804,"longitude":5.8073365,"canPickup":true,"canDropoff":true,"openingstijden":{"ma":"00:00 - 23:59","di":"00:00 - 23:59","wo":"00:00 - 23:59","do":"00:00 - 23:59","vr":"00:00 - 23:59","za":"00:00 - 23:59","zo":"gesloten"}}},{"type":"Feature","geometry":{"type":"Point","coordinates":[5.8741334,52.9595015]},"properties":{"type":"pakketpunt","locatieNaam":"Pasazade","straatNaam":"APPELHÔF","straatNr":"11","vervoerder":"DPD","puntType":"pickup_point","bezettingsgraad":50,"latitude":52.9595015,"longitude":5.8741334,"canPickup":true,"canDropoff":true,"openingstijden":{"ma":"09:00 - 17:00","di":"09:00 - 17:00","wo":"09:00 - 17:00","do":"09:00 - 17:00","vr":"09:00 - 17:00","za":"gesloten","zo":"gesloten"}}},{"type":"Feature","geometry":{"type":"Point","coordinates":[5.7098728,52.8435166]},"properties":{"type":"pakketpunt","locatieNaam":"Dolle boel conceptstore","straatNaam":"STATIONSPLEIN","straatNr":"4","vervoerder":"DPD","puntType":"pickup_point","bezettingsgraad":50,"latitude":52.8435166,"longitude":5.7098728,"canPickup":true,"canDropoff":true,"openingstijden":{"ma":"gesloten","di":"13:00 - 17:30","wo":"10:00 - 17:30","do":"10:00 - 17:30","vr":"10:00 - 17:30","za":"10:00 - 17:00","zo":"gesloten"}}},{"type":"Feature","geometry":{"type":"Point","coordinates":[5.7890552,52.9611929]},"properties":{"type":"pakketpunt","locatieNaam":"Pakketautomaat Sportclub Joure","straatNaam":"HOGE ZOMERDIJK","straatNr":"5","vervoerder":"DPD","puntType":"dpd_box","bezettingsgraad":50,"latitude":52.9611929,"longitude":5.7890552,"canPickup":true,"canDropoff":true,"openingstijden":{"ma":"00:01 - 23:59","di":"00:01 - 23:59","wo":"00:01 - 23:59","do":"00:01 - 23:59","vr":"00:01 - 23:59","za":"00:01 - 23:59","zo":"00:01 - 23:59"}}},{"type":"Feature","geometry":{"type":"Point","coordinates":[5.8194669,52.9619225]},"properties":{"type":"pakketpunt","locatieNaam":"Pakketautomaat Depot Joure","straatNaam":"HANDELSWEI","straatNr":"15","vervoerder":"DPD","puntType":"dpd_box","bezettingsgraad":50,"latitude":52.9619225,"longitude":5.8194669,"canPickup":true,"canDropoff":true,"openingstijden":{"ma":"00:01 - 23:59","di":"00:01 - 23:59","wo":"00:01 - 23:59","do":"00:01 - 23:59","vr":"00:01 - 23:59","za":"00:01 - 23:59","zo":"00:01 - 23:59"}}},{"type":"Feature","geometry":{"type":"Point","coordinates":[5.6523896,52.8960897]},"properties":{"type":"pakketpunt","locatieNaam":"Pakketautomaat Dagwinkel Sloten","straatNaam":"KOESTRAAT","straatNr":"20","vervoerder":"DPD","puntType":"dpd_box","bezettingsgraad":50,"latitude":52.8960897,"longitude":5.6523896,"canPickup":true,"canDropoff":true,"openingstijden":{"ma":"00:00 - 23:59","di":"00:00 - 23:59","wo":"00:00 - 23:59","do":"00:00 - 23:59","vr":"00:00 - 23:59","za":"00:00 - 23:59","zo":"00:00 - 23:59"}}},{"type":"Feature","geometry":{"type":"Point","coordinates":[5.7235849,52.9588521]},"properties":{"type":"pakketpunt","locatieNaam":"Pakketautomaat Supermarkt Langweer","straatNaam":"BUORREN","straatNr":"24","vervoerder":"DPD","puntType":"dpd_box","bezettingsgraad":50,"latitude":52.9588521,"longitude":5.7235849,"canPickup":true,"canDropoff":true,"openingstijden":{"ma":"00:01 - 23:59","di":"00:01 - 23:59","wo":"00:01 - 23:59","do":"00:01 - 23:59","vr":"00:01 - 23:59","za":"00:01 - 23:59","zo":"00:01 - 23:59"}}},{"type":"Feature","geometry":{"type":"Point","coordinates":[5.4589998,52.8702485]},"properties":{"type":"pakketpunt","locatieNaam":"Pakketautomaat SPAR Bakhuizen","straatNaam":"SINT ODULPHUSSTRAAT","straatNr":"18","vervoerder":"DPD","puntType":"dpd_box","bezettingsgraad":50,"latitude":52.8702485,"longitude":5.4589998,"canPickup":true,"canDropoff":true,"openingstijden":{"ma":"00:01 - 23:59","di":"00:01 - 23:59","wo":"00:01 - 23:59","do":"00:01 - 23:59","vr":"00:01 - 23:59","za":"00:01 - 23:59","zo":"00:01 - 23:59"}}},{"type":"Feature","geometry":{"type":"Point","coordinates":[5.67439,52.90265]},"properties":{"type":"pakketpunt","locatieNaam":"RINAT Nederland","straatNaam":"GAESTDYK","straatNr":"62","vervoerder":"DPD","puntType":"pickup_point","bezettingsgraad":50,"latitude":52.90265,"longitude":5.67439,"canPickup":true,"canDropoff":true,"openingstijden":{"ma":"09:00 - 17:00","di":"09:00 - 17:00","wo":"09:00 - 17:00","do":"09:00 - 17:00","vr":"09:00 - 17:00","za":"09:00 - 17:00","zo":"gesloten"}}},{"type":"Feature","geometry":{"type":"Point","coordinates":[5.64610831710601,52.8951766482825]},"properties":{"type":"pakketpunt","locatieNaam":"Pakketautomaat","straatNaam":"Koestraat","straatNr":"20PBA","vervoerder":"PostNL","puntType":"automaat","bezettingsgraad":50,"latitude":52.8951766482825,"longitude":5.64610831710601,"canPickup":true,"canDropoff":true,"openingstijden":"00:00 - 23:59"}},{"type":"Feature","geometry":{"type":"Point","coordinates":[5.581514225,52.8987142]},"properties":{"type":"pakketpunt","locatieNaam":"Bruna","straatNaam":"Van Swinderenstraat","straatNr":"13A","vervoerder":"PostNL","puntType":"servicepunt","bezettingsgraad":50,"latitude":52.8987142,"longitude":5.581514225,"canPickup":true,"canDropoff":true,"openingstijden":"13:00 - 18:00 (Na 18:00 open; Zaterdag open)"}},{"type":"Feature","geometry":{"type":"Point","coordinates":[5.580087434,52.89868057]},"properties":{"type":"pakketpunt","locatieNaam":"Poiesz Supermarkt (138)","straatNaam":"F D Hoekstraplein","straatNr":"5","vervoerder":"PostNL","puntType":"servicepunt","bezettingsgraad":50,"latitude":52.89868057,"longitude":5.580087434,"canPickup":true,"canDropoff":true,"openingstijden":"08:00 - 20:00"}},{"type":"Feature","geometry":{"type":"Point","coordinates":[5.57986412567308,52.8985910684701]},"properties":{"type":"pakketpunt","locatieNaam":"Pakketautomaat","straatNaam":"F.D. Hoekstraplein","straatNr":"5PBA","vervoerder":"PostNL","puntType":"automaat","bezettingsgraad":50,"latitude":52.8985910684701,"longitude":5.57986412567308,"canPickup":true,"canDropoff":true,"openingstijden":"00:00 - 23:59"}},{"type":"Feature","geometry":{"type":"Point","coordinates":[5.740756,52.922912]},"properties":{"type":"pakketpunt","locatieNaam":"Jumbo","straatNaam":"Molewei","straatNr":"1","vervoerder":"PostNL","puntType":"servicepunt","bezettingsgraad":50,"latitude":52.922912,"longitude":5.740756,"canPickup":true,"canDropoff":true,"openingstijden":"08:00 - 20:00 (Na 18:00 open; Zaterdag open; Zondag open)"}},{"type":"Feature","geometry":{"type":"Point","coordinates":[5.71568881811837,52.9573351184349]},"properties":{"type":"pakketpunt","locatieNaam":"Pakketautomaat","straatNaam":"Doumastate","straatNr":"1PBA","vervoerder":"PostNL","puntType":"automaat","bezettingsgraad":50,"latitude":52.9573351184349,"longitude":5.71568881811837,"canPickup":true,"canDropoff":true,"openingstijden":"00:00 - 23:59"}},{"type":"Feature","geometry":{"type":"Point","coordinates":[5.708618103,52.85414485]},"properties":{"type":"pakketpunt","locatieNaam":"Pakket- en briefautomaat","straatNaam":"Verlaet","straatNr":"2PBA","vervoerder":"PostNL","puntType":"automaat","bezettingsgraad":50,"latitude":52.85414485,"longitude":5.708618103,"canPickup":true,"canDropoff":true,"openingstijden":"00:00 - 23:59"}},{"type":"Feature","geometry":{"type":"Point","coordinates":[5.708618103,52.85414485]},"properties":{"type":"pakketpunt","locatieNaam":"Poiesz","straatNaam":"Verlaet","straatNr":"2-4","vervoerder":"PostNL","puntType":"servicepunt","bezettingsgraad":50,"latitude":52.85414485,"longitude":5.708618103,"canPickup":true,"canDropoff":true,"openingstijden":"08:00 - 21:00"}},{"type":"Feature","geometry":{"type":"Point","coordinates":[5.719010476,52.85418828]},"properties":{"type":"pakketpunt","locatieNaam":"KARWEI Lemmer","straatNaam":"Houtsaachmole","straatNr":"8","vervoerder":"PostNL","puntType":"servicepunt","bezettingsgraad":50,"latitude":52.85418828,"longitude":5.719010476,"canPickup":true,"canDropoff":true,"openingstijden":"09:00 - 21:00"}},{"type":"Feature","geometry":{"type":"Point","coordinates":[5.71901047631973,52.8541882794071]},"properties":{"type":"pakketpunt","locatieNaam":"Pakketautomaat","straatNaam":"Houtsaachmole","straatNr":"8PBA","vervoerder":"PostNL","puntType":"automaat","bezettingsgraad":50,"latitude":52.8541882794071,"longitude":5.71901047631973,"canPickup":true,"canDropoff":true,"openingstijden":"00:00 - 23:59"}},{"type":"Feature","geometry":{"type":"Point","coordinates":[5.708643414,52.84345971]},"properties":{"type":"pakketpunt","locatieNaam":"Jumbo (6433) Lemmer","straatNaam":"Stationsweg","straatNr":"4","vervoerder":"PostNL","puntType":"servicepunt","bezettingsgraad":50,"latitude":52.84345971,"longitude":5.708643414,"canPickup":true,"canDropoff":true,"openingstijden":"08:00 - 21:00 (Na 18:00 open; Zaterdag open; Zondag open)"}},{"type":"Feature","geometry":{"type":"Point","coordinates":[5.711053453,52.84421705]},"properties":{"type":"pakketpunt","locatieNaam":"Primera Lemmer","straatNaam":"Markt","straatNr":"2","vervoerder":"PostNL","puntType":"servicepunt","bezettingsgraad":50,"latitude":52.84421705,"longitude":5.711053453,"canPickup":true,"canDropoff":true,"openingstijden":"09:00 - 17:30"}},{"type":"Feature","geometry":{"type":"Point","coordinates":[5.71600212825856,52.8430622065435]},"properties":{"type":"pakketpunt","locatieNaam":"Pakket- en briefautomaat","straatNaam":"Sluisweg","straatNr":"3PBA","vervoerder":"PostNL","puntType":"automaat","bezettingsgraad":50,"latitude":52.8430622065435,"longitude":5.71600212825856,"canPickup":true,"canDropoff":true,"openingstijden":"00:00 - 23:59"}},{"type":"Feature","geometry":{"type":"Point","coordinates":[5.716253761,52.84297165]},"properties":{"type":"pakketpunt","locatieNaam":"Poiesz Supermarkt (147)","straatNaam":"Sluisweg","straatNr":"3","vervoerder":"PostNL","puntType":"servicepunt","bezettingsgraad":50,"latitude":52.84297165,"longitude":5.716253761,"canPickup":true,"canDropoff":true,"openingstijden":"08:00 - 20:00"}},{"type":"Feature","geometry":{"type":"Point","coordinates":[5.529985,52.849221]},"properties":{"type":"pakketpunt","locatieNaam":"Meta Kramer-Zeldenrust","straatNaam":"Jan Schotanuswei","straatNr":"34","vervoerder":"PostNL","puntType":"servicepunt","bezettingsgraad":50,"latitude":52.849221,"longitude":5.529985,"canPickup":true,"canDropoff":true,"openingstijden":"10:00 - 12:00, 13:00 - 18:00 (Na 18:00 open; Zaterdag open)"}},{"type":"Feature","geometry":{"type":"Point","coordinates":[5.7830327634591,52.9598178495955]},"properties":{"type":"pakketpunt","locatieNaam":"Chek group","straatNaam":"Celsiusweg","straatNr":"10","vervoerder":"PostNL","puntType":"servicepunt","bezettingsgraad":50,"latitude":52.9598178495955,"longitude":5.7830327634591,"canPickup":true,"canDropoff":true,"openingstijden":"08:00 - 18:00"}},{"type":"Feature","geometry":{"type":"Point","coordinates":[5.79460371042906,52.9670129591855]},"properties":{"type":"pakketpunt","locatieNaam":"Pakket- en briefautomaat","straatNaam":"Brugstraat","straatNr":"1PBA","vervoerder":"PostNL","puntType":"automaat","bezettingsgraad":50,"latitude":52.9670129591855,"longitude":5.79460371042906,"canPickup":true,"canDropoff":true,"openingstijden":"00:00 - 23:59"}},{"type":"Feature","geometry":{"type":"Point","coordinates":[5.79356020864601,52.9684363546347]},"properties":{"type":"pakketpunt","locatieNaam":"Pakketautomaat","straatNaam":"Midstraat","straatNr":"28PBA","vervoerder":"PostNL","puntType":"automaat","bezettingsgraad":50,"latitude":52.9684363546347,"longitude":5.79356020864601,"canPickup":true,"canDropoff":true,"openingstijden":"08:00 - 20:00"}},{"type":"Feature","geometry":{"type":"Point","coordinates":[5.800993067,52.96116784]},"properties":{"type":"pakketpunt","locatieNaam":"Poiesz","straatNaam":"Koningin Julianalaan","straatNr":"16","vervoerder":"PostNL","puntType":"servicepunt","bezettingsgraad":50,"latitude":52.96116784,"longitude":5.800993067,"canPickup":true,"canDropoff":true,"openingstijden":"08:00 - 20:00"}},{"type":"Feature","geometry":{"type":"Point","coordinates":[5.795663916,52.96737778]},"properties":{"type":"pakketpunt","locatieNaam":"Boekhandel Holtrop VOF","straatNaam":"Midstraat","straatNr":"76","vervoerder":"PostNL","puntType":"servicepunt","bezettingsgraad":50,"latitude":52.96737778,"longitude":5.795663916,"canPickup":true,"canDropoff":true,"openingstijden":"13:00 - 18:00 (Na 18:00 open; Zaterdag open)"}},{"type":"Feature","geometry":{"type":"Point","coordinates":[5.801720565,52.96098559]},"properties":{"type":"pakketpunt","locatieNaam":"Pakket- en briefautomaat","straatNaam":"Koningin Julianalaan","straatNr":"16PBA","vervoerder":"PostNL","puntType":"automaat","bezettingsgraad":50,"latitude":52.96098559,"longitude":5.801720565,"canPickup":true,"canDropoff":true,"openingstijden":"00:00 - 23:59"}},{"type":"Feature","geometry":{"type":"Point","coordinates":[5.80799558376963,52.96138031937275]},"properties":{"type":"pakketpunt","locatieNaam":"Pakketautomaat","straatNaam":"Geert Knolweg","straatNr":"52PBA","vervoerder":"PostNL","puntType":"automaat","bezettingsgraad":50,"latitude":52.96138031937275,"longitude":5.80799558376963,"canPickup":true,"canDropoff":true,"openingstijden":"00:00 - 23:59"}},{"type":"Feature","geometry":{"type":"Point","coordinates":[5.458999106,52.87024703]},"properties":{"type":"pakketpunt","locatieNaam":"Spar Flapper","straatNaam":"St. Odulphusstraat","straatNr":"18","vervoerder":"PostNL","puntType":"servicepunt","bezettingsgraad":50,"latitude":52.87024703,"longitude":5.458999106,"canPickup":true,"canDropoff":true,"openingstijden":"08:00 - 19:00 (Na 18:00 open; Zaterdag open; Zondag open)"}},{"type":"Feature","geometry":{"type":"Point","coordinates":[5.823504087,52.87289438]},"properties":{"type":"pakketpunt","locatieNaam":"Slump","straatNaam":"Turfkade","straatNr":"5","vervoerder":"PostNL","puntType":"servicepunt","bezettingsgraad":50,"latitude":52.87289438,"longitude":5.823504087,"canPickup":true,"canDropoff":true,"openingstijden":"08:30 - 12:00, 13:30 - 17:30 (Zaterdag open)"}},{"type":"Feature","geometry":{"type":"Point","coordinates":[5.8235537759452,52.9640530671268]},"properties":{"type":"pakketpunt","locatieNaam":"Pakket- en briefautomaat","straatNaam":"Firmawei","straatNr":"2PBA","vervoerder":"PostNL","puntType":"automaat","bezettingsgraad":50,"latitude":52.9640530671268,"longitude":5.8235537759452,"canPickup":true,"canDropoff":true,"openingstijden":"00:00 - 23:59"}},{"type":"Feature","geometry":{"type":"Point","coordinates":[5.823553776,52.96405307]},"properties":{"type":"pakketpunt","locatieNaam":"KARWEI Joure","straatNaam":"Firmawei","straatNr":"2","vervoerder":"PostNL","puntType":"servicepunt","bezettingsgraad":50,"latitude":52.96405307,"longitude":5.823553776,"canPickup":true,"canDropoff":true,"openingstijden":"09:00 - 21:00"}},{"type":"Feature","geometry":{"type":"Point","coordinates":[5.853115449,52.92958633]},"properties":{"type":"pakketpunt","locatieNaam":"Spar van Zwol Rotsterhaule","straatNaam":"Streek","straatNr":"131","vervoerder":"PostNL","puntType":"servicepunt","bezettingsgraad":50,"latitude":52.92958633,"longitude":5.853115449,"canPickup":true,"canDropoff":true,"openingstijden":"08:00 - 19:00 (Na 18:00 open; Zaterdag open)"}},{"type":"Feature","geometry":{"type":"Point","coordinates":[5.87248307868635,52.958077093267]},"properties":{"type":"pakketpunt","locatieNaam":"Pakketautomaat","straatNaam":"Hasker Utgongen","straatNr":"1PBA","vervoerder":"PostNL","puntType":"automaat","bezettingsgraad":50,"latitude":52.958077093267,"longitude":5.87248307868635,"canPickup":true,"canDropoff":true,"openingstijden":"00:00 - 23:59"}},{"type":"Feature","geometry":{"type":"Point","coordinates":[5.872498059,52.95808602]},"properties":{"type":"pakketpunt","locatieNaam":"Poiesz Supermarkt (111)","straatNaam":"Hasker Utgongen","straatNr":"1","vervoerder":"PostNL","puntType":"servicepunt","bezettingsgraad":50,"latitude":52.95808602,"longitude":5.872498059,"canPickup":true,"canDropoff":true,"openingstijden":"08:00 - 21:00 (Na 18:00 open; Zaterdag open; Zondag open)"}},{"type":"Feature","geometry":{"type":"Point","coordinates":[5.7959873,52.9672081]},"properties":{"type":"pakketpunt","locatieNaam":"GPR Joure","straatNaam":"Midstraat 84","straatNr":"","vervoerder":"VintedGo","puntType":"parcel_shop","bezettingsgraad":50,"latitude":52.9672081,"longitude":5.7959873,"canPickup":true,"canDropoff":true,"openingstijden":null}},{"type":"Feature","geometry":{"type":"Point","coordinates":[5.5864306,52.8966948]},"properties":{"type":"pakketpunt","locatieNaam":"D. Leeuwin-Jansen","straatNaam":"Wieberen van der Heideplein 14","straatNr":"","vervoerder":"VintedGo","puntType":"social","bezettingsgraad":50,"latitude":52.8966948,"longitude":5.5864306,"canPickup":true,"canDropoff":true,"openingstijden":null}},{"type":"Feature","geometry":{"type":"Point","coordinates":[5.7102472,52.8439723]},"properties":{"type":"pakketpunt","locatieNaam":"Schoenmakerij Amiri","straatNaam":"Schulpen 7","straatNr":"","vervoerder":"VintedGo","puntType":"parcel_shop","bezettingsgraad":50,"latitude":52.8439723,"longitude":5.7102472,"canPickup":true,"canDropoff":true,"openingstijden":null}},{"type":"Feature","geometry":{"type":"Point","coordinates":[5.74079,52.92267]},"properties":{"type":"pakketpunt","locatieNaam":"De Marktloads","straatNaam":"Gaastweg 4","straatNr":"","vervoerder":"VintedGo","puntType":"parcel_shop","bezettingsgraad":50,"latitude":52.92267,"longitude":5.74079,"canPickup":true,"canDropoff":true,"openingstijden":null}},{"type":"Feature","geometry":{"type":"Point","coordinates":[5.58043,52.89815]},"properties":{"type":"pakketpunt","locatieNaam":"Het Geschenkenhuis","straatNaam":"van Swinderenstraat 30","straatNr":"","vervoerder":"VintedGo","puntType":"parcel_shop","bezettingsgraad":50,"latitude":52.89815,"longitude":5.58043,"canPickup":true,"canDropoff":true,"openingstijden":null}},{"type":"Feature","geometry":{"type":"Point","coordinates":[5.71359,52.84399]},"properties":{"type":"pakketpunt","locatieNaam":"Pets Place Lemmer ","straatNaam":"Vissersburen 50","straatNr":"","vervoerder":"VintedGo","puntType":"parcel_shop","bezettingsgraad":50,"latitude":52.84399,"longitude":5.71359,"canPickup":true,"canDropoff":true,"openingstijden":null}},{"type":"Feature","geometry":{"type":"Point","coordinates":[5.5799,52.8979]},"properties":{"type":"pakketpunt","locatieNaam":"Bylina","straatNaam":"van Swinderenstraat 41","straatNr":"","vervoerder":"VintedGo","puntType":"parcel_shop","bezettingsgraad":50,"latitude":52.8979,"longitude":5.5799,"canPickup":true,"canDropoff":true,"openingstijden":null}},{"type":"Feature","geometry":{"type":"Point","coordinates":[5.8064098,52.8732185]},"properties":{"type":"pakketpunt","locatieNaam":"Tankshop De Peereboom","straatNaam":"Hoofdweg 30a","straatNr":"","vervoerder":"VintedGo","puntType":"parcel_shop","bezettingsgraad":50,"latitude":52.8732185,"longitude":5.8064098,"canPickup":true,"canDropoff":true,"openingstijden":null}},{"type":"Feature","geometry":{"type":"Point","coordinates":[5.7235999,52.95887]},"properties":{"type":"pakketpunt","locatieNaam":"Spar Supermarkt Langweer","straatNaam":"Buorren 24","straatNr":"","vervoerder":"VintedGo","puntType":"locker","bezettingsgraad":50,"latitude":52.95887,"longitude":5.7235999,"canPickup":true,"canDropoff":true,"openingstijden":null}},{"type":"Feature","geometry":{"type":"Point","coordinates":[5.4589227,52.8701314]},"properties":{"type":"pakketpunt","locatieNaam":"Spar Bakhuizen","straatNaam":"St. Odulphusstraat 18","straatNr":"","vervoerder":"VintedGo","puntType":"locker","bezettingsgraad":50,"latitude":52.8701314,"longitude":5.4589227,"canPickup":true,"canDropoff":true,"openingstijden":null}},{"type":"Feature","geometry":{"type":"Point","coordinates":[5.70609263,52.84911023]},"properties":{"type":"pakketpunt","locatieNaam":"ViaTim en Geertje","straatNaam":"Urkerstraat","straatNr":"37","vervoerder":"ViaTim","puntType":"servicepunt","bezettingsgraad":50,"latitude":52.84911023,"longitude":5.70609263,"canPickup":true,"canDropoff":true,"openingstijden":{"ma":"18:00 - 21:00","di":"gesloten","wo":"gesloten","do":"18:00 - 21:00","vr":"gesloten","za":"gesloten","zo":"gesloten"}}},{"type":"Feature","geometry":{"type":"Point","coordinates":[5.86424214790684,53.0007258297134]},"properties":{"type":"pakketpunt","locatieNaam":"ViaTim en Faber Farming","straatNaam":"Rusken","straatNr":"4","vervoerder":"ViaTim","puntType":"servicepunt","bezettingsgraad":50,"latitude":53.0007258297134,"longitude":5.86424214790684,"canPickup":true,"canDropoff":true,"openingstijden":{"ma":"16:00 - 21:00","di":"16:00 - 21:00","wo":"16:00 - 21:00","do":"16:00 - 21:00","vr":"16:00 - 21:00","za":"gesloten","zo":"gesloten"}}},{"type":"Feature","geometry":{"type":"Point","coordinates":[5.646108,52.895177]},"properties":{"type":"pakketpunt","locatieNaam":"FedEx Ship&Get","straatNaam":"Koestraat 20 PBA","straatNr":"","vervoerder":"FedEx","puntType":"servicepunt","bezettingsgraad":50,"latitude":52.895177,"longitude":5.646108,"canPickup":true,"canDropoff":true,"openingstijden":{"ma":"00:00 - 23:59","di":"00:00 - 23:59","wo":"00:00 - 23:59","do":"00:00 - 23:59","vr":"00:00 - 23:59","za":"00:00 - 23:59","zo":"00:00 - 23:59"}}},{"type":"Feature","geometry":{"type":"Point","coordinates":[5.710368,52.843919]},"properties":{"type":"pakketpunt","locatieNaam":"FedEx OnSite","straatNaam":"SCHULPEN 7","straatNr":"","vervoerder":"FedEx","puntType":"servicepunt","bezettingsgraad":50,"latitude":52.843919,"longitude":5.710368,"canPickup":true,"canDropoff":true,"openingstijden":{"ma":"12:00 - 18:00","di":"09:00 - 18:00","wo":"09:00 - 18:00","do":"09:00 - 18:00","vr":"09:00 - 18:00","za":"09:00 - 17:00","zo":"gesloten"}}},{"type":"Feature","geometry":{"type":"Point","coordinates":[5.7085478030716885,52.85411909671151]},"properties":{"type":"pakketpunt","locatieNaam":"FedEx Ship&Get","straatNaam":"Verlaet 2 PBA","straatNr":"","vervoerder":"FedEx","puntType":"servicepunt","bezettingsgraad":50,"latitude":52.85411909671151,"longitude":5.7085478030716885,"canPickup":true,"canDropoff":true,"openingstijden":{"ma":"00:00 - 23:59","di":"00:00 - 23:59","wo":"00:00 - 23:59","do":"00:00 - 23:59","vr":"00:00 - 23:59","za":"00:00 - 23:59","zo":"00:00 - 23:59"}}},{"type":"Feature","geometry":{"type":"Point","coordinates":[5.716377423833303,52.84288643646094]},"properties":{"type":"pakketpunt","locatieNaam":"FedEx Ship&Get","straatNaam":"Sluisweg 3 PBA","straatNr":"","vervoerder":"FedEx","puntType":"servicepunt","bezettingsgraad":50,"latitude":52.84288643646094,"longitude":5.716377423833303,"canPickup":true,"canDropoff":true,"openingstijden":{"ma":"00:00 - 23:59","di":"00:00 - 23:59","wo":"00:00 - 23:59","do":"00:00 - 23:59","vr":"00:00 - 23:59","za":"00:00 - 23:59","zo":"00:00 - 23:59"}}},{"type":"Feature","geometry":{"type":"Point","coordinates":[5.740733,52.922769]},"properties":{"type":"pakketpunt","locatieNaam":"FedEx OnSite","straatNaam":"GAASTWEG 4","straatNr":"","vervoerder":"FedEx","puntType":"servicepunt","bezettingsgraad":50,"latitude":52.922769,"longitude":5.740733,"canPickup":true,"canDropoff":true,"openingstijden":{"ma":"10:00 - 18:00","di":"10:00 - 18:00","wo":"10:00 - 18:00","do":"10:00 - 18:00","vr":"10:00 - 18:00","za":"10:00 - 17:00","zo":"gesloten"}}},{"type":"Feature","geometry":{"type":"Point","coordinates":[5.806391733952103,52.87310788110185]},"properties":{"type":"pakketpunt","locatieNaam":"FedEx OnSite","straatNaam":"HOOFDWEG 30A","straatNr":"","vervoerder":"FedEx","puntType":"servicepunt","bezettingsgraad":50,"latitude":52.87310788110185,"longitude":5.806391733952103,"canPickup":true,"canDropoff":true,"openingstijden":{"ma":"08:00 - 18:00","di":"08:00 - 18:00","wo":"08:00 - 18:00","do":"08:00 - 18:00","vr":"08:00 - 18:00","za":"09:00 - 17:00","zo":"gesloten"}}},{"type":"Feature","geometry":{"type":"Point","coordinates":[5.79356,52.968436]},"properties":{"type":"pakketpunt","locatieNaam":"FedEx Ship&Get","straatNaam":"Midstraat 28 PBA","straatNr":"","vervoerder":"FedEx","puntType":"servicepunt","bezettingsgraad":50,"latitude":52.968436,"longitude":5.79356,"canPickup":true,"canDropoff":true,"openingstijden":{"ma":"08:00 - 20:00","di":"08:00 - 20:00","wo":"08:00 - 20:00","do":"08:00 - 20:00","vr":"08:00 - 21:00","za":"08:00 - 20:00","zo":"09:00 - 18:00"}}},{"type":"Feature","geometry":{"type":"Point","coordinates":[5.794633961301243,52.96702229390105]},"properties":{"type":"pakketpunt","locatieNaam":"FedEx Ship&Get","straatNaam":"Brugstraat 1 PBA","straatNr":"","vervoerder":"FedEx","puntType":"servicepunt","bezettingsgraad":50,"latitude":52.96702229390105,"longitude":5.794633961301243,"canPickup":true,"canDropoff":true,"openingstijden":{"ma":"00:00 - 23:59","di":"00:00 - 23:59","wo":"00:00 - 23:59","do":"00:00 - 23:59","vr":"00:00 - 23:59","za":"00:00 - 23:59","zo":"00:00 - 23:59"}}},{"type":"Feature","geometry":{"type":"Point","coordinates":[5.800918576159324,52.96106480386239]},"properties":{"type":"pakketpunt","locatieNaam":"FedEx Ship&Get","straatNaam":"Koningin Julianalaan 16 PBA","straatNr":"","vervoerder":"FedEx","puntType":"servicepunt","bezettingsgraad":50,"latitude":52.96106480386239,"longitude":5.800918576159324,"canPickup":true,"canDropoff":true,"openingstijden":{"ma":"00:00 - 23:59","di":"00:00 - 23:59","wo":"00:00 - 23:59","do":"00:00 - 23:59","vr":"00:00 - 23:59","za":"00:00 - 23:59","zo":"00:00 - 23:59"}}},{"type":"Feature","geometry":{"type":"Point","coordinates":[5.823555332208996,52.964052584462706]},"properties":{"type":"pakketpunt","locatieNaam":"FedEx Ship&Get","straatNaam":"Firmawei 2 PBA","straatNr":"","vervoerder":"FedEx","puntType":"servicepunt","bezettingsgraad":50,"latitude":52.964052584462706,"longitude":5.823555332208996,"canPickup":true,"canDropoff":true,"openingstijden":{"ma":"00:00 - 23:59","di":"00:00 - 23:59","wo":"00:00 - 23:59","do":"00:00 - 23:59","vr":"00:00 - 23:59","za":"00:00 - 23:59","zo":"00:00 - 23:59"}}},{"type":"Feature","geometry":{"type":"Point","coordinates":[5.71037,52.84392]},"properties":{"type":"pakketpunt","locatieNaam":"SCHOENMAKERIJ AMIRI","straatNaam":"Schulpen 7","straatNr":"","vervoerder":"InPost","puntType":"servicepunt","bezettingsgraad":50,"latitude":52.84392,"longitude":5.71037,"canPickup":true,"canDropoff":true,"openingstijden":null}},{"type":"Feature","geometry":{"type":"Point","coordinates":[5.74073,52.92277]},"properties":{"type":"pakketpunt","locatieNaam":"DE MARKTLOADS","straatNaam":"Gaastweg 4","straatNr":"","vervoerder":"InPost","puntType":"servicepunt","bezettingsgraad":50,"latitude":52.92277,"longitude":5.74073,"canPickup":true,"canDropoff":true,"openingstijden":null}},{"type":"Feature","geometry":{"type":"Point","coordinates":[5.80635,52.87315]},"properties":{"type":"pakketpunt","locatieNaam":"TANKSHOP DE PEEREBOOM","straatNaam":"Hoofdweg 30a","straatNr":"","vervoerder":"InPost","puntType":"servicepunt","bezettingsgraad":50,"latitude":52.87315,"longitude":5.80635,"canPickup":true,"canDropoff":true,"openingstijden":null}},{"type":"Feature","geometry":{"type":"Point","coordinates":[5.58039,52.89813]},"properties":{"type":"pakketpunt","locatieNaam":"HET GESCHENKENHUIS","straatNaam":"Van Swinderenstraat 30","straatNr":"","vervoerder":"InPost","puntType":"servicepunt","bezettingsgraad":50,"latitude":52.89813,"longitude":5.58039,"canPickup":true,"canDropoff":true,"openingstijden":null}},{"type":"Feature","geometry":{"type":"Point","coordinates":[5.78913,52.96133]},"properties":{"type":"pakketpunt","locatieNaam":"","straatNaam":"Hoge Zomerdijk","straatNr":"5","vervoerder":"InPost","puntType":"automaat","bezettingsgraad":50,"latitude":52.96133,"longitude":5.78913,"canPickup":true,"canDropoff":true,"openingstijden":"24/7"}},{"type":"Feature","geometry":{"type":"Point","coordinates":[5.71912,52.8541]},"properties":{"type":"pakketpunt","locatieNaam":"","straatNaam":"Houtsaachmole","straatNr":"8","vervoerder":"InPost","puntType":"automaat","bezettingsgraad":50,"latitude":52.8541,"longitude":5.71912,"canPickup":true,"canDropoff":true,"openingstijden":"24/7"}},{"type":"Feature","geometry":{"type":"Polygon","coordinates":[[[5.337842,52.795955],[5.376268,52.76559],[5.37726,52.764805],[5.430013,52.772798],[5.480214,52.780377],[5.516903,52.785901],[5.631353,52.803055],[5.631359,52.803061],[5.660296,52.83125],[5.664677,52.831568],[5.677433,52.832491],[5.686287,52.833131],[5.691399,52.833501],[5.703103,52.834346],[5.702781,52.835994],[5.702904,52.836258],[5.7033,52.836393],[5.703737,52.836318],[5.703959,52.836078],[5.704282,52.834431],[5.709636,52.834817],[5.709911,52.834858],[5.710162,52.834905],[5.710354,52.834952],[5.710584,52.835022],[5.710776,52.835093],[5.710968,52.835176],[5.711258,52.835324],[5.711442,52.835442],[5.711614,52.835581],[5.711747,52.835704],[5.711871,52.83584],[5.711973,52.835971],[5.71207,52.836144],[5.712119,52.83626],[5.712286,52.836825],[5.71245,52.837379],[5.712036,52.837439],[5.712024,52.837441],[5.712013,52.837443],[5.712002,52.837445],[5.71199,52.837447],[5.711979,52.837449],[5.711968,52.837452],[5.711957,52.837454],[5.711946,52.837457],[5.711935,52.83746],[5.711925,52.837463],[5.711914,52.837466],[5.711903,52.837469],[5.711893,52.837472],[5.711882,52.837476],[5.711872,52.837479],[5.711862,52.837483],[5.711852,52.837487],[5.711842,52.837491],[5.711833,52.837495],[5.711823,52.837499],[5.711814,52.837503],[5.711804,52.837508],[5.711795,52.837512],[5.711786,52.837517],[5.711777,52.837521],[5.711769,52.837526],[5.71176,52.837531],[5.711752,52.837536],[5.711743,52.837541],[5.711735,52.837547],[5.711728,52.837552],[5.71172,52.837557],[5.711712,52.837563],[5.711705,52.837568],[5.711698,52.837574],[5.711691,52.83758],[5.711684,52.837586],[5.711678,52.837592],[5.711671,52.837598],[5.711665,52.837604],[5.711659,52.83761],[5.711653,52.837616],[5.711648,52.837623],[5.711642,52.837629],[5.711637,52.837635],[5.711632,52.837642],[5.711627,52.837648],[5.711623,52.837655],[5.711619,52.837662],[5.711615,52.837668],[5.711611,52.837675],[5.711607,52.837682],[5.711604,52.837689],[5.711601,52.837696],[5.711598,52.837702],[5.711595,52.83771],[5.711593,52.837716],[5.71159,52.837724],[5.711588,52.83773],[5.711586,52.837738],[5.711585,52.837745],[5.711583,52.837752],[5.711582,52.837759],[5.711582,52.837766],[5.711581,52.837773],[5.711581,52.83778],[5.71158,52.837787],[5.71158,52.837795],[5.711581,52.837802],[5.711581,52.837809],[5.711582,52.837816],[5.711583,52.837823],[5.711584,52.83783],[5.711586,52.837837],[5.711587,52.837844],[5.711589,52.837851],[5.711591,52.837858],[5.711594,52.837865],[5.711596,52.837872],[5.711599,52.837879],[5.711602,52.837886],[5.711606,52.837893],[5.711609,52.8379],[5.711613,52.837907],[5.711617,52.837913],[5.711621,52.83792],[5.711626,52.837927],[5.711631,52.837933],[5.711635,52.83794],[5.71164,52.837947],[5.711646,52.837953],[5.711651,52.837959],[5.711657,52.837966],[5.711663,52.837972],[5.711669,52.837978],[5.711675,52.837984],[5.711682,52.83799],[5.711689,52.837996],[5.711696,52.838002],[5.711703,52.838007],[5.71171,52.838013],[5.711717,52.838019],[5.711725,52.838024],[5.711733,52.838029],[5.711741,52.838035],[5.711749,52.83804],[5.711757,52.838045],[5.711766,52.83805],[5.711774,52.838055],[5.711783,52.83806],[5.711792,52.838064],[5.711801,52.838069],[5.711811,52.838073],[5.71182,52.838078],[5.71183,52.838082],[5.711839,52.838086],[5.711849,52.83809],[5.711859,52.838094],[5.711869,52.838098],[5.71188,52.838101],[5.71189,52.838105],[5.7119,52.838108],[5.711911,52.838111],[5.711922,52.838114],[5.711932,52.838117],[5.711943,52.83812],[5.711954,52.838123],[5.711965,52.838125],[5.711976,52.838128],[5.711988,52.83813],[5.711999,52.838132],[5.71201,52.838134],[5.712022,52.838136],[5.712033,52.838138],[5.712045,52.83814],[5.712056,52.838141],[5.712068,52.838143],[5.71208,52.838144],[5.712091,52.838145],[5.712103,52.838146],[5.712115,52.838147],[5.712127,52.838147],[5.712138,52.838148],[5.71215,52.838148],[5.712162,52.838148],[5.712174,52.838148],[5.712186,52.838148],[5.712198,52.838148],[5.712209,52.838148],[5.712221,52.838147],[5.712232,52.838147],[5.712244,52.838146],[5.712255,52.838145],[5.712267,52.838144],[5.712278,52.838143],[5.712289,52.838141],[5.7123,52.83814],[5.712312,52.838138],[5.713223,52.838007],[5.71323,52.838023],[5.713238,52.838044],[5.713216,52.838055],[5.713211,52.83806],[5.713197,52.83807],[5.713194,52.838093],[5.71322,52.838189],[5.713967,52.838051],[5.714318,52.837987],[5.714839,52.837891],[5.714828,52.837845],[5.714722,52.837375],[5.715184,52.837336],[5.715342,52.837323],[5.715717,52.837292],[5.715935,52.837274],[5.716274,52.837246],[5.716781,52.837172],[5.717767,52.837027],[5.71889,52.836812],[5.720293,52.836561],[5.721809,52.836266],[5.722183,52.836189],[5.722699,52.836075],[5.723328,52.835917],[5.723802,52.835781],[5.724153,52.835667],[5.724483,52.835555],[5.724942,52.835384],[5.725615,52.835112],[5.726003,52.834945],[5.726496,52.834714],[5.727038,52.83444],[5.727468,52.834198],[5.727754,52.834022],[5.72799,52.833876],[5.728137,52.833776],[5.728317,52.833648],[5.728546,52.833485],[5.728663,52.833398],[5.729092,52.833553],[5.729229,52.833602],[5.729249,52.833609],[5.729574,52.833727],[5.729207,52.8341],[5.729193,52.83412],[5.729194,52.834154],[5.729231,52.834208],[5.729275,52.834226],[5.729093,52.834422],[5.728898,52.834452],[5.728563,52.834815],[5.72846,52.834936],[5.728328,52.835097],[5.728148,52.835342],[5.728085,52.835416],[5.727971,52.835574],[5.727861,52.835738],[5.727754,52.835907],[5.727658,52.836073],[5.727591,52.836266],[5.727476,52.836413],[5.727399,52.836576],[5.72732,52.836748],[5.727247,52.836916],[5.726913,52.837712],[5.726169,52.839523],[5.726065,52.839778],[5.725251,52.8418],[5.724962,52.84252],[5.724959,52.842533],[5.72496,52.842552],[5.724995,52.842916],[5.725013,52.843095],[5.725005,52.843165],[5.724754,52.8438],[5.724703,52.843929],[5.724682,52.843982],[5.72482,52.843958],[5.730143,52.843019],[5.742389,52.840836],[5.745719,52.840236],[5.748537,52.839728],[5.748569,52.839723],[5.748716,52.839696],[5.748742,52.839692],[5.748807,52.83968],[5.753007,52.837075],[5.753941,52.836496],[5.754417,52.836201],[5.760167,52.832639],[5.760445,52.832466],[5.761689,52.831695],[5.763854,52.830352],[5.766431,52.828741],[5.766694,52.828577],[5.769043,52.827109],[5.771678,52.825461],[5.77311,52.824565],[5.776569,52.822402],[5.776623,52.822369],[5.77906,52.820833],[5.779096,52.820811],[5.780161,52.82014],[5.781029,52.819594],[5.783836,52.81782],[5.784382,52.817476],[5.784392,52.81745],[5.7844,52.817428],[5.784404,52.817417],[5.784419,52.817378],[5.784491,52.817187],[5.784509,52.817139],[5.784913,52.816066],[5.785288,52.815068],[5.785311,52.815008],[5.785384,52.814813],[5.786157,52.812753],[5.786709,52.811282],[5.786847,52.810804],[5.787375,52.808969],[5.787876,52.807232],[5.788237,52.806363],[5.789217,52.804694],[5.789807,52.803691],[5.793902,52.80585],[5.795177,52.806522],[5.795405,52.806622],[5.795508,52.806675],[5.79561,52.806727],[5.795709,52.806773],[5.795808,52.806819],[5.796005,52.806914],[5.796203,52.80701],[5.796361,52.807086],[5.796518,52.807163],[5.796628,52.807212],[5.796737,52.807262],[5.796844,52.807309],[5.796939,52.807357],[5.797158,52.807466],[5.797377,52.807576],[5.797954,52.807851],[5.798404,52.808066],[5.798532,52.808127],[5.799218,52.808463],[5.799905,52.808799],[5.800717,52.809199],[5.801167,52.809419],[5.801617,52.809638],[5.801995,52.809825],[5.80223,52.809942],[5.802373,52.810012],[5.802789,52.81022],[5.803204,52.810429],[5.803576,52.810611],[5.803948,52.810793],[5.804254,52.810945],[5.804667,52.81115],[5.805048,52.811339],[5.805429,52.811529],[5.805765,52.811697],[5.806072,52.81185],[5.806845,52.812238],[5.808029,52.812832],[5.808223,52.812921],[5.809033,52.813361],[5.809842,52.813802],[5.809921,52.81384],[5.809968,52.813862],[5.810016,52.813884],[5.810405,52.814044],[5.810795,52.814204],[5.811074,52.814313],[5.811354,52.814422],[5.811958,52.81465],[5.812422,52.814834],[5.813354,52.815206],[5.81406,52.815489],[5.814861,52.81581],[5.815452,52.816045],[5.816154,52.816322],[5.816591,52.816498],[5.81703,52.816674],[5.817113,52.816703],[5.817206,52.816725],[5.817595,52.816814],[5.817968,52.816899],[5.818301,52.816976],[5.81852,52.817026],[5.818708,52.817069],[5.819008,52.817137],[5.819276,52.817202],[5.819381,52.817228],[5.819497,52.817251],[5.819656,52.817269],[5.819744,52.817278],[5.819543,52.817634],[5.819481,52.817743],[5.819419,52.817852],[5.819362,52.817952],[5.819215,52.817991],[5.81911,52.817993],[5.819002,52.818276],[5.818919,52.818424],[5.818828,52.818576],[5.818732,52.818727],[5.818659,52.818884],[5.818604,52.819018],[5.818545,52.819132],[5.818475,52.819265],[5.818365,52.819465],[5.818291,52.819586],[5.818254,52.819663],[5.818238,52.81978],[5.818231,52.819919],[5.818217,52.820031],[5.818201,52.820154],[5.818208,52.820282],[5.818221,52.820403],[5.818242,52.820573],[5.818251,52.820711],[5.81825,52.820819],[5.818237,52.820978],[5.818245,52.821077],[5.818185,52.821238],[5.818143,52.821389],[5.818109,52.821492],[5.818111,52.821587],[5.818128,52.821669],[5.818259,52.821871],[5.818358,52.822023],[5.818432,52.822143],[5.818497,52.822247],[5.819014,52.823072],[5.819185,52.823263],[5.819744,52.823624],[5.819963,52.823796],[5.820438,52.824056],[5.820988,52.824357],[5.821082,52.82443],[5.821199,52.824511],[5.821377,52.824596],[5.821567,52.82469],[5.821795,52.824786],[5.822021,52.824883],[5.822219,52.824966],[5.822472,52.825061],[5.822625,52.82509],[5.822928,52.825115],[5.823335,52.825177],[5.823778,52.825256],[5.824188,52.825361],[5.824492,52.82549],[5.824729,52.82559],[5.82542,52.826087],[5.826425,52.826954],[5.827169,52.827387],[5.827524,52.827528],[5.827653,52.827599],[5.82775,52.827709],[5.827801,52.827909],[5.827783,52.828035],[5.827714,52.82817],[5.8276,52.828291],[5.827456,52.828407],[5.82745,52.828412],[5.827269,52.828539],[5.827053,52.828651],[5.826777,52.828814],[5.826456,52.828986],[5.826141,52.82916],[5.825953,52.829274],[5.825837,52.829368],[5.825778,52.829456],[5.825734,52.829608],[5.825711,52.829712],[5.825707,52.829735],[5.825696,52.829824],[5.825699,52.829939],[5.825707,52.830018],[5.825721,52.830092],[5.825746,52.83017],[5.8258,52.830252],[5.825855,52.830325],[5.825931,52.830393],[5.826027,52.830457],[5.826133,52.830519],[5.826262,52.830586],[5.826298,52.830604],[5.826421,52.830667],[5.826612,52.830758],[5.826833,52.830863],[5.827047,52.830955],[5.827327,52.831067],[5.827574,52.831168],[5.827788,52.831246],[5.827999,52.831345],[5.828151,52.831429],[5.828313,52.831515],[5.828453,52.831594],[5.828603,52.831686],[5.828708,52.831768],[5.828791,52.831858],[5.828856,52.831958],[5.828897,52.832054],[5.828921,52.83215],[5.828943,52.832247],[5.828964,52.83236],[5.828968,52.832444],[5.828975,52.83253],[5.829,52.832748],[5.829019,52.832909],[5.829046,52.833062],[5.829096,52.833192],[5.829162,52.833343],[5.829237,52.833466],[5.829335,52.833599],[5.829502,52.833793],[5.829685,52.833993],[5.829921,52.834193],[5.830422,52.834559],[5.830951,52.834941],[5.831289,52.835226],[5.831728,52.835547],[5.832259,52.835904],[5.832394,52.836027],[5.832563,52.836182],[5.832662,52.836272],[5.833008,52.83656],[5.833327,52.836882],[5.83343,52.837024],[5.833553,52.837195],[5.833669,52.837369],[5.833718,52.837442],[5.833916,52.837685],[5.834071,52.83789],[5.834255,52.837938],[5.834418,52.83813],[5.834586,52.838336],[5.834768,52.838539],[5.835024,52.838906],[5.835069,52.83898],[5.835139,52.839077],[5.835175,52.83917],[5.835213,52.839285],[5.835265,52.839407],[5.835326,52.839511],[5.835381,52.839615],[5.835446,52.839695],[5.835512,52.839784],[5.835548,52.839884],[5.835557,52.839921],[5.835578,52.840046],[5.835597,52.840161],[5.835627,52.840277],[5.835655,52.840405],[5.835667,52.840461],[5.835688,52.840569],[5.835704,52.840676],[5.835718,52.84077],[5.835767,52.840932],[5.835879,52.841041],[5.836018,52.841142],[5.836147,52.841228],[5.836263,52.841326],[5.836397,52.841442],[5.836514,52.841536],[5.83663,52.841615],[5.836757,52.8417],[5.836889,52.841778],[5.837036,52.841839],[5.837069,52.841849],[5.837231,52.841897],[5.837398,52.841942],[5.837676,52.842014],[5.83792,52.842078],[5.838132,52.842137],[5.838339,52.842203],[5.838636,52.842322],[5.838774,52.842406],[5.838914,52.842477],[5.839025,52.842537],[5.839113,52.842584],[5.839278,52.842651],[5.839416,52.842695],[5.839512,52.84272],[5.839599,52.842742],[5.83974,52.842797],[5.839851,52.842855],[5.839952,52.842925],[5.840017,52.842996],[5.840058,52.843076],[5.840072,52.843146],[5.840076,52.843232],[5.840105,52.843339],[5.840144,52.843436],[5.840187,52.843539],[5.840228,52.843633],[5.840238,52.843691],[5.840238,52.843739],[5.840229,52.843796],[5.840223,52.843916],[5.840225,52.844041],[5.840213,52.844167],[5.840215,52.844219],[5.840214,52.844314],[5.840218,52.844426],[5.840222,52.84456],[5.840232,52.844662],[5.840229,52.844758],[5.840227,52.844814],[5.840205,52.844942],[5.840165,52.845128],[5.840158,52.845202],[5.840154,52.845367],[5.840148,52.845524],[5.840123,52.845684],[5.840092,52.845845],[5.840051,52.845969],[5.840025,52.84601],[5.839969,52.846122],[5.839904,52.846255],[5.839869,52.846329],[5.839869,52.846332],[5.83987,52.846468],[5.839881,52.84672],[5.839909,52.846921],[5.839949,52.84711],[5.839991,52.847292],[5.840035,52.847467],[5.840081,52.84761],[5.840085,52.847652],[5.840178,52.84781],[5.840304,52.847902],[5.840439,52.848002],[5.840593,52.848122],[5.840707,52.848211],[5.840809,52.848324],[5.840837,52.848374],[5.840872,52.848435],[5.84091,52.848517],[5.840946,52.848549],[5.841016,52.84868],[5.841111,52.848833],[5.841188,52.84893],[5.841427,52.8492],[5.841491,52.849323],[5.841569,52.849495],[5.841636,52.849639],[5.84172,52.8498],[5.841824,52.849932],[5.841892,52.850017],[5.841989,52.850156],[5.84208,52.850324],[5.842145,52.850479],[5.842202,52.850621],[5.842252,52.850754],[5.84226,52.850818],[5.842273,52.851102],[5.842325,52.851406],[5.842369,52.851675],[5.842438,52.851915],[5.84254,52.852127],[5.842661,52.852353],[5.842768,52.852568],[5.842844,52.852639],[5.842944,52.852818],[5.843072,52.853103],[5.843174,52.853327],[5.843261,52.853495],[5.843371,52.853712],[5.843526,52.853939],[5.84364,52.854163],[5.843773,52.85446],[5.843794,52.854516],[5.843928,52.854874],[5.844279,52.855304],[5.845604,52.856585],[5.848674,52.859556],[5.849907,52.86075],[5.849931,52.860773],[5.850046,52.860884],[5.850105,52.860962],[5.850245,52.861145],[5.850384,52.861322],[5.850526,52.861477],[5.850717,52.861638],[5.850798,52.861734],[5.85095,52.861885],[5.851163,52.862078],[5.851285,52.862259],[5.851339,52.862348],[5.851343,52.862422],[5.851342,52.862499],[5.851333,52.862586],[5.851306,52.862642],[5.85128,52.862689],[5.851547,52.862939],[5.852587,52.863782],[5.853032,52.864132],[5.853197,52.864284],[5.853635,52.864683],[5.85406,52.865096],[5.854711,52.865731],[5.85511,52.866115],[5.855359,52.866762],[5.855461,52.867013],[5.855598,52.867187],[5.855722,52.867345],[5.855899,52.867553],[5.856056,52.867642],[5.85641,52.867841],[5.856551,52.867924],[5.85667,52.868097],[5.856738,52.86823],[5.856796,52.868373],[5.856815,52.868595],[5.856825,52.868847],[5.85681,52.869465],[5.85681,52.869728],[5.85672,52.869936],[5.856669,52.870015],[5.856585,52.870164],[5.856552,52.870249],[5.856551,52.870307],[5.856648,52.870533],[5.856768,52.870791],[5.856959,52.870975],[5.857113,52.871108],[5.857255,52.871216],[5.857458,52.871358],[5.857913,52.871664],[5.858516,52.872173],[5.858865,52.87243],[5.859205,52.872727],[5.859484,52.872998],[5.859771,52.873189],[5.860243,52.8735],[5.86061,52.873748],[5.860735,52.873853],[5.861123,52.874164],[5.861358,52.874356],[5.861755,52.874679],[5.861903,52.874768],[5.862382,52.875073],[5.86351,52.875679],[5.864311,52.875995],[5.864546,52.876087],[5.864901,52.876348],[5.865288,52.876632],[5.865537,52.876878],[5.865867,52.877199],[5.866163,52.877484],[5.866655,52.877992],[5.866821,52.878095],[5.86754,52.878542],[5.867833,52.878872],[5.867948,52.878989],[5.868054,52.879098],[5.868169,52.879455],[5.868242,52.87986],[5.868358,52.880131],[5.868424,52.880298],[5.868535,52.880415],[5.868773,52.880576],[5.868984,52.880694],[5.869084,52.880737],[5.869396,52.880886],[5.869738,52.881033],[5.870104,52.881197],[5.870329,52.881315],[5.870526,52.881417],[5.870854,52.881571],[5.871345,52.881802],[5.871539,52.881898],[5.871747,52.881996],[5.871889,52.882067],[5.872016,52.882143],[5.872105,52.882198],[5.872171,52.882244],[5.872311,52.88236],[5.872463,52.882483],[5.872657,52.882657],[5.872823,52.882814],[5.872977,52.882968],[5.873079,52.883087],[5.873191,52.883224],[5.87325,52.883299],[5.873296,52.883342],[5.873537,52.883547],[5.873739,52.88372],[5.87405,52.883959],[5.874195,52.884078],[5.874428,52.884252],[5.87476,52.884504],[5.874834,52.88457],[5.875047,52.884744],[5.875213,52.884897],[5.87537,52.885068],[5.875511,52.885251],[5.875689,52.885498],[5.875716,52.885548],[5.875809,52.885649],[5.87593,52.885783],[5.876208,52.886087],[5.876266,52.886161],[5.876306,52.886218],[5.876501,52.886425],[5.876655,52.886553],[5.876796,52.886668],[5.876971,52.886828],[5.877047,52.886866],[5.877441,52.887099],[5.877844,52.887333],[5.878237,52.887551],[5.878588,52.887744],[5.878978,52.887968],[5.879351,52.888197],[5.879616,52.888371],[5.879875,52.888525],[5.880102,52.888639],[5.880419,52.888773],[5.880449,52.888784],[5.880513,52.888809],[5.880648,52.888851],[5.880867,52.888912],[5.881024,52.888951],[5.88124,52.88899],[5.881522,52.889032],[5.881649,52.889047],[5.881689,52.889047],[5.881792,52.889052],[5.881895,52.889047],[5.882248,52.889022],[5.882669,52.889],[5.882865,52.888999],[5.882918,52.889008],[5.883238,52.889046],[5.883499,52.888958],[5.883702,52.889015],[5.883979,52.889099],[5.884198,52.88918],[5.884386,52.889283],[5.88461,52.889426],[5.884777,52.889561],[5.884902,52.889692],[5.88497,52.889815],[5.885122,52.890133],[5.885198,52.890339],[5.885224,52.890452],[5.885225,52.890557],[5.885147,52.890824],[5.885079,52.891044],[5.885063,52.891179],[5.885079,52.891364],[5.885109,52.89159],[5.88513,52.891739],[5.885179,52.892055],[5.88522,52.892331],[5.88525,52.892533],[5.885265,52.892699],[5.885259,52.892897],[5.885248,52.893054],[5.885246,52.893166],[5.885273,52.893259],[5.885304,52.893313],[5.885343,52.893383],[5.885428,52.893513],[5.885576,52.893698],[5.885696,52.893862],[5.885719,52.893894],[5.885837,52.894037],[5.88595,52.894174],[5.886017,52.894239],[5.886119,52.894324],[5.886216,52.894379],[5.88634,52.894425],[5.886449,52.894459],[5.886551,52.894494],[5.886723,52.894536],[5.886978,52.894606],[5.887204,52.894666],[5.887363,52.894723],[5.887607,52.894806],[5.887973,52.894928],[5.888168,52.894985],[5.88846,52.895057],[5.888924,52.89515],[5.889234,52.895201],[5.889623,52.895263],[5.889965,52.895315],[5.89023,52.895351],[5.890456,52.895371],[5.890646,52.89538],[5.890666,52.89538],[5.890856,52.895384],[5.891056,52.895391],[5.891243,52.895397],[5.891463,52.895392],[5.891701,52.895378],[5.891928,52.895363],[5.892123,52.895348],[5.892284,52.895332],[5.892514,52.89531],[5.892679,52.895298],[5.892889,52.89529],[5.893055,52.89529],[5.893277,52.895297],[5.893511,52.895313],[5.893721,52.89533],[5.893882,52.895347],[5.894069,52.89537],[5.894286,52.895402],[5.894573,52.895446],[5.894787,52.895486],[5.894809,52.895491],[5.894879,52.895509],[5.89497,52.895543],[5.894987,52.895567],[5.895219,52.895655],[5.895396,52.895705],[5.895512,52.895738],[5.895663,52.895789],[5.895812,52.895836],[5.896172,52.895904],[5.896497,52.895916],[5.896634,52.895905],[5.896801,52.895862],[5.897234,52.895827],[5.897297,52.895809],[5.897393,52.89578],[5.897396,52.895756],[5.897468,52.895745],[5.897662,52.89571],[5.897844,52.895676],[5.89799,52.895656],[5.898063,52.895656],[5.898212,52.895646],[5.89833,52.895638],[5.898477,52.895629],[5.89864,52.895624],[5.898824,52.895625],[5.899026,52.895627],[5.89905,52.895638],[5.899144,52.895644],[5.899261,52.89566],[5.899317,52.895693],[5.899367,52.895711],[5.899516,52.895751],[5.899636,52.8958],[5.899707,52.89584],[5.899792,52.895886],[5.899839,52.895897],[5.899898,52.895913],[5.899929,52.895922],[5.900037,52.895987],[5.900138,52.896071],[5.900211,52.896135],[5.900184,52.896151],[5.900238,52.896193],[5.900238,52.896194],[5.900328,52.896287],[5.900539,52.896456],[5.900774,52.896608],[5.900795,52.896622],[5.900947,52.896724],[5.901077,52.896811],[5.901308,52.896929],[5.901375,52.896981],[5.90146,52.897028],[5.901527,52.897052],[5.901606,52.897069],[5.90172,52.897078],[5.901814,52.897079],[5.901937,52.897072],[5.902079,52.897056],[5.902405,52.896993],[5.902882,52.896907],[5.902932,52.896896],[5.902977,52.896887],[5.903213,52.896832],[5.903248,52.89683],[5.903282,52.896824],[5.903372,52.896798],[5.903443,52.896775],[5.903742,52.896733],[5.904028,52.896686],[5.904175,52.896701],[5.904329,52.896709],[5.904601,52.896726],[5.904691,52.896737],[5.904741,52.896742],[5.905019,52.896775],[5.905353,52.896814],[5.905761,52.896861],[5.906205,52.896913],[5.906548,52.896951],[5.907095,52.897014],[5.907318,52.897041],[5.907438,52.897054],[5.907511,52.897062],[5.907592,52.897071],[5.907665,52.897078],[5.907682,52.89708],[5.907762,52.897089],[5.907834,52.897098],[5.907869,52.897101],[5.907884,52.897104],[5.907897,52.897106],[5.907908,52.897108],[5.907923,52.897113],[5.908016,52.897141],[5.908067,52.897157],[5.908092,52.897162],[5.908109,52.897166],[5.908126,52.897168],[5.908148,52.89717],[5.908266,52.897215],[5.908583,52.8973],[5.90895,52.897408],[5.90904,52.897428],[5.909125,52.897433],[5.909293,52.897482],[5.909456,52.897499],[5.909777,52.897542],[5.909936,52.897565],[5.910328,52.897635],[5.910534,52.897687],[5.910763,52.897736],[5.910797,52.897743],[5.911114,52.897815],[5.911163,52.897827],[5.911216,52.897842],[5.911343,52.897881],[5.911408,52.897904],[5.911434,52.897914],[5.911465,52.897927],[5.91155,52.897964],[5.911625,52.897995],[5.911728,52.89804],[5.91181,52.898077],[5.911897,52.898115],[5.912018,52.898169],[5.912169,52.898237],[5.912298,52.898294],[5.912418,52.898346],[5.912592,52.89842],[5.912797,52.898505],[5.91299,52.898589],[5.913172,52.898667],[5.913388,52.89876],[5.913509,52.89881],[5.913652,52.898871],[5.913735,52.898907],[5.913952,52.898996],[5.914202,52.899096],[5.914322,52.899143],[5.91441,52.899179],[5.914434,52.89919],[5.914446,52.899193],[5.914462,52.899198],[5.914476,52.899203],[5.914493,52.899211],[5.914581,52.899258],[5.91468,52.89931],[5.914745,52.899345],[5.914937,52.899444],[5.914985,52.899468],[5.915019,52.899484],[5.91509,52.899514],[5.915106,52.899522],[5.915126,52.899531],[5.915221,52.899577],[5.915258,52.899595],[5.915319,52.899624],[5.915393,52.899657],[5.915469,52.899686],[5.915499,52.899696],[5.915515,52.899703],[5.91553,52.899708],[5.915546,52.899715],[5.915569,52.899723],[5.915587,52.899731],[5.915604,52.899738],[5.915621,52.899746],[5.915637,52.899752],[5.915674,52.899767],[5.915721,52.899784],[5.915869,52.899837],[5.915932,52.899861],[5.915998,52.899883],[5.916027,52.899895],[5.916033,52.899896],[5.916035,52.899897],[5.916132,52.899941],[5.916318,52.900027],[5.916524,52.900111],[5.916562,52.900143],[5.916608,52.900172],[5.916659,52.900205],[5.916869,52.900332],[5.916976,52.90039],[5.917174,52.900488],[5.917301,52.90055],[5.917476,52.900629],[5.917639,52.900701],[5.917942,52.90083],[5.918114,52.900896],[5.918509,52.901053],[5.918722,52.901137],[5.918919,52.901212],[5.919003,52.901251],[5.919274,52.901366],[5.919618,52.901524],[5.919909,52.901658],[5.920073,52.90175],[5.920261,52.901832],[5.920377,52.901894],[5.920474,52.901951],[5.920831,52.902166],[5.920831,52.902165],[5.920931,52.902219],[5.921036,52.902268],[5.92153,52.902462],[5.922145,52.902701],[5.923048,52.903058],[5.923704,52.903321],[5.924017,52.903444],[5.924639,52.90369],[5.924991,52.903832],[5.925058,52.903858],[5.925292,52.903949],[5.925703,52.904113],[5.926028,52.904242],[5.926305,52.904355],[5.926437,52.904417],[5.92658,52.904499],[5.92668,52.904558],[5.926769,52.904624],[5.926831,52.904678],[5.926981,52.904811],[5.927172,52.904977],[5.927352,52.905134],[5.927472,52.905239],[5.92753,52.905285],[5.927605,52.90534],[5.927693,52.905403],[5.927758,52.905449],[5.927838,52.9055],[5.928009,52.905604],[5.928091,52.905649],[5.928172,52.905691],[5.928289,52.905751],[5.928346,52.905779],[5.928412,52.905812],[5.9286,52.905904],[5.928752,52.905981],[5.928922,52.906064],[5.92893,52.906068],[5.929077,52.906144],[5.929255,52.90623],[5.929544,52.906373],[5.929638,52.906418],[5.929727,52.906461],[5.929846,52.906515],[5.929998,52.906578],[5.930182,52.906654],[5.930277,52.906691],[5.930363,52.906723],[5.930514,52.906764],[5.930597,52.906783],[5.93073,52.906812],[5.930789,52.906822],[5.930941,52.906847],[5.931071,52.906867],[5.931264,52.906893],[5.931489,52.906926],[5.931721,52.906961],[5.931902,52.906989],[5.932068,52.907013],[5.932161,52.907027],[5.932274,52.907045],[5.93241,52.90707],[5.932497,52.907087],[5.932563,52.907106],[5.932666,52.907138],[5.932819,52.907201],[5.932891,52.907236],[5.932944,52.907262],[5.93302,52.90731],[5.933074,52.90734],[5.933144,52.907397],[5.933191,52.907443],[5.93324,52.907483],[5.933425,52.907681],[5.933848,52.908128],[5.934187,52.908502],[5.93435,52.908675],[5.93447,52.908803],[5.934594,52.908939],[5.93464,52.908986],[5.934947,52.909289],[5.935129,52.909472],[5.935242,52.909579],[5.9353,52.909632],[5.935366,52.909698],[5.935466,52.909777],[5.935685,52.909952],[5.935982,52.910189],[5.936302,52.910446],[5.936534,52.910635],[5.936745,52.910804],[5.93696,52.910984],[5.937151,52.911138],[5.93728,52.911234],[5.937507,52.911411],[5.937618,52.911496],[5.937676,52.911542],[5.937711,52.911574],[5.93775,52.911627],[5.937777,52.911664],[5.93779,52.911682],[5.937829,52.911721],[5.937838,52.911733],[5.937847,52.91174],[5.937463,52.911944],[5.937453,52.911972],[5.937437,52.911993],[5.937414,52.912017],[5.937372,52.912047],[5.937234,52.912136],[5.937126,52.912204],[5.93709,52.91223],[5.937046,52.912262],[5.936939,52.912344],[5.936913,52.912363],[5.936889,52.912376],[5.936859,52.912393],[5.936827,52.912412],[5.936767,52.912455],[5.936637,52.912542],[5.936474,52.912651],[5.936413,52.912696],[5.936396,52.91271],[5.936382,52.912726],[5.936366,52.91274],[5.936344,52.912756],[5.936324,52.912766],[5.936254,52.912814],[5.936195,52.912867],[5.936154,52.912902],[5.9361,52.912935],[5.936008,52.912994],[5.935898,52.913075],[5.935819,52.913134],[5.93577,52.913179],[5.935748,52.913197],[5.935713,52.913215],[5.935674,52.913236],[5.935644,52.913257],[5.935618,52.913279],[5.935555,52.913335],[5.935383,52.913479],[5.935331,52.913513],[5.935215,52.913587],[5.935169,52.913622],[5.935035,52.913727],[5.934979,52.913774],[5.934921,52.913833],[5.934887,52.913865],[5.934851,52.913894],[5.934779,52.913951],[5.93475,52.913975],[5.934732,52.913985],[5.934644,52.914038],[5.934502,52.914123],[5.934461,52.914152],[5.93435,52.914228],[5.934299,52.914264],[5.934268,52.91429],[5.934209,52.914334],[5.934074,52.914435],[5.933915,52.914556],[5.933896,52.91457],[5.933872,52.914584],[5.933842,52.914601],[5.933815,52.914615],[5.933765,52.914642],[5.933734,52.914661],[5.933703,52.914682],[5.933678,52.914703],[5.933636,52.914738],[5.93359,52.914785],[5.933553,52.914823],[5.933547,52.914829],[5.933537,52.91484],[5.933523,52.914856],[5.933519,52.914871],[5.933522,52.914883],[5.933526,52.914891],[5.933524,52.914897],[5.933514,52.914906],[5.93348,52.914923],[5.933472,52.914929],[5.933454,52.914951],[5.933433,52.914972],[5.933418,52.914982],[5.933384,52.915006],[5.93336,52.915024],[5.933339,52.915043],[5.933327,52.915055],[5.933311,52.915076],[5.933295,52.915099],[5.933274,52.915137],[5.933273,52.915145],[5.933192,52.915235],[5.933143,52.91529],[5.933127,52.915313],[5.933106,52.915339],[5.933085,52.915366],[5.933019,52.915439],[5.932991,52.915474],[5.932965,52.915501],[5.932938,52.91553],[5.932916,52.915558],[5.932895,52.915587],[5.932881,52.91561],[5.932861,52.915644],[5.932843,52.91567],[5.932822,52.915704],[5.932795,52.915743],[5.932765,52.915787],[5.932711,52.91586],[5.932674,52.915905],[5.932644,52.91594],[5.932574,52.916025],[5.932548,52.916055],[5.932535,52.916074],[5.932526,52.916092],[5.932517,52.916106],[5.93251,52.91612],[5.932495,52.916134],[5.932471,52.916156],[5.932393,52.916204],[5.932349,52.91623],[5.932339,52.916241],[5.932321,52.91626],[5.932313,52.916277],[5.932304,52.916303],[5.932293,52.916325],[5.932269,52.916357],[5.932246,52.916384],[5.932236,52.916397],[5.932234,52.916406],[5.932231,52.916425],[5.932228,52.916445],[5.932225,52.916455],[5.932214,52.916469],[5.932204,52.916481],[5.932194,52.916489],[5.932184,52.916497],[5.932148,52.916546],[5.932116,52.916583],[5.932097,52.916603],[5.932042,52.916654],[5.932001,52.916693],[5.931975,52.916722],[5.93194,52.916768],[5.931917,52.916808],[5.931892,52.916865],[5.931876,52.916894],[5.931859,52.916916],[5.931846,52.916927],[5.931813,52.916952],[5.931794,52.916971],[5.931783,52.916991],[5.931773,52.917016],[5.931762,52.917039],[5.931718,52.917106],[5.931689,52.917144],[5.931651,52.917184],[5.931594,52.917245],[5.93157,52.917267],[5.931554,52.917284],[5.93154,52.917293],[5.931531,52.917307],[5.931515,52.917333],[5.931504,52.917352],[5.931472,52.917389],[5.931402,52.917474],[5.931324,52.917576],[5.93128,52.917632],[5.931245,52.917678],[5.931199,52.917728],[5.931092,52.917843],[5.93095,52.91807],[5.930945,52.91808],[5.930875,52.918158],[5.930734,52.918324],[5.930682,52.918384],[5.930674,52.918397],[5.930659,52.918429],[5.93065,52.918441],[5.930502,52.918627],[5.930343,52.91882],[5.930313,52.918858],[5.93017,52.919036],[5.929949,52.919307],[5.929631,52.919703],[5.929296,52.920119],[5.928921,52.920594],[5.928883,52.920634],[5.928857,52.920659],[5.928845,52.920671],[5.928841,52.920681],[5.928841,52.92069],[5.928845,52.920697],[5.928849,52.9207],[5.928847,52.920707],[5.928845,52.920709],[5.928818,52.920733],[5.928777,52.920771],[5.928753,52.920794],[5.928733,52.920816],[5.928715,52.920837],[5.928693,52.920863],[5.928671,52.920896],[5.928648,52.920925],[5.928513,52.921084],[5.928384,52.921237],[5.92822,52.921433],[5.928098,52.92158],[5.928053,52.921634],[5.928037,52.92165],[5.928024,52.921659],[5.928015,52.921669],[5.927993,52.921704],[5.92799,52.921721],[5.927971,52.921739],[5.927852,52.921869],[5.927812,52.921913],[5.927791,52.921938],[5.927777,52.921961],[5.927764,52.921987],[5.927751,52.922007],[5.927733,52.922034],[5.927676,52.922111],[5.9276,52.922217],[5.927541,52.922303],[5.927504,52.922353],[5.927474,52.922391],[5.92744,52.92244],[5.92739,52.922505],[5.927351,52.922554],[5.927335,52.922575],[5.927222,52.922676],[5.927061,52.922868],[5.926951,52.92305],[5.926901,52.923127],[5.926896,52.923137],[5.926883,52.923158],[5.92687,52.923181],[5.926847,52.923209],[5.926745,52.923345],[5.926675,52.923448],[5.926548,52.923619],[5.92646,52.923727],[5.926355,52.923858],[5.926329,52.923883],[5.926288,52.923927],[5.926271,52.923953],[5.926248,52.923985],[5.926239,52.923999],[5.926188,52.924064],[5.926036,52.92426],[5.925895,52.924439],[5.92572,52.924659],[5.925631,52.924778],[5.925569,52.924859],[5.925523,52.924914],[5.925435,52.925018],[5.92524,52.925251],[5.925044,52.92548],[5.924974,52.92556],[5.924937,52.925595],[5.924901,52.925626],[5.924886,52.92564],[5.924881,52.925647],[5.924876,52.925653],[5.924872,52.925664],[5.924861,52.925706],[5.924839,52.925733],[5.924639,52.925984],[5.924286,52.926424],[5.923932,52.926865],[5.923794,52.92704],[5.923685,52.927181],[5.92357,52.927303],[5.923539,52.927335],[5.923533,52.927349],[5.923512,52.927389],[5.923507,52.927398],[5.923441,52.927499],[5.923432,52.927506],[5.923422,52.927516],[5.92341,52.927527],[5.923379,52.927562],[5.923364,52.927579],[5.923342,52.927603],[5.923335,52.927613],[5.923327,52.927619],[5.923311,52.927633],[5.923303,52.927639],[5.92329,52.927647],[5.92328,52.927654],[5.92327,52.927659],[5.92326,52.927669],[5.923251,52.927678],[5.923246,52.927684],[5.92324,52.927694],[5.923232,52.927705],[5.923225,52.927715],[5.923219,52.927724],[5.923214,52.927736],[5.923206,52.927752],[5.923201,52.927766],[5.923192,52.927786],[5.923183,52.927806],[5.923179,52.927816],[5.923169,52.927832],[5.923164,52.927838],[5.923158,52.927847],[5.923156,52.927851],[5.923153,52.927854],[5.923145,52.927864],[5.923136,52.927877],[5.923117,52.9279],[5.923106,52.927913],[5.923099,52.927923],[5.923092,52.927932],[5.923088,52.92794],[5.923083,52.92795],[5.923074,52.927969],[5.92307,52.92798],[5.923064,52.927993],[5.923062,52.928],[5.923053,52.928012],[5.923052,52.928016],[5.923048,52.928023],[5.923036,52.928032],[5.923017,52.928047],[5.923009,52.928055],[5.923002,52.928061],[5.922999,52.928067],[5.922991,52.928082],[5.922986,52.928092],[5.92298,52.9281],[5.922973,52.928111],[5.922967,52.928119],[5.922958,52.928131],[5.922948,52.928142],[5.922934,52.928156],[5.922919,52.92817],[5.922901,52.928187],[5.922887,52.928205],[5.922871,52.928226],[5.922858,52.928244],[5.922834,52.928272],[5.922808,52.928306],[5.922784,52.928336],[5.922772,52.928352],[5.922758,52.928372],[5.922757,52.928374],[5.922741,52.928392],[5.922697,52.928449],[5.922636,52.928527],[5.922622,52.928545],[5.922609,52.928559],[5.922596,52.928578],[5.922591,52.928585],[5.922579,52.928601],[5.922568,52.928615],[5.922559,52.928624],[5.922547,52.928637],[5.922535,52.928652],[5.922513,52.928681],[5.922496,52.928703],[5.922493,52.928705],[5.922489,52.928706],[5.92247,52.928721],[5.922417,52.928765],[5.922384,52.928807],[5.922359,52.928837],[5.922336,52.928866],[5.922308,52.9289],[5.922275,52.928943],[5.92226,52.928962],[5.922253,52.928972],[5.922244,52.928981],[5.922227,52.929001],[5.921838,52.929483],[5.92182,52.929506],[5.921788,52.929545],[5.921747,52.929595],[5.921695,52.929657],[5.921648,52.929713],[5.921341,52.93012],[5.921188,52.930285],[5.921091,52.930432],[5.920924,52.930645],[5.920648,52.931011],[5.920533,52.931147],[5.920438,52.931267],[5.920375,52.931347],[5.920372,52.931351],[5.920349,52.931377],[5.92028,52.931448],[5.920243,52.931482],[5.920122,52.931593],[5.920066,52.931671],[5.919978,52.931694],[5.919794,52.93193],[5.919819,52.931992],[5.919706,52.932184],[5.919704,52.932188],[5.919666,52.932243],[5.919653,52.93226],[5.919567,52.932374],[5.919561,52.932382],[5.919554,52.93239],[5.919521,52.932434],[5.919419,52.93256],[5.919314,52.932686],[5.919234,52.932781],[5.919211,52.932806],[5.919136,52.932891],[5.919088,52.932949],[5.919059,52.932986],[5.918999,52.933064],[5.918863,52.933237],[5.918697,52.933442],[5.918567,52.933606],[5.918513,52.933672],[5.918476,52.933716],[5.918428,52.933773],[5.918427,52.933774],[5.918362,52.933845],[5.918296,52.933926],[5.918271,52.933958],[5.918249,52.933998],[5.91817,52.934087],[5.918038,52.934242],[5.917922,52.934375],[5.917846,52.934464],[5.917829,52.934495],[5.917776,52.934567],[5.917699,52.934666],[5.917515,52.934896],[5.917399,52.93504],[5.917344,52.935108],[5.917196,52.935291],[5.917066,52.935453],[5.917021,52.935481],[5.917002,52.935494],[5.916973,52.935544],[5.916949,52.935583],[5.916881,52.935671],[5.916829,52.935738],[5.916798,52.935786],[5.916756,52.935837],[5.916718,52.935865],[5.9167,52.935882],[5.916698,52.935884],[5.916566,52.936055],[5.91647,52.936172],[5.916408,52.936249],[5.916371,52.936295],[5.916261,52.936436],[5.916092,52.936651],[5.915915,52.936877],[5.915849,52.93696],[5.915697,52.937145],[5.91546,52.937431],[5.915168,52.937768],[5.91516,52.937783],[5.915153,52.937807],[5.915147,52.937819],[5.915106,52.937863],[5.915014,52.937965],[5.914985,52.938005],[5.914943,52.938067],[5.914869,52.93817],[5.914738,52.938347],[5.914705,52.938381],[5.914669,52.938412],[5.914394,52.938766],[5.914296,52.938895],[5.914179,52.939036],[5.914015,52.939231],[5.913967,52.939289],[5.913903,52.939359],[5.913869,52.939404],[5.913814,52.939472],[5.913763,52.939529],[5.913747,52.93955],[5.913723,52.939584],[5.913692,52.939639],[5.913687,52.93965],[5.913674,52.939685],[5.913664,52.939717],[5.91366,52.93973],[5.91365,52.939744],[5.913638,52.939757],[5.913626,52.939769],[5.913615,52.93978],[5.9136,52.939796],[5.913586,52.939814],[5.913573,52.939831],[5.913488,52.93994],[5.913452,52.939988],[5.913417,52.940032],[5.913355,52.940099],[5.913316,52.940144],[5.913296,52.94017],[5.913194,52.940308],[5.913129,52.940393],[5.913128,52.940393],[5.91309,52.940445],[5.913062,52.940484],[5.913046,52.940505],[5.913037,52.940517],[5.91303,52.940527],[5.913021,52.94054],[5.913016,52.940548],[5.913009,52.940559],[5.912994,52.940585],[5.91299,52.940591],[5.912986,52.940598],[5.912984,52.940603],[5.912978,52.940616],[5.912976,52.940619],[5.912975,52.940626],[5.912975,52.940632],[5.912975,52.940638],[5.912977,52.940645],[5.912979,52.940651],[5.912984,52.94066],[5.912992,52.940671],[5.913,52.940683],[5.913006,52.94069],[5.913008,52.940695],[5.91301,52.940699],[5.913011,52.940703],[5.913013,52.940712],[5.913014,52.940719],[5.913016,52.940729],[5.91302,52.940739],[5.913027,52.940752],[5.913032,52.940763],[5.913037,52.940769],[5.913042,52.940774],[5.913046,52.940777],[5.91305,52.940781],[5.913056,52.940784],[5.913064,52.940788],[5.913072,52.940792],[5.913076,52.940794],[5.913081,52.940798],[5.913083,52.940802],[5.913092,52.940813],[5.913119,52.940848],[5.913183,52.940934],[5.913208,52.94097],[5.913242,52.941016],[5.913277,52.941064],[5.913305,52.941107],[5.913314,52.941117],[5.913321,52.941129],[5.913327,52.941138],[5.913331,52.941145],[5.913335,52.941155],[5.913341,52.941169],[5.913344,52.941178],[5.913348,52.941185],[5.913353,52.941193],[5.913358,52.9412],[5.913365,52.941207],[5.913371,52.941212],[5.913378,52.941219],[5.913384,52.941225],[5.913388,52.941231],[5.913392,52.941237],[5.913398,52.941246],[5.913401,52.941253],[5.913405,52.941259],[5.913411,52.941268],[5.913434,52.941305],[5.913449,52.941327],[5.913463,52.941349],[5.913495,52.941391],[5.913512,52.941412],[5.913531,52.941439],[5.913554,52.941471],[5.913569,52.941492],[5.913582,52.94151],[5.913598,52.941533],[5.913612,52.941554],[5.913638,52.941591],[5.913659,52.94162],[5.913681,52.941651],[5.913707,52.941688],[5.913735,52.941726],[5.913754,52.941753],[5.913778,52.941786],[5.913797,52.941814],[5.913818,52.941843],[5.913836,52.941869],[5.913855,52.941896],[5.913876,52.941926],[5.913895,52.941952],[5.91391,52.941973],[5.91397,52.942058],[5.913986,52.942082],[5.914003,52.942105],[5.914016,52.942123],[5.914035,52.942152],[5.914044,52.942163],[5.91406,52.942183],[5.914212,52.942342],[5.914249,52.942409],[5.914245,52.942444],[5.914237,52.942486],[5.914218,52.942516],[5.9142,52.942544],[5.914032,52.942751],[5.914091,52.942771],[5.914116,52.942795],[5.914155,52.942832],[5.914158,52.942842],[5.914162,52.942856],[5.914181,52.942922],[5.914093,52.943003],[5.914078,52.94302],[5.914051,52.943052],[5.91402,52.943074],[5.913967,52.943109],[5.91395,52.943123],[5.9139,52.943179],[5.913803,52.943294],[5.913723,52.94339],[5.913684,52.943447],[5.913561,52.943627],[5.913424,52.943814],[5.913414,52.943826],[5.913279,52.943995],[5.912993,52.944341],[5.912544,52.944889],[5.912284,52.945204],[5.911626,52.946002],[5.911019,52.946736],[5.910491,52.947372],[5.909784,52.948227],[5.908815,52.949398],[5.908752,52.949474],[5.908014,52.950365],[5.907955,52.950437],[5.907681,52.950778],[5.907038,52.951568],[5.906367,52.952383],[5.905773,52.953106],[5.905289,52.95368],[5.905098,52.953907],[5.905079,52.95393],[5.904938,52.954096],[5.904886,52.954164],[5.904836,52.954241],[5.904809,52.954295],[5.904787,52.954344],[5.904773,52.954378],[5.904753,52.954424],[5.904755,52.95445],[5.904759,52.954482],[5.904762,52.954492],[5.904778,52.954549],[5.904873,52.954825],[5.904903,52.954913],[5.904938,52.955009],[5.905045,52.955195],[5.90505,52.955203],[5.905123,52.955323],[5.905711,52.955515],[5.905593,52.955566],[5.905482,52.955613],[5.905413,52.955647],[5.905384,52.955665],[5.905345,52.955693],[5.905313,52.955719],[5.905253,52.955778],[5.9052,52.955832],[5.905145,52.955893],[5.905089,52.95596],[5.905038,52.956023],[5.904981,52.956083],[5.9049,52.956161],[5.904827,52.956223],[5.904732,52.956293],[5.904665,52.956342],[5.904574,52.956396],[5.904479,52.956447],[5.904382,52.956487],[5.904262,52.956536],[5.904135,52.956585],[5.904039,52.956616],[5.903919,52.956649],[5.903837,52.956669],[5.903641,52.956714],[5.90346,52.956758],[5.90316,52.956861],[5.90303,52.956914],[5.902877,52.956989],[5.90276,52.95705],[5.902649,52.957109],[5.902549,52.957172],[5.902468,52.957229],[5.902379,52.957306],[5.902305,52.957369],[5.902223,52.957451],[5.902134,52.95755],[5.902046,52.95765],[5.901836,52.957926],[5.901452,52.958415],[5.901451,52.958416],[5.900912,52.959087],[5.900666,52.959392],[5.900455,52.95966],[5.900221,52.95996],[5.899993,52.960254],[5.899739,52.960575],[5.899493,52.960887],[5.899297,52.961138],[5.899134,52.961341],[5.899008,52.961499],[5.898866,52.961664],[5.898585,52.961939],[5.898267,52.962244],[5.898219,52.96229],[5.898155,52.962353],[5.89796,52.962542],[5.897569,52.962925],[5.897568,52.962926],[5.897416,52.963077],[5.89741,52.963083],[5.897324,52.96306],[5.897182,52.963022],[5.897155,52.963015],[5.897096,52.962999],[5.897085,52.962996],[5.896838,52.96293],[5.896723,52.962899],[5.896731,52.962873],[5.896728,52.962851],[5.896715,52.962744],[5.896698,52.962604],[5.896681,52.962474],[5.896673,52.962471],[5.896133,52.962302],[5.895633,52.962148],[5.895085,52.962801],[5.895005,52.962897],[5.894971,52.962937],[5.894768,52.963179],[5.894221,52.963022],[5.893941,52.962942],[5.89394,52.962941],[5.893704,52.962874],[5.89322,52.962735],[5.893192,52.962727],[5.892372,52.962491],[5.892151,52.962428],[5.891738,52.962309],[5.891629,52.962279],[5.891662,52.962259],[5.891891,52.962117],[5.892019,52.962033],[5.891683,52.961915],[5.891641,52.961901],[5.891027,52.961697],[5.890588,52.96232],[5.890393,52.962596],[5.890311,52.962712],[5.890277,52.962761],[5.890253,52.962795],[5.890135,52.962958],[5.889749,52.963493],[5.889526,52.963803],[5.889258,52.964174],[5.88883,52.964759],[5.888816,52.964778],[5.888763,52.964838],[5.888619,52.964973],[5.888538,52.965041],[5.88848,52.96509],[5.888308,52.965207],[5.888139,52.965302],[5.887968,52.965384],[5.887733,52.965462],[5.88757,52.965517],[5.887379,52.965573],[5.887375,52.965574],[5.887183,52.965616],[5.886924,52.965665],[5.886699,52.965689],[5.886646,52.965695],[5.886376,52.96571],[5.886289,52.96571],[5.886154,52.965711],[5.885988,52.966111],[5.886488,52.966186],[5.886726,52.966222],[5.886834,52.96624],[5.886891,52.966249],[5.888005,52.966446],[5.888077,52.966457],[5.888008,52.96653],[5.887888,52.966659],[5.887571,52.96701],[5.88684,52.967049],[5.885848,52.966896],[5.884946,52.966756],[5.8847,52.966717],[5.884635,52.966707],[5.884422,52.966604],[5.884371,52.966583],[5.88424,52.966555],[5.882692,52.966311],[5.882522,52.966284],[5.882009,52.966208],[5.880924,52.966029],[5.880882,52.966022],[5.878369,52.96562],[5.878185,52.96559],[5.877809,52.96553],[5.877611,52.965497],[5.877623,52.96547],[5.877404,52.965434],[5.877341,52.965423],[5.877154,52.965391],[5.876377,52.965263],[5.876018,52.965207],[5.875619,52.965146],[5.87475,52.965007],[5.873742,52.964844],[5.873607,52.964823],[5.87233,52.964626],[5.871674,52.964523],[5.87133,52.96447],[5.871255,52.964458],[5.871061,52.964426],[5.871016,52.964425],[5.870992,52.964429],[5.870971,52.964442],[5.870962,52.964454],[5.870834,52.964735],[5.870688,52.965018],[5.870505,52.965365],[5.870488,52.965398],[5.870405,52.965568],[5.870337,52.965709],[5.870183,52.965988],[5.870083,52.966194],[5.869989,52.966388],[5.8699,52.966626],[5.869896,52.966636],[5.869886,52.966662],[5.869861,52.966729],[5.869855,52.966747],[5.869831,52.966813],[5.8698,52.966897],[5.869779,52.966956],[5.869771,52.966978],[5.869743,52.967062],[5.869739,52.967073],[5.869732,52.967094],[5.869695,52.967204],[5.869684,52.967236],[5.869658,52.967317],[5.869622,52.967432],[5.86959,52.967536],[5.86958,52.967567],[5.869547,52.967674],[5.86954,52.967699],[5.869505,52.967818],[5.869469,52.967945],[5.869453,52.968002],[5.86944,52.968059],[5.869413,52.968176],[5.869393,52.968264],[5.869385,52.968301],[5.869355,52.968427],[5.869328,52.968544],[5.8693,52.968664],[5.869281,52.968744],[5.869239,52.968741],[5.869219,52.968839],[5.869217,52.968847],[5.86921,52.968878],[5.86932,52.968889],[5.869312,52.968929],[5.869211,52.969412],[5.869072,52.970079],[5.868897,52.970912],[5.868842,52.971173],[5.868819,52.971283],[5.868711,52.971295],[5.868576,52.971958],[5.868654,52.971979],[5.86865,52.971979],[5.868639,52.972033],[5.86857,52.972384],[5.868551,52.97248],[5.86851,52.972662],[5.868494,52.972771],[5.868492,52.972811],[5.868488,52.972883],[5.868484,52.972989],[5.868472,52.973138],[5.868456,52.973221],[5.868432,52.973224],[5.868408,52.973239],[5.868387,52.973285],[5.868356,52.973422],[5.868361,52.973475],[5.868399,52.97351],[5.868474,52.973529],[5.868338,52.973517],[5.86831,52.973721],[5.868348,52.973714],[5.868409,52.973749],[5.8684,52.973754],[5.868375,52.973763],[5.868365,52.973772],[5.86835,52.973793],[5.868307,52.973985],[5.868008,52.97533],[5.867937,52.975654],[5.867746,52.97653],[5.867605,52.977178],[5.867617,52.977261],[5.867579,52.977236],[5.867559,52.977213],[5.867548,52.977189],[5.867541,52.977174],[5.867519,52.977272],[5.867453,52.977566],[5.867233,52.978543],[5.867215,52.978622],[5.867222,52.978622],[5.868561,52.978683],[5.868717,52.978706],[5.868971,52.978743],[5.869493,52.978839],[5.870465,52.978975],[5.870539,52.978986],[5.870616,52.978997],[5.870768,52.979019],[5.870853,52.979031],[5.870894,52.979037],[5.871386,52.979109],[5.871794,52.979159],[5.871797,52.979159],[5.871996,52.979184],[5.872187,52.9792],[5.872292,52.97921],[5.872416,52.979185],[5.872528,52.979164],[5.8726,52.97915],[5.872717,52.979127],[5.873606,52.979256],[5.873725,52.979287],[5.873764,52.979317],[5.87382,52.979368],[5.873894,52.979419],[5.874039,52.979464],[5.874339,52.979508],[5.874504,52.979535],[5.874533,52.97954],[5.874561,52.979544],[5.874964,52.979603],[5.875798,52.979716],[5.875984,52.97974],[5.876009,52.979744],[5.876296,52.979782],[5.876362,52.979791],[5.876407,52.979791],[5.876441,52.979788],[5.876603,52.979738],[5.876732,52.979757],[5.876747,52.979793],[5.876785,52.97983],[5.876879,52.97987],[5.87692,52.979889],[5.877013,52.97991],[5.87709,52.979931],[5.877241,52.979949],[5.877739,52.979993],[5.878012,52.980024],[5.878342,52.980067],[5.878533,52.980106],[5.878636,52.980127],[5.878922,52.980175],[5.879651,52.980291],[5.879974,52.980346],[5.881115,52.980538],[5.881957,52.980678],[5.882675,52.980786],[5.88279,52.980802],[5.883291,52.980878],[5.883817,52.980957],[5.884904,52.981121],[5.886074,52.981294],[5.886287,52.981328],[5.88644,52.981353],[5.88654,52.981369],[5.886743,52.981409],[5.886942,52.981449],[5.887008,52.981463],[5.887267,52.981515],[5.887258,52.981567],[5.887225,52.981751],[5.887158,52.982047],[5.887074,52.98232],[5.886973,52.982599],[5.886812,52.982942],[5.886676,52.983199],[5.886539,52.983412],[5.886405,52.983606],[5.886258,52.983801],[5.886077,52.984025],[5.885917,52.984206],[5.885762,52.984373],[5.88559,52.984546],[5.885438,52.98469],[5.885286,52.984831],[5.885092,52.984994],[5.884915,52.985137],[5.88475,52.985266],[5.884512,52.985447],[5.884512,52.985447],[5.883642,52.986111],[5.882841,52.986723],[5.877481,52.990855],[5.874588,52.993084],[5.869398,52.996826],[5.867324,52.998496],[5.866127,52.999797],[5.865315,53.001062],[5.863647,53.004657],[5.858159,53.015772],[5.857603,53.017008],[5.85745,53.017121],[5.857405,53.017149],[5.856984,53.017385],[5.85686,53.017456],[5.856849,53.017464],[5.856699,53.01757],[5.856416,53.017768],[5.855976,53.018085],[5.855929,53.018126],[5.855751,53.018278],[5.855396,53.01857],[5.855059,53.018848],[5.854779,53.019083],[5.854286,53.019482],[5.853739,53.019946],[5.853356,53.020261],[5.852768,53.020754],[5.85237,53.021093],[5.851861,53.021524],[5.851784,53.021588],[5.851221,53.02205],[5.850713,53.022466],[5.850327,53.022785],[5.849747,53.023282],[5.849594,53.023508],[5.849335,53.023905],[5.849221,53.02398],[5.849107,53.024055],[5.84873,53.0243],[5.848428,53.02444],[5.847945,53.02465],[5.847235,53.024913],[5.84611,53.025419],[5.845516,53.025704],[5.844827,53.026044],[5.844772,53.026071],[5.842833,53.027373],[5.840849,53.028659],[5.84039,53.028946],[5.839797,53.029276],[5.838552,53.029986],[5.837841,53.030348],[5.837202,53.030566],[5.836009,53.030974],[5.835883,53.031109],[5.835875,53.031157],[5.835872,53.031172],[5.835852,53.031216],[5.835817,53.031279],[5.835793,53.031323],[5.835758,53.031358],[5.835737,53.031385],[5.835687,53.031424],[5.835558,53.031524],[5.835409,53.031632],[5.835369,53.031661],[5.835277,53.031725],[5.835165,53.031806],[5.835105,53.031847],[5.835034,53.031891],[5.83494,53.031946],[5.834794,53.032022],[5.834644,53.032095],[5.834408,53.0322],[5.834395,53.032206],[5.834294,53.032257],[5.834188,53.03231],[5.834112,53.032352],[5.83401,53.032415],[5.833882,53.032494],[5.83372,53.032593],[5.833675,53.032619],[5.833513,53.032695],[5.833365,53.032766],[5.833207,53.032848],[5.833039,53.032936],[5.832946,53.032991],[5.832855,53.033047],[5.832739,53.033124],[5.832565,53.033243],[5.832276,53.033432],[5.832016,53.033573],[5.831648,53.033774],[5.8314,53.033904],[5.831192,53.034023],[5.830973,53.034151],[5.83075,53.034277],[5.830444,53.034458],[5.830194,53.034611],[5.830027,53.034713],[5.829802,53.034843],[5.82948,53.035024],[5.829117,53.035227],[5.82874,53.035407],[5.828663,53.035445],[5.828598,53.035483],[5.82843,53.035585],[5.828004,53.035829],[5.827748,53.035978],[5.827482,53.03614],[5.82713,53.036358],[5.826875,53.036521],[5.826804,53.03656],[5.826517,53.036698],[5.82616,53.03688],[5.825938,53.036993],[5.825678,53.037142],[5.825384,53.037317],[5.825025,53.037534],[5.824832,53.037653],[5.824605,53.037792],[5.824315,53.037972],[5.824058,53.038117],[5.823926,53.038181],[5.823842,53.038214],[5.823572,53.038309],[5.823186,53.038432],[5.822951,53.03851],[5.82259,53.03863],[5.822541,53.038647],[5.822044,53.038829],[5.821611,53.039012],[5.821539,53.039047],[5.821505,53.039063],[5.821181,53.039262],[5.820719,53.039532],[5.820612,53.039591],[5.820567,53.039614],[5.820529,53.039634],[5.819868,53.039932],[5.819573,53.040055],[5.819052,53.040273],[5.818888,53.040343],[5.817071,53.040999],[5.816897,53.041056],[5.816817,53.041079],[5.815994,53.041297],[5.815556,53.041434],[5.815015,53.041641],[5.814649,53.04179],[5.814402,53.041876],[5.81342,53.042164],[5.812831,53.042372],[5.81266,53.042435],[5.812069,53.042651],[5.811528,53.042842],[5.811057,53.043033],[5.81049,53.043237],[5.810209,53.04333],[5.810024,53.043388],[5.809697,53.043488],[5.809437,53.043567],[5.809041,53.043685],[5.809022,53.04369],[5.808859,53.043751],[5.80866,53.043835],[5.808377,53.043969],[5.808067,53.044138],[5.808045,53.044151],[5.807916,53.044228],[5.807754,53.044302],[5.807653,53.044349],[5.807633,53.044359],[5.807611,53.044371],[5.807392,53.044488],[5.807242,53.044581],[5.807176,53.044616],[5.807057,53.044669],[5.806944,53.044717],[5.806862,53.044749],[5.806555,53.044872],[5.806276,53.044999],[5.805762,53.045284],[5.805404,53.04546],[5.805231,53.045549],[5.804784,53.045786],[5.804719,53.045824],[5.804658,53.045859],[5.804576,53.04591],[5.804351,53.046001],[5.804131,53.046071],[5.803819,53.04617],[5.803682,53.046219],[5.80358,53.046261],[5.803442,53.046321],[5.803134,53.046471],[5.802774,53.046646],[5.802536,53.046707],[5.802223,53.046799],[5.802092,53.046873],[5.801929,53.046999],[5.801831,53.047074],[5.801712,53.047166],[5.801645,53.047203],[5.801239,53.047408],[5.801202,53.047429],[5.801104,53.047478],[5.800967,53.047552],[5.800812,53.047618],[5.800633,53.04769],[5.800273,53.047908],[5.800213,53.047963],[5.80007,53.048084],[5.80006,53.048091],[5.799903,53.048227],[5.79985,53.048271],[5.799783,53.048363],[5.799705,53.048446],[5.799569,53.048594],[5.799484,53.048674],[5.799404,53.04875],[5.79916,53.048979],[5.799086,53.049042],[5.798864,53.049211],[5.798572,53.049419],[5.798315,53.049637],[5.798238,53.04971],[5.798232,53.049716],[5.798074,53.049858],[5.797947,53.049809],[5.797868,53.049917],[5.797862,53.049925],[5.797835,53.049962],[5.797697,53.050188],[5.797668,53.050214],[5.797545,53.050387],[5.797468,53.050578],[5.797371,53.050739],[5.797176,53.051039],[5.797069,53.051262],[5.796955,53.051425],[5.796939,53.051437],[5.796796,53.051553],[5.796586,53.051737],[5.796463,53.051896],[5.796414,53.052019],[5.796364,53.052165],[5.796277,53.052341],[5.796146,53.052504],[5.796012,53.052677],[5.795906,53.052845],[5.795862,53.052931],[5.795818,53.053016],[5.795806,53.053107],[5.795785,53.053151],[5.795777,53.05318],[5.795766,53.053221],[5.795745,53.05329],[5.795729,53.053365],[5.795729,53.05341],[5.79575,53.053458],[5.795799,53.053503],[5.795886,53.05353],[5.795977,53.053553],[5.796131,53.05359],[5.796249,53.053613],[5.79633,53.053632],[5.796375,53.053648],[5.796414,53.053671],[5.796443,53.053701],[5.796458,53.053737],[5.796449,53.053778],[5.796412,53.053833],[5.796352,53.053905],[5.796259,53.053988],[5.796206,53.054037],[5.796199,53.054041],[5.796139,53.05408],[5.796088,53.054141],[5.796058,53.054192],[5.796064,53.054239],[5.796108,53.054291],[5.796112,53.054341],[5.796082,53.054388],[5.796009,53.054439],[5.795883,53.054511],[5.795776,53.054563],[5.795658,53.054626],[5.795595,53.054664],[5.79555,53.054707],[5.795537,53.054744],[5.795551,53.054789],[5.795576,53.054811],[5.795508,53.054866],[5.795525,53.054876],[5.795576,53.054893],[5.795639,53.054911],[5.795738,53.054938],[5.795853,53.054977],[5.795983,53.05502],[5.79615,53.055083],[5.796329,53.055151],[5.796518,53.055229],[5.79674,53.055326],[5.796985,53.055425],[5.79722,53.055519],[5.797344,53.055575],[5.797705,53.05573],[5.797865,53.055796],[5.798024,53.055854],[5.798189,53.055919],[5.798304,53.055966],[5.798418,53.056009],[5.79858,53.056076],[5.798655,53.056107],[5.798699,53.056128],[5.798727,53.056147],[5.798746,53.05617],[5.798749,53.056195],[5.798746,53.056218],[5.798732,53.056251],[5.798708,53.056294],[5.798681,53.056331],[5.798639,53.056378],[5.798594,53.056432],[5.798543,53.05649],[5.798467,53.056557],[5.798381,53.056651],[5.798303,53.05672],[5.798241,53.05678],[5.798179,53.056843],[5.798168,53.056855],[5.798103,53.056915],[5.798049,53.056962],[5.797997,53.057008],[5.797941,53.057047],[5.797888,53.057087],[5.797861,53.057106],[5.797841,53.05712],[5.797797,53.057154],[5.797763,53.057181],[5.797703,53.057246],[5.797622,53.057335],[5.797521,53.057436],[5.797411,53.057559],[5.797368,53.057606],[5.797312,53.057668],[5.797231,53.057756],[5.79719,53.05779],[5.797163,53.057803],[5.797149,53.05782],[5.797146,53.057825],[5.797127,53.057855],[5.797082,53.057904],[5.797031,53.057946],[5.796994,53.057992],[5.796995,53.058007],[5.796945,53.058046],[5.796888,53.058095],[5.796839,53.058127],[5.796801,53.058161],[5.796761,53.058197],[5.796731,53.058241],[5.79673,53.058242],[5.7966,53.058468],[5.796386,53.058839],[5.795898,53.058531],[5.794157,53.057828],[5.793823,53.05768],[5.793464,53.057521],[5.792091,53.056667],[5.79149,53.056347],[5.789898,53.055501],[5.78837,53.054689],[5.788567,53.054597],[5.786184,53.053213],[5.785918,53.053058],[5.781893,53.050729],[5.778802,53.048903],[5.778536,53.048745],[5.777248,53.04798],[5.774903,53.046533],[5.774514,53.046293],[5.773912,53.045922],[5.772762,53.045901],[5.769961,53.045851],[5.769847,53.045849],[5.769856,53.045897],[5.770437,53.046202],[5.770499,53.046249],[5.770545,53.046361],[5.77043,53.04647],[5.77043,53.046565],[5.7704,53.046594],[5.770462,53.046691],[5.770428,53.0467],[5.770459,53.046755],[5.770497,53.046749],[5.770521,53.046796],[5.770855,53.046864],[5.770989,53.046916],[5.771012,53.046968],[5.770917,53.047045],[5.770696,53.047443],[5.770424,53.047378],[5.770383,53.047369],[5.770113,53.0473],[5.769696,53.047207],[5.769589,53.047166],[5.769506,53.047148],[5.769465,53.047165],[5.769351,53.047186],[5.769255,53.047221],[5.769279,53.047099],[5.769197,53.046932],[5.768955,53.046779],[5.768827,53.046717],[5.768686,53.046681],[5.768614,53.046669],[5.768539,53.046672],[5.768468,53.046684],[5.768178,53.046768],[5.767856,53.046877],[5.767391,53.047179],[5.767291,53.047283],[5.76723,53.047299],[5.767205,53.047269],[5.767624,53.046611],[5.76748,53.046448],[5.763323,53.046582],[5.759993,53.046685],[5.759838,53.04669],[5.758015,53.046757],[5.755432,53.046838],[5.755266,53.04669],[5.754634,53.046123],[5.754487,53.045993],[5.753351,53.044976],[5.753201,53.044846],[5.75263,53.044334],[5.751922,53.043698],[5.751797,53.043579],[5.750616,53.042524],[5.750465,53.042393],[5.749585,53.0416],[5.749482,53.041511],[5.748291,53.040444],[5.74762,53.039856],[5.745006,53.037563],[5.742515,53.035378],[5.742212,53.035112],[5.742077,53.03499],[5.740818,53.033869],[5.740661,53.033718],[5.739593,53.032764],[5.739429,53.03262],[5.738339,53.031649],[5.738179,53.031511],[5.737516,53.0309],[5.736705,53.030152],[5.736582,53.029887],[5.736375,53.02937],[5.736158,53.028827],[5.736119,53.028503],[5.736118,53.028399],[5.736115,53.028174],[5.736185,53.027222],[5.736169,53.026999],[5.73616,53.026869],[5.736065,53.026411],[5.736018,53.026181],[5.735964,53.025917],[5.735918,53.02573],[5.735683,53.024746],[5.73562,53.024501],[5.73547,53.02389],[5.735438,53.023717],[5.735164,53.022624],[5.735115,53.022447],[5.734997,53.021921],[5.734904,53.021507],[5.734846,53.021282],[5.734553,53.020168],[5.734313,53.019246],[5.734285,53.01913],[5.734037,53.018001],[5.734006,53.017833],[5.733801,53.017431],[5.733752,53.017335],[5.733708,53.017207],[5.733539,53.016591],[5.733484,53.016357],[5.733378,53.015998],[5.733272,53.015641],[5.733241,53.015438],[5.733676,53.015225],[5.734592,53.014809],[5.734866,53.014684],[5.735262,53.014504],[5.735719,53.014296],[5.736059,53.013989],[5.736131,53.013924],[5.736251,53.013811],[5.736583,53.013641],[5.737166,53.013357],[5.737421,53.013211],[5.737558,53.013146],[5.738128,53.012873],[5.738618,53.012642],[5.739527,53.012248],[5.739794,53.012128],[5.740355,53.011909],[5.741141,53.011577],[5.741536,53.011411],[5.741884,53.011242],[5.742017,53.01118],[5.742888,53.010779],[5.743631,53.010428],[5.743775,53.010369],[5.745208,53.009767],[5.745713,53.009548],[5.746079,53.009324],[5.746344,53.009175],[5.746643,53.009034],[5.746896,53.008909],[5.747293,53.00875],[5.747526,53.008656],[5.747774,53.008572],[5.747918,53.008522],[5.748066,53.008461],[5.748624,53.00815],[5.748708,53.008096],[5.748749,53.008059],[5.748765,53.008045],[5.748819,53.007977],[5.748859,53.007909],[5.748891,53.007842],[5.748897,53.007761],[5.748888,53.007709],[5.748866,53.00764],[5.748824,53.007584],[5.748755,53.007537],[5.748578,53.007438],[5.748476,53.007396],[5.748378,53.007351],[5.748181,53.007282],[5.745918,53.006585],[5.744113,53.006034],[5.742492,53.005529],[5.742394,53.005496],[5.742183,53.005351],[5.742013,53.005172],[5.741805,53.004927],[5.741713,53.004728],[5.741592,53.004576],[5.7415,53.004298],[5.741894,53.003299],[5.742299,53.002929],[5.742529,53.002632],[5.742483,53.002435],[5.742408,53.002381],[5.742258,53.002301],[5.742034,53.002229],[5.741557,53.002064],[5.740553,53.001717],[5.74054,53.001713],[5.739823,53.001427],[5.739435,53.001303],[5.739196,53.00124],[5.738942,53.001196],[5.737839,53.001029],[5.737615,53.001002],[5.737481,53.000985],[5.737272,53.000976],[5.736572,53.000925],[5.73614,53.000899],[5.735409,53.000874],[5.735141,53.000857],[5.735037,53.000848],[5.734918,53.000858],[5.733566,53.00093],[5.733325,53.000943],[5.733042,53.000971],[5.732938,53.000989],[5.732804,53.001007],[5.732685,53.001026],[5.732566,53.001062],[5.732373,53.001117],[5.732031,53.001243],[5.731615,53.001334],[5.731466,53.001362],[5.731347,53.001371],[5.731257,53.00138],[5.731153,53.001381],[5.731034,53.001372],[5.7309,53.001345],[5.73084,53.001328],[5.730616,53.001274],[5.729279,53.000907],[5.729259,53.000902],[5.728363,53.000647],[5.726954,53.000197],[5.725856,52.999858],[5.72538,52.999718],[5.72523,52.999675],[5.724117,52.999355],[5.723547,52.999164],[5.723169,52.999053],[5.722883,52.998945],[5.722685,52.998848],[5.722521,52.998729],[5.72242,52.998569],[5.722337,52.998362],[5.722277,52.9981],[5.722165,52.997869],[5.722048,52.997746],[5.721872,52.997582],[5.721686,52.997516],[5.72143,52.997429],[5.721156,52.997339],[5.720841,52.997259],[5.720486,52.997162],[5.719933,52.997009],[5.719331,52.996854],[5.71897,52.996729],[5.718533,52.996531],[5.718131,52.996339],[5.717676,52.996095],[5.717273,52.995903],[5.716858,52.995677],[5.716601,52.995534],[5.716414,52.995391],[5.716239,52.995244],[5.716058,52.995108],[5.715829,52.994842],[5.715694,52.994667],[5.715588,52.99451],[5.715524,52.994391],[5.71543,52.994241],[5.715377,52.994146],[5.715265,52.994034],[5.715131,52.993919],[5.715014,52.993818],[5.714891,52.993723],[5.71487,52.99371],[5.714697,52.9936],[5.71465,52.993556],[5.714647,52.993553],[5.714539,52.993453],[5.71453,52.993445],[5.714469,52.993389],[5.714227,52.993167],[5.714024,52.992976],[5.714024,52.992976],[5.71388,52.992826],[5.713704,52.992602],[5.713603,52.992443],[5.71357,52.992375],[5.713536,52.992303],[5.713468,52.992159],[5.713427,52.99206],[5.713366,52.991889],[5.713351,52.991825],[5.713331,52.99166],[5.713327,52.991506],[5.713361,52.991346],[5.713377,52.991209],[5.713384,52.991057],[5.71334,52.990793],[5.713263,52.990595],[5.713118,52.990331],[5.712987,52.99019],[5.712939,52.990138],[5.712693,52.989854],[5.712541,52.989733],[5.71232,52.989561],[5.712269,52.989515],[5.711452,52.989057],[5.710846,52.988731],[5.710441,52.988514],[5.70954,52.98799],[5.708576,52.987498],[5.708386,52.987409],[5.707414,52.986773],[5.70727,52.986678],[5.707188,52.986585],[5.707154,52.986435],[5.707164,52.986335],[5.707232,52.986182],[5.707295,52.986087],[5.707497,52.985879],[5.707673,52.985656],[5.707732,52.985539],[5.707828,52.98535],[5.707777,52.985109],[5.707198,52.984813],[5.706542,52.984475],[5.706113,52.984319],[5.705345,52.984248],[5.705175,52.984243],[5.705064,52.984271],[5.703764,52.984592],[5.702766,52.984852],[5.702126,52.984959],[5.701006,52.985144],[5.700374,52.985251],[5.70011,52.985296],[5.699905,52.985333],[5.699208,52.985504],[5.69866,52.98567],[5.697906,52.985894],[5.697369,52.986088],[5.69612,52.98654],[5.695251,52.986978],[5.694932,52.987137],[5.694779,52.987215],[5.693443,52.987898],[5.693089,52.98807],[5.691991,52.988545],[5.691952,52.988557],[5.691859,52.988591],[5.691724,52.988613],[5.691432,52.988646],[5.691227,52.988655],[5.69072,52.988198],[5.690418,52.987871],[5.689329,52.98678],[5.689252,52.986703],[5.689091,52.986487],[5.688771,52.985993],[5.688489,52.985584],[5.68809,52.984868],[5.687828,52.984266],[5.687701,52.983796],[5.6876,52.983345],[5.687466,52.982493],[5.687443,52.98208],[5.687501,52.981368],[5.68752,52.981002],[5.687826,52.980371],[5.687913,52.979944],[5.688166,52.979369],[5.688332,52.978974],[5.688494,52.978604],[5.688859,52.977965],[5.688864,52.977955],[5.689025,52.977618],[5.689515,52.976631],[5.689584,52.976482],[5.690013,52.975394],[5.690049,52.975253],[5.690268,52.974412],[5.690323,52.974193],[5.690525,52.972711],[5.690775,52.968485],[5.69078,52.968214],[5.690823,52.967378],[5.690845,52.967225],[5.690907,52.966819],[5.69094,52.965088],[5.690941,52.964852],[5.690779,52.9629],[5.69075,52.962557],[5.689595,52.949373],[5.689134,52.94552],[5.688192,52.937633],[5.688154,52.936877],[5.688152,52.936515],[5.688141,52.936272],[5.68817,52.936],[5.688206,52.935681],[5.688227,52.935579],[5.688272,52.935361],[5.688317,52.935187],[5.68863,52.93412],[5.688816,52.933801],[5.688966,52.933539],[5.689326,52.932967],[5.688575,52.93308],[5.687995,52.933171],[5.687442,52.933252],[5.685255,52.933594],[5.68389,52.933802],[5.68334,52.933881],[5.683331,52.933879],[5.68316,52.933841],[5.682153,52.933583],[5.68181,52.933494],[5.681103,52.933399],[5.680813,52.93333],[5.68048,52.933217],[5.680051,52.933191],[5.679854,52.933155],[5.679163,52.932962],[5.679066,52.932952],[5.679042,52.932949],[5.67882,52.932948],[5.678175,52.933013],[5.677152,52.933118],[5.676711,52.933165],[5.675985,52.933238],[5.67517,52.93328],[5.674789,52.933327],[5.674222,52.9334],[5.673481,52.933449],[5.67289,52.933522],[5.672497,52.93355],[5.670416,52.933712],[5.669956,52.93376],[5.669632,52.933793],[5.66919,52.933841],[5.666733,52.934062],[5.666361,52.934093],[5.66599,52.934119],[5.66475,52.934225],[5.663116,52.934384],[5.662674,52.934424],[5.662312,52.934454],[5.662001,52.934484],[5.661823,52.9345],[5.661652,52.9345],[5.661614,52.9345],[5.661541,52.934479],[5.660665,52.934597],[5.660475,52.934623],[5.660215,52.934644],[5.659898,52.934669],[5.658072,52.934839],[5.657738,52.934871],[5.657444,52.934897],[5.657428,52.934898],[5.655535,52.935064],[5.655155,52.9351],[5.653968,52.935202],[5.653707,52.935224],[5.650884,52.935443],[5.650597,52.935465],[5.648819,52.935625],[5.647679,52.935727],[5.647377,52.935754],[5.645632,52.935901],[5.645437,52.935919],[5.642924,52.936127],[5.642455,52.936167],[5.642383,52.935857],[5.642154,52.934865],[5.642034,52.934317],[5.641646,52.934347],[5.641643,52.93433],[5.641642,52.934322],[5.641625,52.93423],[5.641509,52.933616],[5.641484,52.933468],[5.641411,52.933051],[5.641396,52.933],[5.641383,52.932956],[5.641365,52.932827],[5.639978,52.922469],[5.620751,52.919504],[5.610174,52.917871],[5.602895,52.916746],[5.595656,52.915627],[5.594463,52.915443],[5.59426,52.915412],[5.592874,52.916969],[5.592859,52.916987],[5.592832,52.917019],[5.592787,52.917071],[5.592748,52.917119],[5.592698,52.917155],[5.592659,52.917184],[5.59257,52.917251],[5.592454,52.917374],[5.592025,52.917826],[5.591958,52.917898],[5.591954,52.917904],[5.591919,52.917965],[5.591399,52.918657],[5.591304,52.918786],[5.591155,52.918983],[5.590731,52.91954],[5.590549,52.919779],[5.590508,52.91983],[5.59044,52.919883],[5.590396,52.919919],[5.590329,52.919997],[5.590152,52.920292],[5.590038,52.920427],[5.589926,52.920536],[5.589835,52.920642],[5.58975,52.920773],[5.589662,52.920907],[5.58957,52.92102],[5.589304,52.921276],[5.588935,52.921695],[5.588624,52.922109],[5.588543,52.922234],[5.588492,52.922327],[5.588448,52.922469],[5.58841,52.922644],[5.588375,52.922735],[5.588339,52.922819],[5.588301,52.922889],[5.588267,52.922979],[5.588261,52.922992],[5.588155,52.923082],[5.588112,52.92312],[5.588094,52.923136],[5.587985,52.923234],[5.587888,52.923327],[5.587632,52.923596],[5.587588,52.923642],[5.58741,52.923747],[5.587237,52.923871],[5.587063,52.924016],[5.586915,52.924146],[5.586816,52.924267],[5.586725,52.924437],[5.586652,52.92459],[5.586573,52.924675],[5.586466,52.924761],[5.586341,52.924869],[5.586034,52.925212],[5.585722,52.925672],[5.58559,52.925816],[5.585423,52.926088],[5.585209,52.926445],[5.585074,52.92667],[5.584829,52.926998],[5.584677,52.927235],[5.584578,52.927385],[5.584352,52.927727],[5.584299,52.927805],[5.584293,52.927814],[5.584175,52.927884],[5.58411,52.927918],[5.584002,52.92798],[5.583992,52.927998],[5.583992,52.928],[5.583936,52.928111],[5.583923,52.928123],[5.583678,52.928369],[5.583639,52.928388],[5.583511,52.928448],[5.582937,52.928974],[5.582706,52.929233],[5.582623,52.92937],[5.582602,52.929413],[5.582531,52.929565],[5.582397,52.929713],[5.582054,52.930095],[5.581978,52.93018],[5.581887,52.930301],[5.581665,52.930552],[5.581663,52.930555],[5.581435,52.930813],[5.581279,52.93099],[5.581276,52.930995],[5.581273,52.931001],[5.581026,52.931461],[5.580963,52.931547],[5.58071,52.93183],[5.580272,52.932711],[5.580275,52.932752],[5.580389,52.932866],[5.580423,52.932929],[5.580444,52.932994],[5.580447,52.933036],[5.580528,52.933952],[5.580531,52.934046],[5.5804,52.934038],[5.579969,52.934014],[5.579822,52.934005],[5.579078,52.933955],[5.578994,52.933949],[5.57899,52.933949],[5.5789,52.933942],[5.578576,52.934197],[5.578213,52.934527],[5.577939,52.934751],[5.577716,52.934958],[5.577665,52.935008],[5.577598,52.935124],[5.577564,52.935259],[5.577258,52.935205],[5.577204,52.935274],[5.576899,52.935663],[5.576718,52.935893],[5.575962,52.936855],[5.57592,52.936909],[5.575845,52.937006],[5.575344,52.937685],[5.575308,52.937738],[5.57521,52.93788],[5.575178,52.937927],[5.575174,52.937932],[5.575172,52.937933],[5.575006,52.938105],[5.575096,52.9383],[5.574705,52.938679],[5.574556,52.93887],[5.574507,52.938989],[5.574392,52.939284],[5.574381,52.939317],[5.574254,52.939639],[5.57416,52.939868],[5.574157,52.939875],[5.57396,52.940196],[5.573724,52.940499],[5.573669,52.940561],[5.573639,52.940622],[5.573833,52.940645],[5.573503,52.941084],[5.573374,52.941232],[5.573222,52.941407],[5.573208,52.941422],[5.57312,52.941623],[5.572853,52.942143],[5.572818,52.942247],[5.572297,52.942687],[5.572068,52.942843],[5.571938,52.942881],[5.571882,52.942901],[5.571811,52.942916],[5.571648,52.942944],[5.571626,52.942965],[5.571314,52.943266],[5.57074,52.94362],[5.570386,52.943877],[5.570086,52.944156],[5.569845,52.944421],[5.569828,52.944439],[5.569613,52.944686],[5.569608,52.944692],[5.569604,52.944698],[5.569587,52.944723],[5.569021,52.945535],[5.567247,52.946349],[5.566911,52.946503],[5.566022,52.946911],[5.565556,52.947125],[5.564779,52.947481],[5.563505,52.946997],[5.562231,52.946513],[5.560957,52.946028],[5.559683,52.945544],[5.558409,52.94506],[5.557135,52.944576],[5.555861,52.944091],[5.554588,52.943607],[5.553314,52.943123],[5.55204,52.942638],[5.550766,52.942154],[5.549493,52.941669],[5.548219,52.941185],[5.546946,52.9407],[5.545672,52.940216],[5.544398,52.939732],[5.543119,52.939242],[5.541839,52.938753],[5.54056,52.938264],[5.53928,52.937774],[5.538001,52.937285],[5.536721,52.936796],[5.535442,52.936306],[5.534162,52.935817],[5.532883,52.935327],[5.531604,52.934838],[5.530324,52.934348],[5.529045,52.933859],[5.527766,52.933369],[5.526487,52.93288],[5.525207,52.93239],[5.523928,52.931901],[5.522649,52.931411],[5.52137,52.930922],[5.520091,52.930432],[5.518659,52.929887],[5.517228,52.929342],[5.515507,52.928678],[5.514304,52.928191],[5.513777,52.927967],[5.513018,52.927586],[5.512268,52.927209],[5.511832,52.926975],[5.511216,52.926646],[5.509872,52.925868],[5.508738,52.925128],[5.507604,52.924388],[5.506203,52.923389],[5.504802,52.922389],[5.503747,52.921624],[5.502693,52.920859],[5.501638,52.920095],[5.500583,52.91933],[5.499367,52.918452],[5.498151,52.917574],[5.496936,52.916697],[5.495319,52.915656],[5.495091,52.915477],[5.494654,52.91512],[5.494205,52.914797],[5.493854,52.914544],[5.493571,52.914341],[5.492982,52.913913],[5.492195,52.91334],[5.491755,52.913025],[5.491265,52.912667],[5.491011,52.912482],[5.490362,52.912013],[5.48995,52.911746],[5.489838,52.911673],[5.48954,52.911483],[5.48883,52.91095],[5.487598,52.910054],[5.483036,52.906724],[5.48145,52.905568],[5.479242,52.90396],[5.477984,52.903047],[5.477757,52.902897],[5.47771,52.902876],[5.477612,52.902839],[5.477373,52.902763],[5.477189,52.90274],[5.47705,52.902428],[5.476966,52.902237],[5.478409,52.901077],[5.479438,52.900256],[5.480467,52.899435],[5.481496,52.898613],[5.481998,52.898214],[5.483026,52.897397],[5.484054,52.89658],[5.484126,52.896519],[5.484231,52.896436],[5.484338,52.896351],[5.484473,52.896242],[5.484615,52.896129],[5.485177,52.895679],[5.486347,52.894737],[5.487304,52.893971],[5.488774,52.89279],[5.489896,52.892112],[5.490191,52.891931],[5.490357,52.891827],[5.490463,52.89178],[5.4905,52.89175],[5.490508,52.891722],[5.490533,52.89168],[5.490536,52.891676],[5.490804,52.891513],[5.491225,52.891251],[5.492333,52.890613],[5.492722,52.890388],[5.49303,52.890269],[5.49331,52.890166],[5.49353,52.890074],[5.493681,52.890007],[5.493753,52.889939],[5.493845,52.889836],[5.493413,52.889539],[5.493244,52.889423],[5.493019,52.889257],[5.492803,52.889105],[5.492405,52.888764],[5.492326,52.888685],[5.492274,52.888628],[5.492095,52.888445],[5.491924,52.888285],[5.491697,52.888061],[5.491518,52.887843],[5.491268,52.887654],[5.491153,52.887549],[5.490968,52.887382],[5.490869,52.88727],[5.490659,52.88704],[5.49047,52.886853],[5.490308,52.886746],[5.490235,52.886698],[5.490057,52.886537],[5.489871,52.886337],[5.48977,52.886227],[5.489717,52.886141],[5.489707,52.886099],[5.489713,52.88603],[5.48983,52.88594],[5.489961,52.885845],[5.490203,52.88567],[5.49042,52.88552],[5.490652,52.885361],[5.490965,52.885154],[5.491444,52.884836],[5.491501,52.884797],[5.491591,52.884734],[5.491727,52.884645],[5.491848,52.884572],[5.492081,52.884418],[5.492295,52.884287],[5.492516,52.884153],[5.492667,52.884064],[5.492712,52.88403],[5.492928,52.883858],[5.493144,52.883694],[5.493326,52.883558],[5.493418,52.883495],[5.493695,52.883328],[5.49374,52.883298],[5.493978,52.883146],[5.4942,52.883026],[5.494327,52.882957],[5.494705,52.882773],[5.494871,52.882694],[5.495105,52.882597],[5.495355,52.882492],[5.495523,52.882428],[5.495813,52.882328],[5.495891,52.882298],[5.496229,52.882169],[5.496772,52.881961],[5.497197,52.881797],[5.497416,52.881707],[5.497806,52.881556],[5.498017,52.881478],[5.498193,52.881413],[5.498565,52.881279],[5.498987,52.881121],[5.499415,52.880956],[5.499606,52.880885],[5.499904,52.88078],[5.500176,52.88068],[5.500361,52.880625],[5.500517,52.880586],[5.500684,52.880553],[5.500985,52.880497],[5.501248,52.880457],[5.501382,52.880437],[5.501524,52.880395],[5.501731,52.880317],[5.501823,52.880212],[5.501853,52.880141],[5.501847,52.880083],[5.501819,52.880043],[5.501621,52.879912],[5.501224,52.879649],[5.501097,52.879571],[5.500884,52.87944],[5.50072,52.879329],[5.500322,52.879053],[5.500056,52.878881],[5.499544,52.878563],[5.499392,52.878465],[5.499014,52.878216],[5.498348,52.877788],[5.498203,52.877703],[5.497964,52.877536],[5.49784,52.877439],[5.497697,52.877358],[5.497532,52.877276],[5.497115,52.877025],[5.496773,52.876759],[5.496404,52.876468],[5.496064,52.876195],[5.495948,52.876099],[5.495903,52.876055],[5.495847,52.87598],[5.495843,52.875953],[5.495835,52.875926],[5.495815,52.875847],[5.495794,52.875728],[5.495739,52.875446],[5.495679,52.875095],[5.495611,52.874683],[5.495551,52.874104],[5.495517,52.873816],[5.495416,52.87377],[5.494365,52.873375],[5.494087,52.873276],[5.493011,52.872937],[5.492842,52.872892],[5.492836,52.872889],[5.492554,52.872819],[5.492348,52.872747],[5.492133,52.87265],[5.491844,52.872491],[5.491661,52.872394],[5.491169,52.872121],[5.49106,52.872062],[5.491,52.872026],[5.49088,52.871922],[5.490787,52.871834],[5.490719,52.871789],[5.490623,52.871729],[5.490547,52.871688],[5.490424,52.87162],[5.490368,52.871579],[5.490251,52.871489],[5.490171,52.871432],[5.490048,52.871521],[5.489913,52.871619],[5.489672,52.871792],[5.48916,52.872155],[5.489043,52.872237],[5.48892,52.872338],[5.488795,52.872435],[5.488607,52.872588],[5.488401,52.872754],[5.488037,52.873012],[5.487805,52.873176],[5.487647,52.873288],[5.487595,52.873329],[5.487487,52.873399],[5.487459,52.873381],[5.48727,52.873234],[5.48703,52.873051],[5.486588,52.872717],[5.486344,52.872535],[5.486059,52.87232],[5.485837,52.872149],[5.485643,52.872003],[5.48543,52.871845],[5.485234,52.871693],[5.485216,52.871678],[5.485165,52.871642],[5.485138,52.87163],[5.485069,52.871611],[5.484936,52.871564],[5.48482,52.871522],[5.484608,52.871442],[5.484484,52.871396],[5.484251,52.871312],[5.484017,52.871223],[5.483752,52.871133],[5.483461,52.87103],[5.483162,52.870919],[5.482802,52.870783],[5.482498,52.870664],[5.482147,52.87053],[5.481831,52.870413],[5.481505,52.870289],[5.481181,52.870177],[5.480853,52.870065],[5.480457,52.869926],[5.480045,52.869785],[5.479713,52.869668],[5.479591,52.869624],[5.479285,52.869517],[5.479029,52.869428],[5.478869,52.869371],[5.478818,52.869355],[5.478805,52.86935],[5.47867,52.869305],[5.478519,52.86925],[5.478232,52.86915],[5.477934,52.869049],[5.477691,52.868966],[5.477446,52.868881],[5.477181,52.868787],[5.4771,52.868764],[5.477093,52.868766],[5.477008,52.868815],[5.476775,52.868949],[5.476524,52.869096],[5.476469,52.86912],[5.476307,52.869065],[5.476222,52.869035],[5.476178,52.869017],[5.476031,52.869154],[5.475524,52.869627],[5.475242,52.869873],[5.47486,52.87021],[5.474655,52.870385],[5.474318,52.870678],[5.474177,52.870796],[5.473849,52.871076],[5.473658,52.871241],[5.473388,52.871522],[5.473243,52.87167],[5.473224,52.871693],[5.472937,52.872033],[5.472675,52.872346],[5.472558,52.872485],[5.472521,52.87254],[5.472466,52.87264],[5.472415,52.872792],[5.472477,52.872948],[5.47247,52.872972],[5.47234,52.873035],[5.472161,52.873021],[5.47201,52.873],[5.471673,52.872946],[5.471558,52.872928],[5.471471,52.872911],[5.471318,52.872861],[5.471053,52.872756],[5.470625,52.872581],[5.470004,52.872324],[5.469511,52.872125],[5.469102,52.871959],[5.468689,52.871794],[5.468312,52.872093],[5.467917,52.872407],[5.467718,52.872563],[5.467557,52.872508],[5.467408,52.872454],[5.467291,52.87239],[5.467083,52.872295],[5.466842,52.872196],[5.466679,52.872131],[5.466491,52.872028],[5.466222,52.871925],[5.466185,52.871914],[5.465895,52.871843],[5.465732,52.871804],[5.465421,52.871701],[5.465243,52.871629],[5.465014,52.871537],[5.465059,52.871499],[5.465237,52.871321],[5.465129,52.871301],[5.465053,52.871294],[5.46484,52.871305],[5.464409,52.871348],[5.462896,52.87149],[5.461383,52.871633],[5.461099,52.871659],[5.460656,52.871697],[5.460577,52.871708],[5.460568,52.87171],[5.460433,52.871723],[5.460163,52.871749],[5.459821,52.871789],[5.459514,52.871822],[5.459484,52.871825],[5.459361,52.87184],[5.459255,52.871862],[5.459201,52.87188],[5.459106,52.871937],[5.458945,52.871996],[5.458896,52.872011],[5.458807,52.872021],[5.458684,52.872022],[5.458538,52.872025],[5.458306,52.872043],[5.458151,52.872059],[5.458,52.872079],[5.457805,52.872121],[5.457621,52.872124],[5.457527,52.872127],[5.45732,52.872127],[5.457314,52.872117],[5.457306,52.872095],[5.457306,52.872067],[5.457331,52.87205],[5.457459,52.872011],[5.457497,52.871957],[5.457481,52.871823],[5.45747,52.871797],[5.457443,52.871743],[5.45744,52.871712],[5.457415,52.871691],[5.457437,52.871677],[5.457221,52.871708],[5.456823,52.871753],[5.456187,52.87181],[5.455581,52.871863],[5.455435,52.871874],[5.455266,52.871884],[5.454986,52.871917],[5.454695,52.871951],[5.454589,52.871961],[5.454235,52.871993],[5.4538,52.872035],[5.4529,52.872117],[5.452513,52.872154],[5.452174,52.872191],[5.451972,52.872216],[5.451746,52.872256],[5.451576,52.872289],[5.451415,52.872316],[5.451211,52.872337],[5.451065,52.872342],[5.450794,52.872338],[5.450547,52.872341],[5.450457,52.87235],[5.450119,52.872403],[5.44979,52.872459],[5.449384,52.872521],[5.449018,52.872571],[5.448568,52.872629],[5.448132,52.872681],[5.447896,52.87271],[5.447761,52.87274],[5.447643,52.872802],[5.447553,52.872878],[5.447377,52.873014],[5.447242,52.873111],[5.44718,52.873143],[5.447139,52.873162],[5.447097,52.873175],[5.447052,52.873186],[5.446989,52.873198],[5.446783,52.873217],[5.446613,52.873223],[5.44622,52.873241],[5.446152,52.873255],[5.44592,52.873294],[5.445708,52.873341],[5.44544,52.873401],[5.445183,52.873455],[5.444894,52.873508],[5.444543,52.87357],[5.444221,52.873626],[5.443911,52.87368],[5.443652,52.873721],[5.443427,52.873742],[5.44324,52.873753],[5.442929,52.87377],[5.442631,52.873793],[5.442375,52.873811],[5.442099,52.873842],[5.441593,52.873878],[5.441357,52.873893],[5.441299,52.873896],[5.441222,52.873903],[5.441159,52.873905],[5.44098,52.873902],[5.440738,52.873927],[5.440445,52.873961],[5.440194,52.873989],[5.439958,52.874014],[5.439839,52.874028],[5.43974,52.874047],[5.439572,52.874078],[5.439429,52.874107],[5.439234,52.874143],[5.439063,52.87417],[5.439006,52.874175],[5.438909,52.874184],[5.438841,52.874198],[5.438656,52.874233],[5.438322,52.874239],[5.438154,52.874265],[5.437965,52.874297],[5.437834,52.874309],[5.437545,52.874327],[5.437241,52.874348],[5.436951,52.874375],[5.43663,52.874385],[5.436329,52.874395],[5.436006,52.874401],[5.435693,52.874403],[5.43525,52.874429],[5.435102,52.874443],[5.434986,52.874454],[5.434829,52.874465],[5.434522,52.874495],[5.434289,52.874507],[5.434222,52.874509],[5.434046,52.874528],[5.433679,52.874565],[5.433089,52.874625],[5.432809,52.874652],[5.432596,52.87466],[5.432567,52.874658],[5.432532,52.87465],[5.432404,52.87461],[5.432062,52.874543],[5.431785,52.874484],[5.43145,52.874414],[5.431087,52.874336],[5.430752,52.874267],[5.43045,52.874205],[5.430153,52.874145],[5.429752,52.874063],[5.429312,52.873971],[5.428899,52.873885],[5.428464,52.873795],[5.428111,52.873722],[5.427751,52.873649],[5.427338,52.873563],[5.426894,52.873468],[5.426531,52.873388],[5.426215,52.87332],[5.426136,52.873302],[5.426102,52.873294],[5.426306,52.87319],[5.426619,52.873027],[5.426986,52.872838],[5.42733,52.872662],[5.427696,52.872473],[5.428025,52.872306],[5.428363,52.872136],[5.428742,52.871947],[5.428985,52.871826],[5.429098,52.87177],[5.429175,52.87173],[5.429191,52.871722],[5.429207,52.871714],[5.429212,52.871711],[5.429428,52.8716],[5.429618,52.871506],[5.430009,52.871305],[5.4304,52.8711],[5.430853,52.870867],[5.431226,52.870676],[5.431539,52.870513],[5.431567,52.870499],[5.431755,52.870402],[5.43176,52.8704],[5.431956,52.870305],[5.431989,52.870286],[5.432206,52.870168],[5.432314,52.870107],[5.43233,52.870092],[5.432342,52.870072],[5.432377,52.869961],[5.4324,52.869904],[5.432414,52.86987],[5.432587,52.869901],[5.432682,52.869921],[5.432716,52.869935],[5.432758,52.869967],[5.432765,52.869973],[5.432827,52.870018],[5.432956,52.870045],[5.433145,52.870076],[5.433352,52.870109],[5.433408,52.869998],[5.433469,52.869875],[5.433478,52.869854],[5.433581,52.869651],[5.433721,52.869367],[5.433844,52.869119],[5.433954,52.868894],[5.434054,52.868688],[5.434147,52.868491],[5.434238,52.868303],[5.434318,52.86813],[5.434341,52.868079],[5.434425,52.867905],[5.43453,52.867684],[5.434622,52.867496],[5.434791,52.867134],[5.434872,52.866967],[5.434939,52.866819],[5.435021,52.86665],[5.435124,52.866436],[5.435284,52.866101],[5.435457,52.865732],[5.435461,52.865721],[5.435467,52.865706],[5.435516,52.865601],[5.435629,52.865355],[5.435723,52.865151],[5.435908,52.864774],[5.435943,52.864702],[5.436037,52.864506],[5.436248,52.864062],[5.436407,52.86372],[5.436554,52.863419],[5.436637,52.863232],[5.436637,52.863232],[5.436768,52.86296],[5.436998,52.862476],[5.43701,52.862451],[5.437125,52.862223],[5.437195,52.862064],[5.437281,52.861908],[5.437428,52.861599],[5.437511,52.861433],[5.437742,52.860938],[5.437872,52.860663],[5.437988,52.860436],[5.438087,52.860239],[5.437915,52.860207],[5.43786,52.860195],[5.437551,52.860136],[5.437292,52.860089],[5.437307,52.860048],[5.437415,52.859749],[5.437494,52.859537],[5.437574,52.85932],[5.437648,52.859114],[5.437712,52.85894],[5.437767,52.858784],[5.437849,52.858562],[5.437946,52.85831],[5.438027,52.858104],[5.4381,52.857901],[5.438148,52.857781],[5.438192,52.857651],[5.438243,52.857515],[5.438304,52.857347],[5.438323,52.857301],[5.438347,52.857231],[5.438404,52.857238],[5.438578,52.857258],[5.43858,52.857239],[5.43859,52.857195],[5.438695,52.856917],[5.438702,52.8569],[5.43872,52.856845],[5.4388,52.856629],[5.438876,52.856407],[5.438888,52.856378],[5.438889,52.856371],[5.43897,52.856169],[5.439363,52.855147],[5.439383,52.85508],[5.439417,52.854958],[5.43945,52.854855],[5.43946,52.854825],[5.439498,52.854724],[5.439566,52.854547],[5.43957,52.854536],[5.439584,52.854496],[5.439602,52.85445],[5.439625,52.854395],[5.439652,52.854323],[5.43973,52.854118],[5.43989,52.853724],[5.4399,52.853699],[5.439905,52.853686],[5.439917,52.853651],[5.440703,52.851675],[5.44134,52.850073],[5.441175,52.85006],[5.435671,52.847184],[5.407503,52.832454],[5.337842,52.795955]]]},"properties":{"type":"boundary","gemeente":"De Fryske Marren"}}]}