{"type":"FeatureCollection","metadata":{"gemeente":"Groningen","slug":"groningen","generated_at":"2026-09-28T08:20:04.727385Z","total_points":287,"providers":["Amazon","DeBuren","DHL","DPD","PostNL","VintedGo","GLS","ViaTim","FedEx","InPost","Budbee"],"bounds":[6.496592,53.1561732,6.706448,53.2790878]},"features":[{"type":"Feature","geometry":{"type":"Point","coordinates":[6.566434949,53.19260609]},"properties":{"type":"pakketpunt","locatieNaam":"Shell De Wijert","straatNaam":"Van Ketwich Verschuurlaan 106","straatNr":"","vervoerder":"Amazon","puntType":"3p","bezettingsgraad":50,"latitude":53.19260609,"longitude":6.566434949,"canPickup":true,"canDropoff":false,"openingstijden":null}},{"type":"Feature","geometry":{"type":"Point","coordinates":[6.578209883786029,53.198098163388565]},"properties":{"type":"pakketpunt","locatieNaam":"DHL - Pakketautomaat Basic-Fit Groningen","straatNaam":"Van Imhoffstraat 2","straatNr":"","vervoerder":"Amazon","puntType":"3p","bezettingsgraad":50,"latitude":53.198098163388565,"longitude":6.578209883786029,"canPickup":true,"canDropoff":false,"openingstijden":null}},{"type":"Feature","geometry":{"type":"Point","coordinates":[6.512295367,53.20049062]},"properties":{"type":"pakketpunt","locatieNaam":"DHL - Pakketautomaat Tango Zuiderweg","straatNaam":"Zuiderweg 409a 409-A","straatNr":"","vervoerder":"Amazon","puntType":"3p","bezettingsgraad":50,"latitude":53.20049062,"longitude":6.512295367,"canPickup":true,"canDropoff":false,"openingstijden":null}},{"type":"Feature","geometry":{"type":"Point","coordinates":[6.5583836673775,53.2030643175608]},"properties":{"type":"pakketpunt","locatieNaam":"GoudGoed","straatNaam":"Paterswoldseweg 139","straatNr":"","vervoerder":"Amazon","puntType":"3p","bezettingsgraad":50,"latitude":53.2030643175608,"longitude":6.5583836673775,"canPickup":true,"canDropoff":false,"openingstijden":null}},{"type":"Feature","geometry":{"type":"Point","coordinates":[6.537403461,53.21218181]},"properties":{"type":"pakketpunt","locatieNaam":"Prokan BV+","straatNaam":"Energieweg 7 -1","straatNr":"","vervoerder":"Amazon","puntType":"3p","bezettingsgraad":50,"latitude":53.21218181,"longitude":6.537403461,"canPickup":true,"canDropoff":false,"openingstijden":null}},{"type":"Feature","geometry":{"type":"Point","coordinates":[6.60874169561881,53.2039460064498]},"properties":{"type":"pakketpunt","locatieNaam":"Fairust","straatNaam":"Narvikweg 9 C","straatNr":"","vervoerder":"Amazon","puntType":"3p","bezettingsgraad":50,"latitude":53.2039460064498,"longitude":6.60874169561881,"canPickup":true,"canDropoff":false,"openingstijden":null}},{"type":"Feature","geometry":{"type":"Point","coordinates":[6.578940956,53.21095863]},"properties":{"type":"pakketpunt","locatieNaam":"Primera","straatNaam":"Meeuwerderweg 111","straatNr":"","vervoerder":"Amazon","puntType":"3p","bezettingsgraad":50,"latitude":53.21095863,"longitude":6.578940956,"canPickup":true,"canDropoff":false,"openingstijden":null}},{"type":"Feature","geometry":{"type":"Point","coordinates":[6.50178187245139,53.214171500368]},"properties":{"type":"pakketpunt","locatieNaam":"Style Creators","straatNaam":"Zuiderweg 33","straatNr":"","vervoerder":"Amazon","puntType":"3p","bezettingsgraad":50,"latitude":53.214171500368,"longitude":6.50178187245139,"canPickup":true,"canDropoff":false,"openingstijden":null}},{"type":"Feature","geometry":{"type":"Point","coordinates":[6.562330978,53.22715418]},"properties":{"type":"pakketpunt","locatieNaam":"Primera Beren","straatNaam":"Beren 3","straatNr":"","vervoerder":"Amazon","puntType":"3p","bezettingsgraad":50,"latitude":53.22715418,"longitude":6.562330978,"canPickup":true,"canDropoff":false,"openingstijden":null}},{"type":"Feature","geometry":{"type":"Point","coordinates":[6.58355462979167,53.2316263852221]},"properties":{"type":"pakketpunt","locatieNaam":"Facebike.nl","straatNaam":"Paradijsvogelstraat 14","straatNr":"","vervoerder":"Amazon","puntType":"3p","bezettingsgraad":50,"latitude":53.2316263852221,"longitude":6.58355462979167,"canPickup":true,"canDropoff":false,"openingstijden":null}},{"type":"Feature","geometry":{"type":"Point","coordinates":[6.58238695893477,53.2365176169857]},"properties":{"type":"pakketpunt","locatieNaam":"Kringloopwinkel What’s in ?+","straatNaam":"Ulgersmaweg 141","straatNr":"","vervoerder":"Amazon","puntType":"3p","bezettingsgraad":50,"latitude":53.2365176169857,"longitude":6.58238695893477,"canPickup":true,"canDropoff":false,"openingstijden":null}},{"type":"Feature","geometry":{"type":"Point","coordinates":[6.58238695893477,53.2365176169857]},"properties":{"type":"pakketpunt","locatieNaam":"Kringloopwinkel What’s in ?","straatNaam":"Ulgersmaweg 141","straatNr":"","vervoerder":"Amazon","puntType":"3p","bezettingsgraad":50,"latitude":53.2365176169857,"longitude":6.58238695893477,"canPickup":true,"canDropoff":false,"openingstijden":null}},{"type":"Feature","geometry":{"type":"Point","coordinates":[6.51925327,53.23727782]},"properties":{"type":"pakketpunt","locatieNaam":"DHL - DeBuren Locker 24-7 TinQ Wadwerd","straatNaam":"Wadwerd 3","straatNr":"","vervoerder":"Amazon","puntType":"3p","bezettingsgraad":50,"latitude":53.23727782,"longitude":6.51925327,"canPickup":true,"canDropoff":false,"openingstijden":null}},{"type":"Feature","geometry":{"type":"Point","coordinates":[6.65264225,53.2321399]},"properties":{"type":"pakketpunt","locatieNaam":"Jumbo Meerstad","straatNaam":"Vossenburglaan 184","straatNr":"","vervoerder":"Amazon","puntType":"3p","bezettingsgraad":50,"latitude":53.2321399,"longitude":6.65264225,"canPickup":true,"canDropoff":false,"openingstijden":null}},{"type":"Feature","geometry":{"type":"Point","coordinates":[6.53878454,53.21829602]},"properties":{"type":"pakketpunt","locatieNaam":"Groningen | Laan 1940-1945 300 | Tango | Pakketautomaat","straatNaam":"Laan 1940-1945","straatNr":"300","vervoerder":"DeBuren","puntType":"Buitenkluis","bezettingsgraad":50,"latitude":53.21829602,"longitude":6.53878454,"canPickup":true,"canDropoff":true,"openingstijden":null}},{"type":"Feature","geometry":{"type":"Point","coordinates":[6.59102,53.20421]},"properties":{"type":"pakketpunt","locatieNaam":"Groningen | Helperpark | Mediacentrale Woldring | Pakketautomaat","straatNaam":"Helperpark ","straatNr":"284","vervoerder":"DeBuren","puntType":"Buitenkluis","bezettingsgraad":50,"latitude":53.20421,"longitude":6.59102,"canPickup":true,"canDropoff":true,"openingstijden":null}},{"type":"Feature","geometry":{"type":"Point","coordinates":[6.52831986,53.23532474]},"properties":{"type":"pakketpunt","locatieNaam":"Groningen | Hoogeweg | Xior Student Housing | Pakketautomaat","straatNaam":"Hoogeweg","straatNr":"1-3","vervoerder":"DeBuren","puntType":"Buitenkluis","bezettingsgraad":50,"latitude":53.23532474,"longitude":6.52831986,"canPickup":true,"canDropoff":true,"openingstijden":null}},{"type":"Feature","geometry":{"type":"Point","coordinates":[6.548431,53.214911]},"properties":{"type":"pakketpunt","locatieNaam":"Groningen | Hoendiep | Gezondheidscentrum | Pakketautomaat ","straatNaam":"Hoendiep","straatNr":"15","vervoerder":"DeBuren","puntType":"Buitenkluis","bezettingsgraad":50,"latitude":53.214911,"longitude":6.548431,"canPickup":true,"canDropoff":true,"openingstijden":null}},{"type":"Feature","geometry":{"type":"Point","coordinates":[6.51229537,53.20049062]},"properties":{"type":"pakketpunt","locatieNaam":"Groningen | Zuiderweg | Tango | Pakketautomaat","straatNaam":"Zuiderweg","straatNr":"409a","vervoerder":"DeBuren","puntType":"Buitenkluis","bezettingsgraad":50,"latitude":53.20049062,"longitude":6.51229537,"canPickup":true,"canDropoff":true,"openingstijden":null}},{"type":"Feature","geometry":{"type":"Point","coordinates":[6.57337,53.21499]},"properties":{"type":"pakketpunt","locatieNaam":"Groningen | Radesingel | Gezondheidscentrum | Pakketautomaat","straatNaam":"Radesingel ","straatNr":"6","vervoerder":"DeBuren","puntType":"Buitenkluis","bezettingsgraad":50,"latitude":53.21499,"longitude":6.57337,"canPickup":true,"canDropoff":true,"openingstijden":null}},{"type":"Feature","geometry":{"type":"Point","coordinates":[6.5665017,53.2193835]},"properties":{"type":"pakketpunt","locatieNaam":"Groningen | Wadwerd | Apotheek de Vuursteen | Pakketautomaat","straatNaam":"Wadwerd","straatNr":"1","vervoerder":"DeBuren","puntType":"Afhaalcentrum","bezettingsgraad":50,"latitude":53.2193835,"longitude":6.5665017,"canPickup":true,"canDropoff":true,"openingstijden":null}},{"type":"Feature","geometry":{"type":"Point","coordinates":[6.51925327,53.23727782]},"properties":{"type":"pakketpunt","locatieNaam":"Groningen | Wadwerd | TinQ | Pakket-automaat","straatNaam":"Wadwerd","straatNr":"3","vervoerder":"DeBuren","puntType":"Buitenkluis","bezettingsgraad":50,"latitude":53.23727782,"longitude":6.51925327,"canPickup":true,"canDropoff":true,"openingstijden":null}},{"type":"Feature","geometry":{"type":"Point","coordinates":[6.602385,53.173361]},"properties":{"type":"pakketpunt","locatieNaam":"Primera Haren","straatNaam":"Rijksstraatweg","straatNr":"149","vervoerder":"DHL","puntType":"parcelShop","bezettingsgraad":50,"latitude":53.173361,"longitude":6.602385,"canPickup":true,"canDropoff":true,"openingstijden":{"ma":"10:00 - 18:00","di":"09:00 - 18:00","wo":"09:00 - 18:00","do":"09:00 - 18:00","vr":"09:00 - 18:00","za":"08:30 - 17:00","zo":"gesloten"}}},{"type":"Feature","geometry":{"type":"Point","coordinates":[6.560071704052503,53.198513810445355]},"properties":{"type":"pakketpunt","locatieNaam":"Pakketautomaat terStal Groningen","straatNaam":"Overwinningsplein","straatNr":"17-Kast","vervoerder":"DHL","puntType":"packStation","bezettingsgraad":50,"latitude":53.198513810445355,"longitude":6.560071704052503,"canPickup":true,"canDropoff":true,"openingstijden":{"ma":"13:00 - 17:30","di":"09:30 - 17:30","wo":"09:30 - 17:30","do":"09:30 - 17:30","vr":"09:30 - 17:30","za":"10:00 - 17:00","zo":"gesloten"}}},{"type":"Feature","geometry":{"type":"Point","coordinates":[6.578209883786029,53.198098163388565]},"properties":{"type":"pakketpunt","locatieNaam":"Pakketautomaat Basic-Fit Groningen","straatNaam":"Van Imhoffstraat","straatNr":"2","vervoerder":"DHL","puntType":"packStation","bezettingsgraad":50,"latitude":53.198098163388565,"longitude":6.578209883786029,"canPickup":true,"canDropoff":true,"openingstijden":{"ma":"00:00 - 23:59","di":"00:00 - 23:59","wo":"00:00 - 23:59","do":"00:00 - 23:59","vr":"00:00 - 23:59","za":"00:00 - 23:59","zo":"00:00 - 23:59"}}},{"type":"Feature","geometry":{"type":"Point","coordinates":[6.5802331,53.1980141]},"properties":{"type":"pakketpunt","locatieNaam":"Ugarit Minimarket","straatNaam":"Verlengde Hereweg","straatNr":"76-1","vervoerder":"DHL","puntType":"parcelShop","bezettingsgraad":50,"latitude":53.1980141,"longitude":6.5802331,"canPickup":true,"canDropoff":true,"openingstijden":{"ma":"09:30 - 19:00","di":"09:30 - 19:00","wo":"09:30 - 19:00","do":"09:30 - 19:00","vr":"09:30 - 19:00","za":"09:30 - 19:00","zo":"12:00 - 18:00"}}},{"type":"Feature","geometry":{"type":"Point","coordinates":[6.5791366,53.1991582]},"properties":{"type":"pakketpunt","locatieNaam":"CopyRight Helpman","straatNaam":"Verlengde Hereweg","straatNr":"45","vervoerder":"DHL","puntType":"parcelShop","bezettingsgraad":50,"latitude":53.1991582,"longitude":6.5791366,"canPickup":true,"canDropoff":true,"openingstijden":{"ma":"11:00 - 18:00","di":"11:00 - 18:00","wo":"11:00 - 18:00","do":"11:00 - 18:00","vr":"11:00 - 18:00","za":"11:00 - 18:00","zo":"gesloten"}}},{"type":"Feature","geometry":{"type":"Point","coordinates":[6.51365814,53.19790926]},"properties":{"type":"pakketpunt","locatieNaam":"DeBuren Locker 24-7  P&R Hoogkerk","straatNaam":"Ruskenveen","straatNr":"100","vervoerder":"DHL","puntType":"packStation","bezettingsgraad":50,"latitude":53.19790926,"longitude":6.51365814,"canPickup":true,"canDropoff":true,"openingstijden":{"ma":"00:00 - 23:59","di":"00:00 - 23:59","wo":"00:00 - 23:59","do":"00:00 - 23:59","vr":"00:00 - 23:59","za":"00:00 - 23:59","zo":"00:00 - 23:59"}}},{"type":"Feature","geometry":{"type":"Point","coordinates":[6.606312,53.197143]},"properties":{"type":"pakketpunt","locatieNaam":"Frans Muller Benelux","straatNaam":"Rouaanstraat","straatNr":"29","vervoerder":"DHL","puntType":"parcelShop","bezettingsgraad":50,"latitude":53.197143,"longitude":6.606312,"canPickup":true,"canDropoff":true,"openingstijden":{"ma":"08:00 - 17:00","di":"08:00 - 17:00","wo":"08:00 - 14:00","do":"08:00 - 17:00","vr":"08:00 - 17:00","za":"gesloten","zo":"gesloten"}}},{"type":"Feature","geometry":{"type":"Point","coordinates":[6.512295367,53.20049062]},"properties":{"type":"pakketpunt","locatieNaam":"Pakketautomaat Tango Zuiderweg","straatNaam":"Zuiderweg 409a","straatNr":"409-A","vervoerder":"DHL","puntType":"packStation","bezettingsgraad":50,"latitude":53.20049062,"longitude":6.512295367,"canPickup":true,"canDropoff":true,"openingstijden":{"ma":"00:00 - 23:59","di":"00:00 - 23:59","wo":"00:00 - 23:59","do":"00:00 - 23:59","vr":"00:00 - 23:59","za":"00:00 - 23:59","zo":"00:00 - 23:59"}}},{"type":"Feature","geometry":{"type":"Point","coordinates":[6.5148858,53.2018419]},"properties":{"type":"pakketpunt","locatieNaam":"Kapsalon Catrien","straatNaam":"Johan van Zwedenlaan","straatNr":"5-1","vervoerder":"DHL","puntType":"parcelShop","bezettingsgraad":50,"latitude":53.2018419,"longitude":6.5148858,"canPickup":true,"canDropoff":true,"openingstijden":{"ma":"gesloten","di":"10:00 - 17:30","wo":"10:00 - 17:30","do":"10:00 - 17:30","vr":"10:00 - 17:30","za":"10:00 - 14:00","zo":"gesloten"}}},{"type":"Feature","geometry":{"type":"Point","coordinates":[6.5902875,53.2039008]},"properties":{"type":"pakketpunt","locatieNaam":"DeBuren Locker 24-7 Helperpark","straatNaam":"Helperpark","straatNr":"284","vervoerder":"DHL","puntType":"packStation","bezettingsgraad":50,"latitude":53.2039008,"longitude":6.5902875,"canPickup":true,"canDropoff":true,"openingstijden":{"ma":"00:00 - 23:59","di":"00:00 - 23:59","wo":"00:00 - 23:59","do":"00:00 - 23:59","vr":"00:00 - 23:59","za":"00:00 - 23:59","zo":"00:00 - 23:59"}}},{"type":"Feature","geometry":{"type":"Point","coordinates":[6.568126239865004,53.207926208235435]},"properties":{"type":"pakketpunt","locatieNaam":"Pakketautomaat PLUS Marinus","straatNaam":"Vechtstraat","straatNr":"131","vervoerder":"DHL","puntType":"packStation","bezettingsgraad":50,"latitude":53.207926208235435,"longitude":6.568126239865004,"canPickup":true,"canDropoff":true,"openingstijden":{"ma":"00:00 - 23:59","di":"00:00 - 23:59","wo":"00:00 - 23:59","do":"00:00 - 23:59","vr":"00:00 - 23:59","za":"00:00 - 23:59","zo":"00:00 - 23:59"}}},{"type":"Feature","geometry":{"type":"Point","coordinates":[6.537442380087182,53.20862248626541]},"properties":{"type":"pakketpunt","locatieNaam":"De Koffiemachine","straatNaam":"Peizerweg","straatNr":"97-C1","vervoerder":"DHL","puntType":"parcelShop","bezettingsgraad":50,"latitude":53.20862248626541,"longitude":6.537442380087182,"canPickup":true,"canDropoff":true,"openingstijden":{"ma":"09:00 - 17:00","di":"09:00 - 17:00","wo":"09:00 - 17:00","do":"09:00 - 17:00","vr":"09:00 - 17:00","za":"gesloten","zo":"gesloten"}}},{"type":"Feature","geometry":{"type":"Point","coordinates":[6.542830996791094,53.21005647449392]},"properties":{"type":"pakketpunt","locatieNaam":"Pakketautomaat GAMMA Peizerweg","straatNaam":"Peizerweg","straatNr":"89","vervoerder":"DHL","puntType":"packStation","bezettingsgraad":50,"latitude":53.21005647449392,"longitude":6.542830996791094,"canPickup":true,"canDropoff":true,"openingstijden":{"ma":"09:00 - 21:00","di":"09:00 - 21:00","wo":"09:00 - 21:00","do":"09:00 - 21:00","vr":"09:00 - 21:00","za":"09:00 - 18:00","zo":"12:00 - 17:00"}}},{"type":"Feature","geometry":{"type":"Point","coordinates":[6.579075,53.210785]},"properties":{"type":"pakketpunt","locatieNaam":"EvenThuis","straatNaam":"meeuwerderweg","straatNr":"119","vervoerder":"DHL","puntType":"parcelShop","bezettingsgraad":50,"latitude":53.210785,"longitude":6.579075,"canPickup":true,"canDropoff":true,"openingstijden":{"ma":"09:00 - 17:00","di":"09:00 - 17:00","wo":"09:00 - 17:00","do":"09:00 - 17:00","vr":"09:00 - 13:00","za":"12:00 - 17:00","zo":"gesloten"}}},{"type":"Feature","geometry":{"type":"Point","coordinates":[6.5375911,53.2125822]},"properties":{"type":"pakketpunt","locatieNaam":"E10Training","straatNaam":"Energieweg","straatNr":"7-A","vervoerder":"DHL","puntType":"parcelShop","bezettingsgraad":50,"latitude":53.2125822,"longitude":6.5375911,"canPickup":true,"canDropoff":true,"openingstijden":{"ma":"09:00 - 22:00","di":"09:00 - 22:00","wo":"09:00 - 22:00","do":"09:00 - 22:00","vr":"09:00 - 22:00","za":"10:00 - 15:00","zo":"gesloten"}}},{"type":"Feature","geometry":{"type":"Point","coordinates":[6.557805483409264,53.21465789490215]},"properties":{"type":"pakketpunt","locatieNaam":"Pakketautomaat MediaMarkt GRO C","straatNaam":"Westerhaven","straatNr":"48","vervoerder":"DHL","puntType":"packStation","bezettingsgraad":50,"latitude":53.21465789490215,"longitude":6.557805483409264,"canPickup":true,"canDropoff":true,"openingstijden":{"ma":"10:00 - 19:00","di":"10:00 - 19:00","wo":"10:00 - 19:00","do":"10:00 - 21:00","vr":"10:00 - 19:00","za":"10:00 - 18:00","zo":"12:00 - 17:00"}}},{"type":"Feature","geometry":{"type":"Point","coordinates":[6.5494209,53.2149005]},"properties":{"type":"pakketpunt","locatieNaam":"DeBuren Locker 24-7 Hoendiep","straatNaam":"Hoendiep","straatNr":"1","vervoerder":"DHL","puntType":"packStation","bezettingsgraad":50,"latitude":53.2149005,"longitude":6.5494209,"canPickup":true,"canDropoff":true,"openingstijden":{"ma":"00:00 - 23:59","di":"00:00 - 23:59","wo":"00:00 - 23:59","do":"00:00 - 23:59","vr":"00:00 - 23:59","za":"00:00 - 23:59","zo":"00:00 - 23:59"}}},{"type":"Feature","geometry":{"type":"Point","coordinates":[6.55640172958374,53.21516799926758]},"properties":{"type":"pakketpunt","locatieNaam":"Subco Mart Groningen","straatNaam":"Westerhaven","straatNr":"3","vervoerder":"DHL","puntType":"parcelShop","bezettingsgraad":50,"latitude":53.21516799926758,"longitude":6.55640172958374,"canPickup":true,"canDropoff":true,"openingstijden":{"ma":"12:00 - 18:00","di":"12:00 - 18:00","wo":"12:00 - 18:00","do":"12:00 - 18:00","vr":"12:00 - 18:00","za":"gesloten","zo":"gesloten"}}},{"type":"Feature","geometry":{"type":"Point","coordinates":[6.5995572,53.2106775]},"properties":{"type":"pakketpunt","locatieNaam":"DHL Pakketpunt XL Groningen","straatNaam":"Osloweg","straatNr":"2","vervoerder":"DHL","puntType":"parcelShop","bezettingsgraad":50,"latitude":53.2106775,"longitude":6.5995572,"canPickup":true,"canDropoff":true,"openingstijden":{"ma":"09:00 - 19:00","di":"09:00 - 19:00","wo":"09:00 - 19:00","do":"09:00 - 19:00","vr":"09:00 - 19:00","za":"09:00 - 19:00","zo":"gesloten"}}},{"type":"Feature","geometry":{"type":"Point","coordinates":[6.599557,53.210678]},"properties":{"type":"pakketpunt","locatieNaam":"Pakketautomaat DHL Groningen","straatNaam":"Osloweg","straatNr":"2-Kast","vervoerder":"DHL","puntType":"packStation","bezettingsgraad":50,"latitude":53.210678,"longitude":6.599557,"canPickup":true,"canDropoff":true,"openingstijden":{"ma":"08:45 - 19:00","di":"08:45 - 19:00","wo":"08:45 - 19:00","do":"08:45 - 19:00","vr":"08:45 - 19:00","za":"08:45 - 19:00","zo":"gesloten"}}},{"type":"Feature","geometry":{"type":"Point","coordinates":[6.551324,53.215572]},"properties":{"type":"pakketpunt","locatieNaam":"Benny s Supermarkt","straatNaam":"Herman Colleniusstraat","straatNr":"8","vervoerder":"DHL","puntType":"parcelShop","bezettingsgraad":50,"latitude":53.215572,"longitude":6.551324,"canPickup":true,"canDropoff":true,"openingstijden":{"ma":"08:00 - 19:00","di":"08:00 - 19:00","wo":"08:00 - 19:00","do":"08:00 - 19:00","vr":"08:00 - 19:00","za":"08:00 - 17:00","zo":"gesloten"}}},{"type":"Feature","geometry":{"type":"Point","coordinates":[6.573923,53.215015]},"properties":{"type":"pakketpunt","locatieNaam":"Pakketautomaat Gezondheidscentrum","straatNaam":"Radesingel","straatNr":"6","vervoerder":"DHL","puntType":"packStation","bezettingsgraad":50,"latitude":53.215015,"longitude":6.573923,"canPickup":true,"canDropoff":true,"openingstijden":{"ma":"08:00 - 21:00","di":"08:00 - 21:00","wo":"08:00 - 21:00","do":"08:00 - 21:00","vr":"08:00 - 21:00","za":"08:00 - 17:00","zo":"gesloten"}}},{"type":"Feature","geometry":{"type":"Point","coordinates":[6.5724153,53.2164996]},"properties":{"type":"pakketpunt","locatieNaam":"Tabakspeciaalzaak De Steentil","straatNaam":"Steentilstraat","straatNr":"30-1","vervoerder":"DHL","puntType":"parcelShop","bezettingsgraad":50,"latitude":53.2164996,"longitude":6.5724153,"canPickup":true,"canDropoff":true,"openingstijden":{"ma":"09:30 - 22:00","di":"09:00 - 22:00","wo":"09:00 - 22:00","do":"09:00 - 22:00","vr":"09:00 - 22:00","za":"09:00 - 22:00","zo":"12:00 - 20:00"}}},{"type":"Feature","geometry":{"type":"Point","coordinates":[6.534778,53.216623]},"properties":{"type":"pakketpunt","locatieNaam":"Feestverhuurgroningen","straatNaam":"Neutronstraat","straatNr":"13","vervoerder":"DHL","puntType":"parcelShop","bezettingsgraad":50,"latitude":53.216623,"longitude":6.534778,"canPickup":true,"canDropoff":true,"openingstijden":{"ma":"09:00 - 17:00","di":"09:00 - 17:00","wo":"09:00 - 17:00","do":"09:00 - 17:00","vr":"09:00 - 17:00","za":"09:00 - 12:00","zo":"10:00 - 12:00"}}},{"type":"Feature","geometry":{"type":"Point","coordinates":[6.5640506,53.2172719]},"properties":{"type":"pakketpunt","locatieNaam":"Intertoys Groningen Vismarkt","straatNaam":"Vismarkt","straatNr":"39","vervoerder":"DHL","puntType":"parcelShop","bezettingsgraad":50,"latitude":53.2172719,"longitude":6.5640506,"canPickup":true,"canDropoff":true,"openingstijden":{"ma":"11:00 - 17:30","di":"09:00 - 17:30","wo":"09:00 - 17:30","do":"09:00 - 20:30","vr":"09:00 - 17:30","za":"09:00 - 17:30","zo":"12:00 - 16:30"}}},{"type":"Feature","geometry":{"type":"Point","coordinates":[6.56882,53.21716]},"properties":{"type":"pakketpunt","locatieNaam":"Pakketautomaat HEMA Groningen Ctr","straatNaam":"Herestraat","straatNr":"64-Kast","vervoerder":"DHL","puntType":"packStation","bezettingsgraad":50,"latitude":53.21716,"longitude":6.56882,"canPickup":true,"canDropoff":true,"openingstijden":{"ma":"09:00 - 18:00","di":"09:00 - 18:00","wo":"09:00 - 18:00","do":"09:00 - 21:00","vr":"09:00 - 18:00","za":"09:00 - 18:00","zo":"12:00 - 17:00"}}},{"type":"Feature","geometry":{"type":"Point","coordinates":[6.6829019,53.206618]},"properties":{"type":"pakketpunt","locatieNaam":"Fietswereld Dittrich","straatNaam":"Bieleveldslaan","straatNr":"1","vervoerder":"DHL","puntType":"parcelShop","bezettingsgraad":50,"latitude":53.206618,"longitude":6.6829019,"canPickup":true,"canDropoff":true,"openingstijden":{"ma":"gesloten","di":"08:00 - 17:00","wo":"08:00 - 17:00","do":"08:00 - 17:00","vr":"08:00 - 17:00","za":"09:00 - 17:00","zo":"gesloten"}}},{"type":"Feature","geometry":{"type":"Point","coordinates":[6.498202323913574,53.23600769042969]},"properties":{"type":"pakketpunt","locatieNaam":"De Koperen Jan","straatNaam":"Noodweg","straatNr":"6","vervoerder":"DHL","puntType":"parcelShop","bezettingsgraad":50,"latitude":53.23600769042969,"longitude":6.498202323913574,"canPickup":true,"canDropoff":true,"openingstijden":{"ma":"13:00 - 18:00","di":"09:15 - 12:00, 13:00 - 18:00","wo":"09:15 - 12:00, 13:00 - 18:00","do":"09:15 - 12:00, 13:00 - 18:00","vr":"09:15 - 12:00, 13:00 - 18:00","za":"09:15 - 18:00","zo":"gesloten"}}},{"type":"Feature","geometry":{"type":"Point","coordinates":[6.51925327,53.23727782]},"properties":{"type":"pakketpunt","locatieNaam":"DeBuren Locker 24-7 TinQ Wadwerd","straatNaam":"Wadwerd","straatNr":"3","vervoerder":"DHL","puntType":"packStation","bezettingsgraad":50,"latitude":53.23727782,"longitude":6.51925327,"canPickup":true,"canDropoff":true,"openingstijden":{"ma":"00:00 - 23:59","di":"00:00 - 23:59","wo":"00:00 - 23:59","do":"00:00 - 23:59","vr":"00:00 - 23:59","za":"00:00 - 23:59","zo":"00:00 - 23:59"}}},{"type":"Feature","geometry":{"type":"Point","coordinates":[6.52319,53.235593]},"properties":{"type":"pakketpunt","locatieNaam":"DA ReadShop de Haven","straatNaam":"Reitdiephaven","straatNr":"247-249","vervoerder":"DHL","puntType":"parcelShop","bezettingsgraad":50,"latitude":53.235593,"longitude":6.52319,"canPickup":true,"canDropoff":true,"openingstijden":{"ma":"10:30 - 18:00","di":"09:00 - 18:00","wo":"09:00 - 18:00","do":"09:00 - 18:00","vr":"09:00 - 18:00","za":"09:00 - 17:30","zo":"gesloten"}}},{"type":"Feature","geometry":{"type":"Point","coordinates":[6.524371387423014,53.235321391305014]},"properties":{"type":"pakketpunt","locatieNaam":"Pakketautomaat Maxi Zoo Groningen","straatNaam":"Reitdiephaven","straatNr":"157","vervoerder":"DHL","puntType":"packStation","bezettingsgraad":50,"latitude":53.235321391305014,"longitude":6.524371387423014,"canPickup":true,"canDropoff":true,"openingstijden":{"ma":"09:00 - 18:00","di":"09:00 - 18:00","wo":"09:00 - 18:00","do":"09:00 - 21:00","vr":"09:00 - 18:00","za":"09:00 - 17:00","zo":"12:00 - 17:00"}}},{"type":"Feature","geometry":{"type":"Point","coordinates":[6.52831986,53.23532474]},"properties":{"type":"pakketpunt","locatieNaam":"DeBuren Locker 24-7 Xior Student H","straatNaam":"Hoogeweg","straatNr":"1","vervoerder":"DHL","puntType":"packStation","bezettingsgraad":50,"latitude":53.23532474,"longitude":6.52831986,"canPickup":true,"canDropoff":true,"openingstijden":{"ma":"00:00 - 23:59","di":"00:00 - 23:59","wo":"00:00 - 23:59","do":"00:00 - 23:59","vr":"00:00 - 23:59","za":"00:00 - 23:59","zo":"00:00 - 23:59"}}},{"type":"Feature","geometry":{"type":"Point","coordinates":[6.567786476898293,53.237087821182634]},"properties":{"type":"pakketpunt","locatieNaam":"Pakketautomaat PLUS Gils","straatNaam":"Oosterhamriklaan","straatNr":"263","vervoerder":"DHL","puntType":"packStation","bezettingsgraad":50,"latitude":53.237087821182634,"longitude":6.567786476898293,"canPickup":true,"canDropoff":true,"openingstijden":{"ma":"08:00 - 21:00","di":"08:00 - 21:00","wo":"08:00 - 21:00","do":"08:00 - 21:00","vr":"08:00 - 21:00","za":"08:00 - 20:00","zo":"12:00 - 20:00"}}},{"type":"Feature","geometry":{"type":"Point","coordinates":[6.5724872,53.2318339]},"properties":{"type":"pakketpunt","locatieNaam":"Fietscentrum Bus","straatNaam":"Korreweg","straatNr":"157","vervoerder":"DHL","puntType":"parcelShop","bezettingsgraad":50,"latitude":53.2318339,"longitude":6.5724872,"canPickup":true,"canDropoff":true,"openingstijden":{"ma":"gesloten","di":"08:00 - 18:00","wo":"08:00 - 18:00","do":"08:00 - 18:00","vr":"08:00 - 18:00","za":"gesloten","zo":"gesloten"}}},{"type":"Feature","geometry":{"type":"Point","coordinates":[6.562596,53.226908]},"properties":{"type":"pakketpunt","locatieNaam":"Pakketautomaat Jumbo Ciboga","straatNaam":"Beren","straatNr":"85","vervoerder":"DHL","puntType":"packStation","bezettingsgraad":50,"latitude":53.226908,"longitude":6.562596,"canPickup":true,"canDropoff":true,"openingstijden":{"ma":"08:00 - 22:00","di":"08:00 - 22:00","wo":"08:00 - 22:00","do":"08:00 - 22:00","vr":"08:00 - 22:00","za":"08:00 - 22:00","zo":"12:00 - 22:00"}}},{"type":"Feature","geometry":{"type":"Point","coordinates":[6.56247901916503,53.2246704101562]},"properties":{"type":"pakketpunt","locatieNaam":"Pakketautomaat TopCleaning","straatNaam":"Nieuwe Ebbingestraat","straatNr":"79","vervoerder":"DHL","puntType":"packStation","bezettingsgraad":50,"latitude":53.2246704101562,"longitude":6.56247901916503,"canPickup":true,"canDropoff":true,"openingstijden":{"ma":"07:00 - 22:00","di":"07:00 - 22:00","wo":"07:00 - 22:00","do":"07:00 - 22:00","vr":"07:00 - 22:00","za":"07:00 - 22:00","zo":"07:00 - 22:00"}}},{"type":"Feature","geometry":{"type":"Point","coordinates":[6.57669,53.2288037]},"properties":{"type":"pakketpunt","locatieNaam":"Stomerij Triple-S","straatNaam":"Zaagmuldersweg","straatNr":"69","vervoerder":"DHL","puntType":"parcelShop","bezettingsgraad":50,"latitude":53.2288037,"longitude":6.57669,"canPickup":true,"canDropoff":true,"openingstijden":{"ma":"gesloten","di":"11:00 - 18:00","wo":"11:00 - 18:00","do":"11:00 - 18:00","vr":"11:00 - 18:00","za":"11:00 - 16:00","zo":"gesloten"}}},{"type":"Feature","geometry":{"type":"Point","coordinates":[6.5443975260263585,53.22949886907504]},"properties":{"type":"pakketpunt","locatieNaam":"Pakketautomaat WKC Paddepoel","straatNaam":"Dierenriemstraat","straatNr":"200-C","vervoerder":"DHL","puntType":"packStation","bezettingsgraad":50,"latitude":53.22949886907504,"longitude":6.5443975260263585,"canPickup":true,"canDropoff":true,"openingstijden":{"ma":"08:00 - 22:00","di":"08:00 - 22:00","wo":"08:00 - 22:00","do":"08:00 - 22:00","vr":"08:00 - 22:00","za":"08:00 - 22:00","zo":"12:00 - 22:00"}}},{"type":"Feature","geometry":{"type":"Point","coordinates":[6.5436331,53.2296435]},"properties":{"type":"pakketpunt","locatieNaam":"Quicknsimpel","straatNaam":"Dierenriemstraat","straatNr":"184-a","vervoerder":"DHL","puntType":"parcelShop","bezettingsgraad":50,"latitude":53.2296435,"longitude":6.5436331,"canPickup":true,"canDropoff":true,"openingstijden":{"ma":"09:00 - 18:00","di":"09:00 - 18:00","wo":"09:00 - 18:00","do":"09:00 - 21:00","vr":"09:00 - 18:00","za":"09:00 - 18:00","zo":"gesloten"}}},{"type":"Feature","geometry":{"type":"Point","coordinates":[6.543672815342099,53.22945450443755]},"properties":{"type":"pakketpunt","locatieNaam":"Pakketautomaat Basic-Fit Paddepoel","straatNaam":"Dierenriemstraat","straatNr":"200","vervoerder":"DHL","puntType":"packStation","bezettingsgraad":50,"latitude":53.22945450443755,"longitude":6.543672815342099,"canPickup":true,"canDropoff":true,"openingstijden":{"ma":"08:30 - 20:30","di":"08:30 - 20:30","wo":"08:30 - 20:30","do":"08:30 - 20:30","vr":"08:30 - 20:30","za":"09:00 - 13:30","zo":"09:00 - 13:30"}}},{"type":"Feature","geometry":{"type":"Point","coordinates":[6.552654,53.22478]},"properties":{"type":"pakketpunt","locatieNaam":"Copyright Kerklaan","straatNaam":"Kerklaan","straatNr":"49-51","vervoerder":"DHL","puntType":"parcelShop","bezettingsgraad":50,"latitude":53.22478,"longitude":6.552654,"canPickup":true,"canDropoff":true,"openingstijden":{"ma":"10:00 - 22:00","di":"10:00 - 22:00","wo":"10:00 - 22:00","do":"10:00 - 22:00","vr":"10:00 - 22:00","za":"10:00 - 18:00","zo":"17:00 - 20:00"}}},{"type":"Feature","geometry":{"type":"Point","coordinates":[6.5426857,53.2298556]},"properties":{"type":"pakketpunt","locatieNaam":"Sunny Lounge","straatNaam":"Zonnelaan","straatNr":"257","vervoerder":"DHL","puntType":"parcelShop","bezettingsgraad":50,"latitude":53.2298556,"longitude":6.5426857,"canPickup":true,"canDropoff":true,"openingstijden":{"ma":"12:00 - 18:00","di":"10:00 - 20:00","wo":"10:00 - 20:00","do":"10:00 - 21:00","vr":"10:00 - 21:00","za":"10:00 - 21:00","zo":"12:00 - 18:00"}}},{"type":"Feature","geometry":{"type":"Point","coordinates":[6.539323507815521,53.234110818348945]},"properties":{"type":"pakketpunt","locatieNaam":"Pakketautomaat SPAR Zonnelaan","straatNaam":"Zonnelaan","straatNr":"80","vervoerder":"DHL","puntType":"packStation","bezettingsgraad":50,"latitude":53.234110818348945,"longitude":6.539323507815521,"canPickup":true,"canDropoff":true,"openingstijden":{"ma":"07:30 - 20:00","di":"07:30 - 20:00","wo":"07:30 - 21:00","do":"07:30 - 21:00","vr":"07:30 - 21:00","za":"07:30 - 20:00","zo":"12:00 - 20:00"}}},{"type":"Feature","geometry":{"type":"Point","coordinates":[6.5831442,53.2301551]},"properties":{"type":"pakketpunt","locatieNaam":"DHL Buurtpunt ViaTim & Trudie","straatNaam":"Oliemuldersweg","straatNr":"190","vervoerder":"DHL","puntType":"parcelShop","bezettingsgraad":50,"latitude":53.2301551,"longitude":6.5831442,"canPickup":true,"canDropoff":true,"openingstijden":{"ma":"14:00 - 20:00","di":"14:00 - 20:00","wo":"14:00 - 20:00","do":"14:00 - 20:00","vr":"14:00 - 20:00","za":"16:00 - 20:00","zo":"gesloten"}}},{"type":"Feature","geometry":{"type":"Point","coordinates":[6.565889835357666,53.22111511230469]},"properties":{"type":"pakketpunt","locatieNaam":"De Purperen Draak","straatNaam":"Oude Ebbingestraat","straatNr":"67","vervoerder":"DHL","puntType":"parcelShop","bezettingsgraad":50,"latitude":53.22111511230469,"longitude":6.565889835357666,"canPickup":true,"canDropoff":true,"openingstijden":{"ma":"13:00 - 18:00","di":"10:00 - 18:00","wo":"10:00 - 18:00","do":"10:00 - 21:00","vr":"10:00 - 18:00","za":"10:00 - 17:00","zo":"gesloten"}}},{"type":"Feature","geometry":{"type":"Point","coordinates":[6.572849273681641,53.220306396484375]},"properties":{"type":"pakketpunt","locatieNaam":"Haamud Shop","straatNaam":"Nieuwe Sint Jansstraat","straatNr":"32","vervoerder":"DHL","puntType":"parcelShop","bezettingsgraad":50,"latitude":53.220306396484375,"longitude":6.572849273681641,"canPickup":true,"canDropoff":true,"openingstijden":{"ma":"09:00 - 19:00","di":"09:00 - 19:00","wo":"09:00 - 19:00","do":"09:00 - 19:00","vr":"09:00 - 19:00","za":"09:00 - 19:00","zo":"12:00 - 19:00"}}},{"type":"Feature","geometry":{"type":"Point","coordinates":[6.572264897332343,53.220100524850075]},"properties":{"type":"pakketpunt","locatieNaam":"Schuiten fietsen","straatNaam":"Schuitendiep","straatNr":"2","vervoerder":"DHL","puntType":"parcelShop","bezettingsgraad":50,"latitude":53.220100524850075,"longitude":6.572264897332343,"canPickup":true,"canDropoff":true,"openingstijden":{"ma":"12:00 - 18:00","di":"10:00 - 18:00","wo":"10:00 - 18:00","do":"10:00 - 18:00","vr":"10:00 - 18:00","za":"10:00 - 17:00","zo":"gesloten"}}},{"type":"Feature","geometry":{"type":"Point","coordinates":[6.5653993,53.2184111]},"properties":{"type":"pakketpunt","locatieNaam":"Jeans Centre Groningen","straatNaam":"Guldenstraat","straatNr":"38","vervoerder":"DHL","puntType":"parcelShop","bezettingsgraad":50,"latitude":53.2184111,"longitude":6.5653993,"canPickup":true,"canDropoff":true,"openingstijden":{"ma":"12:00 - 18:00","di":"09:30 - 18:00","wo":"09:30 - 18:00","do":"09:30 - 21:00","vr":"09:30 - 18:00","za":"09:30 - 18:00","zo":"12:00 - 17:00"}}},{"type":"Feature","geometry":{"type":"Point","coordinates":[6.5401897,53.2219075]},"properties":{"type":"pakketpunt","locatieNaam":"DeBuren Locker 24-7  Friesestraat","straatNaam":"Friesestraatweg","straatNr":"143","vervoerder":"DHL","puntType":"packStation","bezettingsgraad":50,"latitude":53.2219075,"longitude":6.5401897,"canPickup":true,"canDropoff":true,"openingstijden":{"ma":"00:00 - 23:59","di":"00:00 - 23:59","wo":"00:00 - 23:59","do":"00:00 - 23:59","vr":"00:00 - 23:59","za":"00:00 - 23:59","zo":"00:00 - 23:59"}}},{"type":"Feature","geometry":{"type":"Point","coordinates":[6.577568,53.218438]},"properties":{"type":"pakketpunt","locatieNaam":"Bakker de rappe Schoenlapper","straatNaam":"Damsterdiep","straatNr":"60","vervoerder":"DHL","puntType":"parcelShop","bezettingsgraad":50,"latitude":53.218438,"longitude":6.577568,"canPickup":true,"canDropoff":true,"openingstijden":{"ma":"gesloten","di":"09:00 - 18:00","wo":"09:00 - 18:00","do":"09:00 - 18:00","vr":"09:00 - 18:00","za":"10:00 - 16:00","zo":"gesloten"}}},{"type":"Feature","geometry":{"type":"Point","coordinates":[6.529711761121123,53.22543812543713]},"properties":{"type":"pakketpunt","locatieNaam":"Pakketautomaat Lidl Siersteenlaan","straatNaam":"Siersteenlaan","straatNr":"430","vervoerder":"DHL","puntType":"packStation","bezettingsgraad":50,"latitude":53.22543812543713,"longitude":6.529711761121123,"canPickup":true,"canDropoff":true,"openingstijden":{"ma":"08:00 - 21:00","di":"08:00 - 21:00","wo":"08:00 - 21:00","do":"08:00 - 21:00","vr":"08:00 - 21:00","za":"08:00 - 21:00","zo":"12:00 - 20:00"}}},{"type":"Feature","geometry":{"type":"Point","coordinates":[6.5980904,53.2352422]},"properties":{"type":"pakketpunt","locatieNaam":"Made By KEI","straatNaam":"Lavendelweg","straatNr":"25","vervoerder":"DHL","puntType":"parcelShop","bezettingsgraad":50,"latitude":53.2352422,"longitude":6.5980904,"canPickup":true,"canDropoff":true,"openingstijden":{"ma":"11:00 - 19:00","di":"11:00 - 19:00","wo":"11:00 - 19:00","do":"11:00 - 19:00","vr":"11:00 - 19:00","za":"11:00 - 19:00","zo":"gesloten"}}},{"type":"Feature","geometry":{"type":"Point","coordinates":[6.592497804690242,53.22316066068337]},"properties":{"type":"pakketpunt","locatieNaam":"Pakketautomaat Praxis Groningen","straatNaam":"Damsterdiep","straatNr":"315","vervoerder":"DHL","puntType":"packStation","bezettingsgraad":50,"latitude":53.22316066068337,"longitude":6.592497804690242,"canPickup":true,"canDropoff":true,"openingstijden":{"ma":"00:00 - 23:59","di":"00:00 - 23:59","wo":"00:00 - 23:59","do":"00:00 - 23:59","vr":"00:00 - 23:59","za":"00:00 - 23:59","zo":"00:00 - 23:59"}}},{"type":"Feature","geometry":{"type":"Point","coordinates":[6.5917738,53.2510955]},"properties":{"type":"pakketpunt","locatieNaam":"Wijkcentrum Trefpunt","straatNaam":"Beijumerweg","straatNr":"17","vervoerder":"DHL","puntType":"parcelShop","bezettingsgraad":50,"latitude":53.2510955,"longitude":6.5917738,"canPickup":true,"canDropoff":true,"openingstijden":{"ma":"10:00 - 17:00","di":"10:00 - 17:00","wo":"10:00 - 17:00","do":"10:00 - 17:00","vr":"10:00 - 17:00","za":"gesloten","zo":"gesloten"}}},{"type":"Feature","geometry":{"type":"Point","coordinates":[6.586556812268242,53.215987238029534]},"properties":{"type":"pakketpunt","locatieNaam":"Pakketautomaat MediaMarkt Sntplein","straatNaam":"Sontplein","straatNr":"3","vervoerder":"DHL","puntType":"packStation","bezettingsgraad":50,"latitude":53.215987238029534,"longitude":6.586556812268242,"canPickup":true,"canDropoff":true,"openingstijden":{"ma":"10:00 - 21:00","di":"10:00 - 21:00","wo":"10:00 - 21:00","do":"10:00 - 21:00","vr":"10:00 - 21:00","za":"10:00 - 18:00","zo":"12:00 - 17:00"}}},{"type":"Feature","geometry":{"type":"Point","coordinates":[6.608828508282541,53.229098608440864]},"properties":{"type":"pakketpunt","locatieNaam":"Pakketautomaat Scapino Groningen","straatNaam":"Rijksweg","straatNr":"72","vervoerder":"DHL","puntType":"packStation","bezettingsgraad":50,"latitude":53.229098608440864,"longitude":6.608828508282541,"canPickup":true,"canDropoff":true,"openingstijden":{"ma":"09:00 - 18:00","di":"09:00 - 18:00","wo":"09:00 - 18:00","do":"09:00 - 21:00","vr":"09:00 - 18:00","za":"09:00 - 17:30","zo":"12:00 - 17:00"}}},{"type":"Feature","geometry":{"type":"Point","coordinates":[6.6084813,53.2272004]},"properties":{"type":"pakketpunt","locatieNaam":"Kroon Groningen","straatNaam":"Koningsweg","straatNr":"35","vervoerder":"DHL","puntType":"parcelShop","bezettingsgraad":50,"latitude":53.2272004,"longitude":6.6084813,"canPickup":true,"canDropoff":true,"openingstijden":{"ma":"07:30 - 17:00","di":"07:30 - 17:00","wo":"07:30 - 17:00","do":"07:30 - 17:00","vr":"07:30 - 17:00","za":"gesloten","zo":"gesloten"}}},{"type":"Feature","geometry":{"type":"Point","coordinates":[6.60293,53.21723]},"properties":{"type":"pakketpunt","locatieNaam":"Pakketautomaat GAMMA Groningen O","straatNaam":"Osloweg","straatNr":"114","vervoerder":"DHL","puntType":"packStation","bezettingsgraad":50,"latitude":53.21723,"longitude":6.60293,"canPickup":true,"canDropoff":true,"openingstijden":{"ma":"00:00 - 23:59","di":"00:00 - 23:59","wo":"00:00 - 23:59","do":"00:00 - 23:59","vr":"00:00 - 23:59","za":"00:00 - 23:59","zo":"00:00 - 23:59"}}},{"type":"Feature","geometry":{"type":"Point","coordinates":[6.6184996,53.2311195]},"properties":{"type":"pakketpunt","locatieNaam":"Pakketautomaat Lidl Rijksweg","straatNaam":"Rijksweg","straatNr":"129","vervoerder":"DHL","puntType":"packStation","bezettingsgraad":50,"latitude":53.2311195,"longitude":6.6184996,"canPickup":true,"canDropoff":true,"openingstijden":{"ma":"08:00 - 21:00","di":"08:00 - 21:00","wo":"08:00 - 21:00","do":"08:00 - 21:00","vr":"08:00 - 21:00","za":"08:00 - 21:00","zo":"12:00 - 20:00"}}},{"type":"Feature","geometry":{"type":"Point","coordinates":[6.6104856,53.2163739]},"properties":{"type":"pakketpunt","locatieNaam":"Wurth Groningen","straatNaam":"Kieler Bocht","straatNr":"17-B","vervoerder":"DHL","puntType":"parcelShop","bezettingsgraad":50,"latitude":53.2163739,"longitude":6.6104856,"canPickup":true,"canDropoff":true,"openingstijden":{"ma":"07:00 - 17:00","di":"07:00 - 17:00","wo":"07:00 - 17:00","do":"07:00 - 17:00","vr":"07:00 - 17:00","za":"gesloten","zo":"gesloten"}}},{"type":"Feature","geometry":{"type":"Point","coordinates":[6.6238546,53.2377155]},"properties":{"type":"pakketpunt","locatieNaam":"Intertoys Lewenborg Groningen","straatNaam":"Kajuit","straatNr":"271","vervoerder":"DHL","puntType":"parcelShop","bezettingsgraad":50,"latitude":53.2377155,"longitude":6.6238546,"canPickup":true,"canDropoff":true,"openingstijden":{"ma":"10:00 - 18:00","di":"09:00 - 18:00","wo":"09:00 - 18:00","do":"09:00 - 18:00","vr":"09:00 - 18:00","za":"09:00 - 17:00","zo":"gesloten"}}},{"type":"Feature","geometry":{"type":"Point","coordinates":[6.6973571,53.2767891]},"properties":{"type":"pakketpunt","locatieNaam":"Pakketautomaat PLUS Alma","straatNaam":"Koopmansplein","straatNr":"10","vervoerder":"DHL","puntType":"packStation","bezettingsgraad":50,"latitude":53.2767891,"longitude":6.6973571,"canPickup":true,"canDropoff":true,"openingstijden":{"ma":"08:00 - 20:00","di":"08:00 - 20:00","wo":"08:00 - 20:00","do":"08:00 - 20:00","vr":"08:00 - 20:00","za":"08:00 - 20:00","zo":"12:00 - 17:00"}}},{"type":"Feature","geometry":{"type":"Point","coordinates":[6.55256,53.22472]},"properties":{"type":"pakketpunt","locatieNaam":"Copyright","straatNaam":"KERKLAAN","straatNr":"49-51","vervoerder":"DPD","puntType":"pickup_point","bezettingsgraad":50,"latitude":53.22472,"longitude":6.55256,"canPickup":true,"canDropoff":true,"openingstijden":{"ma":"10:00 - 22:00","di":"10:00 - 22:00","wo":"10:00 - 22:00","do":"10:00 - 22:00","vr":"10:00 - 22:00","za":"10:00 - 18:00","zo":"17:00 - 20:00"}}},{"type":"Feature","geometry":{"type":"Point","coordinates":[6.5767054,53.2288211]},"properties":{"type":"pakketpunt","locatieNaam":"Stomerij Triples","straatNaam":"ZAAGMULDERSWEG","straatNr":"69","vervoerder":"DPD","puntType":"pickup_point","bezettingsgraad":50,"latitude":53.2288211,"longitude":6.5767054,"canPickup":true,"canDropoff":true,"openingstijden":{"ma":"gesloten","di":"11:00 - 17:45","wo":"11:00 - 17:45","do":"11:00 - 17:45","vr":"11:00 - 17:45","za":"11:00 - 16:00","zo":"gesloten"}}},{"type":"Feature","geometry":{"type":"Point","coordinates":[6.5966911316,53.216381073]},"properties":{"type":"pakketpunt","locatieNaam":"Business Point - Auto en Anders","straatNaam":"STOCKHOLMSTRAAT","straatNr":"8","vervoerder":"DPD","puntType":"pickup_point","bezettingsgraad":50,"latitude":53.216381073,"longitude":6.5966911316,"canPickup":true,"canDropoff":true,"openingstijden":{"ma":"12:00 - 17:00","di":"12:00 - 17:00","wo":"12:00 - 17:00","do":"12:00 - 17:00","vr":"12:00 - 17:00","za":"gesloten","zo":"gesloten"}}},{"type":"Feature","geometry":{"type":"Point","coordinates":[6.5436331,53.2296435]},"properties":{"type":"pakketpunt","locatieNaam":"Quick 'n Simpel","straatNaam":"DIERENRIEMSTRAAT","straatNr":"184a","vervoerder":"DPD","puntType":"pickup_point","bezettingsgraad":50,"latitude":53.2296435,"longitude":6.5436331,"canPickup":true,"canDropoff":true,"openingstijden":{"ma":"09:00 - 18:00","di":"09:00 - 18:00","wo":"09:00 - 18:00","do":"09:00 - 21:00","vr":"09:00 - 18:00","za":"09:00 - 18:00","zo":"gesloten"}}},{"type":"Feature","geometry":{"type":"Point","coordinates":[6.653825,53.2439026]},"properties":{"type":"pakketpunt","locatieNaam":"AgriShop","straatNaam":"DORPSWEG","straatNr":"1","vervoerder":"DPD","puntType":"pickup_point","bezettingsgraad":50,"latitude":53.2439026,"longitude":6.653825,"canPickup":true,"canDropoff":true,"openingstijden":{"ma":"gesloten","di":"gesloten","wo":"07:30 - 18:00","do":"07:30 - 18:00","vr":"07:30 - 18:00","za":"07:30 - 17:00","zo":"gesloten"}}},{"type":"Feature","geometry":{"type":"Point","coordinates":[6.5513382,53.2156062]},"properties":{"type":"pakketpunt","locatieNaam":"Benny's Supermarkt","straatNaam":"HERMAN COLLENIUSSTRAAT","straatNr":"8","vervoerder":"DPD","puntType":"pickup_point","bezettingsgraad":50,"latitude":53.2156062,"longitude":6.5513382,"canPickup":true,"canDropoff":true,"openingstijden":{"ma":"08:00 - 19:00","di":"08:00 - 19:00","wo":"08:00 - 19:00","do":"08:00 - 19:00","vr":"08:00 - 19:00","za":"08:00 - 18:00","zo":"gesloten"}}},{"type":"Feature","geometry":{"type":"Point","coordinates":[6.5187647,53.2450086]},"properties":{"type":"pakketpunt","locatieNaam":"Pakketautomaat Xior Student Housing","straatNaam":"HOOGEWEG","straatNr":"1-3","vervoerder":"DPD","puntType":"dpd_box","bezettingsgraad":50,"latitude":53.2450086,"longitude":6.5187647,"canPickup":true,"canDropoff":true,"openingstijden":{"ma":"00:00 - 23:59","di":"00:00 - 23:59","wo":"00:00 - 23:59","do":"00:00 - 23:59","vr":"00:00 - 23:59","za":"00:00 - 23:59","zo":"00:00 - 23:59"}}},{"type":"Feature","geometry":{"type":"Point","coordinates":[6.548431,53.214911]},"properties":{"type":"pakketpunt","locatieNaam":"Pakketautomaat Gezondheidscentrum H","straatNaam":"HOENDIEP","straatNr":"15","vervoerder":"DPD","puntType":"dpd_box","bezettingsgraad":50,"latitude":53.214911,"longitude":6.548431,"canPickup":true,"canDropoff":true,"openingstijden":{"ma":"00:00 - 23:59","di":"00:00 - 23:59","wo":"00:00 - 23:59","do":"00:00 - 23:59","vr":"00:00 - 23:59","za":"00:00 - 23:59","zo":"00:00 - 23:59"}}},{"type":"Feature","geometry":{"type":"Point","coordinates":[6.59102,53.20421]},"properties":{"type":"pakketpunt","locatieNaam":"Pakketautomaat Mediacentrale Helper","straatNaam":"HELPERPARK","straatNr":"284","vervoerder":"DPD","puntType":"dpd_box","bezettingsgraad":50,"latitude":53.20421,"longitude":6.59102,"canPickup":true,"canDropoff":true,"openingstijden":{"ma":"00:00 - 23:59","di":"00:00 - 23:59","wo":"00:00 - 23:59","do":"00:00 - 23:59","vr":"00:00 - 23:59","za":"00:00 - 23:59","zo":"00:00 - 23:59"}}},{"type":"Feature","geometry":{"type":"Point","coordinates":[6.5396993,53.2214812]},"properties":{"type":"pakketpunt","locatieNaam":"Pakketautomaat Woldring Friesestraa","straatNaam":"FRIESESTRAATWEG","straatNr":"143-04","vervoerder":"DPD","puntType":"dpd_box","bezettingsgraad":50,"latitude":53.2214812,"longitude":6.5396993,"canPickup":true,"canDropoff":true,"openingstijden":{"ma":"00:00 - 23:59","di":"00:00 - 23:59","wo":"00:00 - 23:59","do":"00:00 - 23:59","vr":"00:00 - 23:59","za":"00:00 - 23:59","zo":"00:00 - 23:59"}}},{"type":"Feature","geometry":{"type":"Point","coordinates":[6.6043976,53.1795605]},"properties":{"type":"pakketpunt","locatieNaam":"Pakketautomaat TinQ Kerklaan","straatNaam":"KERKLAAN","straatNr":"37","vervoerder":"DPD","puntType":"dpd_box","bezettingsgraad":50,"latitude":53.1795605,"longitude":6.6043976,"canPickup":true,"canDropoff":true,"openingstijden":{"ma":"00:00 - 23:59","di":"00:00 - 23:59","wo":"00:00 - 23:59","do":"00:00 - 23:59","vr":"00:00 - 23:59","za":"00:00 - 23:59","zo":"00:00 - 23:59"}}},{"type":"Feature","geometry":{"type":"Point","coordinates":[6.51347,53.19793]},"properties":{"type":"pakketpunt","locatieNaam":"Pakketautomaat P+R Hoogkerk Peizerw","straatNaam":"RUSKENVEEN","straatNr":"100","vervoerder":"DPD","puntType":"dpd_box","bezettingsgraad":50,"latitude":53.19793,"longitude":6.51347,"canPickup":true,"canDropoff":true,"openingstijden":{"ma":"00:00 - 23:59","di":"00:00 - 23:59","wo":"00:00 - 23:59","do":"00:00 - 23:59","vr":"00:00 - 23:59","za":"00:00 - 23:59","zo":"00:00 - 23:59"}}},{"type":"Feature","geometry":{"type":"Point","coordinates":[6.5733681,53.2149945]},"properties":{"type":"pakketpunt","locatieNaam":"Pakketautomaat Gezondheidscentrum R","straatNaam":"RADESINGEL","straatNr":"6","vervoerder":"DPD","puntType":"dpd_box","bezettingsgraad":50,"latitude":53.2149945,"longitude":6.5733681,"canPickup":true,"canDropoff":true,"openingstijden":{"ma":"08:00 - 21:00","di":"08:00 - 21:00","wo":"08:00 - 21:00","do":"08:00 - 21:00","vr":"08:00 - 21:00","za":"08:00 - 17:00","zo":"gesloten"}}},{"type":"Feature","geometry":{"type":"Point","coordinates":[6.564563,53.2333741]},"properties":{"type":"pakketpunt","locatieNaam":"Stee in Stad","straatNaam":"FLORESSTRAAT","straatNr":"75","vervoerder":"DPD","puntType":"pickup_point","bezettingsgraad":50,"latitude":53.2333741,"longitude":6.564563,"canPickup":true,"canDropoff":true,"openingstijden":{"ma":"09:00 - 16:00","di":"09:00 - 16:00","wo":"09:00 - 16:00","do":"09:00 - 16:00","vr":"09:00 - 16:00","za":"09:00 - 16:00","zo":"gesloten"}}},{"type":"Feature","geometry":{"type":"Point","coordinates":[6.5641707,53.2183623]},"properties":{"type":"pakketpunt","locatieNaam":"RepairConnect","straatNaam":"ZWANESTRAAT","straatNr":"21","vervoerder":"DPD","puntType":"pickup_point","bezettingsgraad":50,"latitude":53.2183623,"longitude":6.5641707,"canPickup":true,"canDropoff":true,"openingstijden":{"ma":"10:00 - 17:00","di":"10:00 - 17:00","wo":"10:00 - 17:00","do":"10:00 - 17:00","vr":"10:00 - 17:00","za":"10:00 - 17:00","zo":"gesloten"}}},{"type":"Feature","geometry":{"type":"Point","coordinates":[6.5751,53.21835]},"properties":{"type":"pakketpunt","locatieNaam":"Wasserette  Groningen","straatNaam":"NIEUWEWEG","straatNr":"22","vervoerder":"DPD","puntType":"pickup_point","bezettingsgraad":50,"latitude":53.21835,"longitude":6.5751,"canPickup":true,"canDropoff":true,"openingstijden":{"ma":"09:00 - 18:00","di":"09:00 - 18:00","wo":"09:00 - 18:00","do":"09:00 - 18:00","vr":"09:00 - 18:00","za":"09:00 - 18:00","zo":"gesloten"}}},{"type":"Feature","geometry":{"type":"Point","coordinates":[6.5915837,53.2142984]},"properties":{"type":"pakketpunt","locatieNaam":"Pakketautomaat Bauhaus Groningen","straatNaam":"BORNHOLMSTRAAT","straatNr":"15","vervoerder":"DPD","puntType":"dpd_box","bezettingsgraad":50,"latitude":53.2142984,"longitude":6.5915837,"canPickup":true,"canDropoff":true,"openingstijden":{"ma":"07:00 - 21:00","di":"07:00 - 21:00","wo":"07:00 - 21:00","do":"07:00 - 21:00","vr":"07:00 - 21:00","za":"07:00 - 17:00","zo":"10:00 - 17:00"}}},{"type":"Feature","geometry":{"type":"Point","coordinates":[6.579075,53.210785]},"properties":{"type":"pakketpunt","locatieNaam":"Even(T)huis","straatNaam":"MEEUWERDERWEG","straatNr":"119","vervoerder":"DPD","puntType":"pickup_point","bezettingsgraad":50,"latitude":53.210785,"longitude":6.579075,"canPickup":true,"canDropoff":true,"openingstijden":{"ma":"09:00 - 17:00","di":"09:00 - 17:00","wo":"09:00 - 17:00","do":"09:00 - 17:00","vr":"09:00 - 13:00","za":"12:00 - 17:00","zo":"gesloten"}}},{"type":"Feature","geometry":{"type":"Point","coordinates":[6.5681251,53.2078307]},"properties":{"type":"pakketpunt","locatieNaam":"Pakketautomaat Plus Marinus","straatNaam":"VECHTSTRAAT","straatNr":"131","vervoerder":"DPD","puntType":"dpd_box","bezettingsgraad":50,"latitude":53.2078307,"longitude":6.5681251,"canPickup":true,"canDropoff":true,"openingstijden":{"ma":"00:00 - 23:59","di":"00:00 - 23:59","wo":"00:00 - 23:59","do":"00:00 - 23:59","vr":"00:00 - 23:59","za":"00:00 - 23:59","zo":"00:00 - 23:59"}}},{"type":"Feature","geometry":{"type":"Point","coordinates":[6.51461,53.20176]},"properties":{"type":"pakketpunt","locatieNaam":"Kringloop Eem Struunn","straatNaam":"JOHAN VAN ZWEDENLAAN","straatNr":"5-1","vervoerder":"DPD","puntType":"pickup_point","bezettingsgraad":50,"latitude":53.20176,"longitude":6.51461,"canPickup":true,"canDropoff":true,"openingstijden":{"ma":"gesloten","di":"10:00 - 17:30","wo":"10:00 - 17:30","do":"10:00 - 17:30","vr":"10:00 - 17:30","za":"10:00 - 14:00","zo":"gesloten"}}},{"type":"Feature","geometry":{"type":"Point","coordinates":[6.496592,53.236163]},"properties":{"type":"pakketpunt","locatieNaam":"De Koperen Jan","straatNaam":"NOODWEG","straatNr":"6","vervoerder":"DPD","puntType":"pickup_point","bezettingsgraad":50,"latitude":53.236163,"longitude":6.496592,"canPickup":true,"canDropoff":true,"openingstijden":{"ma":"13:00 - 18:00","di":"09:15 - 12:00, 13:00 - 18:00","wo":"09:15 - 12:00, 13:00 - 18:00","do":"09:15 - 12:00, 13:00 - 18:00","vr":"09:15 - 12:00, 13:00 - 18:00","za":"09:15 - 12:00, 12:30 - 18:00","zo":"gesloten"}}},{"type":"Feature","geometry":{"type":"Point","coordinates":[6.54352,53.2295]},"properties":{"type":"pakketpunt","locatieNaam":"Pakketautomaat Winkelcentrum Paddep","straatNaam":"DIERENRIEMSTRAAT","straatNr":"200c","vervoerder":"DPD","puntType":"dpd_box","bezettingsgraad":50,"latitude":53.2295,"longitude":6.54352,"canPickup":true,"canDropoff":true,"openingstijden":{"ma":"08:00 - 22:00","di":"08:00 - 22:00","wo":"08:00 - 22:00","do":"08:00 - 22:00","vr":"08:00 - 22:00","za":"08:00 - 22:00","zo":"12:00 - 22:00"}}},{"type":"Feature","geometry":{"type":"Point","coordinates":[6.55298,53.23296]},"properties":{"type":"pakketpunt","locatieNaam":"UR326 Pakketautomaat Budbee","straatNaam":"EIKENLAAN","straatNr":"39","vervoerder":"DPD","puntType":"dpd_box","bezettingsgraad":50,"latitude":53.23296,"longitude":6.55298,"canPickup":true,"canDropoff":false,"openingstijden":{"ma":"08:00 - 22:00","di":"08:00 - 22:00","wo":"08:00 - 22:00","do":"08:00 - 22:00","vr":"08:00 - 22:00","za":"08:00 - 22:00","zo":"12:00 - 22:00"}}},{"type":"Feature","geometry":{"type":"Point","coordinates":[6.566862,53.219955]},"properties":{"type":"pakketpunt","locatieNaam":"UR392 Pakketautomaat Budbee","straatNaam":"OUDE EBBINGESTRAAT","straatNr":"19","vervoerder":"DPD","puntType":"dpd_box","bezettingsgraad":50,"latitude":53.219955,"longitude":6.566862,"canPickup":true,"canDropoff":false,"openingstijden":{"ma":"08:00 - 22:00","di":"08:00 - 22:00","wo":"08:00 - 22:00","do":"08:00 - 22:00","vr":"08:00 - 22:00","za":"08:00 - 22:00","zo":"12:00 - 22:00"}}},{"type":"Feature","geometry":{"type":"Point","coordinates":[6.58957,53.246327]},"properties":{"type":"pakketpunt","locatieNaam":"VI089 Pakketautomaat Budbee","straatNaam":"STOEPEMAHEERD","straatNr":"21","vervoerder":"DPD","puntType":"dpd_box","bezettingsgraad":50,"latitude":53.246327,"longitude":6.58957,"canPickup":true,"canDropoff":false,"openingstijden":{"ma":"08:00 - 21:00","di":"08:00 - 21:00","wo":"08:00 - 21:00","do":"08:00 - 21:00","vr":"08:00 - 21:00","za":"08:00 - 21:00","zo":"12:00 - 18:00"}}},{"type":"Feature","geometry":{"type":"Point","coordinates":[6.528605,53.22519]},"properties":{"type":"pakketpunt","locatieNaam":"VI109 Pakketautomaat Budbee","straatNaam":"SIERSTEENLAAN","straatNr":"464","vervoerder":"DPD","puntType":"dpd_box","bezettingsgraad":50,"latitude":53.22519,"longitude":6.528605,"canPickup":true,"canDropoff":false,"openingstijden":{"ma":"08:00 - 22:00","di":"08:00 - 22:00","wo":"08:00 - 22:00","do":"08:00 - 22:00","vr":"08:00 - 22:00","za":"08:00 - 22:00","zo":"12:00 - 22:00"}}},{"type":"Feature","geometry":{"type":"Point","coordinates":[6.62867,53.15644]},"properties":{"type":"pakketpunt","locatieNaam":"De Orchidee","straatNaam":"WESTERVEEN","straatNr":"16","vervoerder":"DPD","puntType":"pickup_point","bezettingsgraad":50,"latitude":53.15644,"longitude":6.62867,"canPickup":true,"canDropoff":true,"openingstijden":{"ma":"gesloten","di":"10:00 - 18:00","wo":"10:00 - 18:00","do":"10:00 - 18:00","vr":"10:00 - 18:00","za":"10:00 - 17:00","zo":"gesloten"}}},{"type":"Feature","geometry":{"type":"Point","coordinates":[6.51986,53.23704]},"properties":{"type":"pakketpunt","locatieNaam":"Pakketautomaat TinQ Wadwerd","straatNaam":"WADWERD","straatNr":"3","vervoerder":"DPD","puntType":"dpd_box","bezettingsgraad":50,"latitude":53.23704,"longitude":6.51986,"canPickup":true,"canDropoff":true,"openingstijden":{"ma":"00:01 - 23:59","di":"00:01 - 23:59","wo":"00:01 - 23:59","do":"00:01 - 23:59","vr":"00:01 - 23:59","za":"00:01 - 23:59","zo":"00:01 - 23:59"}}},{"type":"Feature","geometry":{"type":"Point","coordinates":[6.50215,53.21418]},"properties":{"type":"pakketpunt","locatieNaam":"Zalal Supermarkt","straatNaam":"ZUIDERWEG","straatNr":"42","vervoerder":"DPD","puntType":"pickup_point","bezettingsgraad":50,"latitude":53.21418,"longitude":6.50215,"canPickup":true,"canDropoff":true,"openingstijden":{"ma":"11:00 - 18:00","di":"09:00 - 18:00","wo":"09:00 - 18:00","do":"09:00 - 18:00","vr":"09:00 - 18:00","za":"09:00 - 18:00","zo":"gesloten"}}},{"type":"Feature","geometry":{"type":"Point","coordinates":[6.57733,53.21828]},"properties":{"type":"pakketpunt","locatieNaam":"Devicefix","straatNaam":"DAMSTERDIEP","straatNr":"54","vervoerder":"DPD","puntType":"pickup_point","bezettingsgraad":50,"latitude":53.21828,"longitude":6.57733,"canPickup":true,"canDropoff":true,"openingstijden":{"ma":"10:00 - 18:00","di":"10:00 - 18:00","wo":"10:00 - 18:00","do":"10:00 - 18:00","vr":"10:00 - 18:00","za":"10:00 - 17:00","zo":"gesloten"}}},{"type":"Feature","geometry":{"type":"Point","coordinates":[6.59809,53.23524]},"properties":{"type":"pakketpunt","locatieNaam":"Made By Kei","straatNaam":"LAVENDELWEG","straatNr":"25","vervoerder":"DPD","puntType":"pickup_point","bezettingsgraad":50,"latitude":53.23524,"longitude":6.59809,"canPickup":true,"canDropoff":true,"openingstijden":{"ma":"11:00 - 19:00","di":"11:00 - 19:00","wo":"11:00 - 19:00","do":"11:00 - 19:00","vr":"11:00 - 19:00","za":"11:00 - 19:00","zo":"gesloten"}}},{"type":"Feature","geometry":{"type":"Point","coordinates":[6.5922,53.22283]},"properties":{"type":"pakketpunt","locatieNaam":"Pakketautomaat Praxis Groningen MEG","straatNaam":"DAMSTERDIEP","straatNr":"315","vervoerder":"DPD","puntType":"dpd_box","bezettingsgraad":50,"latitude":53.22283,"longitude":6.5922,"canPickup":true,"canDropoff":true,"openingstijden":{"ma":"00:01 - 23:59","di":"00:01 - 23:59","wo":"00:01 - 23:59","do":"00:01 - 23:59","vr":"00:01 - 23:59","za":"00:01 - 23:59","zo":"00:01 - 23:59"}}},{"type":"Feature","geometry":{"type":"Point","coordinates":[6.6241940227189,53.2088740264606]},"properties":{"type":"pakketpunt","locatieNaam":"Noordberger's Logistic Services","straatNaam":"Olgerweg","straatNr":"171","vervoerder":"PostNL","puntType":"servicepunt","bezettingsgraad":50,"latitude":53.2088740264606,"longitude":6.6241940227189,"canPickup":true,"canDropoff":true,"openingstijden":"13:00 - 19:00 (Na 18:00 open)"}},{"type":"Feature","geometry":{"type":"Point","coordinates":[6.60874169561881,53.2039460064498]},"properties":{"type":"pakketpunt","locatieNaam":"Fairust","straatNaam":"Narvikweg","straatNr":"9C","vervoerder":"PostNL","puntType":"servicepunt","bezettingsgraad":50,"latitude":53.2039460064498,"longitude":6.60874169561881,"canPickup":true,"canDropoff":true,"openingstijden":"11:00 - 18:00 (Na 18:00 open)"}},{"type":"Feature","geometry":{"type":"Point","coordinates":[6.603165733,53.21696114]},"properties":{"type":"pakketpunt","locatieNaam":"GAMMA Groningen-Oost","straatNaam":"Osloweg","straatNr":"114","vervoerder":"PostNL","puntType":"servicepunt","bezettingsgraad":50,"latitude":53.21696114,"longitude":6.603165733,"canPickup":true,"canDropoff":true,"openingstijden":"09:00 - 21:00"}},{"type":"Feature","geometry":{"type":"Point","coordinates":[6.597348248,53.21184376]},"properties":{"type":"pakketpunt","locatieNaam":"Drukwerknodig","straatNaam":"Osloweg","straatNr":"75","vervoerder":"PostNL","puntType":"servicepunt","bezettingsgraad":50,"latitude":53.21184376,"longitude":6.597348248,"canPickup":true,"canDropoff":true,"openingstijden":"09:30 - 18:00 (Na 18:00 open)"}},{"type":"Feature","geometry":{"type":"Point","coordinates":[6.59197785744131,53.2071439789408]},"properties":{"type":"pakketpunt","locatieNaam":"Pakketautomaat","straatNaam":"Boumaboulevard","straatNr":"525PBA","vervoerder":"PostNL","puntType":"automaat","bezettingsgraad":50,"latitude":53.2071439789408,"longitude":6.59197785744131,"canPickup":true,"canDropoff":true,"openingstijden":"08:00 - 22:00"}},{"type":"Feature","geometry":{"type":"Point","coordinates":[6.599735822,53.22705167]},"properties":{"type":"pakketpunt","locatieNaam":"Albert Heijn","straatNaam":"Rijksweg","straatNr":"16","vervoerder":"PostNL","puntType":"servicepunt","bezettingsgraad":50,"latitude":53.22705167,"longitude":6.599735822,"canPickup":true,"canDropoff":true,"openingstijden":"08:00 - 21:00 (Na 18:00 open; Zaterdag open; Zondag open)"}},{"type":"Feature","geometry":{"type":"Point","coordinates":[6.59031494472825,53.19719955731063]},"properties":{"type":"pakketpunt","locatieNaam":"Pakket- en briefautomaat","straatNaam":"De Savornin Lohmanlaan","straatNr":"86PBA","vervoerder":"PostNL","puntType":"automaat","bezettingsgraad":50,"latitude":53.19719955731063,"longitude":6.59031494472825,"canPickup":true,"canDropoff":true,"openingstijden":"00:00 - 23:59"}},{"type":"Feature","geometry":{"type":"Point","coordinates":[6.589617327,53.19707585]},"properties":{"type":"pakketpunt","locatieNaam":"Poiesz","straatNaam":"De Savornin Lohmanlaan","straatNr":"86-88","vervoerder":"PostNL","puntType":"servicepunt","bezettingsgraad":50,"latitude":53.19707585,"longitude":6.589617327,"canPickup":true,"canDropoff":true,"openingstijden":"08:00 - 20:00"}},{"type":"Feature","geometry":{"type":"Point","coordinates":[6.59913386,53.22748011]},"properties":{"type":"pakketpunt","locatieNaam":"Pakket- en briefautomaat","straatNaam":"Rijksweg","straatNr":"16PBA","vervoerder":"PostNL","puntType":"automaat","bezettingsgraad":50,"latitude":53.22748011,"longitude":6.59913386,"canPickup":true,"canDropoff":true,"openingstijden":"00:00 - 23:59"}},{"type":"Feature","geometry":{"type":"Point","coordinates":[6.618430228,53.23092319]},"properties":{"type":"pakketpunt","locatieNaam":"Albert Heijn filiaal 8595","straatNaam":"Rijksweg","straatNr":"129A","vervoerder":"PostNL","puntType":"servicepunt","bezettingsgraad":50,"latitude":53.23092319,"longitude":6.618430228,"canPickup":true,"canDropoff":true,"openingstijden":"08:00 - 20:00"}},{"type":"Feature","geometry":{"type":"Point","coordinates":[6.578940956,53.21095863]},"properties":{"type":"pakketpunt","locatieNaam":"Primera","straatNaam":"Meeuwerderweg","straatNr":"111","vervoerder":"PostNL","puntType":"servicepunt","bezettingsgraad":50,"latitude":53.21095863,"longitude":6.578940956,"canPickup":true,"canDropoff":true,"openingstijden":"08:30 - 18:00 (Na 18:00 open; Zaterdag open)"}},{"type":"Feature","geometry":{"type":"Point","coordinates":[6.577421999,53.21831562]},"properties":{"type":"pakketpunt","locatieNaam":"Be Happy Day & Night","straatNaam":"Damsterdiep","straatNr":"56","vervoerder":"PostNL","puntType":"servicepunt","bezettingsgraad":50,"latitude":53.21831562,"longitude":6.577421999,"canPickup":true,"canDropoff":true,"openingstijden":"11:00 - 23:59"}},{"type":"Feature","geometry":{"type":"Point","coordinates":[6.579106144,53.19794461]},"properties":{"type":"pakketpunt","locatieNaam":"Bruna","straatNaam":"Helperplein","straatNr":"11","vervoerder":"PostNL","puntType":"servicepunt","bezettingsgraad":50,"latitude":53.19794461,"longitude":6.579106144,"canPickup":true,"canDropoff":true,"openingstijden":"09:00 - 18:00 (Na 18:00 open; Zaterdag open; Zondag open)"}},{"type":"Feature","geometry":{"type":"Point","coordinates":[6.578151983,53.19753173]},"properties":{"type":"pakketpunt","locatieNaam":"Pakket- en briefautomaat","straatNaam":"Van Imhoffstraat","straatNr":"12PBA","vervoerder":"PostNL","puntType":"automaat","bezettingsgraad":50,"latitude":53.19753173,"longitude":6.578151983,"canPickup":true,"canDropoff":true,"openingstijden":"00:00 - 23:59"}},{"type":"Feature","geometry":{"type":"Point","coordinates":[6.57077164,53.20837054]},"properties":{"type":"pakketpunt","locatieNaam":"Pakket- en Briefautomaat","straatNaam":"Vechtstraat","straatNr":"31PBA","vervoerder":"PostNL","puntType":"automaat","bezettingsgraad":50,"latitude":53.20837054,"longitude":6.57077164,"canPickup":true,"canDropoff":true,"openingstijden":"00:00 - 23:59"}},{"type":"Feature","geometry":{"type":"Point","coordinates":[6.624256483,53.2377379]},"properties":{"type":"pakketpunt","locatieNaam":"Cigo","straatNaam":"Kajuit","straatNr":"269","vervoerder":"PostNL","puntType":"servicepunt","bezettingsgraad":50,"latitude":53.2377379,"longitude":6.624256483,"canPickup":true,"canDropoff":true,"openingstijden":"08:30 - 18:30 (Na 18:00 open; Zaterdag open)"}},{"type":"Feature","geometry":{"type":"Point","coordinates":[6.624527824,53.23779801]},"properties":{"type":"pakketpunt","locatieNaam":"Pakketautomaat","straatNaam":"Kajuit","straatNr":"250PBA","vervoerder":"PostNL","puntType":"automaat","bezettingsgraad":50,"latitude":53.23779801,"longitude":6.624527824,"canPickup":true,"canDropoff":true,"openingstijden":"08:00 - 20:00"}},{"type":"Feature","geometry":{"type":"Point","coordinates":[6.56810721907274,53.2078216627129]},"properties":{"type":"pakketpunt","locatieNaam":"Pakketautomaat","straatNaam":"Vechtstraat","straatNr":"131PBA","vervoerder":"PostNL","puntType":"automaat","bezettingsgraad":50,"latitude":53.2078216627129,"longitude":6.56810721907274,"canPickup":true,"canDropoff":true,"openingstijden":"00:00 - 23:59"}},{"type":"Feature","geometry":{"type":"Point","coordinates":[6.56962001593006,53.21825795811]},"properties":{"type":"pakketpunt","locatieNaam":"Day and Nightshop de Poele","straatNaam":"Poelestraat","straatNr":"9","vervoerder":"PostNL","puntType":"servicepunt","bezettingsgraad":50,"latitude":53.21825795811,"longitude":6.56962001593006,"canPickup":true,"canDropoff":true,"openingstijden":"17:00 - 23:59"}},{"type":"Feature","geometry":{"type":"Point","coordinates":[6.58355462979167,53.2316263852221]},"properties":{"type":"pakketpunt","locatieNaam":"Facebike.nl","straatNaam":"Paradijsvogelstraat","straatNr":"14","vervoerder":"PostNL","puntType":"servicepunt","bezettingsgraad":50,"latitude":53.2316263852221,"longitude":6.58355462979167,"canPickup":true,"canDropoff":true,"openingstijden":"11:00 - 18:00"}},{"type":"Feature","geometry":{"type":"Point","coordinates":[6.65264225,53.2321399]},"properties":{"type":"pakketpunt","locatieNaam":"Jumbo Meerstad","straatNaam":"Vossenburglaan","straatNr":"184","vervoerder":"PostNL","puntType":"servicepunt","bezettingsgraad":50,"latitude":53.2321399,"longitude":6.65264225,"canPickup":true,"canDropoff":true,"openingstijden":"08:00 - 21:00"}},{"type":"Feature","geometry":{"type":"Point","coordinates":[6.56547610041103,53.2183795999926]},"properties":{"type":"pakketpunt","locatieNaam":"Swastik","straatNaam":"Guldenstraat","straatNr":"30","vervoerder":"PostNL","puntType":"servicepunt","bezettingsgraad":50,"latitude":53.2183795999926,"longitude":6.56547610041103,"canPickup":true,"canDropoff":true,"openingstijden":"11:30 - 20:30"}},{"type":"Feature","geometry":{"type":"Point","coordinates":[6.564848649,53.22227686]},"properties":{"type":"pakketpunt","locatieNaam":"Primera","straatNaam":"Nieuwe Ebbingestraat","straatNr":"2","vervoerder":"PostNL","puntType":"servicepunt","bezettingsgraad":50,"latitude":53.22227686,"longitude":6.564848649,"canPickup":true,"canDropoff":true,"openingstijden":"13:00 - 18:00"}},{"type":"Feature","geometry":{"type":"Point","coordinates":[6.58238695893477,53.2365176169857]},"properties":{"type":"pakketpunt","locatieNaam":"Kringloopwinkel What’s in ?","straatNaam":"Ulgersmaweg","straatNr":"141","vervoerder":"PostNL","puntType":"servicepunt","bezettingsgraad":50,"latitude":53.2365176169857,"longitude":6.58238695893477,"canPickup":true,"canDropoff":true,"openingstijden":"10:00 - 17:30"}},{"type":"Feature","geometry":{"type":"Point","coordinates":[6.566434949,53.19260609]},"properties":{"type":"pakketpunt","locatieNaam":"Shell De Wijert","straatNaam":"Van Ketwich Verschuurlaan","straatNr":"106","vervoerder":"PostNL","puntType":"servicepunt","bezettingsgraad":50,"latitude":53.19260609,"longitude":6.566434949,"canPickup":true,"canDropoff":true,"openingstijden":"06:00 - 20:30"}},{"type":"Feature","geometry":{"type":"Point","coordinates":[6.563674037,53.22368127]},"properties":{"type":"pakketpunt","locatieNaam":"Ofisa","straatNaam":"Nieuwe Ebbingestraat","straatNr":"41","vervoerder":"PostNL","puntType":"servicepunt","bezettingsgraad":50,"latitude":53.22368127,"longitude":6.563674037,"canPickup":true,"canDropoff":true,"openingstijden":"10:00 - 18:00 (Na 18:00 open; Zaterdag open)"}},{"type":"Feature","geometry":{"type":"Point","coordinates":[6.5585153149518,53.2090300121584]},"properties":{"type":"pakketpunt","locatieNaam":"Deelcafé Het Buurtstation","straatNaam":"Westinghousestraat","straatNr":"13","vervoerder":"PostNL","puntType":"servicepunt","bezettingsgraad":50,"latitude":53.2090300121584,"longitude":6.5585153149518,"canPickup":true,"canDropoff":true,"openingstijden":null}},{"type":"Feature","geometry":{"type":"Point","coordinates":[6.5583836673775,53.2030643175608]},"properties":{"type":"pakketpunt","locatieNaam":"GoudGoed","straatNaam":"Paterswoldseweg","straatNr":"139","vervoerder":"PostNL","puntType":"servicepunt","bezettingsgraad":50,"latitude":53.2030643175608,"longitude":6.5583836673775,"canPickup":true,"canDropoff":true,"openingstijden":"10:00 - 17:00"}},{"type":"Feature","geometry":{"type":"Point","coordinates":[6.559804005,53.19859317]},"properties":{"type":"pakketpunt","locatieNaam":"Bruna Overwinningsplein","straatNaam":"Overwinningsplein","straatNr":"73","vervoerder":"PostNL","puntType":"servicepunt","bezettingsgraad":50,"latitude":53.19859317,"longitude":6.559804005,"canPickup":true,"canDropoff":true,"openingstijden":"10:00 - 18:00 (Na 18:00 open; Zaterdag open)"}},{"type":"Feature","geometry":{"type":"Point","coordinates":[6.55742200191573,53.2167510076502]},"properties":{"type":"pakketpunt","locatieNaam":"Be Happy Day & Night","straatNaam":"Westersingel","straatNr":"7A","vervoerder":"PostNL","puntType":"servicepunt","bezettingsgraad":50,"latitude":53.2167510076502,"longitude":6.55742200191573,"canPickup":true,"canDropoff":true,"openingstijden":"00:00 - 02:00, 18:00 - 23:59"}},{"type":"Feature","geometry":{"type":"Point","coordinates":[6.604444865,53.17358824]},"properties":{"type":"pakketpunt","locatieNaam":"Bruna 2050","straatNaam":"Brinkhorst","straatNr":"22-24","vervoerder":"PostNL","puntType":"servicepunt","bezettingsgraad":50,"latitude":53.17358824,"longitude":6.604444865,"canPickup":true,"canDropoff":true,"openingstijden":"09:00 - 18:00 (Na 18:00 open; Zaterdag open)"}},{"type":"Feature","geometry":{"type":"Point","coordinates":[6.556454312,53.21473851]},"properties":{"type":"pakketpunt","locatieNaam":"Pakketautomaat","straatNaam":"Westerhaven","straatNr":"17PBA","vervoerder":"PostNL","puntType":"automaat","bezettingsgraad":50,"latitude":53.21473851,"longitude":6.556454312,"canPickup":true,"canDropoff":true,"openingstijden":"00:00 - 23:59"}},{"type":"Feature","geometry":{"type":"Point","coordinates":[6.55597752860615,53.2131615462041]},"properties":{"type":"pakketpunt","locatieNaam":"Rania Market","straatNaam":"Paterswoldseweg","straatNr":"10","vervoerder":"PostNL","puntType":"servicepunt","bezettingsgraad":50,"latitude":53.2131615462041,"longitude":6.55597752860615,"canPickup":true,"canDropoff":true,"openingstijden":"00:00 - 02:00, 13:00 - 23:59"}},{"type":"Feature","geometry":{"type":"Point","coordinates":[6.562330978,53.22715418]},"properties":{"type":"pakketpunt","locatieNaam":"Primera Beren","straatNaam":"Beren","straatNr":"3","vervoerder":"PostNL","puntType":"servicepunt","bezettingsgraad":50,"latitude":53.22715418,"longitude":6.562330978,"canPickup":true,"canDropoff":true,"openingstijden":"08:00 - 19:00 (Na 18:00 open; Zaterdag open; Zondag open)"}},{"type":"Feature","geometry":{"type":"Point","coordinates":[6.56137201734602,53.2260312886475]},"properties":{"type":"pakketpunt","locatieNaam":"Be Happy Day & Night","straatNaam":"Nieuwe Ebbingestraat","straatNr":"117","vervoerder":"PostNL","puntType":"servicepunt","bezettingsgraad":50,"latitude":53.2260312886475,"longitude":6.56137201734602,"canPickup":true,"canDropoff":true,"openingstijden":"00:00 - 02:00, 19:00 - 23:59"}},{"type":"Feature","geometry":{"type":"Point","coordinates":[6.60541203112706,53.1723472576629]},"properties":{"type":"pakketpunt","locatieNaam":"Issa Fietsen","straatNaam":"Kerkstraat","straatNr":"13","vervoerder":"PostNL","puntType":"servicepunt","bezettingsgraad":50,"latitude":53.1723472576629,"longitude":6.60541203112706,"canPickup":true,"canDropoff":true,"openingstijden":"09:00 - 18:00"}},{"type":"Feature","geometry":{"type":"Point","coordinates":[6.601039307,53.24839913]},"properties":{"type":"pakketpunt","locatieNaam":"Wijkwerken Beijum","straatNaam":"Claremaheerd","straatNr":"51-53","vervoerder":"PostNL","puntType":"servicepunt","bezettingsgraad":50,"latitude":53.24839913,"longitude":6.601039307,"canPickup":true,"canDropoff":true,"openingstijden":"13:00 - 17:00"}},{"type":"Feature","geometry":{"type":"Point","coordinates":[6.588386106,53.24649549]},"properties":{"type":"pakketpunt","locatieNaam":"Primera","straatNaam":"Stoepemaheerd","straatNr":"20F","vervoerder":"PostNL","puntType":"servicepunt","bezettingsgraad":50,"latitude":53.24649549,"longitude":6.588386106,"canPickup":true,"canDropoff":true,"openingstijden":"08:00 - 18:30 (Na 18:00 open; Zaterdag open; Zondag open)"}},{"type":"Feature","geometry":{"type":"Point","coordinates":[6.551992334,53.22526899]},"properties":{"type":"pakketpunt","locatieNaam":"Pakketautomaat","straatNaam":"Kerklaan","straatNr":"75PBA","vervoerder":"PostNL","puntType":"automaat","bezettingsgraad":50,"latitude":53.22526899,"longitude":6.551992334,"canPickup":true,"canDropoff":true,"openingstijden":"08:00 - 22:00"}},{"type":"Feature","geometry":{"type":"Point","coordinates":[6.544808543,53.20864184]},"properties":{"type":"pakketpunt","locatieNaam":"KARWEI Groningen-Peizerweg","straatNaam":"Peizerweg","straatNr":"86","vervoerder":"PostNL","puntType":"servicepunt","bezettingsgraad":50,"latitude":53.20864184,"longitude":6.544808543,"canPickup":true,"canDropoff":true,"openingstijden":"09:00 - 21:00"}},{"type":"Feature","geometry":{"type":"Point","coordinates":[6.544808543,53.20864184]},"properties":{"type":"pakketpunt","locatieNaam":"Pakket- en briefautomaat","straatNaam":"Peizerweg","straatNr":"86PBA","vervoerder":"PostNL","puntType":"automaat","bezettingsgraad":50,"latitude":53.20864184,"longitude":6.544808543,"canPickup":true,"canDropoff":true,"openingstijden":"09:00 - 21:00"}},{"type":"Feature","geometry":{"type":"Point","coordinates":[6.542613211,53.2093909]},"properties":{"type":"pakketpunt","locatieNaam":"Pakket- en briefautomaat","straatNaam":"Peizerweg","straatNr":"89PBA","vervoerder":"PostNL","puntType":"automaat","bezettingsgraad":50,"latitude":53.2093909,"longitude":6.542613211,"canPickup":true,"canDropoff":true,"openingstijden":"09:00 - 21:00"}},{"type":"Feature","geometry":{"type":"Point","coordinates":[6.542613211,53.2093909]},"properties":{"type":"pakketpunt","locatieNaam":"GAMMA Groningen-Peizerweg","straatNaam":"Peizerweg","straatNr":"89","vervoerder":"PostNL","puntType":"servicepunt","bezettingsgraad":50,"latitude":53.2093909,"longitude":6.542613211,"canPickup":true,"canDropoff":true,"openingstijden":"09:00 - 21:00"}},{"type":"Feature","geometry":{"type":"Point","coordinates":[6.57926986350467,53.251115463667]},"properties":{"type":"pakketpunt","locatieNaam":"Pakketautomaat","straatNaam":"Groningerweg","straatNr":"45PBA","vervoerder":"PostNL","puntType":"automaat","bezettingsgraad":50,"latitude":53.251115463667,"longitude":6.57926986350467,"canPickup":true,"canDropoff":true,"openingstijden":"07:00 - 21:00"}},{"type":"Feature","geometry":{"type":"Point","coordinates":[6.537403461,53.21218181]},"properties":{"type":"pakketpunt","locatieNaam":"Prokan BV","straatNaam":"Energieweg","straatNr":"7-1","vervoerder":"PostNL","puntType":"servicepunt","bezettingsgraad":50,"latitude":53.21218181,"longitude":6.537403461,"canPickup":true,"canDropoff":true,"openingstijden":"08:00 - 18:00 (Na 18:00 open)"}},{"type":"Feature","geometry":{"type":"Point","coordinates":[6.544147582,53.22981109]},"properties":{"type":"pakketpunt","locatieNaam":"Bruna Paddepoel","straatNaam":"Dierenriemstraat","straatNr":"220","vervoerder":"PostNL","puntType":"servicepunt","bezettingsgraad":50,"latitude":53.22981109,"longitude":6.544147582,"canPickup":true,"canDropoff":true,"openingstijden":"12:00 - 18:00"}},{"type":"Feature","geometry":{"type":"Point","coordinates":[6.54355951907676,53.2302211403661]},"properties":{"type":"pakketpunt","locatieNaam":"Primera Paddepoel","straatNaam":"Dierenriemstraat","straatNr":"138","vervoerder":"PostNL","puntType":"servicepunt","bezettingsgraad":50,"latitude":53.2302211403661,"longitude":6.54355951907676,"canPickup":true,"canDropoff":true,"openingstijden":"13:00 - 18:00 (Na 18:00 open; Zaterdag open)"}},{"type":"Feature","geometry":{"type":"Point","coordinates":[6.536448662,53.21512051]},"properties":{"type":"pakketpunt","locatieNaam":"GoudGoed Protonstraat","straatNaam":"Protonstraat","straatNr":"6","vervoerder":"PostNL","puntType":"servicepunt","bezettingsgraad":50,"latitude":53.21512051,"longitude":6.536448662,"canPickup":true,"canDropoff":true,"openingstijden":"10:00 - 17:00"}},{"type":"Feature","geometry":{"type":"Point","coordinates":[6.539242123,53.23399198]},"properties":{"type":"pakketpunt","locatieNaam":"Spar Zonnelaan","straatNaam":"Zonnelaan","straatNr":"80","vervoerder":"PostNL","puntType":"servicepunt","bezettingsgraad":50,"latitude":53.23399198,"longitude":6.539242123,"canPickup":true,"canDropoff":true,"openingstijden":"08:00 - 20:00"}},{"type":"Feature","geometry":{"type":"Point","coordinates":[6.528484824,53.22535108]},"properties":{"type":"pakketpunt","locatieNaam":"Cigo","straatNaam":"Siersteenlaan","straatNr":"440","vervoerder":"PostNL","puntType":"servicepunt","bezettingsgraad":50,"latitude":53.22535108,"longitude":6.528484824,"canPickup":true,"canDropoff":true,"openingstijden":"08:30 - 18:00 (Na 18:00 open; Zaterdag open)"}},{"type":"Feature","geometry":{"type":"Point","coordinates":[6.5240331,53.1992361]},"properties":{"type":"pakketpunt","locatieNaam":"","straatNaam":"Eemsgolaan","straatNr":"1","vervoerder":"PostNL","puntType":"servicepunt","bezettingsgraad":50,"latitude":53.1992361,"longitude":6.5240331,"canPickup":true,"canDropoff":true,"openingstijden":null}},{"type":"Feature","geometry":{"type":"Point","coordinates":[6.502506921,53.20571762]},"properties":{"type":"pakketpunt","locatieNaam":"Poiesz Supermarkt (148)","straatNaam":"C. Jetsesstraat","straatNr":"1-1","vervoerder":"PostNL","puntType":"servicepunt","bezettingsgraad":50,"latitude":53.20571762,"longitude":6.502506921,"canPickup":true,"canDropoff":true,"openingstijden":"08:00 - 20:00 (Na 18:00 open; Zaterdag open; Zondag open)"}},{"type":"Feature","geometry":{"type":"Point","coordinates":[6.5021345451327,53.205914746396]},"properties":{"type":"pakketpunt","locatieNaam":"Pakket- en briefautomaat","straatNaam":"C. Jetsesstraat","straatNr":"1PBA","vervoerder":"PostNL","puntType":"automaat","bezettingsgraad":50,"latitude":53.205914746396,"longitude":6.5021345451327,"canPickup":true,"canDropoff":true,"openingstijden":"00:00 - 23:59"}},{"type":"Feature","geometry":{"type":"Point","coordinates":[6.50178187245139,53.214171500368]},"properties":{"type":"pakketpunt","locatieNaam":"Style Creators","straatNaam":"Zuiderweg","straatNr":"33","vervoerder":"PostNL","puntType":"servicepunt","bezettingsgraad":50,"latitude":53.214171500368,"longitude":6.50178187245139,"canPickup":true,"canDropoff":true,"openingstijden":null}},{"type":"Feature","geometry":{"type":"Point","coordinates":[6.696654526,53.27643849]},"properties":{"type":"pakketpunt","locatieNaam":"The Read Shop","straatNaam":"Koopmansplein","straatNr":"15","vervoerder":"PostNL","puntType":"servicepunt","bezettingsgraad":50,"latitude":53.27643849,"longitude":6.696654526,"canPickup":true,"canDropoff":true,"openingstijden":"13:00 - 17:45"}},{"type":"Feature","geometry":{"type":"Point","coordinates":[6.5662524,53.2167029]},"properties":{"type":"pakketpunt","locatieNaam":"SiDDiQUiE","straatNaam":"Pelsterstraat 17","straatNr":"","vervoerder":"VintedGo","puntType":"parcel_shop","bezettingsgraad":50,"latitude":53.2167029,"longitude":6.5662524,"canPickup":true,"canDropoff":true,"openingstijden":null}},{"type":"Feature","geometry":{"type":"Point","coordinates":[6.4965925,53.2361629]},"properties":{"type":"pakketpunt","locatieNaam":"De Koperen Jan ","straatNaam":"Noodweg 6","straatNr":"","vervoerder":"VintedGo","puntType":"parcel_shop","bezettingsgraad":50,"latitude":53.2361629,"longitude":6.4965925,"canPickup":true,"canDropoff":true,"openingstijden":null}},{"type":"Feature","geometry":{"type":"Point","coordinates":[6.5337014,53.19431521]},"properties":{"type":"pakketpunt","locatieNaam":"S. Landen","straatNaam":"Bruilweering 418","straatNr":"","vervoerder":"VintedGo","puntType":"social","bezettingsgraad":50,"latitude":53.19431521,"longitude":6.5337014,"canPickup":true,"canDropoff":true,"openingstijden":null}},{"type":"Feature","geometry":{"type":"Point","coordinates":[6.62473004,53.20723238]},"properties":{"type":"pakketpunt","locatieNaam":"SiDDiQUiE","straatNaam":"Egersundweg 4d","straatNr":"","vervoerder":"VintedGo","puntType":"parcel_shop","bezettingsgraad":50,"latitude":53.20723238,"longitude":6.62473004,"canPickup":true,"canDropoff":true,"openingstijden":null}},{"type":"Feature","geometry":{"type":"Point","coordinates":[6.54342571,53.22962391]},"properties":{"type":"pakketpunt","locatieNaam":"Quick 'N Simpel","straatNaam":"Dierenriemstraat 184a","straatNr":"","vervoerder":"VintedGo","puntType":"parcel_shop","bezettingsgraad":50,"latitude":53.22962391,"longitude":6.54342571,"canPickup":true,"canDropoff":true,"openingstijden":null}},{"type":"Feature","geometry":{"type":"Point","coordinates":[6.5685,53.21491]},"properties":{"type":"pakketpunt","locatieNaam":"iRepair Gedempte Zuiderdiep","straatNaam":"Gedempte Zuiderdiep  32","straatNr":"","vervoerder":"VintedGo","puntType":"parcel_shop","bezettingsgraad":50,"latitude":53.21491,"longitude":6.5685,"canPickup":true,"canDropoff":true,"openingstijden":null}},{"type":"Feature","geometry":{"type":"Point","coordinates":[6.5802977,53.198154]},"properties":{"type":"pakketpunt","locatieNaam":"Ugarit Minimarket ","straatNaam":"Verlengde Hereweg 76-1","straatNr":"","vervoerder":"VintedGo","puntType":"parcel_shop","bezettingsgraad":50,"latitude":53.198154,"longitude":6.5802977,"canPickup":true,"canDropoff":true,"openingstijden":null}},{"type":"Feature","geometry":{"type":"Point","coordinates":[6.51489,53.20184]},"properties":{"type":"pakketpunt","locatieNaam":"Kapsalon Catrien","straatNaam":"Johan van Zwedenlaan 5-1","straatNr":"","vervoerder":"VintedGo","puntType":"parcel_shop","bezettingsgraad":50,"latitude":53.20184,"longitude":6.51489,"canPickup":true,"canDropoff":true,"openingstijden":null}},{"type":"Feature","geometry":{"type":"Point","coordinates":[6.53478,53.21662]},"properties":{"type":"pakketpunt","locatieNaam":"Feestverhuur Groningen","straatNaam":"Neutronstraat 13","straatNr":"","vervoerder":"VintedGo","puntType":"parcel_shop","bezettingsgraad":50,"latitude":53.21662,"longitude":6.53478,"canPickup":true,"canDropoff":true,"openingstijden":null}},{"type":"Feature","geometry":{"type":"Point","coordinates":[6.55741,53.21678]},"properties":{"type":"pakketpunt","locatieNaam":"Be Happy day & night","straatNaam":"Westersingel 7","straatNr":"","vervoerder":"VintedGo","puntType":"parcel_shop","bezettingsgraad":50,"latitude":53.21678,"longitude":6.55741,"canPickup":true,"canDropoff":true,"openingstijden":null}},{"type":"Feature","geometry":{"type":"Point","coordinates":[6.5775,53.21835]},"properties":{"type":"pakketpunt","locatieNaam":"Jara Market","straatNaam":"Damsterdiep 58","straatNr":"","vervoerder":"VintedGo","puntType":"parcel_shop","bezettingsgraad":50,"latitude":53.21835,"longitude":6.5775,"canPickup":true,"canDropoff":true,"openingstijden":null}},{"type":"Feature","geometry":{"type":"Point","coordinates":[6.56801,53.23231]},"properties":{"type":"pakketpunt","locatieNaam":"Bloemenhuis FLORA ","straatNaam":"Floresstraat 5","straatNr":"","vervoerder":"VintedGo","puntType":"parcel_shop","bezettingsgraad":50,"latitude":53.23231,"longitude":6.56801,"canPickup":true,"canDropoff":true,"openingstijden":null}},{"type":"Feature","geometry":{"type":"Point","coordinates":[6.57971,53.19791]},"properties":{"type":"pakketpunt","locatieNaam":"Bloemenmozaiek","straatNaam":"Helperplein 3","straatNr":"","vervoerder":"VintedGo","puntType":"parcel_shop","bezettingsgraad":50,"latitude":53.19791,"longitude":6.57971,"canPickup":true,"canDropoff":true,"openingstijden":null}},{"type":"Feature","geometry":{"type":"Point","coordinates":[6.5641853,53.2183586]},"properties":{"type":"pakketpunt","locatieNaam":"Repairconnect","straatNaam":"Zwanestraat 21","straatNr":"","vervoerder":"VintedGo","puntType":"parcel_shop","bezettingsgraad":50,"latitude":53.2183586,"longitude":6.5641853,"canPickup":true,"canDropoff":true,"openingstijden":null}},{"type":"Feature","geometry":{"type":"Point","coordinates":[6.6069206,53.2268816]},"properties":{"type":"pakketpunt","locatieNaam":"Mazzel","straatNaam":"Koningsweg 27-1","straatNr":"","vervoerder":"VintedGo","puntType":"parcel_shop","bezettingsgraad":50,"latitude":53.2268816,"longitude":6.6069206,"canPickup":true,"canDropoff":true,"openingstijden":null}},{"type":"Feature","geometry":{"type":"Point","coordinates":[6.5378189,53.2089424]},"properties":{"type":"pakketpunt","locatieNaam":"De Koffiemachine","straatNaam":"Peizerweg 97, C1","straatNr":"","vervoerder":"VintedGo","puntType":"parcel_shop","bezettingsgraad":50,"latitude":53.2089424,"longitude":6.5378189,"canPickup":true,"canDropoff":true,"openingstijden":null}},{"type":"Feature","geometry":{"type":"Point","coordinates":[6.56261,53.22492]},"properties":{"type":"pakketpunt","locatieNaam":"Wasserette Topcleaning","straatNaam":"Nieuwe Ebbingestraat 79","straatNr":"","vervoerder":"VintedGo","puntType":"locker","bezettingsgraad":50,"latitude":53.22492,"longitude":6.56261,"canPickup":true,"canDropoff":true,"openingstijden":null}},{"type":"Feature","geometry":{"type":"Point","coordinates":[6.5681316,53.2079217]},"properties":{"type":"pakketpunt","locatieNaam":"Plus Marinus","straatNaam":"Vechtstraat 131","straatNr":"","vervoerder":"VintedGo","puntType":"locker","bezettingsgraad":50,"latitude":53.2079217,"longitude":6.5681316,"canPickup":true,"canDropoff":true,"openingstijden":null}},{"type":"Feature","geometry":{"type":"Point","coordinates":[6.5734118,53.2150593]},"properties":{"type":"pakketpunt","locatieNaam":"Gezondheidscentrum Groningen","straatNaam":"Radesingel 6","straatNr":"","vervoerder":"VintedGo","puntType":"locker","bezettingsgraad":50,"latitude":53.2150593,"longitude":6.5734118,"canPickup":true,"canDropoff":true,"openingstijden":null}},{"type":"Feature","geometry":{"type":"Point","coordinates":[6.5657448,53.2216615]},"properties":{"type":"pakketpunt","locatieNaam":"Nightshop","straatNaam":"Oude Ebbingestraat 85","straatNr":"","vervoerder":"VintedGo","puntType":"locker","bezettingsgraad":50,"latitude":53.2216615,"longitude":6.5657448,"canPickup":true,"canDropoff":true,"openingstijden":null}},{"type":"Feature","geometry":{"type":"Point","coordinates":[6.5449122,53.208536]},"properties":{"type":"pakketpunt","locatieNaam":"Karwei Groningen","straatNaam":"Peizerweg 86","straatNr":"","vervoerder":"VintedGo","puntType":"locker","bezettingsgraad":50,"latitude":53.208536,"longitude":6.5449122,"canPickup":true,"canDropoff":true,"openingstijden":null}},{"type":"Feature","geometry":{"type":"Point","coordinates":[6.5614333,53.2260229]},"properties":{"type":"pakketpunt","locatieNaam":"Stadjer Day & Night","straatNaam":"Nieuwe Ebbingestraat 117","straatNr":"","vervoerder":"VintedGo","puntType":"parcel_shop","bezettingsgraad":50,"latitude":53.2260229,"longitude":6.5614333,"canPickup":true,"canDropoff":true,"openingstijden":null}},{"type":"Feature","geometry":{"type":"Point","coordinates":[6.706448,53.2790878]},"properties":{"type":"pakketpunt","locatieNaam":"De Geus Auto’s","straatNaam":"Nijverheidsweg 11","straatNr":"","vervoerder":"VintedGo","puntType":"locker","bezettingsgraad":50,"latitude":53.2790878,"longitude":6.706448,"canPickup":true,"canDropoff":true,"openingstijden":null}},{"type":"Feature","geometry":{"type":"Point","coordinates":[6.5438849,53.2302535]},"properties":{"type":"pakketpunt","locatieNaam":"Winkelcentrum Paddepoel Groningen","straatNaam":"Dierenriemstraat 200C","straatNr":"","vervoerder":"VintedGo","puntType":"locker","bezettingsgraad":50,"latitude":53.2302535,"longitude":6.5438849,"canPickup":true,"canDropoff":true,"openingstijden":null}},{"type":"Feature","geometry":{"type":"Point","coordinates":[6.6030892,53.1726533]},"properties":{"type":"pakketpunt","locatieNaam":"Bloom","straatNaam":"De Brinken 4","straatNr":"","vervoerder":"VintedGo","puntType":"locker","bezettingsgraad":50,"latitude":53.1726533,"longitude":6.6030892,"canPickup":true,"canDropoff":true,"openingstijden":null}},{"type":"Feature","geometry":{"type":"Point","coordinates":[6.5589309,53.1980809]},"properties":{"type":"pakketpunt","locatieNaam":"Naaiatelier Sola","straatNaam":"Overwinningsplein 84","straatNr":"","vervoerder":"VintedGo","puntType":"parcel_shop","bezettingsgraad":50,"latitude":53.1980809,"longitude":6.5589309,"canPickup":true,"canDropoff":true,"openingstijden":null}},{"type":"Feature","geometry":{"type":"Point","coordinates":[6.6235824,53.2376142]},"properties":{"type":"pakketpunt","locatieNaam":"Café-bar Smit","straatNaam":"Kajuit 319B","straatNr":"","vervoerder":"VintedGo","puntType":"parcel_shop","bezettingsgraad":50,"latitude":53.2376142,"longitude":6.6235824,"canPickup":true,"canDropoff":true,"openingstijden":null}},{"type":"Feature","geometry":{"type":"Point","coordinates":[6.6275095,53.1561732]},"properties":{"type":"pakketpunt","locatieNaam":"Reinhart Orchideeën ","straatNaam":"Westerveen 16","straatNr":"","vervoerder":"VintedGo","puntType":"parcel_shop","bezettingsgraad":50,"latitude":53.1561732,"longitude":6.6275095,"canPickup":true,"canDropoff":true,"openingstijden":null}},{"type":"Feature","geometry":{"type":"Point","coordinates":[6.5524522,53.2248448]},"properties":{"type":"pakketpunt","locatieNaam":"Window59","straatNaam":"Kerklaan 59","straatNr":"","vervoerder":"VintedGo","puntType":"parcel_shop","bezettingsgraad":50,"latitude":53.2248448,"longitude":6.5524522,"canPickup":true,"canDropoff":true,"openingstijden":null}},{"type":"Feature","geometry":{"type":"Point","coordinates":[6.5773612,53.2182951]},"properties":{"type":"pakketpunt","locatieNaam":"Wasserette En Stomerin Groningen","straatNaam":"Nieuweweg 22","straatNr":"","vervoerder":"VintedGo","puntType":"parcel_shop","bezettingsgraad":50,"latitude":53.2182951,"longitude":6.5773612,"canPickup":true,"canDropoff":true,"openingstijden":null}},{"type":"Feature","geometry":{"type":"Point","coordinates":[6.5999276,53.199106]},"properties":{"type":"pakketpunt","locatieNaam":"Nord XL","straatNaam":"Rouaanstraat 5","straatNr":"","vervoerder":"VintedGo","puntType":"locker","bezettingsgraad":50,"latitude":53.199106,"longitude":6.5999276,"canPickup":true,"canDropoff":true,"openingstijden":null}},{"type":"Feature","geometry":{"type":"Point","coordinates":[6.5756182,53.218307]},"properties":{"type":"pakketpunt","locatieNaam":"Moi Design","straatNaam":"Kraneweg 21","straatNr":"","vervoerder":"VintedGo","puntType":"parcel_shop","bezettingsgraad":50,"latitude":53.218307,"longitude":6.5756182,"canPickup":true,"canDropoff":true,"openingstijden":null}},{"type":"Feature","geometry":{"type":"Point","coordinates":[6.5655179,53.2134942]},"properties":{"type":"pakketpunt","locatieNaam":"Orlando","straatNaam":"Ubbo Emmiusstraat 7","straatNr":"","vervoerder":"VintedGo","puntType":"parcel_shop","bezettingsgraad":50,"latitude":53.2134942,"longitude":6.5655179,"canPickup":true,"canDropoff":true,"openingstijden":null}},{"type":"Feature","geometry":{"type":"Point","coordinates":[6.5380403,53.2142019]},"properties":{"type":"pakketpunt","locatieNaam":"Nieuw En Bijnanieuw","straatNaam":"Atoomweg 6","straatNr":"","vervoerder":"VintedGo","puntType":"parcel_shop","bezettingsgraad":50,"latitude":53.2142019,"longitude":6.5380403,"canPickup":true,"canDropoff":true,"openingstijden":null}},{"type":"Feature","geometry":{"type":"Point","coordinates":[6.5980396,53.2353593]},"properties":{"type":"pakketpunt","locatieNaam":"Made by KEI","straatNaam":"Lavendelweg 25","straatNr":"","vervoerder":"VintedGo","puntType":"parcel_shop","bezettingsgraad":50,"latitude":53.2353593,"longitude":6.5980396,"canPickup":true,"canDropoff":true,"openingstijden":null}},{"type":"Feature","geometry":{"type":"Point","coordinates":[6.5751842,53.2184542]},"properties":{"type":"pakketpunt","locatieNaam":"Wasserette en Stomerij Groningen","straatNaam":"Nieuweweg","straatNr":"22","vervoerder":"GLS","puntType":"parcel_shop","bezettingsgraad":50,"latitude":53.2184542,"longitude":6.5751842,"canPickup":true,"canDropoff":true,"openingstijden":{"ma":"09:00 - 18:00","di":"09:00 - 18:00","wo":"09:00 - 18:00","do":"09:00 - 18:00","vr":"09:00 - 18:00","za":"09:00 - 18:00","zo":"00:00 - 00:00"}}},{"type":"Feature","geometry":{"type":"Point","coordinates":[6.5773006,53.2183372]},"properties":{"type":"pakketpunt","locatieNaam":"DeviceFix","straatNaam":"Damsterdiep","straatNr":"54","vervoerder":"GLS","puntType":"parcel_shop","bezettingsgraad":50,"latitude":53.2183372,"longitude":6.5773006,"canPickup":true,"canDropoff":true,"openingstijden":{"ma":"10:00 - 18:00","di":"10:00 - 18:00","wo":"10:00 - 18:00","do":"10:00 - 18:00","vr":"10:00 - 18:00","za":"10:00 - 17:00","zo":"00:00 - 00:00"}}},{"type":"Feature","geometry":{"type":"Point","coordinates":[6.5614036,53.2198599]},"properties":{"type":"pakketpunt","locatieNaam":"Vulpunt","straatNaam":"Oude kijk in de jatstraat","straatNr":"48","vervoerder":"GLS","puntType":"parcel_shop","bezettingsgraad":50,"latitude":53.2198599,"longitude":6.5614036,"canPickup":true,"canDropoff":true,"openingstijden":{"ma":"10:00 - 17:45","di":"10:00 - 17:45","wo":"10:00 - 17:45","do":"10:00 - 17:45","vr":"10:00 - 17:45","za":"10:00 - 16:45","zo":"00:00 - 00:00"}}},{"type":"Feature","geometry":{"type":"Point","coordinates":[6.55645431,53.2147385]},"properties":{"type":"pakketpunt","locatieNaam":"Pakketautomaat","straatNaam":"Westerhaven","straatNr":"17","vervoerder":"GLS","puntType":"locker","bezettingsgraad":50,"latitude":53.2147385,"longitude":6.55645431,"canPickup":true,"canDropoff":true,"openingstijden":{"ma":"00:00 - 23:59","di":"00:00 - 23:59","wo":"00:00 - 23:59","do":"00:00 - 23:59","vr":"00:00 - 23:59","za":"00:00 - 23:59","zo":"00:00 - 23:59"}}},{"type":"Feature","geometry":{"type":"Point","coordinates":[6.57077164,53.2083705]},"properties":{"type":"pakketpunt","locatieNaam":"Pakketautomaat","straatNaam":"Vechtstraat","straatNr":"31","vervoerder":"GLS","puntType":"locker","bezettingsgraad":50,"latitude":53.2083705,"longitude":6.57077164,"canPickup":true,"canDropoff":true,"openingstijden":{"ma":"00:00 - 23:59","di":"00:00 - 23:59","wo":"00:00 - 23:59","do":"00:00 - 23:59","vr":"00:00 - 23:59","za":"00:00 - 23:59","zo":"00:00 - 23:59"}}},{"type":"Feature","geometry":{"type":"Point","coordinates":[6.56810721,53.2078216]},"properties":{"type":"pakketpunt","locatieNaam":"Pakketautomaat","straatNaam":"Vechtstraat","straatNr":"131","vervoerder":"GLS","puntType":"locker","bezettingsgraad":50,"latitude":53.2078216,"longitude":6.56810721,"canPickup":true,"canDropoff":true,"openingstijden":{"ma":"00:00 - 23:59","di":"00:00 - 23:59","wo":"00:00 - 23:59","do":"00:00 - 23:59","vr":"00:00 - 23:59","za":"00:00 - 23:59","zo":"00:00 - 23:59"}}},{"type":"Feature","geometry":{"type":"Point","coordinates":[6.5513419,53.2155437]},"properties":{"type":"pakketpunt","locatieNaam":"Benny's Supermarkt","straatNaam":"Herman Colleniusstraat","straatNr":"8","vervoerder":"GLS","puntType":"parcel_shop","bezettingsgraad":50,"latitude":53.2155437,"longitude":6.5513419,"canPickup":true,"canDropoff":true,"openingstijden":{"ma":"08:00 - 19:00","di":"08:00 - 19:00","wo":"08:00 - 19:00","do":"08:00 - 19:00","vr":"08:00 - 19:00","za":"08:00 - 18:00","zo":"12:00 - 18:00"}}},{"type":"Feature","geometry":{"type":"Point","coordinates":[6.5767054,53.2288211]},"properties":{"type":"pakketpunt","locatieNaam":"Stomerij Triple-S","straatNaam":"Zaagmuldersweg","straatNr":"69","vervoerder":"GLS","puntType":"parcel_shop","bezettingsgraad":50,"latitude":53.2288211,"longitude":6.5767054,"canPickup":true,"canDropoff":true,"openingstijden":{"ma":"00:00 - 00:00","di":"11:00 - 17:45","wo":"11:00 - 17:45","do":"11:00 - 17:45","vr":"11:00 - 17:45","za":"11:00 - 16:00","zo":"00:00 - 00:00"}}},{"type":"Feature","geometry":{"type":"Point","coordinates":[6.552654,53.22478]},"properties":{"type":"pakketpunt","locatieNaam":"Copy Right!","straatNaam":"Kerklaan","straatNr":"49","vervoerder":"GLS","puntType":"parcel_shop","bezettingsgraad":50,"latitude":53.22478,"longitude":6.552654,"canPickup":true,"canDropoff":true,"openingstijden":{"ma":"10:00 - 22:00","di":"10:00 - 22:00","wo":"10:00 - 22:00","do":"10:00 - 22:00","vr":"10:00 - 22:00","za":"10:00 - 18:00","zo":"17:00 - 20:00"}}},{"type":"Feature","geometry":{"type":"Point","coordinates":[6.55199233,53.2252689]},"properties":{"type":"pakketpunt","locatieNaam":"Pakketautomaat","straatNaam":"Kerklaan","straatNr":"75","vervoerder":"GLS","puntType":"locker","bezettingsgraad":50,"latitude":53.2252689,"longitude":6.55199233,"canPickup":true,"canDropoff":true,"openingstijden":{"ma":"08:00 - 22:00","di":"08:00 - 22:00","wo":"08:00 - 22:00","do":"08:00 - 22:00","vr":"08:00 - 22:00","za":"08:00 - 22:00","zo":"12:00 - 20:00"}}},{"type":"Feature","geometry":{"type":"Point","coordinates":[6.59197785,53.2071439]},"properties":{"type":"pakketpunt","locatieNaam":"Pakketautomaat","straatNaam":"Boumaboulevard","straatNr":"525","vervoerder":"GLS","puntType":"locker","bezettingsgraad":50,"latitude":53.2071439,"longitude":6.59197785,"canPickup":true,"canDropoff":true,"openingstijden":{"ma":"08:00 - 22:00","di":"08:00 - 22:00","wo":"08:00 - 22:00","do":"08:00 - 22:00","vr":"08:00 - 22:00","za":"08:00 - 22:00","zo":"12:00 - 21:00"}}},{"type":"Feature","geometry":{"type":"Point","coordinates":[6.54480854,53.2086418]},"properties":{"type":"pakketpunt","locatieNaam":"Pakketautomaat","straatNaam":"Peizerweg","straatNr":"86","vervoerder":"GLS","puntType":"locker","bezettingsgraad":50,"latitude":53.2086418,"longitude":6.54480854,"canPickup":true,"canDropoff":true,"openingstijden":{"ma":"09:00 - 21:00","di":"09:00 - 21:00","wo":"09:00 - 21:00","do":"09:00 - 21:00","vr":"09:00 - 21:00","za":"09:00 - 18:00","zo":"12:00 - 17:00"}}},{"type":"Feature","geometry":{"type":"Point","coordinates":[6.59913386,53.2274801]},"properties":{"type":"pakketpunt","locatieNaam":"Pakketautomaat","straatNaam":"Rijksweg","straatNr":"16","vervoerder":"GLS","puntType":"locker","bezettingsgraad":50,"latitude":53.2274801,"longitude":6.59913386,"canPickup":true,"canDropoff":true,"openingstijden":{"ma":"00:00 - 23:59","di":"00:00 - 23:59","wo":"00:00 - 23:59","do":"00:00 - 23:59","vr":"00:00 - 23:59","za":"00:00 - 23:59","zo":"00:00 - 23:59"}}},{"type":"Feature","geometry":{"type":"Point","coordinates":[6.5603352,53.1984633]},"properties":{"type":"pakketpunt","locatieNaam":"Dierenspeciaalzaak Bongertman","straatNaam":"Overwinningsplein","straatNr":"11","vervoerder":"GLS","puntType":"parcel_shop","bezettingsgraad":50,"latitude":53.1984633,"longitude":6.5603352,"canPickup":true,"canDropoff":true,"openingstijden":{"ma":"13:00 - 18:00","di":"09:00 - 18:00","wo":"09:00 - 18:00","do":"09:00 - 18:00","vr":"09:00 - 18:00","za":"09:00 - 17:00","zo":"00:00 - 00:00"}}},{"type":"Feature","geometry":{"type":"Point","coordinates":[6.57815198,53.1975317]},"properties":{"type":"pakketpunt","locatieNaam":"Pakketautomaat","straatNaam":"Van Imhoffstraat","straatNr":"12","vervoerder":"GLS","puntType":"locker","bezettingsgraad":50,"latitude":53.1975317,"longitude":6.57815198,"canPickup":true,"canDropoff":true,"openingstijden":{"ma":"00:00 - 23:59","di":"00:00 - 23:59","wo":"00:00 - 23:59","do":"00:00 - 23:59","vr":"00:00 - 23:59","za":"00:00 - 23:59","zo":"00:00 - 23:59"}}},{"type":"Feature","geometry":{"type":"Point","coordinates":[6.59031494,53.1971995]},"properties":{"type":"pakketpunt","locatieNaam":"Pakketautomaat","straatNaam":"De Savornin Lohmanlaan","straatNr":"86","vervoerder":"GLS","puntType":"locker","bezettingsgraad":50,"latitude":53.1971995,"longitude":6.59031494,"canPickup":true,"canDropoff":true,"openingstijden":{"ma":"00:00 - 23:59","di":"00:00 - 23:59","wo":"00:00 - 23:59","do":"00:00 - 23:59","vr":"00:00 - 23:59","za":"00:00 - 23:59","zo":"00:00 - 23:59"}}},{"type":"Feature","geometry":{"type":"Point","coordinates":[6.5296445,53.2257017]},"properties":{"type":"pakketpunt","locatieNaam":"Fotofonie","straatNaam":"Siersteenlaan","straatNr":"428-14","vervoerder":"GLS","puntType":"parcel_shop","bezettingsgraad":50,"latitude":53.2257017,"longitude":6.5296445,"canPickup":true,"canDropoff":true,"openingstijden":{"ma":"00:00 - 00:00","di":"09:00 - 18:00","wo":"09:00 - 18:00","do":"09:00 - 18:00","vr":"09:00 - 18:00","za":"09:00 - 17:00","zo":"00:00 - 00:00"}}},{"type":"Feature","geometry":{"type":"Point","coordinates":[6.6180119,53.2120381]},"properties":{"type":"pakketpunt","locatieNaam":"Aslan Parcel Point","straatNaam":"Kattegat","straatNr":"18","vervoerder":"GLS","puntType":"parcel_shop","bezettingsgraad":50,"latitude":53.2120381,"longitude":6.6180119,"canPickup":true,"canDropoff":true,"openingstijden":{"ma":"09:00 - 18:00","di":"09:00 - 18:00","wo":"09:00 - 18:00","do":"09:00 - 18:00","vr":"09:00 - 18:00","za":"00:00 - 00:00","zo":"00:00 - 00:00"}}},{"type":"Feature","geometry":{"type":"Point","coordinates":[6.62452782,53.237798]},"properties":{"type":"pakketpunt","locatieNaam":"Pakketautomaat","straatNaam":"Kajuit","straatNr":"250","vervoerder":"GLS","puntType":"locker","bezettingsgraad":50,"latitude":53.237798,"longitude":6.62452782,"canPickup":true,"canDropoff":true,"openingstijden":{"ma":"08:00 - 20:00","di":"08:00 - 20:00","wo":"08:00 - 20:00","do":"08:00 - 21:00","vr":"08:00 - 21:00","za":"08:00 - 20:00","zo":"12:00 - 18:00"}}},{"type":"Feature","geometry":{"type":"Point","coordinates":[6.50213454,53.2059147]},"properties":{"type":"pakketpunt","locatieNaam":"Pakketautomaat","straatNaam":"C. Jetsesstraat","straatNr":"1","vervoerder":"GLS","puntType":"locker","bezettingsgraad":50,"latitude":53.2059147,"longitude":6.50213454,"canPickup":true,"canDropoff":true,"openingstijden":{"ma":"00:00 - 23:59","di":"00:00 - 23:59","wo":"00:00 - 23:59","do":"00:00 - 23:59","vr":"00:00 - 23:59","za":"00:00 - 23:59","zo":"00:00 - 23:59"}}},{"type":"Feature","geometry":{"type":"Point","coordinates":[6.4966496,53.2361034]},"properties":{"type":"pakketpunt","locatieNaam":"De Koperen Jan","straatNaam":"Noodweg","straatNr":"6","vervoerder":"GLS","puntType":"parcel_shop","bezettingsgraad":50,"latitude":53.2361034,"longitude":6.4966496,"canPickup":true,"canDropoff":true,"openingstijden":{"ma":"13:00 - 18:00","di":"09:15 - 12:00, 13:00 - 18:00","wo":"09:15 - 12:00, 13:00 - 18:00","do":"09:15 - 12:00, 13:00 - 18:00","vr":"09:15 - 12:00, 13:00 - 18:00","za":"09:15 - 17:00","zo":"00:00 - 00:00"}}},{"type":"Feature","geometry":{"type":"Point","coordinates":[6.6017492,53.1744789]},"properties":{"type":"pakketpunt","locatieNaam":"Digno Computers","straatNaam":"Rijksstraatweg","straatNr":"132","vervoerder":"GLS","puntType":"parcel_shop","bezettingsgraad":50,"latitude":53.1744789,"longitude":6.6017492,"canPickup":true,"canDropoff":true,"openingstijden":{"ma":"00:00 - 00:00","di":"13:00 - 17:00","wo":"13:00 - 17:00","do":"13:00 - 17:00","vr":"13:00 - 17:00","za":"12:00 - 17:00","zo":"00:00 - 00:00"}}},{"type":"Feature","geometry":{"type":"Point","coordinates":[6.56086015,53.20613378]},"properties":{"type":"pakketpunt","locatieNaam":"ViaTim en Ina","straatNaam":"Kamerlingh Onnesstraat","straatNr":"44","vervoerder":"ViaTim","puntType":"servicepunt","bezettingsgraad":50,"latitude":53.20613378,"longitude":6.56086015,"canPickup":true,"canDropoff":true,"openingstijden":{"ma":"09:00 - 13:00","di":"gesloten","wo":"10:00 - 14:00","do":"gesloten","vr":"gesloten","za":"gesloten","zo":"gesloten"}}},{"type":"Feature","geometry":{"type":"Point","coordinates":[6.60943944,53.22247366]},"properties":{"type":"pakketpunt","locatieNaam":"ViaTim en SiDDiQUiE Egersund","straatNaam":"Egersundweg ","straatNr":"4 D","vervoerder":"ViaTim","puntType":"servicepunt","bezettingsgraad":50,"latitude":53.22247366,"longitude":6.60943944,"canPickup":true,"canDropoff":true,"openingstijden":{"ma":"11:00 - 17:00","di":"11:00 - 17:00","wo":"11:00 - 17:00","do":"11:00 - 17:00","vr":"11:00 - 17:00","za":"gesloten","zo":"gesloten"}}},{"type":"Feature","geometry":{"type":"Point","coordinates":[6.56622339,53.21667498]},"properties":{"type":"pakketpunt","locatieNaam":"ViaTim en SiDDiQUiE Pakketpunt ","straatNaam":"Pelsterstraat","straatNr":"17","vervoerder":"ViaTim","puntType":"servicepunt","bezettingsgraad":50,"latitude":53.21667498,"longitude":6.56622339,"canPickup":true,"canDropoff":true,"openingstijden":{"ma":"12:00 - 15:00","di":"12:00 - 15:00","wo":"12:00 - 15:00","do":"12:00 - 15:00","vr":"12:00 - 15:00","za":"12:00 - 15:00","zo":"gesloten"}}},{"type":"Feature","geometry":{"type":"Point","coordinates":[6.58314431996594,53.2301551467684]},"properties":{"type":"pakketpunt","locatieNaam":"ViaTim & Trudie","straatNaam":"Oliemuldersweg","straatNr":"190","vervoerder":"ViaTim","puntType":"servicepunt","bezettingsgraad":50,"latitude":53.2301551467684,"longitude":6.58314431996594,"canPickup":true,"canDropoff":true,"openingstijden":{"ma":"14:00 - 20:00","di":"14:00 - 20:00","wo":"14:00 - 20:00","do":"14:00 - 20:00","vr":"14:00 - 20:00","za":"16:00 - 20:00","zo":"gesloten"}}},{"type":"Feature","geometry":{"type":"Point","coordinates":[6.501900056439882,53.20546545082673]},"properties":{"type":"pakketpunt","locatieNaam":"FedEx Ship&Get","straatNaam":"C. Jetsesstraat 1 PBA","straatNr":"","vervoerder":"FedEx","puntType":"servicepunt","bezettingsgraad":50,"latitude":53.20546545082673,"longitude":6.501900056439882,"canPickup":true,"canDropoff":true,"openingstijden":{"ma":"00:00 - 23:59","di":"00:00 - 23:59","wo":"00:00 - 23:59","do":"00:00 - 23:59","vr":"00:00 - 23:59","za":"00:00 - 23:59","zo":"00:00 - 23:59"}}},{"type":"Feature","geometry":{"type":"Point","coordinates":[6.514927972469096,53.201842870850484]},"properties":{"type":"pakketpunt","locatieNaam":"FedEx OnSite","straatNaam":"JOHAN VAN ZWEDENLAAN 5","straatNr":"","vervoerder":"FedEx","puntType":"servicepunt","bezettingsgraad":50,"latitude":53.201842870850484,"longitude":6.514927972469096,"canPickup":true,"canDropoff":true,"openingstijden":{"ma":"gesloten","di":"10:00 - 17:30","wo":"10:00 - 17:30","do":"10:00 - 17:30","vr":"10:00 - 17:30","za":"10:00 - 14:00","zo":"gesloten"}}},{"type":"Feature","geometry":{"type":"Point","coordinates":[6.578233447909452,53.197461017656]},"properties":{"type":"pakketpunt","locatieNaam":"FedEx Ship&Get","straatNaam":"Van Imhoffstraat 12 PBA","straatNr":"","vervoerder":"FedEx","puntType":"servicepunt","bezettingsgraad":50,"latitude":53.197461017656,"longitude":6.578233447909452,"canPickup":true,"canDropoff":true,"openingstijden":{"ma":"00:00 - 23:59","di":"00:00 - 23:59","wo":"00:00 - 23:59","do":"00:00 - 23:59","vr":"00:00 - 23:59","za":"00:00 - 23:59","zo":"00:00 - 23:59"}}},{"type":"Feature","geometry":{"type":"Point","coordinates":[6.5795973880286995,53.19789670532502]},"properties":{"type":"pakketpunt","locatieNaam":"FedEx OnSite","straatNaam":"HELPERPLEIN 3","straatNr":"","vervoerder":"FedEx","puntType":"servicepunt","bezettingsgraad":50,"latitude":53.19789670532502,"longitude":6.5795973880286995,"canPickup":true,"canDropoff":true,"openingstijden":{"ma":"10:00 - 18:00","di":"09:00 - 18:00","wo":"09:00 - 18:00","do":"09:00 - 18:00","vr":"09:00 - 18:00","za":"09:00 - 17:00","zo":"gesloten"}}},{"type":"Feature","geometry":{"type":"Point","coordinates":[6.590315,53.1972]},"properties":{"type":"pakketpunt","locatieNaam":"FedEx Ship&Get","straatNaam":"De Savornin Lohmanlaan 86 PBA","straatNr":"","vervoerder":"FedEx","puntType":"servicepunt","bezettingsgraad":50,"latitude":53.1972,"longitude":6.590315,"canPickup":true,"canDropoff":true,"openingstijden":{"ma":"00:00 - 23:59","di":"00:00 - 23:59","wo":"00:00 - 23:59","do":"00:00 - 23:59","vr":"00:00 - 23:59","za":"00:00 - 23:59","zo":"00:00 - 23:59"}}},{"type":"Feature","geometry":{"type":"Point","coordinates":[6.579797,53.198441]},"properties":{"type":"pakketpunt","locatieNaam":"FedEx OnSite","straatNaam":"VERLENGDE HEREWEG 76-1","straatNr":"","vervoerder":"FedEx","puntType":"servicepunt","bezettingsgraad":50,"latitude":53.198441,"longitude":6.579797,"canPickup":true,"canDropoff":true,"openingstijden":{"ma":"10:00 - 19:00","di":"10:00 - 19:00","wo":"10:00 - 19:00","do":"10:00 - 19:00","vr":"10:00 - 19:00","za":"10:00 - 19:00","zo":"12:00 - 18:00"}}},{"type":"Feature","geometry":{"type":"Point","coordinates":[6.589912207340225,53.19747761601296]},"properties":{"type":"pakketpunt","locatieNaam":"FedEx Ship&Get","straatNaam":"Beethovenlaan 15","straatNr":"","vervoerder":"FedEx","puntType":"servicepunt","bezettingsgraad":50,"latitude":53.19747761601296,"longitude":6.589912207340225,"canPickup":true,"canDropoff":true,"openingstijden":{"ma":"gesloten","di":"gesloten","wo":"gesloten","do":"gesloten","vr":"gesloten","za":"gesloten","zo":"gesloten"}}},{"type":"Feature","geometry":{"type":"Point","coordinates":[6.538023793516543,53.2085950894533]},"properties":{"type":"pakketpunt","locatieNaam":"FedEx OnSite","straatNaam":"PEIZERWEG 97-C1","straatNr":"","vervoerder":"FedEx","puntType":"servicepunt","bezettingsgraad":50,"latitude":53.2085950894533,"longitude":6.538023793516543,"canPickup":true,"canDropoff":true,"openingstijden":{"ma":"09:00 - 17:00","di":"09:00 - 17:00","wo":"09:00 - 17:00","do":"09:00 - 17:00","vr":"09:00 - 17:00","za":"gesloten","zo":"gesloten"}}},{"type":"Feature","geometry":{"type":"Point","coordinates":[6.544996924101216,53.2084463493298]},"properties":{"type":"pakketpunt","locatieNaam":"FedEx Ship&Get","straatNaam":"Peizerweg 86 PBA","straatNr":"","vervoerder":"FedEx","puntType":"servicepunt","bezettingsgraad":50,"latitude":53.2084463493298,"longitude":6.544996924101216,"canPickup":true,"canDropoff":true,"openingstijden":{"ma":"09:00 - 21:00","di":"09:00 - 21:00","wo":"09:00 - 21:00","do":"09:00 - 21:00","vr":"09:00 - 21:00","za":"09:00 - 18:00","zo":"12:00 - 17:00"}}},{"type":"Feature","geometry":{"type":"Point","coordinates":[6.542611682209016,53.20939537172809]},"properties":{"type":"pakketpunt","locatieNaam":"FedEx Ship&Get","straatNaam":"Peizerweg 89 PBA","straatNr":"","vervoerder":"FedEx","puntType":"servicepunt","bezettingsgraad":50,"latitude":53.20939537172809,"longitude":6.542611682209016,"canPickup":true,"canDropoff":true,"openingstijden":{"ma":"09:00 - 21:00","di":"09:00 - 21:00","wo":"09:00 - 21:00","do":"09:00 - 21:00","vr":"09:00 - 21:00","za":"09:00 - 18:00","zo":"12:00 - 17:00"}}},{"type":"Feature","geometry":{"type":"Point","coordinates":[6.568107,53.207822]},"properties":{"type":"pakketpunt","locatieNaam":"FedEx Ship&Get","straatNaam":"Vechtstraat 131 PBA","straatNr":"","vervoerder":"FedEx","puntType":"servicepunt","bezettingsgraad":50,"latitude":53.207822,"longitude":6.568107,"canPickup":true,"canDropoff":true,"openingstijden":{"ma":"00:00 - 23:59","di":"00:00 - 23:59","wo":"00:00 - 23:59","do":"00:00 - 23:59","vr":"00:00 - 23:59","za":"00:00 - 23:59","zo":"00:00 - 23:59"}}},{"type":"Feature","geometry":{"type":"Point","coordinates":[6.57074857311577,53.20842023942696]},"properties":{"type":"pakketpunt","locatieNaam":"FedEx Ship&Get","straatNaam":"Vechtstraat 31 PBA","straatNr":"","vervoerder":"FedEx","puntType":"servicepunt","bezettingsgraad":50,"latitude":53.20842023942696,"longitude":6.57074857311577,"canPickup":true,"canDropoff":true,"openingstijden":{"ma":"00:00 - 23:59","di":"00:00 - 23:59","wo":"00:00 - 23:59","do":"00:00 - 23:59","vr":"00:00 - 23:59","za":"00:00 - 23:59","zo":"00:00 - 23:59"}}},{"type":"Feature","geometry":{"type":"Point","coordinates":[6.591839689252104,53.207402462025755]},"properties":{"type":"pakketpunt","locatieNaam":"FedEx Ship&Get","straatNaam":"Boumaboulevard 525 PBA","straatNr":"","vervoerder":"FedEx","puntType":"servicepunt","bezettingsgraad":50,"latitude":53.207402462025755,"longitude":6.591839689252104,"canPickup":true,"canDropoff":true,"openingstijden":{"ma":"08:00 - 22:00","di":"08:00 - 22:00","wo":"08:00 - 22:00","do":"08:00 - 22:00","vr":"08:00 - 22:00","za":"08:00 - 22:00","zo":"12:00 - 21:00"}}},{"type":"Feature","geometry":{"type":"Point","coordinates":[6.579048087731572,53.21079322205697]},"properties":{"type":"pakketpunt","locatieNaam":"FedEx OnSite","straatNaam":"MEEUWERDERWEG 119","straatNr":"","vervoerder":"FedEx","puntType":"servicepunt","bezettingsgraad":50,"latitude":53.21079322205697,"longitude":6.579048087731572,"canPickup":true,"canDropoff":true,"openingstijden":{"ma":"09:00 - 17:00","di":"09:00 - 17:00","wo":"09:00 - 17:00","do":"09:00 - 17:00","vr":"09:00 - 13:00","za":"12:00 - 17:00","zo":"gesloten"}}},{"type":"Feature","geometry":{"type":"Point","coordinates":[6.625403,53.207175]},"properties":{"type":"pakketpunt","locatieNaam":"FedEx OnSite","straatNaam":"EGERSUNDWEG 4D","straatNr":"","vervoerder":"FedEx","puntType":"servicepunt","bezettingsgraad":50,"latitude":53.207175,"longitude":6.625403,"canPickup":true,"canDropoff":true,"openingstijden":{"ma":"11:00 - 17:00","di":"11:00 - 17:00","wo":"11:00 - 17:00","do":"11:00 - 17:00","vr":"11:00 - 17:00","za":"gesloten","zo":"gesloten"}}},{"type":"Feature","geometry":{"type":"Point","coordinates":[6.556500186242089,53.21474673107506]},"properties":{"type":"pakketpunt","locatieNaam":"FedEx Ship&Get","straatNaam":"Westerhaven 17 PBA","straatNr":"","vervoerder":"FedEx","puntType":"servicepunt","bezettingsgraad":50,"latitude":53.21474673107506,"longitude":6.556500186242089,"canPickup":true,"canDropoff":true,"openingstijden":{"ma":"00:00 - 23:59","di":"00:00 - 23:59","wo":"00:00 - 23:59","do":"00:00 - 23:59","vr":"00:00 - 23:59","za":"00:00 - 23:59","zo":"00:00 - 23:59"}}},{"type":"Feature","geometry":{"type":"Point","coordinates":[6.566222,53.216677]},"properties":{"type":"pakketpunt","locatieNaam":"FedEx OnSite","straatNaam":"PELSTERSTRAAT 17","straatNr":"","vervoerder":"FedEx","puntType":"servicepunt","bezettingsgraad":50,"latitude":53.216677,"longitude":6.566222,"canPickup":true,"canDropoff":true,"openingstijden":{"ma":"12:00 - 15:00","di":"12:00 - 15:00","wo":"12:00 - 15:00","do":"12:00 - 15:00","vr":"12:00 - 15:00","za":"12:00 - 15:00","zo":"gesloten"}}},{"type":"Feature","geometry":{"type":"Point","coordinates":[6.577387215641393,53.21836352222106]},"properties":{"type":"pakketpunt","locatieNaam":"FedEx OnSite","straatNaam":"DAMSTERDIEP 56","straatNr":"","vervoerder":"FedEx","puntType":"servicepunt","bezettingsgraad":50,"latitude":53.21836352222106,"longitude":6.577387215641393,"canPickup":true,"canDropoff":true,"openingstijden":{"ma":"10:00 - 23:00","di":"10:00 - 23:00","wo":"10:00 - 23:00","do":"10:00 - 23:00","vr":"10:00 - 23:00","za":"10:00 - 23:00","zo":"10:00 - 23:00"}}},{"type":"Feature","geometry":{"type":"Point","coordinates":[6.529816,53.225637]},"properties":{"type":"pakketpunt","locatieNaam":"FedEx OnSite","straatNaam":"SIERSTEENLAAN 428-14","straatNr":"","vervoerder":"FedEx","puntType":"servicepunt","bezettingsgraad":50,"latitude":53.225637,"longitude":6.529816,"canPickup":true,"canDropoff":true,"openingstijden":{"ma":"gesloten","di":"09:00 - 18:00","wo":"09:00 - 18:00","do":"09:00 - 18:00","vr":"09:00 - 18:00","za":"09:00 - 17:00","zo":"gesloten"}}},{"type":"Feature","geometry":{"type":"Point","coordinates":[6.552083594902598,53.22526541269562]},"properties":{"type":"pakketpunt","locatieNaam":"FedEx Ship&Get","straatNaam":"Kerklaan 75 PBA","straatNr":"","vervoerder":"FedEx","puntType":"servicepunt","bezettingsgraad":50,"latitude":53.22526541269562,"longitude":6.552083594902598,"canPickup":true,"canDropoff":true,"openingstijden":{"ma":"08:00 - 22:00","di":"08:00 - 22:00","wo":"08:00 - 22:00","do":"08:00 - 22:00","vr":"08:00 - 22:00","za":"08:00 - 22:00","zo":"12:00 - 20:00"}}},{"type":"Feature","geometry":{"type":"Point","coordinates":[6.543548,53.229709]},"properties":{"type":"pakketpunt","locatieNaam":"FedEx OnSite","straatNaam":"DIERENRIEMSTRAAT 184A","straatNr":"","vervoerder":"FedEx","puntType":"servicepunt","bezettingsgraad":50,"latitude":53.229709,"longitude":6.543548,"canPickup":true,"canDropoff":true,"openingstijden":{"ma":"09:00 - 18:00","di":"09:00 - 18:00","wo":"09:00 - 18:00","do":"09:00 - 18:00","vr":"09:00 - 18:00","za":"09:00 - 18:00","zo":"gesloten"}}},{"type":"Feature","geometry":{"type":"Point","coordinates":[6.599749892801321,53.22719509968283]},"properties":{"type":"pakketpunt","locatieNaam":"FedEx Ship&Get","straatNaam":"Rijksweg 16 PBA","straatNr":"","vervoerder":"FedEx","puntType":"servicepunt","bezettingsgraad":50,"latitude":53.22719509968283,"longitude":6.599749892801321,"canPickup":true,"canDropoff":true,"openingstijden":{"ma":"00:00 - 23:59","di":"00:00 - 23:59","wo":"00:00 - 23:59","do":"00:00 - 23:59","vr":"00:00 - 23:59","za":"00:00 - 23:59","zo":"00:00 - 23:59"}}},{"type":"Feature","geometry":{"type":"Point","coordinates":[6.58688,53.23331]},"properties":{"type":"pakketpunt","locatieNaam":"FedEx OnSite","straatNaam":"ULGERSMAWEG 28-3","straatNr":"","vervoerder":"FedEx","puntType":"servicepunt","bezettingsgraad":50,"latitude":53.23331,"longitude":6.58688,"canPickup":true,"canDropoff":true,"openingstijden":{"ma":"gesloten","di":"10:00 - 17:00","wo":"10:00 - 17:00","do":"10:00 - 17:00","vr":"10:00 - 17:00","za":"10:00 - 17:00","zo":"gesloten"}}},{"type":"Feature","geometry":{"type":"Point","coordinates":[6.624554951884236,53.23774346509384]},"properties":{"type":"pakketpunt","locatieNaam":"FedEx Ship&Get","straatNaam":"Kajuit 250 PBA","straatNr":"","vervoerder":"FedEx","puntType":"servicepunt","bezettingsgraad":50,"latitude":53.23774346509384,"longitude":6.624554951884236,"canPickup":true,"canDropoff":true,"openingstijden":{"ma":"08:00 - 20:00","di":"08:00 - 20:00","wo":"08:00 - 20:00","do":"08:00 - 21:00","vr":"08:00 - 21:00","za":"08:00 - 20:00","zo":"12:00 - 18:00"}}},{"type":"Feature","geometry":{"type":"Point","coordinates":[6.579469584336071,53.251488045048184]},"properties":{"type":"pakketpunt","locatieNaam":"FedEx Ship&Get","straatNaam":"Groningerweg 45 PBA","straatNr":"","vervoerder":"FedEx","puntType":"servicepunt","bezettingsgraad":50,"latitude":53.251488045048184,"longitude":6.579469584336071,"canPickup":true,"canDropoff":true,"openingstijden":{"ma":"07:00 - 21:00","di":"07:00 - 21:00","wo":"07:00 - 21:00","do":"07:00 - 21:00","vr":"07:00 - 21:00","za":"08:00 - 18:00","zo":"12:00 - 17:00"}}},{"type":"Feature","geometry":{"type":"Point","coordinates":[6.52982,53.22564]},"properties":{"type":"pakketpunt","locatieNaam":"FOTOFONIE","straatNaam":"Siersteenlaan 428-14","straatNr":"","vervoerder":"InPost","puntType":"servicepunt","bezettingsgraad":50,"latitude":53.22564,"longitude":6.52982,"canPickup":true,"canDropoff":true,"openingstijden":null}},{"type":"Feature","geometry":{"type":"Point","coordinates":[6.56622,53.21668]},"properties":{"type":"pakketpunt","locatieNaam":"SIDDIQUIE PELSTERSTRAAT","straatNaam":"Pelsterstraat 17","straatNr":"","vervoerder":"InPost","puntType":"servicepunt","bezettingsgraad":50,"latitude":53.21668,"longitude":6.56622,"canPickup":true,"canDropoff":true,"openingstijden":null}},{"type":"Feature","geometry":{"type":"Point","coordinates":[6.58688,53.23331]},"properties":{"type":"pakketpunt","locatieNaam":"FAIR BACK KRINGLOOP","straatNaam":"Ulgersmaweg 28-3","straatNr":"","vervoerder":"InPost","puntType":"servicepunt","bezettingsgraad":50,"latitude":53.23331,"longitude":6.58688,"canPickup":true,"canDropoff":true,"openingstijden":null}},{"type":"Feature","geometry":{"type":"Point","coordinates":[6.6254,53.20718]},"properties":{"type":"pakketpunt","locatieNaam":"SIDDIQUIE EGERSUNDWEG","straatNaam":"Egersundweg 4D","straatNr":"","vervoerder":"InPost","puntType":"servicepunt","bezettingsgraad":50,"latitude":53.20718,"longitude":6.6254,"canPickup":true,"canDropoff":true,"openingstijden":null}},{"type":"Feature","geometry":{"type":"Point","coordinates":[6.5798,53.19844]},"properties":{"type":"pakketpunt","locatieNaam":"UGARIT MINIMARKET","straatNaam":"Verlengde Hereweg 76-1","straatNr":"","vervoerder":"InPost","puntType":"servicepunt","bezettingsgraad":50,"latitude":53.19844,"longitude":6.5798,"canPickup":true,"canDropoff":true,"openingstijden":null}},{"type":"Feature","geometry":{"type":"Point","coordinates":[6.54355,53.22971]},"properties":{"type":"pakketpunt","locatieNaam":"QUICK 'N SIMPEL","straatNaam":"Dierenriemstraat 184A","straatNr":"","vervoerder":"InPost","puntType":"servicepunt","bezettingsgraad":50,"latitude":53.22971,"longitude":6.54355,"canPickup":true,"canDropoff":true,"openingstijden":null}},{"type":"Feature","geometry":{"type":"Point","coordinates":[6.51478,53.202]},"properties":{"type":"pakketpunt","locatieNaam":"EEM STRUUNN","straatNaam":"Johan van Zwedenlaan 5","straatNr":"","vervoerder":"InPost","puntType":"servicepunt","bezettingsgraad":50,"latitude":53.202,"longitude":6.51478,"canPickup":true,"canDropoff":true,"openingstijden":null}},{"type":"Feature","geometry":{"type":"Point","coordinates":[6.5796,53.1979]},"properties":{"type":"pakketpunt","locatieNaam":"BLOEMENMOZAIEK","straatNaam":"Helperplein 3","straatNr":"","vervoerder":"InPost","puntType":"servicepunt","bezettingsgraad":50,"latitude":53.1979,"longitude":6.5796,"canPickup":true,"canDropoff":true,"openingstijden":null}},{"type":"Feature","geometry":{"type":"Point","coordinates":[6.57739,53.21837]},"properties":{"type":"pakketpunt","locatieNaam":"BE HAPPY DAY & NIGHT","straatNaam":"Damsterdiep 56","straatNr":"","vervoerder":"InPost","puntType":"servicepunt","bezettingsgraad":50,"latitude":53.21837,"longitude":6.57739,"canPickup":true,"canDropoff":true,"openingstijden":null}},{"type":"Feature","geometry":{"type":"Point","coordinates":[6.53855,53.20846]},"properties":{"type":"pakketpunt","locatieNaam":"DE KOFFIEMACHINE GRONINGEN","straatNaam":"Peizerweg 97-c1","straatNr":"","vervoerder":"InPost","puntType":"servicepunt","bezettingsgraad":50,"latitude":53.20846,"longitude":6.53855,"canPickup":true,"canDropoff":true,"openingstijden":null}},{"type":"Feature","geometry":{"type":"Point","coordinates":[6.60309,53.17265]},"properties":{"type":"pakketpunt","locatieNaam":"BLOOM","straatNaam":"De Brinken 4","straatNr":"","vervoerder":"InPost","puntType":"servicepunt","bezettingsgraad":50,"latitude":53.17265,"longitude":6.60309,"canPickup":true,"canDropoff":true,"openingstijden":null}},{"type":"Feature","geometry":{"type":"Point","coordinates":[6.57902,53.21078]},"properties":{"type":"pakketpunt","locatieNaam":"EVEN(T)HUIS","straatNaam":"Meeuwerderweg 119","straatNr":"","vervoerder":"InPost","puntType":"servicepunt","bezettingsgraad":50,"latitude":53.21078,"longitude":6.57902,"canPickup":true,"canDropoff":true,"openingstijden":null}},{"type":"Feature","geometry":{"type":"Point","coordinates":[6.4966,53.23612]},"properties":{"type":"pakketpunt","locatieNaam":"DE KOPEREN JAN","straatNaam":"Noodweg 6","straatNr":"","vervoerder":"InPost","puntType":"servicepunt","bezettingsgraad":50,"latitude":53.23612,"longitude":6.4966,"canPickup":true,"canDropoff":true,"openingstijden":null}},{"type":"Feature","geometry":{"type":"Point","coordinates":[6.57518,53.21845]},"properties":{"type":"pakketpunt","locatieNaam":"WASSERVICE GRONINGEN","straatNaam":"Nieuweweg 22","straatNr":"","vervoerder":"InPost","puntType":"servicepunt","bezettingsgraad":50,"latitude":53.21845,"longitude":6.57518,"canPickup":true,"canDropoff":true,"openingstijden":null}},{"type":"Feature","geometry":{"type":"Point","coordinates":[6.62872,53.15645]},"properties":{"type":"pakketpunt","locatieNaam":"REINHART ORCHIDEEËN","straatNaam":"Westerveen 16","straatNr":"","vervoerder":"InPost","puntType":"servicepunt","bezettingsgraad":50,"latitude":53.15645,"longitude":6.62872,"canPickup":true,"canDropoff":true,"openingstijden":null}},{"type":"Feature","geometry":{"type":"Point","coordinates":[6.52458,53.21506]},"properties":{"type":"pakketpunt","locatieNaam":"","straatNaam":"Hoendiep","straatNr":"147","vervoerder":"InPost","puntType":"automaat","bezettingsgraad":50,"latitude":53.21506,"longitude":6.52458,"canPickup":true,"canDropoff":true,"openingstijden":"24/7"}},{"type":"Feature","geometry":{"type":"Point","coordinates":[6.58195,53.23645]},"properties":{"type":"pakketpunt","locatieNaam":"","straatNaam":"Ulgersmaweg","straatNr":"52","vervoerder":"InPost","puntType":"automaat","bezettingsgraad":50,"latitude":53.23645,"longitude":6.58195,"canPickup":true,"canDropoff":true,"openingstijden":"24/7"}},{"type":"Feature","geometry":{"type":"Point","coordinates":[6.59803,53.23536]},"properties":{"type":"pakketpunt","locatieNaam":"MADE BY KEI","straatNaam":"Lavendelweg 25","straatNr":"","vervoerder":"InPost","puntType":"servicepunt","bezettingsgraad":50,"latitude":53.23536,"longitude":6.59803,"canPickup":true,"canDropoff":true,"openingstijden":null}},{"type":"Feature","geometry":{"type":"Point","coordinates":[6.55748,53.21732]},"properties":{"type":"pakketpunt","locatieNaam":"SPICES","straatNaam":"Westersingel 23","straatNr":"","vervoerder":"InPost","puntType":"servicepunt","bezettingsgraad":50,"latitude":53.21732,"longitude":6.55748,"canPickup":true,"canDropoff":true,"openingstijden":null}},{"type":"Feature","geometry":{"type":"Point","coordinates":[6.53845,53.21445]},"properties":{"type":"pakketpunt","locatieNaam":"NIEUW EN BIJNANIEUW","straatNaam":"Atoomweg 6","straatNr":"","vervoerder":"InPost","puntType":"servicepunt","bezettingsgraad":50,"latitude":53.21445,"longitude":6.53845,"canPickup":true,"canDropoff":true,"openingstijden":null}},{"type":"Feature","geometry":{"type":"Point","coordinates":[6.55893,53.19808]},"properties":{"type":"pakketpunt","locatieNaam":"NAAIATELIER SOLA","straatNaam":"Overwinningsplein 84","straatNr":"","vervoerder":"InPost","puntType":"servicepunt","bezettingsgraad":50,"latitude":53.19808,"longitude":6.55893,"canPickup":true,"canDropoff":true,"openingstijden":null}},{"type":"Feature","geometry":{"type":"Point","coordinates":[6.55298,53.23296]},"properties":{"type":"pakketpunt","locatieNaam":"UR326 Pakketautomaat Budbee","straatNaam":"EIKENLAAN","straatNr":"39","vervoerder":"Budbee","puntType":"automaat","bezettingsgraad":50,"latitude":53.23296,"longitude":6.55298,"canPickup":true,"canDropoff":true,"openingstijden":null}},{"type":"Feature","geometry":{"type":"Point","coordinates":[6.566862,53.219955]},"properties":{"type":"pakketpunt","locatieNaam":"UR392 Pakketautomaat Budbee","straatNaam":"OUDE EBBINGESTRAAT","straatNr":"19","vervoerder":"Budbee","puntType":"automaat","bezettingsgraad":50,"latitude":53.219955,"longitude":6.566862,"canPickup":true,"canDropoff":true,"openingstijden":null}},{"type":"Feature","geometry":{"type":"Point","coordinates":[6.58957,53.246327]},"properties":{"type":"pakketpunt","locatieNaam":"VI089 Pakketautomaat Budbee","straatNaam":"STOEPEMAHEERD","straatNr":"21","vervoerder":"Budbee","puntType":"automaat","bezettingsgraad":50,"latitude":53.246327,"longitude":6.58957,"canPickup":true,"canDropoff":true,"openingstijden":null}},{"type":"Feature","geometry":{"type":"Point","coordinates":[6.528605,53.22519]},"properties":{"type":"pakketpunt","locatieNaam":"VI109 Pakketautomaat Budbee","straatNaam":"SIERSTEENLAAN","straatNr":"464","vervoerder":"Budbee","puntType":"automaat","bezettingsgraad":50,"latitude":53.22519,"longitude":6.528605,"canPickup":true,"canDropoff":true,"openingstijden":null}},{"type":"Feature","geometry":{"type":"Point","coordinates":[6.5444855,53.2294286]},"properties":{"type":"pakketpunt","locatieNaam":"Budbee","straatNaam":"","straatNr":"","vervoerder":"Budbee","puntType":"automaat","bezettingsgraad":50,"latitude":53.2294286,"longitude":6.5444855,"canPickup":true,"canDropoff":true,"openingstijden":null}},{"type":"Feature","geometry":{"type":"Point","coordinates":[6.5560168,53.2133653]},"properties":{"type":"pakketpunt","locatieNaam":"Budbee","straatNaam":"","straatNr":"","vervoerder":"Budbee","puntType":"automaat","bezettingsgraad":50,"latitude":53.2133653,"longitude":6.5560168,"canPickup":true,"canDropoff":true,"openingstijden":null}},{"type":"Feature","geometry":{"type":"Point","coordinates":[6.5624766,53.2248136]},"properties":{"type":"pakketpunt","locatieNaam":"Budbee","straatNaam":"","straatNr":"","vervoerder":"Budbee","puntType":"automaat","bezettingsgraad":50,"latitude":53.2248136,"longitude":6.5624766,"canPickup":true,"canDropoff":true,"openingstijden":null}},{"type":"Feature","geometry":{"type":"Point","coordinates":[6.5607057,53.2164907]},"properties":{"type":"pakketpunt","locatieNaam":"Budbee","straatNaam":"","straatNr":"","vervoerder":"Budbee","puntType":"automaat","bezettingsgraad":50,"latitude":53.2164907,"longitude":6.5607057,"canPickup":true,"canDropoff":true,"openingstijden":null}},{"type":"Feature","geometry":{"type":"Point","coordinates":[6.5393234,53.2340856]},"properties":{"type":"pakketpunt","locatieNaam":"Budbee","straatNaam":"","straatNr":"","vervoerder":"Budbee","puntType":"automaat","bezettingsgraad":50,"latitude":53.2340856,"longitude":6.5393234,"canPickup":true,"canDropoff":true,"openingstijden":null}},{"type":"Feature","geometry":{"type":"Polygon","coordinates":[[[6.463461,53.200058],[6.464801,53.200367],[6.464997,53.200406],[6.465226,53.200457],[6.46566,53.200542],[6.466165,53.200629],[6.467125,53.200795],[6.468018,53.200947],[6.469198,53.201157],[6.469795,53.201261],[6.470046,53.201304],[6.470543,53.20139],[6.47147,53.201551],[6.472234,53.201695],[6.472397,53.201728],[6.472805,53.201808],[6.473196,53.20189],[6.4737,53.201995],[6.474474,53.202147],[6.475085,53.20227],[6.475087,53.202271],[6.475782,53.202416],[6.475795,53.202419],[6.476478,53.202558],[6.477292,53.202727],[6.478252,53.202918],[6.479406,53.203156],[6.479605,53.203188],[6.479705,53.203207],[6.480076,53.203276],[6.480548,53.203355],[6.480978,53.203433],[6.481079,53.203452],[6.481143,53.203475],[6.481204,53.203487],[6.481214,53.203494],[6.481276,53.203507],[6.481512,53.203553],[6.481792,53.203598],[6.482255,53.203667],[6.482415,53.203688],[6.482591,53.203707],[6.482841,53.203733],[6.483166,53.203759],[6.483566,53.203791],[6.483661,53.203796],[6.483962,53.203811],[6.484024,53.203813],[6.48456,53.203829],[6.48517,53.203832],[6.485458,53.203829],[6.485627,53.203822],[6.485717,53.203821],[6.485712,53.203645],[6.48571,53.203572],[6.48571,53.203562],[6.485713,53.203555],[6.485758,53.203443],[6.485853,53.203361],[6.485998,53.203321],[6.486207,53.203305],[6.486541,53.203283],[6.486946,53.203256],[6.487546,53.203219],[6.48769,53.203209],[6.488437,53.20316],[6.488687,53.203145],[6.488728,53.203142],[6.488741,53.203142],[6.488857,53.203134],[6.488924,53.203132],[6.488932,53.203121],[6.48894,53.203109],[6.488946,53.203095],[6.488955,53.203079],[6.488966,53.203055],[6.488989,53.203006],[6.489016,53.202943],[6.489037,53.202883],[6.489045,53.202856],[6.489071,53.20278],[6.489081,53.202753],[6.489096,53.20272],[6.489109,53.202696],[6.489123,53.202674],[6.489136,53.202651],[6.489152,53.20263],[6.489169,53.20261],[6.489185,53.202592],[6.489206,53.202571],[6.489242,53.202538],[6.48927,53.202516],[6.489305,53.202488],[6.489361,53.202441],[6.489387,53.202433],[6.489431,53.202382],[6.48948,53.202342],[6.489541,53.2023],[6.489573,53.202281],[6.489601,53.202264],[6.48965,53.202233],[6.48972,53.202191],[6.489764,53.202166],[6.489789,53.202152],[6.489814,53.202139],[6.489887,53.202102],[6.49009,53.201997],[6.490237,53.201924],[6.490615,53.201738],[6.490702,53.201694],[6.490727,53.201677],[6.490728,53.201676],[6.490824,53.201619],[6.49092,53.201564],[6.491671,53.201185],[6.491761,53.201204],[6.491779,53.201208],[6.492029,53.201263],[6.492593,53.201386],[6.492692,53.201248],[6.492703,53.201233],[6.492725,53.201201],[6.492747,53.201171],[6.492786,53.201117],[6.492801,53.201096],[6.492877,53.200992],[6.492827,53.200946],[6.492786,53.200897],[6.492757,53.20083],[6.492726,53.200736],[6.492695,53.200577],[6.492698,53.200513],[6.492703,53.200389],[6.492709,53.200334],[6.492739,53.200106],[6.4928,53.199821],[6.492842,53.199647],[6.492915,53.199406],[6.492939,53.199317],[6.492957,53.19926],[6.492962,53.199248],[6.493087,53.198936],[6.493164,53.198778],[6.493208,53.198707],[6.493243,53.198667],[6.493335,53.198599],[6.493456,53.198525],[6.493505,53.198497],[6.493627,53.198433],[6.493731,53.198386],[6.493852,53.198335],[6.494025,53.198273],[6.494227,53.198217],[6.494318,53.198207],[6.494477,53.198195],[6.494554,53.198197],[6.494606,53.198196],[6.494879,53.198207],[6.494942,53.198209],[6.495029,53.198211],[6.495118,53.198211],[6.495366,53.198198],[6.495408,53.198194],[6.495577,53.198177],[6.49565,53.198171],[6.495749,53.198158],[6.495944,53.198135],[6.49601,53.198128],[6.496121,53.198124],[6.496341,53.198131],[6.496354,53.198132],[6.496473,53.198141],[6.496508,53.198146],[6.496619,53.198162],[6.496795,53.198201],[6.497122,53.198282],[6.497416,53.198363],[6.497453,53.198373],[6.497485,53.198381],[6.497937,53.198481],[6.498353,53.198568],[6.498833,53.198662],[6.499281,53.198742],[6.499405,53.198769],[6.499463,53.198784],[6.499537,53.198793],[6.499607,53.198804],[6.499876,53.198846],[6.500191,53.1989],[6.500631,53.198985],[6.501731,53.199196],[6.501838,53.199217],[6.501972,53.199244],[6.502239,53.199294],[6.502272,53.199306],[6.502312,53.199313],[6.502355,53.199317],[6.502442,53.199332],[6.502503,53.199342],[6.502604,53.199356],[6.502887,53.199408],[6.503126,53.199455],[6.503323,53.199499],[6.503353,53.199506],[6.504049,53.199635],[6.504148,53.199655],[6.504926,53.199813],[6.505167,53.199861],[6.505809,53.19998],[6.505971,53.20001],[6.506,53.200016],[6.506075,53.20003],[6.506503,53.200108],[6.506611,53.200125],[6.506711,53.200141],[6.506785,53.200148],[6.506845,53.200145],[6.506859,53.200144],[6.506965,53.200125],[6.507146,53.20008],[6.507162,53.200075],[6.507253,53.200047],[6.507343,53.200018],[6.507375,53.200004],[6.507435,53.199978],[6.50761,53.199901],[6.507876,53.199758],[6.508026,53.199666],[6.508039,53.199656],[6.50825,53.19953],[6.508508,53.199371],[6.508669,53.199273],[6.508826,53.199196],[6.508987,53.199143],[6.509143,53.199106],[6.509255,53.19908],[6.509388,53.199047],[6.509467,53.199041],[6.509815,53.19901],[6.509817,53.19895],[6.509819,53.198847],[6.509819,53.198834],[6.509826,53.19882],[6.509834,53.198806],[6.509843,53.198792],[6.509852,53.198778],[6.509863,53.198765],[6.509874,53.198752],[6.509887,53.198739],[6.5099,53.198727],[6.509914,53.198715],[6.509929,53.198703],[6.509944,53.198691],[6.509961,53.19868],[6.512542,53.19743],[6.512762,53.197324],[6.512782,53.197328],[6.512803,53.197331],[6.512823,53.197334],[6.512844,53.197336],[6.512865,53.197338],[6.512886,53.197339],[6.512907,53.197339],[6.512928,53.197338],[6.512949,53.197337],[6.51297,53.197335],[6.512991,53.197332],[6.513011,53.197328],[6.513031,53.197324],[6.513051,53.19732],[6.51307,53.197314],[6.513088,53.197308],[6.513107,53.197302],[6.513124,53.197294],[6.513141,53.197286],[6.513157,53.197278],[6.513172,53.197269],[6.513186,53.19726],[6.513199,53.19725],[6.513212,53.19724],[6.513223,53.197229],[6.513234,53.197218],[6.513243,53.197207],[6.513252,53.197195],[6.513259,53.197184],[6.513266,53.197171],[6.513271,53.197159],[6.513275,53.197147],[6.513278,53.197134],[6.513279,53.197121],[6.51328,53.197109],[6.513279,53.197096],[6.513277,53.197083],[6.513276,53.197073],[6.513275,53.197063],[6.513276,53.197053],[6.513278,53.197043],[6.513281,53.197032],[6.513285,53.197024],[6.513288,53.197016],[6.513293,53.197009],[6.513298,53.197001],[6.513386,53.196937],[6.513428,53.196957],[6.514501,53.197475],[6.514864,53.19765],[6.514835,53.197672],[6.514903,53.197706],[6.515002,53.197757],[6.515036,53.197774],[6.514981,53.197833],[6.515049,53.197862],[6.515142,53.197918],[6.5154,53.198073],[6.515715,53.198308],[6.515698,53.198279],[6.515702,53.198268],[6.515709,53.198251],[6.515726,53.198235],[6.515763,53.198217],[6.515785,53.198209],[6.515801,53.198204],[6.515777,53.198168],[6.51576,53.198143],[6.515771,53.198136],[6.516118,53.198053],[6.516702,53.197918],[6.516956,53.197857],[6.517922,53.197631],[6.517926,53.19763],[6.518134,53.197582],[6.518166,53.197574],[6.5187,53.197449],[6.519095,53.197357],[6.519998,53.197155],[6.520072,53.197138],[6.520442,53.197063],[6.520503,53.197051],[6.521095,53.19694],[6.521468,53.196875],[6.522016,53.196774],[6.522328,53.196717],[6.522686,53.196651],[6.523329,53.196528],[6.524105,53.196386],[6.524442,53.196328],[6.525396,53.196161],[6.526126,53.196041],[6.526861,53.19592],[6.526887,53.195905],[6.526926,53.195855],[6.526918,53.195846],[6.526919,53.195827],[6.526931,53.195808],[6.526959,53.195804],[6.526995,53.195806],[6.527307,53.195963],[6.527908,53.195873],[6.528331,53.195811],[6.528643,53.195767],[6.529028,53.195719],[6.529035,53.195718],[6.530492,53.195559],[6.529832,53.195314],[6.529699,53.195262],[6.529529,53.195195],[6.529493,53.195186],[6.529566,53.195007],[6.529723,53.194626],[6.529738,53.194588],[6.529808,53.194416],[6.529885,53.194226],[6.529896,53.194198],[6.529899,53.194192],[6.529902,53.194183],[6.529961,53.194067],[6.529963,53.194064],[6.530052,53.193888],[6.530053,53.193887],[6.530065,53.193862],[6.530257,53.193474],[6.530263,53.193461],[6.530261,53.193256],[6.53026,53.193174],[6.530358,53.192949],[6.5304,53.192855],[6.530457,53.192723],[6.530464,53.192708],[6.530501,53.192621],[6.530595,53.192401],[6.530667,53.192231],[6.530695,53.192165],[6.530753,53.192035],[6.530797,53.191938],[6.530863,53.19179],[6.53091,53.191686],[6.530976,53.191537],[6.530979,53.19153],[6.531008,53.191466],[6.53104,53.191393],[6.531086,53.191288],[6.531157,53.19113],[6.531157,53.191129],[6.531282,53.190846],[6.531326,53.190747],[6.531367,53.190653],[6.531372,53.190642],[6.531448,53.190471],[6.531461,53.190441],[6.531495,53.190365],[6.531561,53.190216],[6.531566,53.190204],[6.531599,53.19013],[6.531626,53.190069],[6.531664,53.189985],[6.531703,53.189896],[6.531784,53.189713],[6.531785,53.189711],[6.531864,53.189534],[6.531911,53.189428],[6.531937,53.189371],[6.531978,53.189278],[6.531994,53.189244],[6.532076,53.189067],[6.532125,53.188961],[6.532204,53.188788],[6.53221,53.188776],[6.532278,53.188629],[6.532301,53.188578],[6.532315,53.188548],[6.532407,53.188345],[6.53249,53.188168],[6.532582,53.187971],[6.532613,53.187906],[6.532622,53.187887],[6.532744,53.187617],[6.532811,53.187471],[6.532861,53.187359],[6.532984,53.187089],[6.533044,53.186957],[6.533116,53.18677],[6.533178,53.186609],[6.533251,53.186422],[6.533337,53.186199],[6.533359,53.18614],[6.533464,53.185867],[6.53353,53.185694],[6.533607,53.185492],[6.53361,53.185483],[6.533624,53.185448],[6.533651,53.185378],[6.533721,53.185199],[6.533763,53.18509],[6.533793,53.185014],[6.533812,53.18497],[6.533858,53.184868],[6.533904,53.184763],[6.53394,53.184684],[6.534004,53.184542],[6.534007,53.184537],[6.534052,53.184438],[6.534118,53.184329],[6.534121,53.184324],[6.534184,53.184223],[6.534212,53.184178],[6.534282,53.184085],[6.534325,53.184037],[6.534327,53.184035],[6.534349,53.184011],[6.53441,53.183958],[6.53442,53.183949],[6.534478,53.183899],[6.534616,53.18379],[6.534667,53.183759],[6.534678,53.183752],[6.534854,53.18365],[6.534944,53.183603],[6.535036,53.183556],[6.535154,53.183491],[6.535262,53.183435],[6.535401,53.183362],[6.535416,53.183355],[6.535534,53.183295],[6.535714,53.183218],[6.53586,53.183158],[6.535947,53.183123],[6.536053,53.183082],[6.536155,53.183044],[6.536298,53.182993],[6.536456,53.182939],[6.536547,53.182911],[6.536686,53.182869],[6.536882,53.182809],[6.537128,53.182729],[6.537314,53.182671],[6.537445,53.182619],[6.537501,53.182595],[6.537726,53.182479],[6.537881,53.182398],[6.538032,53.182312],[6.538121,53.182254],[6.538144,53.182239],[6.53827,53.182161],[6.53843,53.182057],[6.538544,53.181982],[6.538658,53.181906],[6.538674,53.181895],[6.538748,53.181846],[6.538828,53.181793],[6.538911,53.181734],[6.538976,53.181688],[6.539034,53.181644],[6.539148,53.181569],[6.539186,53.181545],[6.53925,53.181504],[6.539358,53.18143],[6.53945,53.181369],[6.539536,53.181309],[6.539592,53.181267],[6.539656,53.181222],[6.539708,53.18118],[6.539751,53.181134],[6.539768,53.181116],[6.539812,53.181069],[6.539859,53.181022],[6.539879,53.181001],[6.539946,53.180927],[6.539995,53.180874],[6.54004,53.180819],[6.540053,53.180805],[6.54012,53.180723],[6.540156,53.180677],[6.540171,53.180658],[6.540235,53.180584],[6.54033,53.180484],[6.54043,53.180371],[6.540525,53.180274],[6.540589,53.18021],[6.540595,53.180204],[6.54065,53.180156],[6.540742,53.180071],[6.540804,53.180019],[6.540844,53.179986],[6.540927,53.179914],[6.541133,53.179677],[6.541177,53.179616],[6.541216,53.179562],[6.541251,53.179507],[6.541295,53.179422],[6.541343,53.179337],[6.541397,53.179244],[6.541451,53.179148],[6.541496,53.179068],[6.541544,53.178977],[6.54157,53.178924],[6.541706,53.17869],[6.541744,53.17861],[6.542465,53.178679],[6.542467,53.17867],[6.542709,53.178672],[6.543127,53.178809],[6.543331,53.178926],[6.543489,53.179016],[6.543649,53.179107],[6.544536,53.17955],[6.544649,53.179607],[6.544832,53.179699],[6.545011,53.179784],[6.545356,53.179934],[6.545444,53.179972],[6.545449,53.179951],[6.546255,53.180279],[6.546791,53.180497],[6.547865,53.180938],[6.547847,53.180956],[6.548188,53.181098],[6.548378,53.180886],[6.553452,53.175256],[6.55356,53.175136],[6.554141,53.175288],[6.554192,53.175186],[6.554246,53.17508],[6.554359,53.17496],[6.55453,53.174777],[6.554584,53.174726],[6.55467,53.174679],[6.554748,53.174631],[6.554791,53.174565],[6.554799,53.174523],[6.554808,53.174478],[6.554832,53.174429],[6.554905,53.174347],[6.554978,53.174282],[6.555072,53.174213],[6.555122,53.174127],[6.555144,53.174068],[6.555158,53.174011],[6.555178,53.173953],[6.555206,53.173909],[6.555255,53.173838],[6.555305,53.173783],[6.555365,53.173719],[6.555425,53.173645],[6.555471,53.173586],[6.55557,53.173479],[6.555658,53.173369],[6.555717,53.17329],[6.555775,53.173247],[6.555828,53.173218],[6.555893,53.173156],[6.555935,53.1731],[6.556009,53.172987],[6.556197,53.172788],[6.556197,53.172788],[6.556259,53.172651],[6.556311,53.172578],[6.556361,53.172525],[6.556445,53.172486],[6.556487,53.172461],[6.556547,53.172391],[6.556587,53.172336],[6.556642,53.172274],[6.556744,53.172147],[6.55683,53.172071],[6.556924,53.171995],[6.556946,53.171963],[6.557071,53.171856],[6.557193,53.171711],[6.557346,53.171542],[6.557579,53.171298],[6.557644,53.171237],[6.55774,53.171103],[6.557902,53.170948],[6.558003,53.170847],[6.558078,53.170749],[6.558181,53.170597],[6.558311,53.170451],[6.558455,53.170314],[6.558533,53.170209],[6.558593,53.170096],[6.5587,53.169977],[6.558804,53.169866],[6.558844,53.169817],[6.558845,53.169816],[6.558904,53.169742],[6.559078,53.169604],[6.559206,53.169476],[6.559319,53.169341],[6.559438,53.16919],[6.559497,53.169106],[6.560569,53.166168],[6.56196,53.162386],[6.562103,53.162035],[6.562372,53.161375],[6.562642,53.160699],[6.562744,53.160512],[6.562744,53.160511],[6.562857,53.16021],[6.562981,53.159653],[6.56304,53.159363],[6.563062,53.159225],[6.56307,53.159177],[6.56307,53.159176],[6.563178,53.15869],[6.563338,53.15841],[6.563423,53.158238],[6.563596,53.157801],[6.563688,53.157638],[6.565238,53.158155],[6.568176,53.15914],[6.568303,53.159185],[6.568609,53.159291],[6.569369,53.159545],[6.570994,53.160083],[6.571568,53.160288],[6.572139,53.160464],[6.572526,53.160595],[6.572861,53.160709],[6.574039,53.16109],[6.574311,53.161189],[6.574463,53.16123],[6.574634,53.16127],[6.57479,53.161325],[6.574944,53.161382],[6.575304,53.161517],[6.575507,53.161586],[6.575694,53.161646],[6.575856,53.161687],[6.576018,53.161713],[6.57612,53.161736],[6.576217,53.161773],[6.576414,53.161847],[6.576768,53.162001],[6.5771,53.16215],[6.577213,53.162195],[6.577285,53.162221],[6.577378,53.162245],[6.577525,53.162279],[6.577719,53.162331],[6.577926,53.162392],[6.578155,53.162463],[6.578322,53.162516],[6.578502,53.162583],[6.578664,53.162652],[6.578822,53.162713],[6.578911,53.162746],[6.579026,53.162778],[6.579124,53.1628],[6.579242,53.162818],[6.579349,53.16284],[6.579397,53.162855],[6.579486,53.162886],[6.579574,53.162925],[6.57976,53.163016],[6.579872,53.163064],[6.579996,53.163113],[6.580133,53.16315],[6.580327,53.163194],[6.5805,53.163251],[6.580702,53.163327],[6.580915,53.163405],[6.581124,53.16348],[6.581272,53.163545],[6.581302,53.163559],[6.581384,53.163579],[6.58145,53.163584],[6.581515,53.163584],[6.581486,53.163497],[6.581455,53.163478],[6.581433,53.163454],[6.581417,53.163394],[6.581402,53.163315],[6.581376,53.163134],[6.581345,53.162924],[6.581342,53.162922],[6.581285,53.162869],[6.581096,53.162721],[6.580939,53.162583],[6.580854,53.162523],[6.580789,53.162464],[6.580735,53.16231],[6.580731,53.162204],[6.580843,53.162192],[6.580972,53.162174],[6.581093,53.162167],[6.581425,53.162192],[6.581646,53.162212],[6.581766,53.162211],[6.581866,53.162188],[6.581933,53.162159],[6.581984,53.162127],[6.58202,53.162086],[6.582024,53.162022],[6.582016,53.16195],[6.581956,53.16184],[6.581863,53.161727],[6.581781,53.161615],[6.581704,53.161483],[6.58168,53.161376],[6.581698,53.161253],[6.581797,53.161046],[6.581903,53.160872],[6.582041,53.160705],[6.582195,53.160557],[6.582793,53.159974],[6.583146,53.159634],[6.583252,53.159486],[6.583262,53.159457],[6.583295,53.159363],[6.583334,53.159253],[6.583335,53.159246],[6.583448,53.158831],[6.583453,53.158635],[6.583455,53.158527],[6.583448,53.158272],[6.583475,53.158087],[6.583527,53.157934],[6.583573,53.157868],[6.583658,53.157809],[6.583743,53.157776],[6.583922,53.157746],[6.584214,53.157724],[6.584553,53.157688],[6.584699,53.157663],[6.584926,53.157546],[6.585417,53.157097],[6.585505,53.157016],[6.585563,53.156962],[6.58575,53.156861],[6.585936,53.156779],[6.586257,53.156709],[6.586476,53.15666],[6.586705,53.156575],[6.586758,53.156553],[6.586908,53.156488],[6.587015,53.156383],[6.587089,53.156226],[6.587124,53.156069],[6.586868,53.155869],[6.586475,53.155583],[6.58616,53.155379],[6.585744,53.155057],[6.585694,53.155019],[6.585412,53.154795],[6.58534,53.154738],[6.585125,53.154579],[6.585026,53.154505],[6.584662,53.154315],[6.584643,53.154305],[6.584515,53.154226],[6.584489,53.154155],[6.584533,53.153443],[6.584756,53.153523],[6.586016,53.152191],[6.585753,53.152077],[6.58579,53.152029],[6.58568,53.151969],[6.585922,53.151635],[6.585923,53.151633],[6.58599,53.151524],[6.586032,53.151391],[6.586072,53.151256],[6.58609,53.151219],[6.586101,53.151196],[6.586102,53.151195],[6.586161,53.151137],[6.586176,53.150937],[6.586186,53.150782],[6.586209,53.150675],[6.586306,53.150543],[6.586481,53.150309],[6.586544,53.150226],[6.586737,53.149972],[6.586757,53.149945],[6.586901,53.149713],[6.587145,53.149392],[6.587145,53.149391],[6.587186,53.149356],[6.587237,53.149283],[6.587274,53.149176],[6.587312,53.148977],[6.587373,53.14871],[6.587445,53.148589],[6.58751,53.148445],[6.587578,53.148233],[6.587596,53.14803],[6.5876,53.148024],[6.587743,53.147803],[6.587783,53.147485],[6.587777,53.147292],[6.587793,53.147247],[6.587906,53.146928],[6.587898,53.146853],[6.587874,53.146805],[6.587829,53.146708],[6.587825,53.146617],[6.587837,53.146521],[6.587841,53.1464],[6.587852,53.14626],[6.587858,53.14619],[6.587863,53.146111],[6.587843,53.146005],[6.587794,53.145892],[6.587749,53.145768],[6.587784,53.145665],[6.587819,53.145611],[6.587895,53.145514],[6.587964,53.145436],[6.588052,53.145385],[6.588185,53.145323],[6.588299,53.145276],[6.588504,53.145209],[6.588912,53.14514],[6.58927,53.145073],[6.589459,53.145021],[6.589505,53.145017],[6.589803,53.144989],[6.590359,53.144948],[6.590543,53.144947],[6.590655,53.144948],[6.590735,53.144958],[6.590751,53.144959],[6.59105,53.144986],[6.591711,53.145028],[6.592135,53.145068],[6.592427,53.1451],[6.592978,53.145167],[6.593527,53.145238],[6.593556,53.145241],[6.59427,53.145318],[6.595588,53.145488],[6.595682,53.14548],[6.595788,53.14546],[6.595824,53.145449],[6.595857,53.145446],[6.595885,53.145443],[6.595961,53.145406],[6.596046,53.145342],[6.596119,53.145248],[6.596119,53.145191],[6.595993,53.144956],[6.595932,53.14484],[6.595898,53.144699],[6.595874,53.144561],[6.595867,53.144391],[6.595874,53.144376],[6.595892,53.144335],[6.595946,53.144289],[6.596082,53.144229],[6.596243,53.144175],[6.596326,53.144137],[6.596347,53.144126],[6.59638,53.144109],[6.59649,53.144089],[6.596649,53.144072],[6.596664,53.14407],[6.596862,53.144054],[6.5973,53.144014],[6.597552,53.144076],[6.597669,53.144104],[6.597786,53.144136],[6.598147,53.144235],[6.598548,53.144343],[6.599203,53.144517],[6.599783,53.144672],[6.599984,53.144723],[6.60002,53.144702],[6.600068,53.144665],[6.60014,53.144592],[6.600314,53.144422],[6.600352,53.144391],[6.600892,53.143951],[6.601313,53.143605],[6.601634,53.143338],[6.601685,53.143284],[6.602129,53.14292],[6.602289,53.142798],[6.603458,53.141826],[6.603868,53.141508],[6.604648,53.140863],[6.605262,53.140362],[6.605767,53.139935],[6.606022,53.139731],[6.606085,53.139679],[6.606329,53.13947],[6.606521,53.139314],[6.606554,53.139294],[6.60659,53.139287],[6.606674,53.139273],[6.606811,53.139249],[6.606927,53.139241],[6.607074,53.139238],[6.607204,53.139243],[6.607368,53.139248],[6.607448,53.139246],[6.607652,53.139157],[6.607746,53.13911],[6.608047,53.13896],[6.608747,53.138618],[6.609182,53.138404],[6.60976,53.138123],[6.610017,53.137997],[6.610052,53.137984],[6.610116,53.137963],[6.610151,53.137962],[6.610168,53.137945],[6.610216,53.137897],[6.610269,53.137882],[6.610313,53.137882],[6.610356,53.137887],[6.610466,53.13792],[6.610517,53.137933],[6.610569,53.13794],[6.610624,53.137944],[6.610685,53.13794],[6.610729,53.137928],[6.610781,53.137906],[6.610823,53.137879],[6.611217,53.137614],[6.611422,53.137483],[6.611609,53.137364],[6.613956,53.135851],[6.614041,53.135793],[6.614232,53.135667],[6.614278,53.135638],[6.614401,53.135557],[6.614259,53.135044],[6.614207,53.13489],[6.614147,53.134712],[6.614139,53.134671],[6.614151,53.13458],[6.614166,53.134533],[6.614184,53.134501],[6.614208,53.134444],[6.614207,53.13442],[6.614197,53.134396],[6.61417,53.134368],[6.61404,53.134294],[6.613994,53.134266],[6.613904,53.134203],[6.613846,53.134159],[6.613817,53.134129],[6.613802,53.134097],[6.613773,53.134032],[6.613747,53.133971],[6.61369,53.133758],[6.613642,53.13344],[6.613597,53.133212],[6.613573,53.133087],[6.613551,53.133023],[6.613528,53.132954],[6.613524,53.132922],[6.61353,53.132866],[6.613566,53.132797],[6.613609,53.132739],[6.613641,53.132694],[6.613713,53.13265],[6.613759,53.132621],[6.613814,53.132587],[6.613897,53.132557],[6.613946,53.13254],[6.614041,53.132531],[6.614119,53.132528],[6.614252,53.132542],[6.614376,53.132564],[6.614514,53.132595],[6.614684,53.132644],[6.614869,53.132711],[6.615165,53.132801],[6.61534,53.132832],[6.615444,53.132849],[6.615715,53.132878],[6.615838,53.132895],[6.615946,53.132911],[6.616009,53.13292],[6.616116,53.132937],[6.616203,53.13295],[6.61631,53.132967],[6.616428,53.132991],[6.616531,53.132982],[6.616631,53.132948],[6.616723,53.132899],[6.616811,53.132846],[6.616864,53.132811],[6.616901,53.13277],[6.616942,53.132714],[6.616994,53.132633],[6.617028,53.132559],[6.616995,53.132472],[6.616957,53.132362],[6.61697,53.1323],[6.616986,53.132272],[6.617028,53.132218],[6.617081,53.132163],[6.617151,53.132115],[6.617324,53.13205],[6.617551,53.131983],[6.617798,53.131942],[6.617918,53.131928],[6.61807,53.131928],[6.618176,53.131928],[6.618311,53.131915],[6.618392,53.131885],[6.618441,53.131852],[6.618447,53.13185],[6.618517,53.131807],[6.618591,53.131768],[6.618661,53.13173],[6.618764,53.131689],[6.618847,53.131653],[6.618901,53.131627],[6.618977,53.131581],[6.61902,53.131552],[6.619053,53.13151],[6.619048,53.13147],[6.619023,53.131422],[6.618982,53.131368],[6.618944,53.131317],[6.61887,53.131227],[6.618818,53.131165],[6.618781,53.131116],[6.618743,53.131064],[6.618728,53.131034],[6.618694,53.130976],[6.618675,53.130935],[6.618656,53.130895],[6.618629,53.130837],[6.618602,53.130779],[6.618579,53.130718],[6.618574,53.130662],[6.618579,53.130578],[6.618595,53.130485],[6.61864,53.13038],[6.618691,53.130288],[6.618755,53.130181],[6.619022,53.129821],[6.619071,53.129756],[6.619116,53.12971],[6.619154,53.129669],[6.619198,53.129635],[6.619351,53.129516],[6.619525,53.129397],[6.619948,53.129143],[6.620431,53.128887],[6.620998,53.128596],[6.621175,53.128493],[6.621275,53.128409],[6.621281,53.128395],[6.62132,53.128309],[6.621337,53.128252],[6.621347,53.128182],[6.621275,53.127847],[6.621271,53.127774],[6.621279,53.127682],[6.621288,53.127639],[6.621312,53.127579],[6.62134,53.127541],[6.62153,53.127335],[6.62165,53.127102],[6.621685,53.126609],[6.621763,53.126351],[6.621904,53.126195],[6.622145,53.125996],[6.622378,53.125824],[6.622447,53.125762],[6.622834,53.125373],[6.623094,53.125164],[6.623321,53.125068],[6.623543,53.124986],[6.623739,53.124909],[6.624001,53.124786],[6.624051,53.12476],[6.62425,53.124642],[6.624516,53.124462],[6.624593,53.124404],[6.624886,53.124093],[6.625,53.123992],[6.625176,53.12392],[6.625296,53.123893],[6.625418,53.12387],[6.625764,53.123808],[6.625979,53.123765],[6.626046,53.123749],[6.626191,53.12366],[6.626224,53.123636],[6.626355,53.123472],[6.6264,53.123356],[6.626453,53.12327],[6.627006,53.122965],[6.627072,53.122937],[6.627307,53.122839],[6.627504,53.122802],[6.627573,53.122766],[6.627612,53.122738],[6.627642,53.12271],[6.627689,53.122642],[6.62772,53.122583],[6.627819,53.12234],[6.627929,53.121999],[6.627963,53.121844],[6.627965,53.121779],[6.627872,53.121682],[6.627484,53.121299],[6.627454,53.121231],[6.627446,53.121205],[6.627447,53.121182],[6.627471,53.121144],[6.627513,53.121095],[6.627695,53.120935],[6.627843,53.120813],[6.628003,53.120675],[6.62806,53.120613],[6.628084,53.120576],[6.628118,53.120502],[6.628268,53.120086],[6.628311,53.119989],[6.628325,53.119945],[6.628374,53.119834],[6.628477,53.119679],[6.628545,53.119594],[6.628587,53.119551],[6.628648,53.119493],[6.628723,53.119451],[6.628787,53.119428],[6.628813,53.119421],[6.628876,53.119423],[6.628918,53.119435],[6.628924,53.119439],[6.628983,53.119465],[6.629031,53.119503],[6.629103,53.119568],[6.629138,53.119619],[6.629212,53.119743],[6.629253,53.119781],[6.629315,53.119821],[6.629349,53.119831],[6.629388,53.119838],[6.629472,53.119812],[6.629572,53.119771],[6.629675,53.119715],[6.629827,53.119643],[6.629879,53.119624],[6.630089,53.119555],[6.630195,53.119526],[6.630444,53.119441],[6.630576,53.119385],[6.630685,53.119328],[6.63079,53.119261],[6.630831,53.119211],[6.630856,53.119162],[6.630853,53.119136],[6.630842,53.119104],[6.630826,53.119082],[6.630792,53.119054],[6.630678,53.118975],[6.630568,53.118913],[6.630487,53.118876],[6.630345,53.118819],[6.629806,53.118626],[6.629716,53.11859],[6.62967,53.118564],[6.629627,53.118536],[6.629586,53.118502],[6.629562,53.118478],[6.629498,53.118388],[6.6294,53.118222],[6.629234,53.117958],[6.629168,53.117868],[6.629091,53.117789],[6.629049,53.11775],[6.628981,53.117695],[6.628881,53.117625],[6.628801,53.117582],[6.628157,53.117252],[6.627938,53.117179],[6.627817,53.117144],[6.627717,53.117109],[6.627677,53.117083],[6.627646,53.117056],[6.627633,53.117037],[6.62761,53.116969],[6.627611,53.116901],[6.627631,53.11686],[6.627661,53.116828],[6.627704,53.116788],[6.62775,53.116753],[6.627794,53.116729],[6.627832,53.116714],[6.627955,53.116672],[6.628001,53.116662],[6.62823,53.116634],[6.628284,53.116621],[6.628317,53.116608],[6.628381,53.11657],[6.628393,53.116551],[6.628402,53.116526],[6.628411,53.11646],[6.628412,53.116424],[6.628397,53.116339],[6.628381,53.116285],[6.628332,53.116179],[6.628283,53.116112],[6.628179,53.115991],[6.62812,53.115926],[6.628068,53.115875],[6.628037,53.115837],[6.628024,53.115792],[6.628016,53.115742],[6.628019,53.115715],[6.628041,53.115664],[6.628056,53.115647],[6.628136,53.115595],[6.62818,53.115576],[6.628271,53.115544],[6.628343,53.115525],[6.628436,53.115509],[6.628772,53.11547],[6.628908,53.115459],[6.629021,53.115439],[6.629063,53.115428],[6.629097,53.115417],[6.629176,53.115365],[6.62931,53.115255],[6.629379,53.115186],[6.629411,53.115147],[6.62943,53.115118],[6.629475,53.115021],[6.629545,53.114844],[6.629585,53.114787],[6.629602,53.114768],[6.629623,53.114754],[6.629661,53.114739],[6.62983,53.114683],[6.629905,53.11467],[6.629988,53.114659],[6.630215,53.114621],[6.630431,53.114587],[6.630674,53.114545],[6.630943,53.114493],[6.63111,53.114455],[6.631174,53.114446],[6.631332,53.114432],[6.631412,53.114429],[6.631636,53.114431],[6.631898,53.114427],[6.632166,53.114429],[6.632694,53.114439],[6.632792,53.114436],[6.633022,53.114422],[6.633323,53.114398],[6.633408,53.114388],[6.633528,53.114381],[6.633636,53.114348],[6.633657,53.114335],[6.633771,53.114283],[6.633813,53.114257],[6.633862,53.114203],[6.633914,53.114103],[6.634,53.113964],[6.634069,53.113887],[6.634127,53.11385],[6.634172,53.113826],[6.634308,53.113765],[6.63443,53.113718],[6.634543,53.11368],[6.63471,53.11362],[6.634844,53.113583],[6.634954,53.11355],[6.635109,53.113523],[6.635782,53.113396],[6.635968,53.113352],[6.636043,53.113315],[6.636125,53.113263],[6.636253,53.113166],[6.636512,53.112914],[6.636559,53.112879],[6.636597,53.112843],[6.636606,53.112818],[6.636608,53.112799],[6.636568,53.112755],[6.63651,53.112706],[6.636451,53.112668],[6.636393,53.112648],[6.63631,53.112628],[6.636226,53.11262],[6.635891,53.112623],[6.635851,53.112618],[6.635822,53.112611],[6.635789,53.112587],[6.635764,53.11252],[6.635663,53.11218],[6.635595,53.112071],[6.635499,53.111955],[6.635477,53.111933],[6.635419,53.111887],[6.635289,53.111794],[6.635249,53.11176],[6.635187,53.111694],[6.635154,53.111649],[6.635145,53.111633],[6.635117,53.111551],[6.635108,53.111508],[6.635111,53.111461],[6.635127,53.111365],[6.635149,53.111275],[6.635166,53.111252],[6.635279,53.111147],[6.635347,53.111106],[6.635527,53.111009],[6.635856,53.110864],[6.63608,53.110759],[6.636379,53.110612],[6.636658,53.110447],[6.636737,53.110396],[6.636827,53.110299],[6.636856,53.110265],[6.636874,53.110231],[6.636883,53.110197],[6.636884,53.110152],[6.636844,53.109967],[6.636846,53.109704],[6.636856,53.10955],[6.636935,53.10924],[6.637103,53.108649],[6.63712,53.108575],[6.637122,53.10852],[6.637111,53.108421],[6.637086,53.108301],[6.637052,53.108258],[6.636965,53.10822],[6.636777,53.108156],[6.636591,53.108121],[6.636248,53.108064],[6.636119,53.108034],[6.635969,53.107996],[6.635862,53.107947],[6.63573,53.107882],[6.635671,53.107848],[6.635629,53.107808],[6.635628,53.107793],[6.635645,53.10771],[6.635671,53.107649],[6.635705,53.107582],[6.635786,53.107445],[6.635888,53.107334],[6.635968,53.107238],[6.635987,53.107209],[6.635994,53.107161],[6.635988,53.107099],[6.635977,53.107034],[6.635901,53.106905],[6.635848,53.106834],[6.635768,53.106739],[6.635742,53.106714],[6.635679,53.106678],[6.635608,53.106655],[6.635441,53.10663],[6.63534,53.106631],[6.635266,53.106646],[6.635242,53.106645],[6.635227,53.106656],[6.635195,53.106674],[6.635173,53.106683],[6.635119,53.106695],[6.635069,53.106683],[6.635027,53.106659],[6.635002,53.106632],[6.634974,53.106579],[6.63495,53.106547],[6.634924,53.106503],[6.634892,53.106426],[6.634879,53.106355],[6.634847,53.10624],[6.634832,53.106202],[6.634908,53.106201],[6.634919,53.106201],[6.635068,53.106199],[6.635199,53.106217],[6.635273,53.106232],[6.635452,53.106286],[6.635579,53.106326],[6.63569,53.106361],[6.635865,53.106426],[6.635985,53.106459],[6.636196,53.106508],[6.636365,53.106542],[6.636516,53.106608],[6.636617,53.106636],[6.636778,53.106685],[6.637088,53.106764],[6.637228,53.106801],[6.637326,53.106832],[6.6374,53.106862],[6.637427,53.106886],[6.637435,53.106938],[6.637442,53.10698],[6.637468,53.107024],[6.637511,53.107067],[6.637603,53.107121],[6.637645,53.107147],[6.637671,53.10716],[6.637687,53.107163],[6.637695,53.107162],[6.637703,53.107162],[6.637729,53.107161],[6.637761,53.10715],[6.63791,53.107081],[6.637956,53.107063],[6.637989,53.107052],[6.638064,53.107051],[6.638082,53.107056],[6.638117,53.107067],[6.638146,53.107079],[6.638149,53.10708],[6.638198,53.107102],[6.638257,53.107126],[6.638364,53.107163],[6.6387,53.107264],[6.638866,53.107304],[6.638967,53.107331],[6.639316,53.107443],[6.63958,53.107516],[6.639905,53.107606],[6.640113,53.107665],[6.640423,53.107749],[6.640683,53.107819],[6.640892,53.107882],[6.641129,53.107959],[6.641327,53.108027],[6.641336,53.108018],[6.641906,53.108184],[6.643015,53.108514],[6.643097,53.108538],[6.643334,53.108611],[6.643521,53.108668],[6.643953,53.1088],[6.645071,53.109132],[6.646091,53.109439],[6.646584,53.109583],[6.647879,53.109971],[6.648737,53.110223],[6.650471,53.110738],[6.651909,53.111159],[6.653652,53.111626],[6.653788,53.111662],[6.653802,53.111666],[6.654165,53.111761],[6.654208,53.111773],[6.654399,53.111826],[6.654672,53.111899],[6.655205,53.112043],[6.656171,53.112304],[6.656237,53.112321],[6.6567,53.112446],[6.656713,53.11245],[6.656781,53.112468],[6.656829,53.112481],[6.661232,53.113658],[6.661293,53.113674],[6.66143,53.113711],[6.661459,53.113718],[6.664139,53.11436],[6.664143,53.114361],[6.665289,53.114636],[6.665152,53.11488],[6.6677,53.115429],[6.667736,53.115437],[6.667724,53.115515],[6.667798,53.115533],[6.667824,53.115538],[6.670651,53.116189],[6.670667,53.116193],[6.670878,53.116241],[6.67089,53.116244],[6.670603,53.116516],[6.673334,53.117105],[6.673341,53.117106],[6.673446,53.117127],[6.673459,53.117129],[6.673605,53.117006],[6.673622,53.117011],[6.674169,53.117198],[6.67421,53.117201],[6.67428,53.117208],[6.674552,53.117343],[6.674666,53.1174],[6.674725,53.117438],[6.674851,53.117486],[6.674927,53.117525],[6.67533,53.117636],[6.675403,53.11765],[6.677792,53.117972],[6.678543,53.118074],[6.678617,53.118085],[6.678732,53.118102],[6.679521,53.118222],[6.680567,53.118376],[6.680705,53.118397],[6.68121,53.118471],[6.682936,53.118815],[6.685462,53.119318],[6.687226,53.11965],[6.687295,53.119663],[6.689135,53.120034],[6.689164,53.12004],[6.69347,53.120877],[6.693555,53.12089],[6.695367,53.121176],[6.694687,53.12334],[6.694503,53.123924],[6.693819,53.126099],[6.693637,53.126679],[6.693047,53.128556],[6.692907,53.129131],[6.69233,53.131508],[6.692195,53.132066],[6.691797,53.133704],[6.690437,53.139574],[6.689572,53.143306],[6.689053,53.144664],[6.688964,53.144775],[6.688892,53.144863],[6.688764,53.145038],[6.688653,53.145123],[6.688103,53.145598],[6.687978,53.145706],[6.687898,53.145772],[6.687821,53.145836],[6.687733,53.145922],[6.687642,53.14601],[6.687568,53.146084],[6.687519,53.146138],[6.687484,53.146169],[6.687211,53.146358],[6.687168,53.146384],[6.687127,53.146418],[6.687088,53.146458],[6.686494,53.147194],[6.686436,53.147472],[6.686275,53.147848],[6.686278,53.148142],[6.686397,53.148405],[6.686632,53.148671],[6.686774,53.148798],[6.686986,53.148965],[6.687181,53.149082],[6.687523,53.149256],[6.687676,53.149339],[6.687775,53.14937],[6.687886,53.149407],[6.688085,53.149479],[6.689007,53.149803],[6.689294,53.149901],[6.689367,53.149929],[6.689451,53.14998],[6.689568,53.150049],[6.689632,53.150085],[6.689784,53.150157],[6.689918,53.150215],[6.689972,53.150244],[6.690215,53.150393],[6.690241,53.150419],[6.690251,53.150441],[6.69025,53.150468],[6.69025,53.150546],[6.690267,53.150782],[6.690286,53.151081],[6.69027,53.151155],[6.690194,53.151379],[6.690103,53.151581],[6.689883,53.152015],[6.689734,53.152302],[6.689649,53.152521],[6.68963,53.152599],[6.689543,53.152885],[6.689458,53.153064],[6.689452,53.153078],[6.689417,53.15314],[6.689262,53.153513],[6.689223,53.153584],[6.688983,53.154184],[6.688714,53.154611],[6.688262,53.155156],[6.687276,53.156064],[6.686416,53.156767],[6.685723,53.157456],[6.685448,53.157791],[6.685294,53.158062],[6.685133,53.158586],[6.684491,53.159637],[6.683501,53.160474],[6.682622,53.160937],[6.680473,53.161954],[6.679982,53.162258],[6.679836,53.162612],[6.679902,53.162868],[6.679871,53.162905],[6.679834,53.163012],[6.679821,53.163043],[6.67966,53.163371],[6.679121,53.163917],[6.678842,53.164185],[6.678562,53.164459],[6.67833,53.164637],[6.678059,53.164797],[6.677667,53.164994],[6.677326,53.165136],[6.677001,53.165257],[6.676687,53.16536],[6.67621,53.16551],[6.675697,53.165664],[6.675194,53.165808],[6.674701,53.165944],[6.674161,53.166056],[6.673671,53.166173],[6.673169,53.166333],[6.67265,53.166532],[6.672348,53.166668],[6.671934,53.166902],[6.67166,53.16709],[6.671529,53.167191],[6.671366,53.167313],[6.671186,53.167468],[6.671016,53.167624],[6.670844,53.167795],[6.6706,53.168057],[6.670444,53.168224],[6.67037,53.168301],[6.670249,53.168427],[6.670084,53.168598],[6.669909,53.168741],[6.66975,53.168853],[6.66959,53.168939],[6.669333,53.169046],[6.669084,53.169128],[6.668881,53.169184],[6.668661,53.169222],[6.668361,53.169256],[6.668189,53.16927],[6.667907,53.169293],[6.667303,53.169327],[6.666765,53.169352],[6.66622,53.169379],[6.665793,53.169423],[6.665528,53.169465],[6.665245,53.169527],[6.665005,53.1696],[6.664654,53.169744],[6.664372,53.169904],[6.664231,53.170013],[6.663799,53.170306],[6.663462,53.170522],[6.663157,53.170706],[6.662726,53.170988],[6.662331,53.171296],[6.662034,53.171606],[6.661812,53.17189],[6.661619,53.172172],[6.661455,53.172468],[6.661335,53.172715],[6.661237,53.173095],[6.661165,53.173324],[6.661045,53.173793],[6.660958,53.174126],[6.660852,53.174521],[6.660748,53.174924],[6.660641,53.175329],[6.660562,53.175702],[6.660479,53.176081],[6.660386,53.176366],[6.660265,53.176622],[6.660024,53.176987],[6.659724,53.177396],[6.659505,53.177701],[6.659355,53.177855],[6.659177,53.178092],[6.659065,53.17827],[6.658854,53.178624],[6.658772,53.178756],[6.658673,53.178946],[6.658428,53.179404],[6.658335,53.179549],[6.658216,53.179718],[6.657967,53.180004],[6.657621,53.180351],[6.657636,53.180353],[6.657634,53.180355],[6.657328,53.180677],[6.657312,53.180693],[6.657299,53.180707],[6.657241,53.180769],[6.657075,53.180735],[6.656475,53.18061],[6.656242,53.180883],[6.656036,53.181102],[6.655993,53.18115],[6.655909,53.181128],[6.655845,53.181153],[6.655076,53.181378],[6.654899,53.18143],[6.654883,53.181435],[6.654159,53.181644],[6.653609,53.181806],[6.653457,53.181851],[6.652684,53.182076],[6.652458,53.182144],[6.652488,53.182153],[6.652069,53.182281],[6.651329,53.182502],[6.6513,53.182511],[6.651256,53.182524],[6.650694,53.182704],[6.650357,53.182807],[6.64972,53.183002],[6.649552,53.183052],[6.648895,53.183249],[6.648108,53.183492],[6.648164,53.183504],[6.647593,53.183681],[6.647555,53.183692],[6.647251,53.183782],[6.647026,53.183849],[6.646909,53.183883],[6.646033,53.184152],[6.645186,53.184407],[6.64522,53.184433],[6.643624,53.184914],[6.643352,53.184995],[6.642657,53.185205],[6.641706,53.185481],[6.641317,53.185583],[6.640927,53.185681],[6.640611,53.185756],[6.640316,53.185816],[6.639854,53.1859],[6.639468,53.185981],[6.63947,53.185981],[6.639523,53.185997],[6.639539,53.186002],[6.639539,53.186002],[6.639857,53.186105],[6.639883,53.186114],[6.639994,53.18615],[6.640291,53.186242],[6.640398,53.186276],[6.640437,53.186288],[6.640447,53.186291],[6.64178,53.186695],[6.643298,53.187156],[6.64331,53.187159],[6.643353,53.187172],[6.643358,53.187174],[6.643447,53.187201],[6.643458,53.187204],[6.643466,53.187206],[6.643487,53.187213],[6.643611,53.18725],[6.64365,53.187262],[6.643993,53.187366],[6.644305,53.18746],[6.644364,53.187438],[6.6444,53.187427],[6.644445,53.187415],[6.644484,53.187406],[6.644527,53.187398],[6.644605,53.187384],[6.644636,53.187383],[6.644669,53.187382],[6.6447,53.187384],[6.644732,53.187387],[6.644776,53.18739],[6.644817,53.187395],[6.644889,53.187406],[6.644923,53.187413],[6.644955,53.187426],[6.645201,53.187493],[6.645855,53.187672],[6.646821,53.187937],[6.646248,53.188132],[6.645719,53.188312],[6.645624,53.188345],[6.645528,53.188375],[6.645113,53.188509],[6.645045,53.18853],[6.644944,53.18856],[6.644772,53.18861],[6.643962,53.188846],[6.643557,53.188967],[6.64334,53.189034],[6.64319,53.189083],[6.643073,53.189122],[6.642818,53.189211],[6.642427,53.189356],[6.641822,53.189574],[6.640799,53.189943],[6.639813,53.190297],[6.639977,53.190392],[6.640006,53.190409],[6.640189,53.190512],[6.640198,53.190518],[6.640929,53.190944],[6.641007,53.190989],[6.641076,53.19103],[6.64118,53.191089],[6.641292,53.191153],[6.641743,53.191413],[6.642276,53.191719],[6.642347,53.191758],[6.64239,53.191781],[6.642432,53.191809],[6.642462,53.191823],[6.642525,53.191847],[6.642529,53.191849],[6.642562,53.19186],[6.642585,53.19187],[6.642611,53.191882],[6.642623,53.191871],[6.642631,53.191863],[6.642657,53.191843],[6.642675,53.191828],[6.642689,53.191816],[6.642696,53.191812],[6.64274,53.191787],[6.642762,53.191775],[6.642787,53.191764],[6.642817,53.191752],[6.642835,53.191744],[6.642865,53.191735],[6.642883,53.191728],[6.642913,53.191719],[6.642964,53.191704],[6.64299,53.191695],[6.643019,53.191687],[6.643068,53.191685],[6.643999,53.191906],[6.644249,53.191963],[6.644496,53.192019],[6.644758,53.192079],[6.645224,53.192187],[6.646053,53.192372],[6.646514,53.192475],[6.647875,53.192766],[6.64789,53.192769],[6.648413,53.19288],[6.649114,53.193028],[6.649443,53.19309],[6.649787,53.193158],[6.649979,53.193177],[6.649974,53.193197],[6.649982,53.193213],[6.650103,53.193429],[6.650179,53.19341],[6.651724,53.194125],[6.651972,53.194228],[6.65205,53.194261],[6.652091,53.194278],[6.652069,53.194339],[6.652042,53.194381],[6.651993,53.194423],[6.651818,53.194546],[6.651752,53.194583],[6.651705,53.194626],[6.653249,53.195331],[6.653557,53.195474],[6.654845,53.196072],[6.654792,53.196115],[6.655086,53.196255],[6.655349,53.196382],[6.655364,53.196388],[6.655657,53.196528],[6.655997,53.196689],[6.656448,53.196904],[6.656498,53.196928],[6.656321,53.197041],[6.656262,53.197084],[6.656557,53.197223],[6.65726,53.197549],[6.657385,53.197618],[6.657526,53.19767],[6.657604,53.19772],[6.658063,53.197929],[6.658068,53.197932],[6.658128,53.197958],[6.658163,53.197969],[6.658192,53.197976],[6.6583,53.198046],[6.659163,53.198454],[6.659348,53.198541],[6.659535,53.198659],[6.659592,53.198686],[6.66089,53.199322],[6.660916,53.199335],[6.660964,53.199358],[6.661104,53.199427],[6.661277,53.199406],[6.661286,53.19941],[6.661424,53.199475],[6.661465,53.199494],[6.662156,53.199815],[6.662747,53.200091],[6.663724,53.200545],[6.664262,53.200795],[6.664683,53.200991],[6.666782,53.201977],[6.666873,53.20202],[6.66726,53.201841],[6.667387,53.201788],[6.667599,53.20171],[6.667796,53.20165],[6.667948,53.201609],[6.668049,53.201587],[6.668315,53.201535],[6.668801,53.201455],[6.66894,53.201433],[6.669176,53.201397],[6.669328,53.201375],[6.669606,53.201332],[6.669962,53.201264],[6.6701,53.201235],[6.670279,53.201192],[6.670404,53.201157],[6.670664,53.201081],[6.670921,53.201014],[6.67142,53.200915],[6.671647,53.200878],[6.671933,53.200832],[6.672216,53.200794],[6.672558,53.200753],[6.672877,53.200721],[6.672907,53.200718],[6.673597,53.200651],[6.673574,53.200687],[6.673496,53.200705],[6.673621,53.200693],[6.673704,53.200686],[6.673797,53.20068],[6.673863,53.200677],[6.673923,53.200676],[6.674007,53.200677],[6.674199,53.200694],[6.674391,53.200711],[6.674977,53.200723],[6.675737,53.200758],[6.67613,53.200775],[6.676283,53.200782],[6.676666,53.200794],[6.67707,53.200807],[6.677829,53.200829],[6.678099,53.200836],[6.678368,53.200842],[6.678646,53.200847],[6.678646,53.200846],[6.678953,53.200849],[6.680509,53.20085],[6.680796,53.200851],[6.681319,53.200833],[6.681577,53.200818],[6.68234,53.20078],[6.6827,53.200762],[6.682732,53.200787],[6.682855,53.200874],[6.682977,53.200954],[6.68306,53.201012],[6.683189,53.201102],[6.683455,53.201128],[6.683471,53.201475],[6.683484,53.201495],[6.683497,53.201515],[6.683512,53.201534],[6.683528,53.201553],[6.683544,53.201572],[6.683562,53.201591],[6.68358,53.201609],[6.683599,53.201627],[6.68362,53.201644],[6.683641,53.201661],[6.683662,53.201678],[6.683689,53.201693],[6.683714,53.201708],[6.683739,53.201724],[6.683763,53.20174],[6.683786,53.201757],[6.683808,53.201774],[6.683829,53.201791],[6.683849,53.201809],[6.683869,53.201828],[6.683887,53.201846],[6.683904,53.201865],[6.68392,53.201885],[6.683935,53.201904],[6.683949,53.201924],[6.683962,53.201945],[6.683973,53.201965],[6.683984,53.201986],[6.683993,53.202007],[6.684001,53.202028],[6.684006,53.202047],[6.68401,53.202067],[6.684013,53.202087],[6.684014,53.202107],[6.684014,53.202127],[6.684013,53.202147],[6.684011,53.202167],[6.684007,53.202187],[6.684003,53.202206],[6.683979,53.202359],[6.683742,53.203314],[6.683538,53.204125],[6.683537,53.204128],[6.683495,53.204309],[6.683477,53.204385],[6.683338,53.204945],[6.683305,53.205072],[6.683168,53.205765],[6.683024,53.206445],[6.683014,53.206496],[6.683059,53.2065],[6.683014,53.206691],[6.682974,53.206687],[6.682958,53.206746],[6.682957,53.206748],[6.682929,53.206853],[6.682484,53.208487],[6.681851,53.208419],[6.680917,53.208318],[6.679762,53.208322],[6.679723,53.208659],[6.679659,53.209224],[6.679654,53.209267],[6.679647,53.209324],[6.679638,53.209401],[6.679841,53.209443],[6.680144,53.209511],[6.680097,53.209913],[6.680081,53.21003],[6.680325,53.210037],[6.6805,53.210042],[6.680698,53.210048],[6.680694,53.210081],[6.680582,53.210897],[6.680473,53.211692],[6.680627,53.211755],[6.680846,53.211853],[6.680943,53.21189],[6.680987,53.211907],[6.681044,53.211917],[6.681306,53.211941],[6.681766,53.211985],[6.681979,53.211999],[6.68202,53.212002],[6.682375,53.212034],[6.682658,53.212059],[6.682758,53.211657],[6.682844,53.211312],[6.682848,53.211299],[6.682906,53.211058],[6.683561,53.211098],[6.683584,53.211099],[6.684234,53.211138],[6.68424,53.211115],[6.684364,53.211118],[6.684538,53.211121],[6.684553,53.211121],[6.684685,53.211131],[6.684755,53.211137],[6.684889,53.211158],[6.684948,53.211175],[6.684851,53.211593],[6.685253,53.211626],[6.685675,53.211662],[6.685963,53.211685],[6.685963,53.211686],[6.686354,53.211732],[6.686798,53.211785],[6.686827,53.211789],[6.686836,53.21179],[6.687043,53.211815],[6.687054,53.211886],[6.687086,53.212138],[6.688185,53.212123],[6.688186,53.212131],[6.68819,53.212178],[6.68819,53.21218],[6.688212,53.212487],[6.688232,53.212634],[6.688643,53.212621],[6.689212,53.212607],[6.68933,53.212604],[6.689523,53.212598],[6.689893,53.212589],[6.689911,53.21232],[6.69021,53.21232],[6.690327,53.212382],[6.690489,53.212468],[6.690491,53.212453],[6.690768,53.212457],[6.69077,53.213033],[6.690771,53.213161],[6.69198,53.213168],[6.691993,53.21302],[6.691994,53.212999],[6.691997,53.212944],[6.693361,53.212995],[6.69336,53.213001],[6.693359,53.213005],[6.693342,53.213082],[6.693335,53.213121],[6.693351,53.213144],[6.693373,53.213161],[6.693378,53.213165],[6.693448,53.213244],[6.693395,53.213617],[6.693394,53.213625],[6.693367,53.213803],[6.693352,53.21393],[6.693309,53.214252],[6.693493,53.214285],[6.693617,53.214299],[6.69368,53.214316],[6.693731,53.214329],[6.69384,53.21434],[6.694104,53.214348],[6.694388,53.214364],[6.694451,53.214369],[6.694471,53.214378],[6.694503,53.214391],[6.694565,53.214438],[6.694746,53.214453],[6.694991,53.214483],[6.694968,53.214563],[6.695936,53.214644],[6.695953,53.214585],[6.695974,53.214516],[6.69675,53.214602],[6.69707,53.214637],[6.697401,53.214674],[6.698074,53.214749],[6.698118,53.214643],[6.698245,53.214667],[6.6982,53.215125],[6.698192,53.215199],[6.698159,53.215532],[6.698125,53.215598],[6.698103,53.215642],[6.698008,53.215851],[6.697972,53.215928],[6.697903,53.216081],[6.69786,53.216162],[6.697829,53.216212],[6.697813,53.216238],[6.697799,53.216262],[6.697777,53.216309],[6.697775,53.216316],[6.69772,53.21645],[6.697649,53.216625],[6.697637,53.216656],[6.697623,53.216693],[6.697595,53.216762],[6.697556,53.216862],[6.697515,53.216966],[6.697982,53.217041],[6.698043,53.217051],[6.698293,53.217089],[6.698376,53.217126],[6.698606,53.217227],[6.69879,53.217307],[6.698838,53.217328],[6.698857,53.217336],[6.698832,53.217361],[6.698811,53.217393],[6.69878,53.217439],[6.698716,53.217537],[6.698629,53.217665],[6.698529,53.217802],[6.698548,53.217806],[6.698881,53.217877],[6.699141,53.217932],[6.699096,53.218012],[6.699138,53.21802],[6.699669,53.218123],[6.699605,53.21824],[6.699515,53.218402],[6.699495,53.218423],[6.699389,53.218511],[6.699511,53.21853],[6.700583,53.218726],[6.701459,53.218876],[6.701476,53.218897],[6.701513,53.218943],[6.700992,53.219722],[6.701098,53.219752],[6.701382,53.21983],[6.701781,53.219941],[6.702127,53.220037],[6.702021,53.220185],[6.702518,53.220325],[6.702352,53.220551],[6.702143,53.220838],[6.702719,53.221007],[6.702799,53.221031],[6.703067,53.221109],[6.703384,53.221201],[6.703088,53.221545],[6.702945,53.221711],[6.703485,53.221881],[6.703935,53.222023],[6.704293,53.222136],[6.705541,53.223334],[6.705124,53.223706],[6.70566,53.223952],[6.705892,53.224141],[6.706367,53.22453],[6.70576,53.225012],[6.705872,53.225063],[6.705879,53.225066],[6.707049,53.225599],[6.707806,53.225102],[6.708101,53.224908],[6.708281,53.224819],[6.708358,53.224783],[6.708619,53.225012],[6.708689,53.22508],[6.70875,53.225161],[6.708792,53.22523],[6.708834,53.225324],[6.708852,53.225423],[6.708853,53.225505],[6.708804,53.225733],[6.708796,53.225824],[6.708764,53.225845],[6.708009,53.226324],[6.70777,53.226476],[6.707493,53.226653],[6.707198,53.22684],[6.707632,53.227104],[6.705672,53.228256],[6.707378,53.229301],[6.706406,53.229872],[6.707129,53.230418],[6.707704,53.230851],[6.706825,53.231331],[6.70751,53.231833],[6.707712,53.23198],[6.708056,53.232233],[6.709112,53.231701],[6.709453,53.231529],[6.709824,53.232709],[6.707205,53.234028],[6.707657,53.234352],[6.706844,53.23476],[6.706544,53.234911],[6.709326,53.234908],[6.709229,53.234958],[6.709115,53.235016],[6.708877,53.235139],[6.708871,53.235177],[6.708847,53.235327],[6.70883,53.235436],[6.710466,53.236702],[6.710292,53.236789],[6.712026,53.238001],[6.71183,53.238098],[6.711634,53.238196],[6.711821,53.238326],[6.712009,53.238457],[6.712139,53.238393],[6.712269,53.238328],[6.71265,53.2386],[6.71303,53.238872],[6.713156,53.238808],[6.71446,53.23974],[6.715052,53.240134],[6.715953,53.240733],[6.716443,53.241057],[6.717064,53.241465],[6.717686,53.241872],[6.717549,53.241948],[6.715872,53.242876],[6.714195,53.243804],[6.713411,53.244238],[6.713066,53.244429],[6.712721,53.24462],[6.713284,53.244933],[6.713836,53.245241],[6.714193,53.245438],[6.714508,53.245611],[6.714373,53.24569],[6.714336,53.24567],[6.714025,53.245845],[6.713722,53.246015],[6.713404,53.246193],[6.713164,53.246328],[6.712884,53.24649],[6.712614,53.246645],[6.712191,53.246896],[6.711769,53.247147],[6.711678,53.247201],[6.711371,53.247386],[6.711063,53.24757],[6.710839,53.247713],[6.710615,53.247855],[6.710377,53.248012],[6.710138,53.248169],[6.710103,53.248192],[6.710146,53.248219],[6.709987,53.248319],[6.709849,53.248407],[6.709811,53.248431],[6.709777,53.24841],[6.709452,53.248594],[6.709126,53.248779],[6.708659,53.249043],[6.708487,53.249141],[6.708316,53.249239],[6.708267,53.249266],[6.708039,53.249395],[6.70781,53.249525],[6.707166,53.249891],[6.706522,53.250256],[6.706314,53.250374],[6.706106,53.250492],[6.705997,53.25055],[6.705827,53.250646],[6.705332,53.250923],[6.705007,53.251105],[6.704435,53.251424],[6.703864,53.251744],[6.703757,53.251804],[6.703666,53.251859],[6.703575,53.251915],[6.703562,53.251923],[6.70356,53.251924],[6.703557,53.251927],[6.703552,53.25193],[6.703547,53.251935],[6.703543,53.251937],[6.703541,53.251939],[6.703538,53.251942],[6.703535,53.251945],[6.703532,53.251948],[6.70353,53.25195],[6.703528,53.251952],[6.703525,53.251955],[6.703523,53.251957],[6.703522,53.251959],[6.703521,53.25196],[6.703519,53.251962],[6.703517,53.251966],[6.703514,53.251969],[6.703511,53.251974],[6.703509,53.251976],[6.703508,53.251977],[6.703508,53.251978],[6.703507,53.251981],[6.703506,53.251983],[6.703504,53.251985],[6.703503,53.251987],[6.703501,53.25199],[6.703488,53.252008],[6.703484,53.252015],[6.70348,53.252022],[6.703475,53.25203],[6.70347,53.252038],[6.703466,53.252045],[6.703462,53.252052],[6.703458,53.252059],[6.703454,53.252066],[6.703451,53.252073],[6.703448,53.25208],[6.703445,53.25209],[6.703442,53.2521],[6.703436,53.252114],[6.703432,53.252127],[6.70343,53.25214],[6.703428,53.252146],[6.703426,53.252152],[6.703425,53.252167],[6.703424,53.252176],[6.703422,53.252184],[6.703421,53.252196],[6.703421,53.252212],[6.703421,53.252228],[6.703422,53.252236],[6.703422,53.252243],[6.703424,53.252253],[6.703426,53.252263],[6.703427,53.252272],[6.703428,53.25228],[6.703433,53.252298],[6.703435,53.252308],[6.703438,53.252318],[6.703444,53.252332],[6.70345,53.252347],[6.703453,53.252355],[6.703457,53.252364],[6.703737,53.253009],[6.703877,53.253329],[6.703889,53.253359],[6.703902,53.253388],[6.703905,53.253394],[6.703908,53.253399],[6.703911,53.253404],[6.703913,53.25341],[6.703916,53.253416],[6.703918,53.253421],[6.703919,53.253427],[6.70392,53.253433],[6.703921,53.253438],[6.703922,53.253444],[6.703922,53.25345],[6.703923,53.253456],[6.703922,53.253462],[6.703922,53.253467],[6.703921,53.253473],[6.70392,53.253479],[6.703919,53.253484],[6.703917,53.25349],[6.703915,53.253496],[6.703913,53.253501],[6.70391,53.253507],[6.703907,53.253512],[6.703904,53.253518],[6.703901,53.253523],[6.703897,53.253529],[6.703893,53.253534],[6.703889,53.253539],[6.703884,53.253544],[6.70388,53.253549],[6.703875,53.253554],[6.703869,53.253559],[6.703864,53.253564],[6.703858,53.253568],[6.703852,53.253573],[6.703846,53.253577],[6.703839,53.253581],[6.703833,53.253585],[6.703826,53.25359],[6.703819,53.253593],[6.703811,53.253597],[6.703796,53.253604],[6.70378,53.253611],[6.703764,53.253617],[6.702717,53.25413],[6.701671,53.254642],[6.701704,53.254659],[6.701419,53.254797],[6.701134,53.254934],[6.701111,53.254918],[6.700618,53.255156],[6.700124,53.255393],[6.699937,53.255478],[6.699749,53.255564],[6.699669,53.255582],[6.69953,53.255603],[6.699509,53.255609],[6.69892,53.255877],[6.69833,53.256145],[6.699164,53.256445],[6.699884,53.2567],[6.700757,53.25702],[6.701519,53.257295],[6.702431,53.257619],[6.702868,53.257775],[6.703064,53.257845],[6.70397,53.258167],[6.705037,53.25855],[6.706198,53.258964],[6.707169,53.259309],[6.707516,53.25943],[6.707517,53.259431],[6.707621,53.259475],[6.709585,53.260175],[6.711475,53.260845],[6.714246,53.261833],[6.715221,53.262191],[6.715383,53.262251],[6.715498,53.262293],[6.716326,53.262611],[6.717658,53.263168],[6.718818,53.263652],[6.721068,53.264588],[6.725477,53.26642],[6.725848,53.266564],[6.725853,53.266566],[6.726851,53.266981],[6.727543,53.267268],[6.728422,53.267634],[6.72866,53.267734],[6.729474,53.268074],[6.72975,53.268189],[6.730681,53.268566],[6.731136,53.268754],[6.731728,53.268997],[6.731979,53.269092],[6.732135,53.269151],[6.732292,53.269209],[6.732522,53.26929],[6.733832,53.269742],[6.73388,53.269751],[6.734324,53.269887],[6.734356,53.269906],[6.735894,53.270372],[6.736241,53.270476],[6.737102,53.270736],[6.737565,53.270876],[6.737735,53.270927],[6.739633,53.27149],[6.740457,53.271737],[6.740734,53.271819],[6.741411,53.272021],[6.74284,53.272455],[6.743082,53.272531],[6.743369,53.272622],[6.743944,53.272813],[6.744147,53.272887],[6.744317,53.272953],[6.744619,53.273062],[6.744675,53.273083],[6.745023,53.2732],[6.74569,53.273441],[6.745709,53.27345],[6.746971,53.273909],[6.749977,53.274988],[6.750779,53.275272],[6.751021,53.275358],[6.751137,53.2754],[6.75139,53.275491],[6.756637,53.277377],[6.756658,53.277385],[6.756882,53.277434],[6.756908,53.277409],[6.757025,53.277451],[6.756998,53.277477],[6.757167,53.277566],[6.758544,53.278065],[6.760829,53.278887],[6.76145,53.279108],[6.762898,53.279627],[6.763987,53.280018],[6.765069,53.280409],[6.766242,53.280832],[6.766327,53.280862],[6.766556,53.280945],[6.767081,53.281136],[6.768062,53.281489],[6.769731,53.282088],[6.769922,53.282154],[6.771731,53.282803],[6.772527,53.283087],[6.77241,53.283219],[6.772176,53.283484],[6.772007,53.283666],[6.771753,53.283924],[6.77165,53.28402],[6.77152,53.284141],[6.77138,53.284271],[6.77134,53.284385],[6.770954,53.28479],[6.770812,53.284917],[6.770716,53.284996],[6.770215,53.285354],[6.769976,53.285525],[6.769804,53.285652],[6.769715,53.285786],[6.769137,53.286625],[6.77231,53.287793],[6.771865,53.288303],[6.771682,53.288513],[6.769794,53.29068],[6.770025,53.290767],[6.770662,53.291018],[6.771118,53.291221],[6.772183,53.291719],[6.772365,53.291812],[6.772226,53.291918],[6.77158,53.29241],[6.770783,53.293017],[6.77033,53.293362],[6.769642,53.293886],[6.769612,53.293908],[6.769487,53.294004],[6.769142,53.294297],[6.768186,53.295109],[6.76704,53.296081],[6.765282,53.297573],[6.765092,53.297734],[6.764621,53.298134],[6.764349,53.297913],[6.763973,53.297588],[6.763429,53.29712],[6.76262,53.296446],[6.761649,53.295807],[6.761095,53.295476],[6.760684,53.295236],[6.759467,53.296177],[6.759804,53.296366],[6.759817,53.296377],[6.75982,53.296391],[6.759369,53.296753],[6.758413,53.297441],[6.758362,53.297481],[6.758227,53.297588],[6.758139,53.297655],[6.757607,53.298053],[6.756489,53.298911],[6.755743,53.299481],[6.755539,53.299634],[6.753082,53.298847],[6.752881,53.299011],[6.752153,53.299605],[6.751878,53.299829],[6.751212,53.300373],[6.749894,53.301455],[6.748921,53.302253],[6.748845,53.302316],[6.748048,53.302969],[6.746072,53.305245],[6.745479,53.306127],[6.745433,53.306196],[6.745056,53.30679],[6.74491,53.30702],[6.744928,53.307025],[6.74493,53.307091],[6.744893,53.307267],[6.744853,53.307462],[6.744792,53.307754],[6.74491,53.307808],[6.745761,53.308196],[6.746778,53.308688],[6.74706,53.308827],[6.747235,53.308914],[6.747431,53.30901],[6.748085,53.309328],[6.748731,53.309642],[6.748782,53.309659],[6.748878,53.309716],[6.74891,53.309748],[6.74907,53.309738],[6.749224,53.309796],[6.749351,53.309843],[6.749507,53.309808],[6.749539,53.309823],[6.749555,53.30983],[6.749577,53.30984],[6.749671,53.309882],[6.749654,53.309916],[6.749625,53.309986],[6.749575,53.310116],[6.749556,53.310168],[6.749512,53.310281],[6.749492,53.310325],[6.749454,53.310397],[6.749426,53.310446],[6.749394,53.3105],[6.749357,53.310549],[6.749303,53.310612],[6.749256,53.310657],[6.749212,53.310694],[6.749149,53.310738],[6.749081,53.310783],[6.749023,53.310816],[6.748861,53.310879],[6.748767,53.310907],[6.748576,53.310966],[6.748425,53.311009],[6.748254,53.311054],[6.748036,53.311108],[6.747853,53.311152],[6.747649,53.311194],[6.747613,53.311201],[6.747644,53.311254],[6.747948,53.311781],[6.747693,53.311839],[6.747651,53.311848],[6.747512,53.311879],[6.747331,53.31192],[6.747051,53.31149],[6.746782,53.311531],[6.74664,53.311552],[6.746456,53.31158],[6.746204,53.311618],[6.746184,53.311621],[6.745955,53.311656],[6.744418,53.311888],[6.744124,53.311933],[6.744052,53.311865],[6.744045,53.311859],[6.744184,53.311788],[6.744206,53.311773],[6.74422,53.311751],[6.744222,53.311731],[6.744209,53.311696],[6.744112,53.311526],[6.744067,53.311462],[6.744025,53.311403],[6.743979,53.311353],[6.743915,53.311296],[6.743887,53.311271],[6.743774,53.311173],[6.743677,53.311099],[6.743654,53.3111],[6.743611,53.311114],[6.743501,53.311168],[6.743414,53.311216],[6.74317,53.311297],[6.743134,53.311305],[6.743047,53.311323],[6.742965,53.311329],[6.742887,53.311335],[6.742869,53.311308],[6.742682,53.31102],[6.742449,53.311121],[6.742161,53.311278],[6.742091,53.311316],[6.741885,53.311428],[6.741824,53.311461],[6.741722,53.311522],[6.741587,53.311603],[6.741436,53.311702],[6.741295,53.311788],[6.740986,53.311966],[6.740828,53.312041],[6.740483,53.312174],[6.740341,53.312221],[6.740288,53.312236],[6.740222,53.312255],[6.740131,53.312273],[6.739938,53.312318],[6.739636,53.312366],[6.739335,53.312426],[6.739107,53.312484],[6.739022,53.312505],[6.738893,53.312539],[6.738867,53.312549],[6.738612,53.312646],[6.738454,53.312715],[6.738296,53.312783],[6.737914,53.312941],[6.737842,53.312964],[6.737792,53.312926],[6.737722,53.312875],[6.737677,53.312834],[6.737564,53.31277],[6.737452,53.312707],[6.737032,53.312465],[6.736715,53.31228],[6.736519,53.312157],[6.736235,53.311949],[6.736185,53.311919],[6.736135,53.311898],[6.736041,53.311897],[6.735901,53.311929],[6.735703,53.311982],[6.735454,53.312027],[6.735176,53.312057],[6.734961,53.312073],[6.734691,53.312079],[6.734593,53.312081],[6.73458,53.312081],[6.734433,53.312062],[6.734327,53.312042],[6.734235,53.312014],[6.734076,53.311963],[6.733807,53.311858],[6.733645,53.311795],[6.733452,53.311697],[6.733312,53.311626],[6.732971,53.311451],[6.732919,53.311419],[6.732901,53.311409],[6.732656,53.311185],[6.732578,53.311088],[6.732429,53.310844],[6.732392,53.310781],[6.732202,53.310471],[6.732175,53.310396],[6.732127,53.310302],[6.73208,53.310174],[6.732041,53.310022],[6.732013,53.309839],[6.732017,53.309829],[6.732078,53.309643],[6.732153,53.309517],[6.732198,53.30945],[6.732296,53.309339],[6.732327,53.309301],[6.732359,53.309222],[6.732348,53.309111],[6.732295,53.308988],[6.732135,53.3087],[6.732039,53.308594],[6.731903,53.308537],[6.731708,53.308517],[6.731527,53.308531],[6.731266,53.308563],[6.731097,53.308558],[6.731036,53.308548],[6.730953,53.308529],[6.730843,53.308492],[6.730747,53.308448],[6.730406,53.308262],[6.73036,53.308203],[6.73042,53.308154],[6.730509,53.308077],[6.730565,53.307978],[6.730589,53.307834],[6.730566,53.307671],[6.730525,53.307558],[6.730399,53.307375],[6.730242,53.307193],[6.730006,53.306959],[6.729935,53.306889],[6.729858,53.306812],[6.729791,53.306744],[6.729692,53.306634],[6.729655,53.306579],[6.729609,53.306513],[6.729556,53.306415],[6.729488,53.30623],[6.72945,53.306094],[6.729423,53.305944],[6.729422,53.30592],[6.729421,53.305905],[6.729416,53.305818],[6.729425,53.305688],[6.729438,53.305597],[6.729462,53.30543],[6.729449,53.305354],[6.729448,53.305349],[6.729396,53.305292],[6.729281,53.305247],[6.728722,53.305159],[6.728442,53.30509],[6.728244,53.305043],[6.72802,53.305001],[6.7279,53.305002],[6.727779,53.305011],[6.727512,53.305006],[6.727103,53.304986],[6.727036,53.304974],[6.727012,53.304972],[6.727,53.304968],[6.726964,53.304961],[6.726663,53.304906],[6.726495,53.304894],[6.726443,53.304908],[6.726352,53.304939],[6.726241,53.304968],[6.726097,53.305],[6.725957,53.305034],[6.725679,53.305107],[6.725542,53.305145],[6.725404,53.305182],[6.725267,53.30522],[6.72518,53.305247],[6.725133,53.305261],[6.725019,53.305298],[6.725001,53.305304],[6.724874,53.305352],[6.724617,53.305444],[6.724359,53.305536],[6.724351,53.305539],[6.723578,53.305815],[6.723477,53.305857],[6.723305,53.305889],[6.722998,53.305916],[6.722931,53.305928],[6.722925,53.305928],[6.722856,53.305945],[6.722789,53.305966],[6.722764,53.305974],[6.722724,53.305989],[6.722596,53.306039],[6.722521,53.306073],[6.72244,53.306107],[6.722354,53.306142],[6.722186,53.306209],[6.721994,53.306284],[6.721936,53.306313],[6.721883,53.306345],[6.721824,53.306392],[6.721797,53.30642],[6.721737,53.306448],[6.721616,53.306502],[6.721557,53.30653],[6.721503,53.306562],[6.721399,53.306627],[6.721293,53.30669],[6.721076,53.306814],[6.720956,53.306881],[6.720884,53.306919],[6.720842,53.306941],[6.720731,53.307003],[6.720616,53.307062],[6.720613,53.307063],[6.720497,53.307118],[6.72037,53.307166],[6.720244,53.307215],[6.720117,53.307263],[6.719989,53.30731],[6.719858,53.307354],[6.719852,53.307355],[6.719448,53.30747],[6.719167,53.307545],[6.718651,53.307689],[6.718106,53.30784],[6.717504,53.307973],[6.717161,53.30806],[6.717007,53.308099],[6.716713,53.308174],[6.716643,53.308192],[6.716501,53.308221],[6.716357,53.308247],[6.71607,53.308299],[6.715498,53.308407],[6.714923,53.30851],[6.71435,53.308617],[6.714279,53.308631],[6.714209,53.308648],[6.714139,53.308665],[6.71407,53.308684],[6.714003,53.308705],[6.713936,53.308728],[6.713872,53.308756],[6.713859,53.308766],[6.713762,53.308813],[6.713646,53.308869],[6.713299,53.309041],[6.712833,53.309267],[6.712717,53.309324],[6.712658,53.309352],[6.712595,53.309377],[6.712529,53.3094],[6.712461,53.309422],[6.712391,53.309442],[6.712305,53.309462],[6.712001,53.309527],[6.711719,53.309587],[6.710727,53.309795],[6.710303,53.309885],[6.710263,53.309899],[6.710012,53.309959],[6.709953,53.309967],[6.709883,53.309982],[6.709741,53.310012],[6.70967,53.310025],[6.709598,53.310038],[6.709524,53.310048],[6.709446,53.31005],[6.709398,53.310049],[6.709312,53.310042],[6.709229,53.310032],[6.709156,53.310015],[6.70902,53.309974],[6.708955,53.30995],[6.708895,53.309923],[6.708863,53.309911],[6.708839,53.309893],[6.708784,53.309862],[6.708737,53.309825],[6.708695,53.309784],[6.708679,53.309764],[6.708645,53.309724],[6.708581,53.309643],[6.708456,53.309479],[6.707635,53.308381],[6.707612,53.308346],[6.70741,53.308078],[6.707178,53.307772],[6.706962,53.307452],[6.706787,53.307216],[6.706758,53.307177],[6.706725,53.307139],[6.70669,53.30711],[6.706647,53.307086],[6.706593,53.307067],[6.706536,53.307054],[6.706477,53.307048],[6.706416,53.307048],[6.706407,53.307048],[6.706347,53.307058],[6.706293,53.307075],[6.706212,53.307107],[6.706179,53.307122],[6.70612,53.307146],[6.706056,53.30717],[6.706,53.307201],[6.705958,53.307225],[6.705891,53.307265],[6.705781,53.307329],[6.70566,53.307383],[6.705535,53.307433],[6.705415,53.307481],[6.705406,53.307475],[6.705325,53.3075],[6.705142,53.307387],[6.704908,53.307237],[6.704572,53.307023],[6.700575,53.304471],[6.697986,53.302819],[6.697215,53.302327],[6.696414,53.301819],[6.696277,53.301728],[6.692275,53.299167],[6.692134,53.299077],[6.691425,53.298622],[6.691079,53.298401],[6.689974,53.297694],[6.689784,53.29757],[6.689736,53.297539],[6.689592,53.297449],[6.689562,53.297465],[6.689426,53.297533],[6.689321,53.297593],[6.689201,53.29765],[6.689077,53.297712],[6.688822,53.297835],[6.68861,53.297927],[6.688392,53.298017],[6.688141,53.298112],[6.68798,53.298173],[6.687785,53.298234],[6.687618,53.298285],[6.687456,53.298328],[6.687288,53.298366],[6.687211,53.298389],[6.687027,53.298445],[6.68701,53.29845],[6.686871,53.298519],[6.686778,53.298586],[6.68671,53.298657],[6.68667,53.298726],[6.68664,53.298795],[6.686639,53.298829],[6.686639,53.298841],[6.686053,53.29917],[6.685684,53.299395],[6.684924,53.299886],[6.684262,53.300321],[6.683982,53.300499],[6.683595,53.300736],[6.68302,53.30108],[6.682582,53.301353],[6.682081,53.301663],[6.681705,53.301897],[6.681612,53.301951],[6.681461,53.302033],[6.681446,53.30204],[6.681274,53.302129],[6.681053,53.302245],[6.68078,53.302383],[6.68058,53.302487],[6.680469,53.302542],[6.68042,53.302566],[6.68022,53.302655],[6.679976,53.302752],[6.679578,53.302888],[6.679317,53.302972],[6.679208,53.303008],[6.679161,53.303023],[6.679029,53.303064],[6.678866,53.303115],[6.678686,53.303179],[6.678443,53.303259],[6.67812,53.303379],[6.677919,53.303453],[6.67774,53.303521],[6.677557,53.303586],[6.677374,53.303653],[6.677272,53.303691],[6.677264,53.303694],[6.677234,53.303709],[6.677173,53.303741],[6.677082,53.303782],[6.67699,53.303815],[6.676827,53.30387],[6.67673,53.303899],[6.676478,53.303966],[6.676317,53.304009],[6.676207,53.304037],[6.676036,53.304076],[6.675687,53.304151],[6.675367,53.304217],[6.674923,53.304325],[6.674687,53.304387],[6.674442,53.30446],[6.674271,53.304507],[6.674153,53.304543],[6.674063,53.30457],[6.673979,53.304597],[6.673797,53.304657],[6.673641,53.304704],[6.673326,53.304793],[6.673246,53.304814],[6.673149,53.30483],[6.673078,53.304841],[6.672984,53.304854],[6.672919,53.304862],[6.672762,53.304878],[6.672678,53.304884],[6.672602,53.304888],[6.672519,53.304898],[6.672436,53.304912],[6.67233,53.304931],[6.671884,53.305001],[6.67171,53.305029],[6.671684,53.305031],[6.671449,53.305055],[6.671207,53.305107],[6.670881,53.305128],[6.670586,53.305119],[6.670278,53.305148],[6.66969,53.305201],[6.669464,53.30521],[6.66892,53.30523],[6.668767,53.305253],[6.668483,53.3053],[6.66829,53.30534],[6.667731,53.305458],[6.667562,53.30549],[6.667535,53.305499],[6.66744,53.305528],[6.667169,53.305608],[6.667046,53.30564],[6.666954,53.305666],[6.666473,53.305764],[6.666073,53.305839],[6.665723,53.305906],[6.665365,53.305963],[6.66513,53.305998],[6.664961,53.306027],[6.664646,53.306088],[6.664294,53.306156],[6.664191,53.306171],[6.664125,53.306182],[6.663763,53.306239],[6.663233,53.306324],[6.662747,53.306401],[6.662352,53.306456],[6.662094,53.306492],[6.661472,53.306577],[6.661446,53.306581],[6.661283,53.306605],[6.66107,53.306639],[6.660935,53.306662],[6.660766,53.306693],[6.660615,53.306726],[6.660508,53.306751],[6.660408,53.306773],[6.660219,53.306822],[6.65982,53.306942],[6.659711,53.306973],[6.659196,53.30712],[6.658945,53.307191],[6.658674,53.307266],[6.65859,53.307293],[6.658292,53.307388],[6.65799,53.307474],[6.657421,53.307641],[6.6573,53.307676],[6.657144,53.30772],[6.657054,53.307752],[6.656987,53.307776],[6.656976,53.307783],[6.656649,53.307932],[6.656663,53.307952],[6.656753,53.308063],[6.655937,53.30833],[6.655767,53.308117],[6.655673,53.308151],[6.655481,53.308219],[6.655073,53.308346],[6.654844,53.308407],[6.654729,53.308436],[6.654644,53.30846],[6.654572,53.308479],[6.654469,53.308506],[6.654137,53.308611],[6.654093,53.308628],[6.654053,53.308645],[6.654003,53.308537],[6.653911,53.308408],[6.653685,53.308362],[6.653632,53.308271],[6.653739,53.308156],[6.653661,53.308066],[6.653684,53.308058],[6.653561,53.307881],[6.653443,53.307713],[6.653256,53.307446],[6.653147,53.307289],[6.652989,53.307052],[6.652844,53.306831],[6.652562,53.306419],[6.652416,53.306204],[6.652377,53.306158],[6.652343,53.306105],[6.652193,53.305881],[6.652049,53.305665],[6.652003,53.305602],[6.651887,53.305459],[6.651751,53.305296],[6.651702,53.305243],[6.651647,53.305193],[6.651553,53.305094],[6.651497,53.305034],[6.651426,53.304956],[6.651345,53.30488],[6.651184,53.304733],[6.650983,53.304542],[6.65082,53.304381],[6.650693,53.304237],[6.650552,53.304065],[6.650453,53.30394],[6.650293,53.303708],[6.649998,53.303301],[6.649891,53.303155],[6.649871,53.303127],[6.649661,53.302829],[6.649546,53.302659],[6.649366,53.3024],[6.649288,53.302281],[6.649407,53.302249],[6.649393,53.302226],[6.649323,53.302119],[6.6493,53.302084],[6.649178,53.302106],[6.649148,53.302057],[6.64913,53.302029],[6.64902,53.301848],[6.648913,53.301681],[6.648854,53.301579],[6.648745,53.301384],[6.648617,53.301164],[6.648507,53.300974],[6.648379,53.300726],[6.648297,53.300562],[6.648172,53.300323],[6.648065,53.300118],[6.647982,53.299962],[6.647933,53.299873],[6.647841,53.299686],[6.647794,53.299576],[6.647747,53.299439],[6.647701,53.299286],[6.647683,53.29918],[6.647675,53.299139],[6.647629,53.298927],[6.647566,53.298633],[6.647525,53.298486],[6.647442,53.298251],[6.647355,53.298057],[6.647277,53.297904],[6.647225,53.29782],[6.647037,53.297505],[6.646842,53.297202],[6.646431,53.296529],[6.64609,53.29597],[6.645963,53.295757],[6.645489,53.295763],[6.64543,53.295762],[6.645406,53.295754],[6.645381,53.29574],[6.645361,53.295708],[6.645284,53.295529],[6.645174,53.295231],[6.645588,53.295144],[6.6455,53.294999],[6.64545,53.294926],[6.645395,53.29484],[6.645376,53.294809],[6.64535,53.294761],[6.645327,53.29472],[6.645291,53.29467],[6.645082,53.294379],[6.64507,53.294361],[6.644973,53.294235],[6.644847,53.294069],[6.644736,53.29391],[6.644615,53.293736],[6.644474,53.293529],[6.644311,53.293293],[6.644173,53.293085],[6.644095,53.292971],[6.644046,53.292903],[6.643984,53.292812],[6.643981,53.29279],[6.643978,53.292752],[6.643969,53.292716],[6.643928,53.292637],[6.643879,53.29255],[6.643843,53.292477],[6.643804,53.29242],[6.643699,53.292262],[6.643533,53.292023],[6.643332,53.291731],[6.643164,53.291496],[6.642768,53.290934],[6.642679,53.290807],[6.64251,53.290554],[6.642307,53.290247],[6.64212,53.289966],[6.641963,53.289743],[6.641706,53.289381],[6.641413,53.288954],[6.640668,53.287851],[6.640212,53.287197],[6.639912,53.28678],[6.639758,53.286571],[6.63949,53.286183],[6.639066,53.285537],[6.638776,53.28512],[6.638394,53.284561],[6.637917,53.283866],[6.637632,53.283451],[6.637231,53.282845],[6.636805,53.282209],[6.636521,53.281788],[6.636191,53.281301],[6.635682,53.280546],[6.635403,53.280129],[6.634566,53.278868],[6.634294,53.278465],[6.63408,53.278142],[6.633992,53.278008],[6.633835,53.277772],[6.633706,53.277591],[6.63345,53.277206],[6.633252,53.276919],[6.633167,53.276781],[6.632967,53.276492],[6.632777,53.276212],[6.632706,53.276108],[6.632627,53.275995],[6.632471,53.275775],[6.632426,53.275707],[6.63212,53.275271],[6.631906,53.274977],[6.631564,53.274489],[6.631374,53.274214],[6.63127,53.274064],[6.630422,53.272849],[6.629831,53.272008],[6.629551,53.271611],[6.629237,53.271138],[6.629138,53.270993],[6.629109,53.270953],[6.628956,53.270726],[6.62861,53.270195],[6.628139,53.269482],[6.627878,53.269092],[6.62756,53.268617],[6.627379,53.268358],[6.627026,53.267825],[6.626716,53.267401],[6.626409,53.266955],[6.626099,53.266489],[6.625986,53.266367],[6.625899,53.266276],[6.625857,53.266216],[6.625848,53.266197],[6.625847,53.266186],[6.62585,53.266171],[6.625858,53.266158],[6.625873,53.26614],[6.625908,53.266112],[6.626023,53.266046],[6.62627,53.265944],[6.626456,53.265837],[6.626876,53.265583],[6.627234,53.265366],[6.627509,53.265194],[6.627553,53.265161],[6.627607,53.265104],[6.627846,53.264773],[6.62796,53.264602],[6.628038,53.264499],[6.628082,53.264454],[6.628182,53.264352],[6.628208,53.264324],[6.628412,53.264144],[6.628524,53.264048],[6.628675,53.263925],[6.628958,53.263696],[6.629497,53.263275],[6.62976,53.263061],[6.629951,53.26291],[6.630275,53.262659],[6.630768,53.262273],[6.63132,53.261836],[6.631598,53.261607],[6.631773,53.261463],[6.631954,53.261319],[6.632045,53.261244],[6.632088,53.26121],[6.632118,53.26118],[6.632144,53.261149],[6.632169,53.261117],[6.632229,53.261026],[6.63223,53.261024],[6.632282,53.260961],[6.632363,53.26088],[6.63251,53.260733],[6.632666,53.260584],[6.633065,53.260171],[6.633287,53.259935],[6.633452,53.25976],[6.633459,53.259747],[6.633469,53.259727],[6.633496,53.259652],[6.633545,53.259504],[6.633629,53.259268],[6.633736,53.258964],[6.633814,53.258739],[6.633893,53.258526],[6.633928,53.258431],[6.634085,53.257992],[6.634171,53.257777],[6.634258,53.25755],[6.634305,53.257422],[6.634341,53.257346],[6.634378,53.257267],[6.634415,53.257176],[6.634505,53.256939],[6.634576,53.256767],[6.634582,53.256755],[6.634612,53.256697],[6.634629,53.256676],[6.634648,53.256656],[6.634663,53.256643],[6.63468,53.256635],[6.634713,53.256633],[6.634729,53.256629],[6.634749,53.256622],[6.634753,53.256616],[6.634762,53.2566],[6.634793,53.256528],[6.634834,53.256432],[6.634904,53.256243],[6.634975,53.256069],[6.635047,53.255895],[6.635089,53.255806],[6.635143,53.255702],[6.63521,53.25558],[6.635257,53.255488],[6.635298,53.255398],[6.635348,53.255281],[6.635374,53.255206],[6.635389,53.255136],[6.635435,53.254919],[6.635527,53.254458],[6.635557,53.254313],[6.635584,53.254173],[6.635591,53.254158],[6.635604,53.254149],[6.635619,53.254142],[6.635638,53.254131],[6.635654,53.254123],[6.635666,53.254112],[6.635678,53.254094],[6.635692,53.253999],[6.635745,53.253695],[6.635837,53.253127],[6.635851,53.252929],[6.635869,53.25268],[6.635896,53.252428],[6.635912,53.252321],[6.635962,53.252018],[6.636015,53.251672],[6.636031,53.251577],[6.636048,53.251461],[6.636045,53.251434],[6.636031,53.251412],[6.63602,53.251396],[6.635996,53.251384],[6.635957,53.251368],[6.635566,53.251236],[6.635532,53.251274],[6.635531,53.251275],[6.635518,53.25129],[6.635517,53.251291],[6.635465,53.251323],[6.635422,53.251344],[6.635367,53.251356],[6.635305,53.251357],[6.635295,53.251356],[6.635204,53.251338],[6.635043,53.251285],[6.634927,53.251266],[6.634783,53.251251],[6.631836,53.250907],[6.63183,53.250907],[6.631182,53.250837],[6.63035,53.250729],[6.628845,53.250554],[6.62807,53.250472],[6.627635,53.250421],[6.626926,53.250345],[6.62526,53.250153],[6.62485,53.250105],[6.624221,53.250043],[6.624062,53.250028],[6.624009,53.250023],[6.620599,53.249609],[6.619297,53.249448],[6.619058,53.249973],[6.618346,53.251486],[6.618293,53.251485],[6.617647,53.251436],[6.617263,53.251406],[6.617062,53.251397],[6.616883,53.251396],[6.616814,53.251401],[6.616741,53.251413],[6.616677,53.251421],[6.616619,53.251421],[6.614244,53.251413],[6.612902,53.25141],[6.611453,53.251407],[6.610414,53.251405],[6.607778,53.251407],[6.606671,53.25141],[6.606558,53.251411],[6.606466,53.251414],[6.606443,53.251415],[6.606407,53.251417],[6.606376,53.251498],[6.606308,53.251849],[6.606284,53.252063],[6.606325,53.252454],[6.606356,53.252485],[6.606413,53.25252],[6.606451,53.252563],[6.60647,53.252612],[6.606497,53.252758],[6.60651,53.252909],[6.606515,53.253028],[6.606514,53.253107],[6.60649,53.253242],[6.606463,53.253398],[6.606427,53.253544],[6.6064,53.253693],[6.606377,53.253727],[6.606351,53.253741],[6.606311,53.253748],[6.606249,53.253755],[6.605972,53.253761],[6.605619,53.253792],[6.605421,53.25382],[6.60522,53.25387],[6.605035,53.253923],[6.604895,53.253957],[6.604844,53.253967],[6.604411,53.254013],[6.602066,53.254237],[6.601009,53.254329],[6.599048,53.254511],[6.598253,53.25459],[6.598053,53.254609],[6.596861,53.254726],[6.595276,53.254881],[6.592142,53.255187],[6.591035,53.255287],[6.590835,53.255311],[6.590721,53.255324],[6.590643,53.255333],[6.590597,53.255339],[6.589968,53.255397],[6.587591,53.255634],[6.587511,53.255644],[6.587389,53.255659],[6.587262,53.25567],[6.587126,53.255714],[6.587017,53.255749],[6.586848,53.255815],[6.586833,53.255804],[6.586779,53.25581],[6.586328,53.255846],[6.586331,53.255852],[6.586344,53.255875],[6.58653,53.25634],[6.586649,53.25682],[6.586796,53.257559],[6.586927,53.258189],[6.586932,53.258212],[6.587152,53.259274],[6.587289,53.259917],[6.587362,53.26026],[6.587365,53.260273],[6.587377,53.260273],[6.587419,53.260276],[6.587437,53.260292],[6.587469,53.260453],[6.587491,53.26057],[6.587544,53.260769],[6.587581,53.260882],[6.587588,53.260916],[6.587589,53.260918],[6.587636,53.261009],[6.587636,53.26101],[6.587646,53.261032],[6.587659,53.26106],[6.587703,53.261147],[6.587873,53.261464],[6.587978,53.261633],[6.588062,53.261754],[6.588075,53.261777],[6.588097,53.261815],[6.588114,53.261827],[6.588209,53.26195],[6.58856,53.262392],[6.588693,53.262551],[6.588573,53.262549],[6.587479,53.26253],[6.587336,53.262523],[6.586114,53.262499],[6.585779,53.262492],[6.585752,53.26154],[6.584906,53.261537],[6.584171,53.261529],[6.584175,53.261682],[6.583178,53.261682],[6.582106,53.261682],[6.580962,53.261683],[6.580964,53.261722],[6.580966,53.261762],[6.580964,53.261762],[6.580706,53.261759],[6.58034,53.261757],[6.580176,53.261755],[6.579739,53.261752],[6.579338,53.261752],[6.578087,53.261734],[6.57808,53.261637],[6.576791,53.261628],[6.576125,53.261623],[6.575624,53.26162],[6.574666,53.261617],[6.574526,53.261616],[6.574388,53.261614],[6.574251,53.261613],[6.573216,53.261599],[6.573215,53.261577],[6.573218,53.261502],[6.573062,53.261499],[6.572737,53.261494],[6.572045,53.261495],[6.571203,53.261495],[6.570405,53.261495],[6.569508,53.261497],[6.568402,53.261495],[6.567392,53.261494],[6.56723,53.261494],[6.567009,53.262228],[6.566926,53.262559],[6.566853,53.262713],[6.566757,53.26305],[6.566601,53.263607],[6.56648,53.2636],[6.565968,53.263568],[6.564294,53.263464],[6.563957,53.26345],[6.563088,53.26341],[6.562846,53.263397],[6.562579,53.263376],[6.5619,53.26333],[6.561389,53.263294],[6.561035,53.263268],[6.560531,53.263236],[6.559942,53.263208],[6.559771,53.263199],[6.559418,53.263154],[6.558269,53.262998],[6.558261,53.262996],[6.55822,53.262985],[6.558217,53.262984],[6.558202,53.262971],[6.558187,53.262937],[6.558135,53.262443],[6.558095,53.26244],[6.556984,53.262368],[6.555763,53.26229],[6.554759,53.262225],[6.554489,53.26221],[6.553978,53.26219],[6.553945,53.262126],[6.55351,53.262137],[6.552573,53.262168],[6.552397,53.262179],[6.552314,53.26219],[6.552283,53.262194],[6.552187,53.262208],[6.552124,53.262218],[6.551731,53.2623],[6.551428,53.262366],[6.551387,53.262375],[6.551594,53.262593],[6.55172,53.262771],[6.55186,53.262949],[6.551884,53.263013],[6.551864,53.263155],[6.551811,53.263284],[6.55175,53.263369],[6.551654,53.263437],[6.551424,53.263547],[6.551146,53.263652],[6.551043,53.263686],[6.550882,53.263724],[6.550725,53.263747],[6.550603,53.263759],[6.550502,53.263762],[6.550365,53.263752],[6.550316,53.263742],[6.550222,53.263864],[6.550139,53.263953],[6.550088,53.263998],[6.549856,53.264201],[6.549705,53.264314],[6.549585,53.264388],[6.549552,53.264409],[6.549601,53.264463],[6.549854,53.264611],[6.549945,53.264668],[6.549976,53.264707],[6.549987,53.264714],[6.55012,53.264796],[6.550168,53.264821],[6.55033,53.264905],[6.550263,53.264947],[6.550243,53.264936],[6.550183,53.264904],[6.550138,53.264886],[6.550075,53.264868],[6.550018,53.264853],[6.549912,53.264838],[6.54977,53.26482],[6.549684,53.264809],[6.549668,53.264807],[6.549576,53.264796],[6.54957,53.264795],[6.549494,53.264789],[6.549401,53.264783],[6.549289,53.264779],[6.549126,53.264767],[6.549021,53.264756],[6.548989,53.264751],[6.548972,53.264748],[6.548957,53.264742],[6.548938,53.264734],[6.548899,53.264709],[6.548853,53.26467],[6.54884,53.264661],[6.54883,53.264655],[6.548815,53.264648],[6.548799,53.264642],[6.548773,53.264634],[6.548699,53.264619],[6.548639,53.264609],[6.548493,53.26459],[6.548326,53.264574],[6.548148,53.264553],[6.547952,53.264528],[6.547749,53.264499],[6.547571,53.264473],[6.54742,53.264452],[6.547333,53.264439],[6.547305,53.264435],[6.547252,53.264426],[6.547223,53.264423],[6.546972,53.26439],[6.546913,53.26438],[6.546909,53.264379],[6.546879,53.264375],[6.546894,53.264337],[6.546877,53.264334],[6.546739,53.264308],[6.546606,53.264289],[6.546566,53.264279],[6.546536,53.264275],[6.546523,53.264274],[6.546435,53.264264],[6.546431,53.264264],[6.546214,53.264276],[6.545916,53.264291],[6.545801,53.264277],[6.545533,53.264243],[6.545531,53.264235],[6.545124,53.264175],[6.545006,53.264158],[6.544573,53.264104],[6.543702,53.263994],[6.542496,53.263849],[6.541444,53.2637],[6.541065,53.263635],[6.540967,53.263624],[6.540861,53.263621],[6.540774,53.263629],[6.540622,53.263658],[6.540118,53.263756],[6.538831,53.263978],[6.538269,53.26407],[6.538127,53.26409],[6.538007,53.264097],[6.537926,53.264097],[6.537972,53.264029],[6.538126,53.263798],[6.538172,53.263717],[6.538211,53.263628],[6.538265,53.263479],[6.538319,53.263365],[6.538418,53.263221],[6.538492,53.263125],[6.538592,53.263017],[6.538613,53.262978],[6.538645,53.2629],[6.538644,53.262864],[6.538557,53.262743],[6.538484,53.262664],[6.538597,53.262314],[6.538653,53.262184],[6.539016,53.261175],[6.53923,53.260573],[6.539308,53.26036],[6.539112,53.260337],[6.538929,53.260315],[6.537625,53.26016],[6.537216,53.260106],[6.53704,53.260087],[6.536583,53.260027],[6.53584,53.259953],[6.535851,53.260187],[6.53448,53.260085],[6.534266,53.26006],[6.534231,53.260023],[6.534226,53.259977],[6.534238,53.259935],[6.534253,53.259839],[6.534268,53.259641],[6.534154,53.259609],[6.533375,53.259316],[6.533057,53.259191],[6.531785,53.258704],[6.531718,53.258762],[6.53141,53.259042],[6.530828,53.258783],[6.530312,53.258561],[6.530256,53.258538],[6.530222,53.258516],[6.530212,53.25849],[6.530228,53.258433],[6.530258,53.258343],[6.53029,53.258278],[6.53031,53.258238],[6.529928,53.258225],[6.529799,53.258226],[6.529683,53.258241],[6.529565,53.258268],[6.52949,53.258291],[6.529343,53.258371],[6.529291,53.258408],[6.529283,53.258421],[6.529225,53.2584],[6.52895,53.258299],[6.528832,53.258264],[6.528743,53.258241],[6.528642,53.258226],[6.528543,53.258215],[6.528439,53.258214],[6.528001,53.25825],[6.527495,53.258301],[6.527209,53.258319],[6.526931,53.258317],[6.526732,53.258297],[6.526594,53.258266],[6.526433,53.258215],[6.526262,53.258125],[6.526116,53.258032],[6.526096,53.258019],[6.526038,53.257976],[6.526014,53.257958],[6.525883,53.258001],[6.525863,53.25794],[6.525819,53.257855],[6.525736,53.257734],[6.52565,53.257588],[6.525613,53.257512],[6.52551,53.257252],[6.525484,53.257204],[6.525457,53.257167],[6.525412,53.25712],[6.525337,53.257062],[6.525151,53.256934],[6.524961,53.256813],[6.524737,53.256674],[6.524468,53.256522],[6.524292,53.256436],[6.52424,53.256476],[6.524087,53.256594],[6.524025,53.256642],[6.523826,53.256788],[6.523667,53.256901],[6.523169,53.257242],[6.522555,53.257661],[6.522478,53.257707],[6.522452,53.257714],[6.522438,53.257718],[6.522411,53.257719],[6.522346,53.257723],[6.52203,53.257711],[6.521924,53.257714],[6.521815,53.257725],[6.52172,53.257742],[6.521621,53.257762],[6.521313,53.257834],[6.521132,53.257869],[6.520788,53.257927],[6.520512,53.257967],[6.520383,53.25798],[6.520301,53.257984],[6.520206,53.257985],[6.520103,53.257984],[6.519894,53.257975],[6.519774,53.257975],[6.51962,53.257981],[6.519545,53.257986],[6.519404,53.258007],[6.519325,53.258026],[6.519275,53.258046],[6.519227,53.258075],[6.519203,53.258101],[6.519178,53.258146],[6.519168,53.258183],[6.519149,53.258393],[6.519139,53.25843],[6.519115,53.258457],[6.519088,53.258479],[6.519054,53.258489],[6.519038,53.25849],[6.518996,53.258493],[6.51892,53.258488],[6.518091,53.258331],[6.517121,53.258145],[6.516195,53.257967],[6.516087,53.257947],[6.515843,53.257902],[6.514632,53.257677],[6.514665,53.257638],[6.5144,53.257589],[6.513427,53.257417],[6.513382,53.25741],[6.51337,53.25743],[6.513191,53.257403],[6.513162,53.257398],[6.512803,53.257344],[6.512269,53.257241],[6.512224,53.257232],[6.512131,53.257202],[6.511185,53.256902],[6.511101,53.256875],[6.511053,53.25686],[6.511028,53.256852],[6.51099,53.25684],[6.510825,53.256788],[6.50944,53.25721],[6.50824,53.257574],[6.508246,53.257273],[6.50825,53.256856],[6.508254,53.256556],[6.508286,53.256437],[6.50832,53.256308],[6.508336,53.256249],[6.508353,53.256186],[6.508381,53.256092],[6.508571,53.255855],[6.508613,53.255812],[6.508666,53.255758],[6.508703,53.255722],[6.50875,53.255674],[6.508821,53.255617],[6.508866,53.255582],[6.508947,53.255526],[6.509072,53.255449],[6.509186,53.255377],[6.509281,53.255323],[6.509313,53.255304],[6.509438,53.255231],[6.50954,53.255176],[6.509794,53.25504],[6.509941,53.254963],[6.510075,53.254892],[6.510352,53.254745],[6.510488,53.254668],[6.51064,53.254585],[6.510761,53.254515],[6.51088,53.254444],[6.51109,53.254321],[6.511211,53.25425],[6.511323,53.254184],[6.511442,53.254114],[6.511348,53.254042],[6.511272,53.253984],[6.511261,53.253977],[6.511234,53.253955],[6.51109,53.25385],[6.510988,53.253775],[6.510864,53.253681],[6.510633,53.25351],[6.510449,53.253374],[6.510369,53.253322],[6.510099,53.253144],[6.509843,53.252969],[6.509694,53.252869],[6.509684,53.252862],[6.509583,53.252798],[6.509436,53.252878],[6.509006,53.253074],[6.509064,53.2527],[6.509084,53.252576],[6.509112,53.252418],[6.509017,53.252366],[6.508923,53.252313],[6.508808,53.252247],[6.508695,53.252184],[6.508542,53.252097],[6.508315,53.251969],[6.508228,53.251918],[6.508141,53.251866],[6.508029,53.251791],[6.507834,53.251662],[6.507549,53.25147],[6.507438,53.251394],[6.507394,53.251366],[6.507263,53.251277],[6.507124,53.251184],[6.50705,53.251134],[6.506952,53.251071],[6.506946,53.251067],[6.506864,53.251012],[6.506778,53.250957],[6.506482,53.250761],[6.506326,53.250658],[6.506187,53.250564],[6.506149,53.250523],[6.506109,53.250482],[6.506007,53.250381],[6.505883,53.250253],[6.505826,53.250196],[6.505733,53.250105],[6.505612,53.24998],[6.505514,53.24989],[6.505375,53.24975],[6.505259,53.249636],[6.505234,53.249612],[6.505168,53.249549],[6.505084,53.249463],[6.504918,53.249305],[6.504887,53.249274],[6.50465,53.249087],[6.50494,53.248907],[6.504759,53.248809],[6.504623,53.248732],[6.504564,53.2487],[6.50449,53.248662],[6.50439,53.2486],[6.504104,53.248439],[6.504017,53.248384],[6.503851,53.248285],[6.503801,53.24825],[6.503784,53.248238],[6.503762,53.248221],[6.503725,53.248197],[6.503665,53.248163],[6.503512,53.248067],[6.503359,53.247974],[6.503169,53.247853],[6.502937,53.247688],[6.502825,53.247619],[6.502678,53.247527],[6.502636,53.247501],[6.502549,53.247538],[6.502163,53.247701],[6.502151,53.247706],[6.500595,53.248067],[6.499236,53.248383],[6.498718,53.248026],[6.498552,53.247914],[6.49806,53.247577],[6.498029,53.247509],[6.497527,53.247136],[6.49704,53.246766],[6.496738,53.246527],[6.495847,53.245823],[6.495989,53.245611],[6.495931,53.245609],[6.494676,53.245562],[6.494543,53.245644],[6.494451,53.245697],[6.494404,53.245728],[6.494356,53.245751],[6.494284,53.245785],[6.49423,53.245806],[6.494182,53.245823],[6.494102,53.245843],[6.494057,53.245852],[6.494014,53.245858],[6.493969,53.245863],[6.493903,53.245868],[6.493823,53.245869],[6.493758,53.245869],[6.493682,53.245869],[6.493633,53.245866],[6.49359,53.245864],[6.493303,53.245809],[6.492538,53.24566],[6.491986,53.245555],[6.492386,53.24636],[6.49231,53.246421],[6.492436,53.246675],[6.491086,53.246878],[6.490494,53.246966],[6.49046,53.246973],[6.490425,53.24698],[6.490416,53.246988],[6.490403,53.247],[6.49039,53.247023],[6.490394,53.247077],[6.4904,53.247115],[6.490404,53.247155],[6.490409,53.247188],[6.490428,53.247321],[6.490042,53.2473],[6.489765,53.247284],[6.489447,53.247268],[6.488885,53.247238],[6.488726,53.247231],[6.48871,53.247258],[6.488686,53.247305],[6.488668,53.247338],[6.488656,53.247363],[6.488634,53.247414],[6.488626,53.247432],[6.488596,53.24749],[6.488573,53.247544],[6.488549,53.247597],[6.488534,53.247628],[6.488512,53.247674],[6.488482,53.247738],[6.488453,53.247803],[6.48843,53.24785],[6.488409,53.247897],[6.488394,53.247936],[6.488377,53.247979],[6.488367,53.248005],[6.488343,53.248076],[6.488308,53.248195],[6.488289,53.248264],[6.48827,53.248322],[6.488261,53.248351],[6.488252,53.248417],[6.48824,53.248481],[6.488228,53.248571],[6.488225,53.248596],[6.488233,53.248625],[6.48826,53.248675],[6.488286,53.248712],[6.488321,53.248759],[6.488351,53.248791],[6.488393,53.248831],[6.488424,53.248863],[6.488468,53.248901],[6.488557,53.248978],[6.488602,53.249016],[6.488264,53.24907],[6.487271,53.24922],[6.486853,53.249283],[6.486612,53.24932],[6.486333,53.249364],[6.486269,53.249374],[6.486082,53.249402],[6.485817,53.249442],[6.48535,53.249514],[6.484979,53.249566],[6.484423,53.249653],[6.483966,53.249721],[6.483852,53.249738],[6.483343,53.249817],[6.482933,53.249881],[6.482539,53.249941],[6.482166,53.249997],[6.481785,53.250055],[6.481345,53.250122],[6.480921,53.250185],[6.480907,53.250095],[6.480842,53.249677],[6.480774,53.249229],[6.480728,53.248935],[6.480687,53.248714],[6.48065,53.248516],[6.480614,53.248311],[6.48055,53.247959],[6.480515,53.247747],[6.480474,53.247544],[6.480439,53.247372],[6.480431,53.24733],[6.48043,53.247214],[6.480427,53.247068],[6.480441,53.246921],[6.480447,53.246758],[6.480447,53.246661],[6.480448,53.246558],[6.480451,53.246541],[6.480462,53.246487],[6.480513,53.24632],[6.480524,53.246276],[6.480534,53.246176],[6.480537,53.246131],[6.480536,53.246074],[6.480522,53.245959],[6.4805,53.245788],[6.480474,53.2455],[6.480457,53.245356],[6.480424,53.245117],[6.480405,53.245007],[6.48038,53.244895],[6.480308,53.244681],[6.48027,53.244568],[6.480232,53.244467],[6.480195,53.244361],[6.480141,53.244231],[6.480103,53.244137],[6.480049,53.244026],[6.479984,53.243889],[6.479914,53.243752],[6.479861,53.243645],[6.479811,53.243546],[6.479762,53.243443],[6.479718,53.243348],[6.479671,53.243239],[6.479627,53.243136],[6.479559,53.242984],[6.479512,53.242865],[6.479466,53.24274],[6.479414,53.242592],[6.479368,53.242485],[6.479298,53.242317],[6.479247,53.242211],[6.479192,53.242113],[6.479107,53.241963],[6.479084,53.241922],[6.479035,53.241832],[6.478964,53.241725],[6.478869,53.241599],[6.47876,53.241449],[6.47866,53.241324],[6.478586,53.241219],[6.478518,53.24111],[6.478508,53.241092],[6.47846,53.241007],[6.478408,53.240891],[6.478368,53.240751],[6.478334,53.240589],[6.478283,53.240373],[6.478242,53.240197],[6.4782,53.240007],[6.478173,53.239897],[6.47813,53.239735],[6.478104,53.239643],[6.478053,53.239525],[6.478023,53.23944],[6.477967,53.239321],[6.477816,53.238978],[6.47758,53.238438],[6.477528,53.238322],[6.477165,53.237578],[6.476692,53.236583],[6.476495,53.236154],[6.476361,53.235894],[6.476058,53.235291],[6.476054,53.235282],[6.475924,53.235023],[6.475692,53.234527],[6.475405,53.233909],[6.475151,53.233384],[6.47498,53.233071],[6.474788,53.232766],[6.474642,53.232563],[6.474562,53.232461],[6.474414,53.232291],[6.47427,53.232149],[6.474156,53.232041],[6.474077,53.231967],[6.473929,53.231825],[6.473894,53.231778],[6.473859,53.231723],[6.473831,53.231674],[6.473804,53.231622],[6.473792,53.231569],[6.473786,53.231521],[6.473782,53.231462],[6.473782,53.231412],[6.473784,53.23136],[6.473794,53.231308],[6.473813,53.231262],[6.47384,53.23121],[6.473876,53.231158],[6.473919,53.231107],[6.473946,53.231086],[6.47401,53.231033],[6.474066,53.230995],[6.474121,53.230957],[6.474189,53.23091],[6.474353,53.230828],[6.474226,53.230665],[6.474119,53.230527],[6.474005,53.230388],[6.473876,53.23025],[6.473864,53.230237],[6.473837,53.230209],[6.47382,53.230191],[6.473748,53.230127],[6.473691,53.230063],[6.473619,53.229976],[6.473584,53.229911],[6.473551,53.229868],[6.473521,53.229818],[6.473495,53.229771],[6.473446,53.22967],[6.473402,53.229563],[6.473358,53.229458],[6.473274,53.229251],[6.473178,53.229023],[6.473079,53.228777],[6.472974,53.228528],[6.472862,53.228254],[6.472728,53.227936],[6.472603,53.227627],[6.472311,53.226915],[6.472132,53.226457],[6.471997,53.226112],[6.471766,53.225533],[6.471645,53.225225],[6.471495,53.22484],[6.471271,53.22428],[6.47115,53.223967],[6.470776,53.223017],[6.470563,53.222479],[6.470387,53.222023],[6.470253,53.221676],[6.470134,53.221379],[6.469956,53.220924],[6.469865,53.220697],[6.46983,53.220607],[6.469825,53.220594],[6.469816,53.220572],[6.469799,53.220535],[6.469768,53.220468],[6.46974,53.220408],[6.469692,53.220306],[6.469686,53.220292],[6.469638,53.220164],[6.469526,53.21988],[6.469482,53.219764],[6.469452,53.219697],[6.469395,53.219566],[6.469351,53.219462],[6.469258,53.219237],[6.469183,53.219053],[6.46915,53.218964],[6.469104,53.218849],[6.46906,53.218733],[6.469007,53.218603],[6.46895,53.218454],[6.468901,53.218328],[6.468844,53.218181],[6.468787,53.218038],[6.46875,53.217958],[6.468707,53.217885],[6.468663,53.217834],[6.468635,53.21778],[6.468592,53.217702],[6.468547,53.217635],[6.468521,53.217581],[6.468486,53.217495],[6.468442,53.217408],[6.468375,53.217235],[6.468338,53.217137],[6.468293,53.217025],[6.468249,53.216905],[6.468209,53.216783],[6.468172,53.216687],[6.46813,53.216575],[6.468083,53.216459],[6.468048,53.216364],[6.467996,53.216232],[6.467953,53.216116],[6.467947,53.216099],[6.467919,53.216029],[6.467901,53.215983],[6.467848,53.215845],[6.467806,53.215721],[6.467759,53.215601],[6.467714,53.215475],[6.467673,53.21536],[6.46763,53.215251],[6.467581,53.21513],[6.467535,53.214992],[6.467495,53.214874],[6.467452,53.214769],[6.467396,53.214617],[6.467351,53.214508],[6.467316,53.214406],[6.467303,53.214374],[6.467299,53.214341],[6.467294,53.214294],[6.467279,53.21424],[6.467272,53.214199],[6.467263,53.214157],[6.467251,53.214115],[6.467242,53.214075],[6.467229,53.214037],[6.467201,53.21398],[6.467166,53.213916],[6.467131,53.213858],[6.467085,53.213791],[6.467018,53.213693],[6.466977,53.213621],[6.466966,53.213594],[6.466944,53.213546],[6.466876,53.213383],[6.466755,53.21308],[6.466656,53.212817],[6.466585,53.212654],[6.466503,53.212447],[6.466423,53.21225],[6.466335,53.212037],[6.466217,53.211747],[6.466128,53.21152],[6.466045,53.211308],[6.46596,53.211088],[6.465879,53.210888],[6.465794,53.210678],[6.46571,53.210466],[6.465626,53.210262],[6.465542,53.210057],[6.465488,53.209921],[6.465418,53.209747],[6.465347,53.209578],[6.465289,53.209431],[6.465232,53.209296],[6.465177,53.209167],[6.46513,53.209055],[6.465059,53.208898],[6.465013,53.208789],[6.464965,53.208683],[6.464911,53.208552],[6.464872,53.208447],[6.464833,53.208334],[6.464795,53.20823],[6.464745,53.208093],[6.464716,53.20802],[6.464694,53.207962],[6.464683,53.207903],[6.464682,53.207846],[6.464678,53.207782],[6.464677,53.207728],[6.464681,53.207699],[6.464584,53.207699],[6.464582,53.207638],[6.464474,53.207614],[6.464551,53.207612],[6.464676,53.207463],[6.464747,53.207379],[6.46482,53.207339],[6.46487,53.207312],[6.46498,53.207252],[6.465205,53.207122],[6.465492,53.206949],[6.465675,53.206837],[6.46581,53.206756],[6.465941,53.206681],[6.466108,53.206605],[6.466169,53.20658],[6.466249,53.206548],[6.466474,53.206424],[6.466626,53.206368],[6.466841,53.206271],[6.466916,53.206232],[6.466934,53.206222],[6.466974,53.206202],[6.467004,53.20617],[6.467015,53.206136],[6.467016,53.206133],[6.467022,53.206088],[6.467032,53.205953],[6.467041,53.205866],[6.467071,53.205677],[6.467074,53.205656],[6.467077,53.205626],[6.467075,53.2056],[6.467072,53.205581],[6.467065,53.205551],[6.467057,53.205523],[6.467043,53.205482],[6.467028,53.205446],[6.466997,53.205367],[6.466984,53.205329],[6.466968,53.205287],[6.466954,53.205249],[6.466944,53.20522],[6.466935,53.205191],[6.466919,53.205153],[6.466909,53.205126],[6.466903,53.205089],[6.466902,53.205075],[6.466901,53.20505],[6.466901,53.205019],[6.4669,53.20498],[6.4669,53.204946],[6.4669,53.204914],[6.4669,53.204884],[6.466897,53.204858],[6.466901,53.204818],[6.466902,53.204774],[6.466901,53.204744],[6.466897,53.204725],[6.46689,53.204695],[6.466875,53.204666],[6.466863,53.204643],[6.466841,53.20462],[6.466824,53.204603],[6.466818,53.204584],[6.466812,53.20457],[6.466812,53.204561],[6.466816,53.20453],[6.466826,53.204505],[6.466863,53.2044],[6.466879,53.204358],[6.4669,53.204302],[6.466802,53.204273],[6.466789,53.20427],[6.466706,53.204254],[6.46652,53.204222],[6.466383,53.204193],[6.466252,53.204164],[6.466218,53.204153],[6.466202,53.204146],[6.466177,53.204133],[6.466169,53.204128],[6.466128,53.204105],[6.46604,53.204051],[6.465958,53.204002],[6.465895,53.203963],[6.465822,53.20391],[6.465744,53.203859],[6.465675,53.203812],[6.465593,53.203754],[6.465525,53.203711],[6.465448,53.203655],[6.465358,53.203592],[6.46531,53.203559],[6.465293,53.203547],[6.465247,53.203513],[6.465186,53.203471],[6.465154,53.203448],[6.465082,53.2034],[6.465033,53.203369],[6.464874,53.20326],[6.464738,53.203161],[6.46472,53.203149],[6.464539,53.203029],[6.464386,53.202943],[6.464315,53.202907],[6.464304,53.202902],[6.464243,53.202872],[6.464091,53.202779],[6.463833,53.202614],[6.463782,53.202582],[6.463608,53.202475],[6.463564,53.202448],[6.463453,53.202381],[6.463443,53.202374],[6.46314,53.202202],[6.462746,53.201979],[6.462884,53.201598],[6.462997,53.201282],[6.463038,53.201162],[6.463109,53.200979],[6.46319,53.200763],[6.463207,53.20072],[6.463243,53.200625],[6.463245,53.20062],[6.463306,53.200463],[6.463428,53.200146],[6.463428,53.200145],[6.463454,53.200077],[6.463461,53.200058]]]},"properties":{"type":"boundary","gemeente":"Groningen"}}]}