{
  "type": "FeatureCollection",
  "metadata": {
    "gemeente": "Heemskerk",
    "slug": "heemskerk",
    "generated_at": "2026-07-13T05:58:11.724479Z",
    "total_points": 29,
    "providers": [
      "Amazon",
      "DeBuren",
      "DHL",
      "DPD",
      "PostNL",
      "VintedGo",
      "InPost",
      "Budbee"
    ],
    "bounds": [
      4.651663,
      52.49402496,
      4.70102152985667,
      52.527651
    ]
  },
  "features": [
    {
      "type": "Feature",
      "geometry": {
        "type": "Point",
        "coordinates": [
          4.651988379,
          52.50288884
        ]
      },
      "properties": {
        "type": "pakketpunt",
        "locatieNaam": "GAMMA Heemskerk",
        "straatNaam": "De Smidse 15 -17",
        "straatNr": "",
        "vervoerder": "Amazon",
        "puntType": "3p",
        "bezettingsgraad": 50,
        "latitude": 52.50288884,
        "longitude": 4.651988379,
        "canPickup": true,
        "canDropoff": false
      }
    },
    {
      "type": "Feature",
      "geometry": {
        "type": "Point",
        "coordinates": [
          4.69755566629377,
          52.5057868551339
        ]
      },
      "properties": {
        "type": "pakketpunt",
        "locatieNaam": "Alpha Pakketservice",
        "straatNaam": "De Trompet 1909",
        "straatNr": "",
        "vervoerder": "Amazon",
        "puntType": "3p",
        "bezettingsgraad": 50,
        "latitude": 52.5057868551339,
        "longitude": 4.69755566629377,
        "canPickup": true,
        "canDropoff": false
      }
    },
    {
      "type": "Feature",
      "geometry": {
        "type": "Point",
        "coordinates": [
          4.651663,
          52.527651
        ]
      },
      "properties": {
        "type": "pakketpunt",
        "locatieNaam": "Heemskerk | Rijksstraatweg | TinQ | Pakketautomaat",
        "straatNaam": "Rijksstraatweg",
        "straatNr": "170C",
        "vervoerder": "DeBuren",
        "puntType": "Buitenkluis",
        "bezettingsgraad": 50,
        "latitude": 52.527651,
        "longitude": 4.651663,
        "canPickup": true,
        "canDropoff": true
      }
    },
    {
      "type": "Feature",
      "geometry": {
        "type": "Point",
        "coordinates": [
          4.651914259447516,
          52.50298296769781
        ]
      },
      "properties": {
        "type": "pakketpunt",
        "locatieNaam": "Pakketautomaat GAMMA Heemskerk",
        "straatNaam": "De Smidse",
        "straatNr": "15",
        "vervoerder": "DHL",
        "puntType": "packStation",
        "bezettingsgraad": 50,
        "latitude": 52.50298296769781,
        "longitude": 4.651914259447516,
        "canPickup": true,
        "canDropoff": true
      }
    },
    {
      "type": "Feature",
      "geometry": {
        "type": "Point",
        "coordinates": [
          4.652972476734154,
          52.513728302404466
        ]
      },
      "properties": {
        "type": "pakketpunt",
        "locatieNaam": "Pakketautomaat Total Heemskerk",
        "straatNaam": "Rijksstraatweg",
        "straatNr": "82",
        "vervoerder": "DHL",
        "puntType": "packStation",
        "bezettingsgraad": 50,
        "latitude": 52.513728302404466,
        "longitude": 4.652972476734154,
        "canPickup": true,
        "canDropoff": true
      }
    },
    {
      "type": "Feature",
      "geometry": {
        "type": "Point",
        "coordinates": [
          4.6674576604998235,
          52.50362750300188
        ]
      },
      "properties": {
        "type": "pakketpunt",
        "locatieNaam": "Pakketautomaat Praxis Heemskerk",
        "straatNaam": "Jan Ligthartstraat",
        "straatNr": "33",
        "vervoerder": "DHL",
        "puntType": "packStation",
        "bezettingsgraad": 50,
        "latitude": 52.50362750300188,
        "longitude": 4.6674576604998235,
        "canPickup": true,
        "canDropoff": true
      }
    },
    {
      "type": "Feature",
      "geometry": {
        "type": "Point",
        "coordinates": [
          4.659844,
          52.514744
        ]
      },
      "properties": {
        "type": "pakketpunt",
        "locatieNaam": "Pakketautomaat Basic-Fit Heemskerk",
        "straatNaam": "Kerkweg",
        "straatNr": "221",
        "vervoerder": "DHL",
        "puntType": "packStation",
        "bezettingsgraad": 50,
        "latitude": 52.514744,
        "longitude": 4.659844,
        "canPickup": true,
        "canDropoff": true
      }
    },
    {
      "type": "Feature",
      "geometry": {
        "type": "Point",
        "coordinates": [
          4.6738305,
          52.5109251
        ]
      },
      "properties": {
        "type": "pakketpunt",
        "locatieNaam": "Pakketautomaat terStal Heemskerk",
        "straatNaam": "Maerelaan",
        "straatNr": "12-Kast",
        "vervoerder": "DHL",
        "puntType": "packStation",
        "bezettingsgraad": 50,
        "latitude": 52.5109251,
        "longitude": 4.6738305,
        "canPickup": true,
        "canDropoff": true
      }
    },
    {
      "type": "Feature",
      "geometry": {
        "type": "Point",
        "coordinates": [
          4.6717511,
          52.5146718
        ]
      },
      "properties": {
        "type": "pakketpunt",
        "locatieNaam": "Pakketwinkel Istanbul Market",
        "straatNaam": "Bachplein",
        "straatNr": "13",
        "vervoerder": "DHL",
        "puntType": "parcelShop",
        "bezettingsgraad": 50,
        "latitude": 52.5146718,
        "longitude": 4.6717511,
        "canPickup": true,
        "canDropoff": true
      }
    },
    {
      "type": "Feature",
      "geometry": {
        "type": "Point",
        "coordinates": [
          4.699050426483154,
          52.5057258605957
        ]
      },
      "properties": {
        "type": "pakketpunt",
        "locatieNaam": "First Service & Solutions",
        "straatNaam": "De Trompet",
        "straatNr": "1909",
        "vervoerder": "DHL",
        "puntType": "parcelShop",
        "bezettingsgraad": 50,
        "latitude": 52.5057258605957,
        "longitude": 4.699050426483154,
        "canPickup": true,
        "canDropoff": true
      }
    },
    {
      "type": "Feature",
      "geometry": {
        "type": "Point",
        "coordinates": [
          4.6982364655,
          52.5056190491
        ]
      },
      "properties": {
        "type": "pakketpunt",
        "locatieNaam": "First Service Solutions",
        "straatNaam": "DE TROMPET",
        "straatNr": "1909",
        "vervoerder": "DPD",
        "puntType": "pickup_point",
        "bezettingsgraad": 50,
        "latitude": 52.5056190491,
        "longitude": 4.6982364655,
        "canPickup": true,
        "canDropoff": true
      }
    },
    {
      "type": "Feature",
      "geometry": {
        "type": "Point",
        "coordinates": [
          4.6717511,
          52.5146718
        ]
      },
      "properties": {
        "type": "pakketpunt",
        "locatieNaam": "Istanbul Market",
        "straatNaam": "BACHPLEIN",
        "straatNr": "13",
        "vervoerder": "DPD",
        "puntType": "pickup_point",
        "bezettingsgraad": 50,
        "latitude": 52.5146718,
        "longitude": 4.6717511,
        "canPickup": true,
        "canDropoff": true
      }
    },
    {
      "type": "Feature",
      "geometry": {
        "type": "Point",
        "coordinates": [
          4.669761,
          52.5113287
        ]
      },
      "properties": {
        "type": "pakketpunt",
        "locatieNaam": "Naaiatelier Ahmed",
        "straatNaam": "VAN COEVENHOVENSTRAAT",
        "straatNr": "13",
        "vervoerder": "DPD",
        "puntType": "pickup_point",
        "bezettingsgraad": 50,
        "latitude": 52.5113287,
        "longitude": 4.669761,
        "canPickup": true,
        "canDropoff": true
      }
    },
    {
      "type": "Feature",
      "geometry": {
        "type": "Point",
        "coordinates": [
          4.651663,
          52.527651
        ]
      },
      "properties": {
        "type": "pakketpunt",
        "locatieNaam": "Pakketautomaat - De Buren - TinQ Ri",
        "straatNaam": "RIJKSSTRAATWEG",
        "straatNr": "170 C",
        "vervoerder": "DPD",
        "puntType": "dpd_box",
        "bezettingsgraad": 50,
        "latitude": 52.527651,
        "longitude": 4.651663,
        "canPickup": true,
        "canDropoff": true
      }
    },
    {
      "type": "Feature",
      "geometry": {
        "type": "Point",
        "coordinates": [
          4.677082,
          52.494475
        ]
      },
      "properties": {
        "type": "pakketpunt",
        "locatieNaam": "Schoenmakerij Saffier",
        "straatNaam": "EUROPAPLEIN",
        "straatNr": "1",
        "vervoerder": "DPD",
        "puntType": "pickup_point",
        "bezettingsgraad": 50,
        "latitude": 52.494475,
        "longitude": 4.677082,
        "canPickup": true,
        "canDropoff": true
      }
    },
    {
      "type": "Feature",
      "geometry": {
        "type": "Point",
        "coordinates": [
          4.655929,
          52.505222
        ]
      },
      "properties": {
        "type": "pakketpunt",
        "locatieNaam": "UR126 Pakketautomaat Budbee",
        "straatNaam": "RIJKSSTRAATWEG",
        "straatNr": "40",
        "vervoerder": "DPD",
        "puntType": "dpd_box",
        "bezettingsgraad": 50,
        "latitude": 52.505222,
        "longitude": 4.655929,
        "canPickup": true,
        "canDropoff": false
      }
    },
    {
      "type": "Feature",
      "geometry": {
        "type": "Point",
        "coordinates": [
          4.667241,
          52.510788
        ]
      },
      "properties": {
        "type": "pakketpunt",
        "locatieNaam": "UR415 Pakketautomaat Budbee",
        "straatNaam": "KERKWEG",
        "straatNr": "85",
        "vervoerder": "DPD",
        "puntType": "dpd_box",
        "bezettingsgraad": 50,
        "latitude": 52.510788,
        "longitude": 4.667241,
        "canPickup": true,
        "canDropoff": false
      }
    },
    {
      "type": "Feature",
      "geometry": {
        "type": "Point",
        "coordinates": [
          4.651988379,
          52.50288884
        ]
      },
      "properties": {
        "type": "pakketpunt",
        "locatieNaam": "Pakket- en briefautomaat",
        "straatNaam": "De Smidse",
        "straatNr": "15PBA",
        "vervoerder": "PostNL",
        "puntType": "automaat",
        "bezettingsgraad": 50,
        "latitude": 52.50288884,
        "longitude": 4.651988379,
        "canPickup": true,
        "canDropoff": true
      }
    },
    {
      "type": "Feature",
      "geometry": {
        "type": "Point",
        "coordinates": [
          4.651988379,
          52.50288884
        ]
      },
      "properties": {
        "type": "pakketpunt",
        "locatieNaam": "GAMMA Heemskerk",
        "straatNaam": "De Smidse",
        "straatNr": "15-17",
        "vervoerder": "PostNL",
        "puntType": "servicepunt",
        "bezettingsgraad": 50,
        "latitude": 52.50288884,
        "longitude": 4.651988379,
        "canPickup": true,
        "canDropoff": true
      }
    },
    {
      "type": "Feature",
      "geometry": {
        "type": "Point",
        "coordinates": [
          4.668353,
          52.5107747
        ]
      },
      "properties": {
        "type": "pakketpunt",
        "locatieNaam": "Pakketautomaat",
        "straatNaam": "Kerkweg",
        "straatNr": "43PBA",
        "vervoerder": "PostNL",
        "puntType": "automaat",
        "bezettingsgraad": 50,
        "latitude": 52.5107747,
        "longitude": 4.668353,
        "canPickup": true,
        "canDropoff": true
      }
    },
    {
      "type": "Feature",
      "geometry": {
        "type": "Point",
        "coordinates": [
          4.67030641,
          52.51127854
        ]
      },
      "properties": {
        "type": "pakketpunt",
        "locatieNaam": "Bekker Tabak Speciaalzaak",
        "straatNaam": "Deutzstraat",
        "straatNr": "33",
        "vervoerder": "PostNL",
        "puntType": "servicepunt",
        "bezettingsgraad": 50,
        "latitude": 52.51127854,
        "longitude": 4.67030641,
        "canPickup": true,
        "canDropoff": true
      }
    },
    {
      "type": "Feature",
      "geometry": {
        "type": "Point",
        "coordinates": [
          4.67760902470886,
          52.49459596372941
        ]
      },
      "properties": {
        "type": "pakketpunt",
        "locatieNaam": "Primera Europaplein",
        "straatNaam": "Europassage",
        "straatNr": "6",
        "vervoerder": "PostNL",
        "puntType": "servicepunt",
        "bezettingsgraad": 50,
        "latitude": 52.49459596372941,
        "longitude": 4.67760902470886,
        "canPickup": true,
        "canDropoff": true
      }
    },
    {
      "type": "Feature",
      "geometry": {
        "type": "Point",
        "coordinates": [
          4.684265856,
          52.49402496
        ]
      },
      "properties": {
        "type": "pakketpunt",
        "locatieNaam": "Pakket- en briefautomaat",
        "straatNaam": "Euratomplein",
        "straatNr": "7PBA",
        "vervoerder": "PostNL",
        "puntType": "automaat",
        "bezettingsgraad": 50,
        "latitude": 52.49402496,
        "longitude": 4.684265856,
        "canPickup": true,
        "canDropoff": true
      }
    },
    {
      "type": "Feature",
      "geometry": {
        "type": "Point",
        "coordinates": [
          4.69755566629377,
          52.5057868551339
        ]
      },
      "properties": {
        "type": "pakketpunt",
        "locatieNaam": "Alpha Pakketservice",
        "straatNaam": "De Trompet",
        "straatNr": "1909",
        "vervoerder": "PostNL",
        "puntType": "servicepunt",
        "bezettingsgraad": 50,
        "latitude": 52.5057868551339,
        "longitude": 4.69755566629377,
        "canPickup": true,
        "canDropoff": true
      }
    },
    {
      "type": "Feature",
      "geometry": {
        "type": "Point",
        "coordinates": [
          4.70102152985667,
          52.5035960025105
        ]
      },
      "properties": {
        "type": "pakketpunt",
        "locatieNaam": "Pakketautomaat",
        "straatNaam": "De Trompet",
        "straatNr": "2999PBA",
        "vervoerder": "PostNL",
        "puntType": "automaat",
        "bezettingsgraad": 50,
        "latitude": 52.5035960025105,
        "longitude": 4.70102152985667,
        "canPickup": true,
        "canDropoff": true
      }
    },
    {
      "type": "Feature",
      "geometry": {
        "type": "Point",
        "coordinates": [
          4.6717512,
          52.5146718
        ]
      },
      "properties": {
        "type": "pakketpunt",
        "locatieNaam": "Supermarkt Istanbul",
        "straatNaam": "Bachplein 13",
        "straatNr": "",
        "vervoerder": "VintedGo",
        "puntType": "parcel_shop",
        "bezettingsgraad": 50,
        "latitude": 52.5146718,
        "longitude": 4.6717512,
        "canPickup": true,
        "canDropoff": true
      }
    },
    {
      "type": "Feature",
      "geometry": {
        "type": "Point",
        "coordinates": [
          4.67175,
          52.51472
        ]
      },
      "properties": {
        "type": "pakketpunt",
        "locatieNaam": "ISTANBUL MARKET",
        "straatNaam": "Bachplein 13",
        "straatNr": "",
        "vervoerder": "InPost",
        "puntType": "servicepunt",
        "bezettingsgraad": 50,
        "latitude": 52.51472,
        "longitude": 4.67175,
        "canPickup": true,
        "canDropoff": true
      }
    },
    {
      "type": "Feature",
      "geometry": {
        "type": "Point",
        "coordinates": [
          4.655929,
          52.505222
        ]
      },
      "properties": {
        "type": "pakketpunt",
        "locatieNaam": "UR126 Pakketautomaat Budbee",
        "straatNaam": "RIJKSSTRAATWEG",
        "straatNr": "40",
        "vervoerder": "Budbee",
        "puntType": "automaat",
        "bezettingsgraad": 50,
        "latitude": 52.505222,
        "longitude": 4.655929,
        "canPickup": true,
        "canDropoff": true
      }
    },
    {
      "type": "Feature",
      "geometry": {
        "type": "Point",
        "coordinates": [
          4.667241,
          52.510788
        ]
      },
      "properties": {
        "type": "pakketpunt",
        "locatieNaam": "UR415 Pakketautomaat Budbee",
        "straatNaam": "KERKWEG",
        "straatNr": "85",
        "vervoerder": "Budbee",
        "puntType": "automaat",
        "bezettingsgraad": 50,
        "latitude": 52.510788,
        "longitude": 4.667241,
        "canPickup": true,
        "canDropoff": true
      }
    },
    {
      "type": "Feature",
      "geometry": {
        "type": "MultiPolygon",
        "coordinates": [
          [
            [
              [
                4.656087104812798,
                52.501882347885065
              ],
              [
                4.655905698390482,
                52.50164203289867
              ],
              [
                4.655686569228222,
                52.50141372566402
              ],
              [
                4.6554318280339215,
                52.501199624704626
              ],
              [
                4.655143928342326,
                52.50100179171166
              ],
              [
                4.654825642877012,
                52.50082213169669
              ],
              [
                4.654480036843998,
                52.50066237465447
              ],
              [
                4.654110438414347,
                52.50052405891099
              ],
              [
                4.653720406679885,
                52.500408516316845
              ],
              [
                4.6533136973903995,
                52.50031685942882
              ],
              [
                4.652894226801727,
                52.50024997080231
              ],
              [
                4.652466033982239,
                52.500208494497656
              ],
              [
                4.652033241939878,
                52.500192829881776
              ],
              [
                4.651600017943108,
                52.50020312778488
              ],
              [
                4.651170533416867,
                52.5002392890491
              ],
              [
                4.650748923798622,
                52.50030096548255
              ],
              [
                4.650339248740027,
                52.500387563210445
              ],
              [
                4.649945453036363,
                52.500498248390485
              ],
              [
                4.649571328659027,
                52.50063195523771
              ],
              [
                4.6492204782558675,
                52.50078739628191
              ],
              [
                4.648896280470096,
                52.50096307475912
              ],
              [
                4.648601857411255,
                52.50115729901774
              ],
              [
                4.648340044591146,
                52.5013681988014
              ],
              [
                4.648113363614137,
                52.50159374325161
              ],
              [
                4.647923997884888,
                52.50183176045774
              ],
              [
                4.647921581433302,
                52.501835752846056
              ],
              [
                4.647849871469261,
                52.50192588562502
              ],
              [
                4.647699644413392,
                52.502174083432315
              ],
              [
                4.647590004181344,
                52.50243007183561
              ],
              [
                4.647522007331183,
                52.50269138564042
              ],
              [
                4.647496309432802,
                52.50295550832458
              ],
              [
                4.647513158726621,
                52.503219896270856
              ],
              [
                4.647572393703864,
                52.50348200326231
              ],
              [
                4.647673444632806,
                52.503739305004515
              ],
              [
                4.6478153390174155,
                52.50398932343801
              ],
              [
                4.647996710936884,
                52.50422965060743
              ],
              [
                4.648215814177153,
                52.504457971856965
              ],
              [
                4.648470539028813,
                52.50467208812821
              ],
              [
                4.648758432590359,
                52.5048699371462
              ],
              [
                4.649076722381809,
                52.505049613288485
              ],
              [
                4.649422343041659,
                52.50520938594619
              ],
              [
                4.649791965850153,
                52.505347716199424
              ],
              [
                4.650182030794524,
                52.505463271646605
              ],
              [
                4.650588780867031,
                52.505554939243986
              ],
              [
                4.651008298265038,
                52.50562183603186
              ],
              [
                4.651436542143765,
                52.50566331764388
              ],
              [
                4.651575008726852,
                52.505668329625465
              ],
              [
                4.6515869586593155,
                52.505721181948786
              ],
              [
                4.651688038050143,
                52.50597848019526
              ],
              [
                4.651829962314327,
                52.506228493756886
              ],
              [
                4.652011365243316,
                52.506468814725146
              ],
              [
                4.652230500324401,
                52.50669712850395
              ],
              [
                4.65248525754148,
                52.506911236106816
              ],
              [
                4.65277318368129,
                52.50710907534222
              ],
              [
                4.653091505950019,
                52.507288740681936
              ],
              [
                4.65343715867328,
                52.507448501621106
              ],
              [
                4.653806812822419,
                52.50758681935263
              ],
              [
                4.654196908082711,
                52.5077023615956
              ],
              [
                4.654603687154326,
                52.5077940154334
              ],
              [
                4.655023231955218,
                52.507860898038906
              ],
              [
                4.655451501376579,
                52.50790236518231
              ],
              [
                4.655884370226407,
                52.507918017439785
              ],
              [
                4.656317668985177,
                52.50790770404305
              ],
              [
                4.656747223989632,
                52.50787152433218
              ],
              [
                4.657168897656641,
                52.5078098267986
              ],
              [
                4.657578628358575,
                52.50772320572636
              ],
              [
                4.6579724695651405,
                52.507612495464905
              ],
              [
                4.658346627873661,
                52.50747876238861
              ],
              [
                4.6586974995607076,
                52.507323294619916
              ],
              [
                4.659021705302306,
                52.5071475896168
              ],
              [
                4.659316122727824,
                52.50695333974282
              ],
              [
                4.65957791649363,
                52.506742415959785
              ],
              [
                4.659804565586812,
                52.50651684980088
              ],
              [
                4.659993887596053,
                52.50627881379714
              ],
              [
                4.66014405971624,
                52.50603060054697
              ],
              [
                4.660253636285038,
                52.50577460063013
              ],
              [
                4.66032156268322,
                52.50551327957955
              ],
              [
                4.660347185465726,
                52.50524915413229
              ],
              [
                4.66033025862692,
                52.50498476798919
              ],
              [
                4.660270945940697,
                52.50472266731696
              ],
              [
                4.660169819354086,
                52.504465376227266
              ],
              [
                4.660027853450897,
                52.50421537247085
              ],
              [
                4.659846416039846,
                52.503975063579446
              ],
              [
                4.659627254958771,
                52.503746763685065
              ],
              [
                4.65937248122293,
                52.50353267124054
              ],
              [
                4.6590845486804024,
                52.50333484785494
              ],
              [
                4.6587662303710475,
                52.50315519844738
              ],
              [
                4.6584205918171016,
                52.50299545291047
              ],
              [
                4.658050961502692,
                52.5028571494593
              ],
              [
                4.657660898826595,
                52.50274161982612
              ],
              [
                4.657254159836445,
                52.50264997644291
              ],
              [
                4.656834661073981,
                52.50258310173504
              ],
              [
                4.65640644187878,
                52.5025416396288
              ],
              [
                4.656364172524594,
                52.50254011127471
              ],
              [
                4.656330139297275,
                52.502389650962904
              ],
              [
                4.65622904095576,
                52.5021323564324
              ],
              [
                4.656087104812798,
                52.501882347885065
              ]
            ]
          ],
          [
            [
              [
                4.671374611270103,
                52.50238018457261
              ],
              [
                4.6711553983780245,
                52.50215190580614
              ],
              [
                4.670900577811336,
                52.50193783796454
              ],
              [
                4.670612603868841,
                52.50174004241994
              ],
              [
                4.6702942499888245,
                52.501560423823314
              ],
              [
                4.669948582035807,
                52.50140071177061
              ],
              [
                4.669578928776795,
                52.5012624441544
              ],
              [
                4.669188849831315,
                52.50114695236194
              ],
              [
                4.6687821014035045,
                52.501055348460795
              ],
              [
                4.668362600125856,
                52.50098851449623
              ],
              [
                4.667934385362086,
                52.500947094002214
              ],
              [
                4.667501580331331,
                52.5009314858083
              ],
              [
                4.6670683524270595,
                52.50094184020152
              ],
              [
                4.66663887311184,
                52.50097805748002
              ],
              [
                4.666217277773026,
                52.50103978891261
              ],
              [
                4.6658076259248995,
                52.50112644009499
              ],
              [
                4.665413862139417,
                52.50123717667008
              ],
              [
                4.665039778080848,
                52.50137093235812
              ],
              [
                4.664688976009063,
                52.5015264192186
              ],
              [
                4.664364834102158,
                52.501702140046376
              ],
              [
                4.664070473931902,
                52.50189640278197
              ],
              [
                4.663808730404826,
                52.502107336798424
              ],
              [
                4.663582124458319,
                52.5023329109076
              ],
              [
                4.663392838774819,
                52.50257095291309
              ],
              [
                4.663242696748165,
                52.502819170521825
              ],
              [
                4.663133144905308,
                52.50307517341291
              ],
              [
                4.663065238953295,
                52.5033364962523
              ],
              [
                4.6630396335867585,
                52.503600622430625
              ],
              [
                4.663056576155059,
                52.503865008296955
              ],
              [
                4.663115904251129,
                52.5041271076542
              ],
              [
                4.663217047246391,
                52.504384396281345
              ],
              [
                4.663359031758011,
                52.5046343962451
              ],
              [
                4.663540490996998,
                52.50487469976792
              ],
              [
                4.663759677908095,
                52.50510299242157
              ],
              [
                4.664014481975781,
                52.50531707542304
              ],
              [
                4.664302449535305,
                52.505514886817664
              ],
              [
                4.6646208073936775,
                52.505694521345355
              ],
              [
                4.66496648953349,
                52.505854248797974
              ],
              [
                4.66533616664254,
                52.505992530691074
              ],
              [
                4.665726278184765,
                52.506108035088815
              ],
              [
                4.666133066703354,
                52.50619964943913
              ],
              [
                4.666552614025141,
                52.50626649129526
              ],
              [
                4.666980879016964,
                52.506307916819985
              ],
              [
                4.667413736529449,
                52.50632352699035
              ],
              [
                4.667847017152288,
                52.50631317144347
              ],
              [
                4.668276547396961,
                52.50627694992546
              ],
              [
                4.668698189918925,
                52.506215211330414
              ],
              [
                4.66910788339068,
                52.50612855033798
              ],
              [
                4.669501681640698,
                52.50601780168212
              ],
              [
                4.6698757916802505,
                52.505884032106934
              ],
              [
                4.670226610251036,
                52.50572853008653
              ],
              [
                4.67055075854091,
                52.50555279340875
              ],
              [
                4.67084511473281,
                52.50535851474207
              ],
              [
                4.671106844073096,
                52.505147565325736
              ],
              [
                4.671333426169556,
                52.504921976939606
              ],
              [
                4.671522679256313,
                52.50468392232892
              ],
              [
                4.671672781192191,
                52.504435694270974
              ],
              [
                4.671782286990909,
                52.504179683488324
              ],
              [
                4.671850142714868,
                52.50391835561824
              ],
              [
                4.671875695599674,
                52.50365422746341
              ],
              [
                4.671858700312811,
                52.503389842750806
              ],
              [
                4.671799321287285,
                52.50312774763306
              ],
              [
                4.671698131108872,
                52.50287046616835
              ],
              [
                4.671556104973624,
                52.5026204760147
              ],
              [
                4.671374611270103,
                52.50238018457261
              ]
            ]
          ],
          [
            [
              [
                4.670474565552964,
                52.50840962944031
              ],
              [
                4.670084421216344,
                52.50829414065867
              ],
              [
                4.669677605165196,
                52.508202539851936
              ],
              [
                4.669258034683035,
                52.50813570903553
              ],
              [
                4.668829749799801,
                52.5080942917131
              ],
              [
                4.668396874409635,
                52.50807868668369
              ],
              [
                4.6679635765833245,
                52.50808904420376
              ],
              [
                4.667729809258514,
                52.508108756121935
              ],
              [
                4.6677178174138785,
                52.508107596312705
              ],
              [
                4.667284942306029,
                52.50809198722627
              ],
              [
                4.666851644108285,
                52.508102340684076
              ],
              [
                4.666422094959895,
                52.50813855699333
              ],
              [
                4.666000430920471,
                52.50820028743226
              ],
              [
                4.665590712165661,
                52.50828693760604
              ],
              [
                4.66519688391154,
                52.50839767316746
              ],
              [
                4.664822738443066,
                52.50853142784643
              ],
              [
                4.664471878611367,
                52.50868691371228
              ],
              [
                4.66414768315071,
                52.50886263356934
              ],
              [
                4.663853274148574,
                52.50905689536768
              ],
              [
                4.663591486981779,
                52.509267828489286
              ],
              [
                4.6633648430080745,
                52.509493401754796
              ],
              [
                4.663175525276226,
                52.509731442975855
              ],
              [
                4.663025357488894,
                52.50997965986696
              ],
              [
                4.662915786421334,
                52.51023566211431
              ],
              [
                4.662847867965979,
                52.51049698438988
              ],
              [
                4.66282225693814,
                52.510761110089916
              ],
              [
                4.662839200741981,
                52.51102549556795
              ],
              [
                4.662898536958826,
                52.51128759463078
              ],
              [
                4.662999694882154,
                52.51154488306009
              ],
              [
                4.663141700985627,
                52.51179488292453
              ],
              [
                4.6633231882725426,
                52.51203518644752
              ],
              [
                4.66354240941771,
                52.51226347920075
              ],
              [
                4.663797253576063,
                52.51247756240023
              ],
              [
                4.664085266696847,
                52.5126753740894
              ],
              [
                4.664403675148335,
                52.51285500900521
              ],
              [
                4.6647494124258655,
                52.513014736935865
              ],
              [
                4.665119148686157,
                52.513153019392156
              ],
              [
                4.665509322823361,
                52.51326852443284
              ],
              [
                4.6659161767776745,
                52.513360139499596
              ],
              [
                4.6663357917455395,
                52.513426982138846
              ],
              [
                4.66676412594208,
                52.51346840850565
              ],
              [
                4.667107830604982,
                52.51348080238288
              ],
              [
                4.66726950860412,
                52.51355548976857
              ],
              [
                4.667638031121368,
                52.513693305821576
              ],
              [
                4.6675350037189585,
                52.513863620017894
              ],
              [
                4.667425449028376,
                52.51411962623781
              ],
              [
                4.667357551162565,
                52.514380950905554
              ],
              [
                4.667331964738735,
                52.51464507739416
              ],
              [
                4.66733338537177,
                52.514667207459205
              ],
              [
                4.667330859915886,
                52.514693277344655
              ],
              [
                4.667347832111917,
                52.51495766199746
              ],
              [
                4.667407200271788,
                52.51521975863227
              ],
              [
                4.667508393381479,
                52.51547704305417
              ],
              [
                4.66765043757587,
                52.51572703737031
              ],
              [
                4.667831965491478,
                52.51596733385747
              ],
              [
                4.6680512294118595,
                52.51619561815513
              ],
              [
                4.668306118079978,
                52.51640969156073
              ],
              [
                4.668594177016374,
                52.51660749221183
              ],
              [
                4.668912632147998,
                52.516787114951846
              ],
              [
                4.669258416520514,
                52.5169468296861
              ],
              [
                4.66962819983694,
                52.51708509805252
              ],
              [
                4.670018420538094,
                52.51720058824552
              ],
              [
                4.670425320115545,
                52.51729218784986
              ],
              [
                4.670844979326173,
                52.51735901456075
              ],
              [
                4.67127335595883,
                52.517400424686805
              ],
              [
                4.671706323788531,
                52.51741601935339
              ],
              [
                4.6721397123421005,
                52.517405648347
              ],
              [
                4.672569347091162,
                52.5173694115626
              ],
              [
                4.672991089684336,
                52.517307658041474
              ],
              [
                4.673400877830037,
                52.51722098260692
              ],
              [
                4.673794764444697,
                52.51711022013219
              ],
              [
                4.674168955688371,
                52.51697643749447
              ],
              [
                4.674519847520603,
                52.516820923293736
              ],
              [
                4.674844060423653,
                52.51664517543519
              ],
              [
                4.67513847195825,
                52.51645088669506
              ],
              [
                4.6754002468379126,
                52.516239928409696
              ],
              [
                4.6756268642320755,
                52.5160143324444
              ],
              [
                4.675816142035211,
                52.51577627161729
              ],
              [
                4.675966257868476,
                52.51552803876586
              ],
              [
                4.676075766612138,
                52.51527202465853
              ],
              [
                4.67614361430068,
                52.515010694964786
              ],
              [
                4.6761691482475385,
                52.51474656650478
              ],
              [
                4.676167763163619,
                52.51472505739627
              ],
              [
                4.6761703434247375,
                52.51469836645182
              ],
              [
                4.676153318490272,
                52.51443398295279
              ],
              [
                4.676093899429841,
                52.51417189055883
              ],
              [
                4.675992659215174,
                52.513914613301814
              ],
              [
                4.675850573524548,
                52.513664628799184
              ],
              [
                4.675669011320354,
                52.51342434439701
              ],
              [
                4.675630388705826,
                52.51338414024374
              ],
              [
                4.675875202498303,
                52.51331528618995
              ],
              [
                4.676249355256552,
                52.513181496808066
              ],
              [
                4.676600209571184,
                52.51302597625515
              ],
              [
                4.676924386285877,
                52.5128502224976
              ],
              [
                4.67721876330994,
                52.51265592836846
              ],
              [
                4.677480505689278,
                52.51244496525577
              ],
              [
                4.677707092906342,
                52.51221936507153
              ],
              [
                4.677896343146196,
                52.51198130067437
              ],
              [
                4.678046434295392,
                52.511733064936095
              ],
              [
                4.678155921471843,
                52.51147704865295
              ],
              [
                4.678223750917624,
                52.51121571751536
              ],
              [
                4.678249270121738,
                52.51095158835735
              ],
              [
                4.678232234076336,
                52.5106872049155
              ],
              [
                4.678172807607227,
                52.51042511333013
              ],
              [
                4.678071563757335,
                52.510167837625424
              ],
              [
                4.677929478239784,
                52.509917855403785
              ],
              [
                4.677747920015153,
                52.50967757398934
              ],
              [
                4.677528638084602,
                52.5094493072494
              ],
              [
                4.6772737446269685,
                52.509235253317506
              ],
              [
                4.6769856946429815,
                52.5090374734316
              ],
              [
                4.67666726230312,
                52.508857872091916
              ],
              [
                4.676321514227345,
                52.50869817872808
              ],
              [
                4.675951779954067,
                52.50855993105274
              ],
              [
                4.675561619882752,
                52.50844446026109
              ],
              [
                4.675154790998525,
                52.50835287821843
              ],
              [
                4.6747352107084,
                52.50828606675953
              ],
              [
                4.6743069191367,
                52.50824466920166
              ],
              [
                4.673874040241933,
                52.50822908415351
              ],
              [
                4.673440742128623,
                52.508239461679246
              ],
              [
                4.673011196935207,
                52.50827570185431
              ],
              [
                4.672589540683248,
                52.508337455727066
              ],
              [
                4.672179833473463,
                52.50842412867714
              ],
              [
                4.671786020410836,
                52.5085348861379
              ],
              [
                4.671411893634137,
                52.50866866162852
              ],
              [
                4.671407222938403,
                52.50867073188221
              ],
              [
                4.671211338502035,
                52.50863953423872
              ],
              [
                4.670998006267013,
                52.50861890796572
              ],
              [
                4.670844281341354,
                52.508547894158305
              ],
              [
                4.670474565552964,
                52.50840962944031
              ]
            ]
          ],
          [
            [
              [
                4.656128760990625,
                52.51184123384263
              ],
              [
                4.655810393600966,
                52.51166157675274
              ],
              [
                4.655464699357116,
                52.51150182280256
              ],
              [
                4.6550950072795105,
                52.51136351028818
              ],
              [
                4.6547048773616515,
                52.51124797102901
              ],
              [
                4.654298066298589,
                52.51115631754975
              ],
              [
                4.653878491325965,
                52.511089432372856
              ],
              [
                4.653450192517038,
                52.51104795952547
              ],
              [
                4.653017293900072,
                52.511032298341256
              ],
              [
                4.652583963769471,
                52.511042599617355
              ],
              [
                4.652154374571871,
                52.511078764163365
              ],
              [
                4.651732662752379,
                52.51114044375583
              ],
              [
                4.651322888946531,
                52.51122704448964
              ],
              [
                4.650928998900268,
                52.511337732493466
              ],
              [
                4.6505547854932985,
                52.511471441955365
              ],
              [
                4.650203852230687,
                52.51162688537989
              ],
              [
                4.649879578553509,
                52.51180256598024
              ],
              [
                4.649585087302157,
                52.5119967920844
              ],
              [
                4.649323214645223,
                52.512207693418326
              ],
              [
                4.649096482763465,
                52.51243323910864
              ],
              [
                4.6489070755520014,
                52.51267125723274
              ],
              [
                4.648756817575029,
                52.51291945572761
              ],
              [
                4.648647156476239,
                52.51317544445663
              ],
              [
                4.648579149015048,
                52.51343675822227
              ],
              [
                4.648553450863946,
                52.5137008805027
              ],
              [
                4.648570310266211,
                52.5139652676845
              ],
              [
                4.648629565616145,
                52.514227373558235
              ],
              [
                4.648730646986222,
                52.51448467384008
              ],
              [
                4.648872581587615,
                52.514734690484666
              ],
              [
                4.64905400311253,
                52.51497501555383
              ],
              [
                4.64927316486944,
                52.51520333441191
              ],
              [
                4.649527956585571,
                52.5154174480235
              ],
              [
                4.649815924715587,
                52.51561529413918
              ],
              [
                4.650134296061401,
                52.51579496716442
              ],
              [
                4.650480004476033,
                52.51595473652019
              ],
              [
                4.6508497203944685,
                52.516093063318536
              ],
              [
                4.6512398829070225,
                52.516208615190976
              ],
              [
                4.6516467340660395,
                52.51630027912816
              ],
              [
                4.652066355095023,
                52.51636717220565
              ],
              [
                4.652494704150788,
                52.51640865009277
              ],
              [
                4.652927655274116,
                52.51642431326216
              ],
              [
                4.65336103815281,
                52.51641401084044
              ],
              [
                4.653790678313157,
                52.516377842061964
              ],
              [
                4.6542124373515765,
                52.51631615531286
              ],
              [
                4.654622252817941,
                52.516229544773296
              ],
              [
                4.655016177365314,
                52.51611884469131
              ],
              [
                4.655390416788129,
                52.515985121343235
              ],
              [
                4.655741366581554,
                52.51582966275791
              ],
              [
                4.655785706881196,
                52.515805639113736
              ],
              [
                4.6559256290062105,
                52.51599094001618
              ],
              [
                4.656144831374491,
                52.516219246202105
              ],
              [
                4.656399662323122,
                52.516433345078504
              ],
              [
                4.656687667928786,
                52.516631174537785
              ],
              [
                4.657006074632329,
                52.51681082914579
              ],
              [
                4.657351815946086,
                52.516970578500995
              ],
              [
                4.657721561988033,
                52.5171088839079
              ],
              [
                4.658111751558216,
                52.51722441320416
              ],
              [
                4.6585186264482425,
                52.51731605359786
              ],
              [
                4.658938267652936,
                52.51738292239131
              ],
              [
                4.659366633134689,
                52.51742437548779
              ],
              [
                4.659799596776,
                52.51744001359872
              ],
              [
                4.66023298814406,
                52.51742968609205
              ],
              [
                4.660662632683368,
                52.51739349244388
              ],
              [
                4.661084391948182,
                52.5173317812798
              ],
              [
                4.661494203486228,
                52.517245147015196
              ],
              [
                4.6618881199884745,
                52.517134424126695
              ],
              [
                4.662262347326935,
                52.51700067911021
              ],
              [
                4.662613281113278,
                52.51684520020341
              ],
              [
                4.6629375414254515,
                52.5166694849715
              ],
              [
                4.6632320053673295,
                52.51647522587651
              ],
              [
                4.663493837147421,
                52.51626429396922
              ],
              [
                4.6637205153869115,
                52.51603872086106
              ],
              [
                4.663909857394039,
                52.51580067915
              ],
              [
                4.6640600401714085,
                52.51555246148943
              ],
              [
                4.664169617954406,
                52.51529645850166
              ],
              [
                4.664237536112473,
                52.515035135749145
              ],
              [
                4.664263141280305,
                52.51477100998526
              ],
              [
                4.664246187622286,
                52.514506624914006
              ],
              [
                4.664186839170966,
                52.51424452669157
              ],
              [
                4.664085668218149,
                52.51398723940609
              ],
              [
                4.663943649775211,
                52.51373724077166
              ],
              [
                4.663762152157091,
                52.51349693827052
              ],
              [
                4.663542923781631,
                52.51326864597307
              ],
              [
                4.663288076312274,
                52.51305456225905
              ],
              [
                4.663000064307223,
                52.512856748653284
              ],
              [
                4.662681661571554,
                52.51267710998071
              ],
              [
                4.662335934440449,
                52.51251737603047
              ],
              [
                4.661966212250902,
                52.51237908490603
              ],
              [
                4.661576055286229,
                52.51226356822089
              ],
              [
                4.661169220501816,
                52.51217193828234
              ],
              [
                4.6607496253616025,
                52.51210507738629
              ],
              [
                4.660321310132961,
                52.512063629325944
              ],
              [
                4.659888399002195,
                52.512047993196305
              ],
              [
                4.659455060384164,
                52.51205831955339
              ],
              [
                4.659025466807214,
                52.51209450896519
              ],
              [
                4.65860375475863,
                52.51215621296891
              ],
              [
                4.658193984876197,
                52.512242837424374
              ],
              [
                4.657800102868143,
                52.51235354823196
              ],
              [
                4.657425901536861,
                52.51248727935992
              ],
              [
                4.6570749842712456,
                52.51264274310436
              ],
              [
                4.657030647855091,
                52.51266676725451
              ],
              [
                4.656890731550846,
                52.51248146752827
              ],
              [
                4.6566715437780895,
                52.51225316255644
              ],
              [
                4.6564167355311445,
                52.51203906410562
              ],
              [
                4.656128760990625,
                52.51184123384263
              ]
            ]
          ],
          [
            [
              [
                4.655582529367646,
                52.526404214612576
              ],
              [
                4.655363279596952,
                52.526175907822974
              ],
              [
                4.6551083976770276,
                52.52596180709542
              ],
              [
                4.6548203384981965,
                52.525763974118476
              ],
              [
                4.6545018763201105,
                52.525584313903565
              ],
              [
                4.654156078050567,
                52.52542455644732
              ],
              [
                4.653786273711721,
                52.525286240079424
              ],
              [
                4.653396024377975,
                52.52517069665648
              ],
              [
                4.652989087894122,
                52.5250790387431
              ],
              [
                4.6525693827032635,
                52.52501214890446
              ],
              [
                4.65214095013227,
                52.52497067121256
              ],
              [
                4.651707915497092,
                52.524955005047545
              ],
              [
                4.651274448401524,
                52.52496530125469
              ],
              [
                4.650844722610691,
                52.52500146069227
              ],
              [
                4.65042287588463,
                52.52506313518618
              ],
              [
                4.650012970157591,
                52.52514973088026
              ],
              [
                4.6496189524455325,
                52.525260413951905
              ],
              [
                4.649244616857278,
                52.525394118636584
              ],
              [
                4.648893568074255,
                52.52554955748501
              ],
              [
                4.648569186649867,
                52.525725233754486
              ],
              [
                4.648274596462069,
                52.52591945581483
              ],
              [
                4.648012634632274,
                52.52613035343091
              ],
              [
                4.647785824200139,
                52.5263558957653
              ],
              [
                4.6475963498174915,
                52.52659391092777
              ],
              [
                4.647446036695729,
                52.52684210688388
              ],
              [
                4.647336333010024,
                52.52709809352155
              ],
              [
                4.647268295930389,
                52.527359405663404
              ],
              [
                4.647242581415068,
                52.527623526803254
              ],
              [
                4.647259437865484,
                52.52788791333881
              ],
              [
                4.647318703704917,
                52.528150019066715
              ],
              [
                4.647419808905367,
                52.528407319704606
              ],
              [
                4.64756178044901,
                52.52865733720369
              ],
              [
                4.6477432516727335,
                52.5288976636175
              ],
              [
                4.647962475406765,
                52.52912598429735
              ],
              [
                4.648217340781768,
                52.5293401001903
              ],
              [
                4.648505393543226,
                52.529537949024835
              ],
              [
                4.648823859678106,
                52.52971762518019
              ],
              [
                4.649169672126547,
                52.5298773980472
              ],
              [
                4.649539500321515,
                52.53001572870387
              ],
              [
                4.649929782271825,
                52.530131284744556
              ],
              [
                4.650336758879254,
                52.53022295311974
              ],
              [
                4.650756510158765,
                52.53028985086215
              ],
              [
                4.651184993012333,
                52.53033133359615
              ],
              [
                4.651618080191672,
                52.53034700174767
              ],
              [
                4.652051600073748,
                52.530336704395275
              ],
              [
                4.652481376864879,
                52.53030054072455
              ],
              [
                4.652903270845118,
                52.53023885907247
              ],
              [
                4.653313218264259,
                52.53015225357011
              ],
              [
                4.653707270504138,
                52.53004155841699
              ],
              [
                4.654081632129053,
                52.529907839842025
              ],
              [
                4.654432697456998,
                52.529752385828246
              ],
              [
                4.654757085298761,
                52.52957669370117
              ],
              [
                4.655051671529766,
                52.52938245570037
              ],
              [
                4.655313619180662,
                52.52917154267356
              ],
              [
                4.655540405756671,
                52.52894598605039
              ],
              [
                4.655729847522756,
                52.52870795827016
              ],
              [
                4.6558801205209415,
                52.52845975185227
              ],
              [
                4.655989778117995,
                52.52820375731079
              ],
              [
                4.656057764915056,
                52.52794244012691
              ],
              [
                4.656083426886216,
                52.52767831700046
              ],
              [
                4.656066517649292,
                52.527413931610205
              ],
              [
                4.656007200809561,
                52.52715183011538
              ],
              [
                4.655906048354934,
                52.526894536635695
              ],
              [
                4.65576403511919,
                52.526644528944956
              ],
              [
                4.655582529367646,
                52.526404214612576
              ]
            ]
          ],
          [
            [
              [
                4.688181482215398,
                52.49277708156666
              ],
              [
                4.687962229753412,
                52.492548833311325
              ],
              [
                4.687707382753307,
                52.492334801079636
              ],
              [
                4.687419395767946,
                52.49213704590057
              ],
              [
                4.687101042360775,
                52.491957472036496
              ],
              [
                4.686755388391376,
                52.491797808652535
              ],
              [
                4.686385762491812,
                52.49165959317275
              ],
              [
                4.685995724017925,
                52.49154415648235
              ],
              [
                4.685589028783997,
                52.491452610118344
              ],
              [
                4.685169592910265,
                52.491385835572025
              ],
              [
                4.684741455130701,
                52.491344475805285
              ],
              [
                4.68430873792327,
                52.49132892906303
              ],
              [
                4.683875607835986,
                52.4913393450406
              ],
              [
                4.683446235389797,
                52.49137562344312
              ],
              [
                4.683024754943326,
                52.49143741495094
              ],
              [
                4.682615224904896,
                52.491524124581275
              ],
              [
                4.682221588673917,
                52.49163491741426
              ],
              [
                4.681847636686804,
                52.49176872662835
              ],
              [
                4.68149696993204,
                52.49192426376763
              ],
              [
                4.681172965285055,
                52.49210003114269
              ],
              [
                4.680878742996176,
                52.49229433624578
              ],
              [
                4.680617136644431,
                52.49250530804182
              ],
              [
                4.68053978835513,
                52.492582361599915
              ],
              [
                4.680444558549972,
                52.49252863579038
              ],
              [
                4.680098924269338,
                52.4923689530609
              ],
              [
                4.679729314522836,
                52.492230716881025
              ],
              [
                4.679339288510881,
                52.49211525833529
              ],
              [
                4.678932601927857,
                52.49202368917119
              ],
              [
                4.678887052645401,
                52.49201643513139
              ],
              [
                4.678812288584198,
                52.491994302272886
              ],
              [
                4.67840560421407,
                52.49190273130308
              ],
              [
                4.677986175049936,
                52.49183593136926
              ],
              [
                4.677558039761226,
                52.49179454567777
              ],
              [
                4.677125320801948,
                52.49177897272313
              ],
              [
                4.6766921847369956,
                52.49178936245301
              ],
              [
                4.676262802144853,
                52.49182561482537
              ],
              [
                4.675841307481789,
                52.49188738077108
              ],
              [
                4.6754317592929455,
                52.491974065553535
              ],
              [
                4.675038101152417,
                52.4920848344921
              ],
              [
                4.674664123707467,
                52.49221862099535
              ],
              [
                4.674313428191599,
                52.49237413682598
              ],
              [
                4.6739893917570505,
                52.49254988449984
              ],
              [
                4.673695134960111,
                52.4927441716989
              ],
              [
                4.673433491711969,
                52.49295512756054
              ],
              [
                4.673206981984413,
                52.49318072068613
              ],
              [
                4.6730177875332695,
                52.49341877869611
              ],
              [
                4.672867730873728,
                52.4936670091431
              ],
              [
                4.672758257710481,
                52.493923021582624
              ],
              [
                4.672690422992654,
                52.49418435058844
              ],
              [
                4.672664880728577,
                52.49444847949182
              ],
              [
                4.672681877659567,
                52.49471286461538
              ],
              [
                4.672741250854643,
                52.49497495976921
              ],
              [
                4.672842429250481,
                52.49523224077267
              ],
              [
                4.6729844391228905,
                52.49548222976582
              ],
              [
                4.673165913438221,
                52.49572251907675
              ],
              [
                4.673385104995602,
                52.49595079441413
              ],
              [
                4.673639903234388,
                52.496164857161666
              ],
              [
                4.6739278545456315,
                52.49636264555978
              ],
              [
                4.674246185892545,
                52.49654225456987
              ],
              [
                4.674591831512835,
                52.49670195422961
              ],
              [
                4.674961462445875,
                52.49684020632232
              ],
              [
                4.675351518600257,
                52.49695567919916
              ],
              [
                4.675758243052627,
                52.497047260611815
              ],
              [
                4.675803796998332,
                52.49705451585365
              ],
              [
                4.675878568094245,
                52.497076650596654
              ],
              [
                4.676285294760337,
                52.49716823020338
              ],
              [
                4.676704771908323,
                52.49723503615994
              ],
              [
                4.677132959081035,
                52.497276424974885
              ],
              [
                4.6775657318788095,
                52.497291997979
              ],
              [
                4.677998921707504,
                52.49728160516729
              ],
              [
                4.678428355953383,
                52.49724534664492
              ],
              [
                4.678849898196827,
                52.49718357166246
              ],
              [
                4.679259488076504,
                52.49709687524994
              ],
              [
                4.679653180418968,
                52.4969860924825
              ],
              [
                4.680027183255856,
                52.49685229043283
              ],
              [
                4.6803778943616825,
                52.49669675788774
              ],
              [
                4.680701935959584,
                52.49652099292902
              ],
              [
                4.680996187260298,
                52.496326688497525
              ],
              [
                4.681257814520552,
                52.49611571608045
              ],
              [
                4.681335167775162,
                52.496038662122984
              ],
              [
                4.6814304062120415,
                52.49609238719109
              ],
              [
                4.681776074388342,
                52.49625206596899
              ],
              [
                4.682145724151236,
                52.49639029571822
              ],
              [
                4.682535795227824,
                52.49650574500521
              ],
              [
                4.682942530550916,
                52.4965973018088
              ],
              [
                4.683362012459675,
                52.49666408423657
              ],
              [
                4.683790200451028,
                52.49670544902369
              ],
              [
                4.684222970117397,
                52.49672099773241
              ],
              [
                4.684656152894801,
                52.49671058059181
              ],
              [
                4.6850855762374435,
                52.4966742979414
              ],
              [
                4.685507103830779,
                52.49661249926409
              ],
              [
                4.685916675454654,
                52.49652577981823
              ],
              [
                4.686310346111552,
                52.4964149749008
              ],
              [
                4.686684324042092,
                52.49628115179783
              ],
              [
                4.6870350072608,
                52.49612559949895
              ],
              [
                4.687359018259543,
                52.49594981627613
              ],
              [
                4.6876532365439045,
                52.49575549524617
              ],
              [
                4.687914828688741,
                52.49554450805618
              ],
              [
                4.6881412756234,
                52.49531888684977
              ],
              [
                4.688330396883873,
                52.49508080468801
              ],
              [
                4.688480371598636,
                52.49483255461359
              ],
              [
                4.6885897560065875,
                52.494576527560795
              ],
              [
                4.688657497339062,
                52.49431518932359
              ],
              [
                4.6886829439330775,
                52.494051056804196
              ],
              [
                4.688665851479435,
                52.493786673771595
              ],
              [
                4.688606385346493,
                52.49352458636203
              ],
              [
                4.688505118958448,
                52.493267318559404
              ],
              [
                4.688363028244771,
                52.49301734789001
              ],
              [
                4.688181482215398,
                52.49277708156666
              ]
            ]
          ],
          [
            [
              [
                4.704937534875224,
                52.50234757418213
              ],
              [
                4.704718148424199,
                52.50211935716178
              ],
              [
                4.704463165080127,
                52.50190536115935
              ],
              [
                4.704175040708676,
                52.50170764685495
              ],
              [
                4.703856550196034,
                52.50152811811716
              ],
              [
                4.703510760721759,
                52.501368503676524
              ],
              [
                4.7031410022224005,
                52.501230340485705
              ],
              [
                4.702750835330277,
                52.50111495892631
              ],
              [
                4.702344017095862,
                52.50102347000457
              ],
              [
                4.7019244648233975,
                52.50095675465858
              ],
              [
                4.701496218367314,
                52.50091545528025
              ],
              [
                4.701063401251701,
                52.500899969532924
              ],
              [
                4.7006301809863205,
                52.500910446524735
              ],
              [
                4.700200728960235,
                52.500946785373344
              ],
              [
                4.699779180298207,
                52.50100863617709
              ],
              [
                4.699369594065363,
                52.50109540338231
              ],
              [
                4.698975914202245,
                52.501206251514816
              ],
              [
                4.698601931565527,
                52.501340113220586
              ],
              [
                4.698251247439035,
                52.501495699538324
              ],
              [
                4.697927238865759,
                52.50167151230502
              ],
              [
                4.697633026134197,
                52.501865858575954
              ],
              [
                4.69737144273177,
                52.5020768669196
              ],
              [
                4.697145008054575,
                52.50230250543191
              ],
              [
                4.696955903136335,
                52.50254060129613
              ],
              [
                4.696805949630674,
                52.50278886170032
              ],
              [
                4.696696592249508,
                52.503044895911245
              ],
              [
                4.6966829415985325,
                52.503097586012785
              ],
              [
                4.6965846124301,
                52.50311841245438
              ],
              [
                4.696245993581535,
                52.50321374312752
              ],
              [
                4.695903845578824,
                52.503286209157395
              ],
              [
                4.695510137521142,
                52.5033970456836
              ],
              [
                4.695136125852992,
                52.503530896345836
              ],
              [
                4.69478541213767,
                52.50368647228912
              ],
              [
                4.694461373703019,
                52.503862275450494
              ],
              [
                4.694167131125025,
                52.5040566129776
              ],
              [
                4.693905518178471,
                52.504267613523204
              ],
              [
                4.6936790545439155,
                52.504493245258374
              ],
              [
                4.69348992153393,
                52.50473133543162
              ],
              [
                4.693339941072661,
                52.50497959128587
              ],
              [
                4.693230558131632,
                52.50523562213172
              ],
              [
                4.693162826791707,
                52.505496962365704
              ],
              [
                4.693137400066214,
                52.505761095210694
              ],
              [
                4.693154523584278,
                52.506025476951265
              ],
              [
                4.69321403319622,
                52.50628756142993
              ],
              [
                4.693315356525246,
                52.50654482456858
              ],
              [
                4.693457518451565,
                52.5067947886792
              ],
              [
                4.693639150477203,
                52.50703504632943
              ],
              [
                4.6938585038823755,
                52.507263283532474
              ],
              [
                4.694113466547543,
                52.50747730203936
              ],
              [
                4.6944015832799035,
                52.50767504051642
              ],
              [
                4.694720079449148,
                52.507854594405686
              ],
              [
                4.695065887705122,
                52.5080142342757
              ],
              [
                4.695435677520332,
                52.50815242248546
              ],
              [
                4.695825887272607,
                52.50826782800151
              ],
              [
                4.696232758558686,
                52.508359339224185
              ],
              [
                4.696652372407778,
                52.50842607470017
              ],
              [
                4.697080687045586,
                52.50846739161678
              ],
              [
                4.697513576844316,
                52.508482891997396
              ],
              [
                4.697946872082542,
                52.50847242653664
              ],
              [
                4.698376399130971,
                52.508436096039446
              ],
              [
                4.698578181072543,
                52.50840649784817
              ],
              [
                4.6990084283558575,
                52.50842189818412
              ],
              [
                4.6994417226666965,
                52.50841142726143
              ],
              [
                4.699871247917021,
                52.50837509134792
              ],
              [
                4.700292866810507,
                52.508313240439676
              ],
              [
                4.700702518247477,
                52.50822647029813
              ],
              [
                4.701096256461633,
                52.5081156167087
              ],
              [
                4.701470289042941,
                52.507981747426186
              ],
              [
                4.701821013479699,
                52.5078261518851
              ],
              [
                4.702145051867019,
                52.50765032877401
              ],
              [
                4.702439283447007,
                52.50745597159388
              ],
              [
                4.702700874666873,
                52.507244952339995
              ],
              [
                4.702927306465345,
                52.50701930346483
              ],
              [
                4.703116398524706,
                52.50678119829587
              ],
              [
                4.703266330255224,
                52.506532930097464
              ],
              [
                4.7033756583103425,
                52.50627688997823
              ],
              [
                4.703443330464684,
                52.506015543857984
              ],
              [
                4.703459836750293,
                52.50584365990415
              ],
              [
                4.703792077663799,
                52.50569624868802
              ],
              [
                4.704116092564093,
                52.50552042006894
              ],
              [
                4.704410301261114,
                52.50532605786839
              ],
              [
                4.704671870422477,
                52.505115034130014
              ],
              [
                4.7048982811993705,
                52.50488938134952
              ],
              [
                4.705087353476532,
                52.5046512728919
              ],
              [
                4.705237266854733,
                52.50440300205314
              ],
              [
                4.705346578164124,
                52.50414695996742
              ],
              [
                4.705414235340545,
                52.50388561257331
              ],
              [
                4.705439587531977,
                52.50362147686122
              ],
              [
                4.705422391338785,
                52.50335709663062
              ],
              [
                4.705362813128755,
                52.50309501799073
              ],
              [
                4.705261427405694,
                52.50283776484078
              ],
              [
                4.705119211248492,
                52.5025878145658
              ],
              [
                4.704937534875224,
                52.50234757418213
              ]
            ]
          ]
        ]
      },
      "properties": {
        "type": "buffer_union_300m",
        "buffer_m": 300
      }
    },
    {
      "type": "Feature",
      "geometry": {
        "type": "MultiPolygon",
        "coordinates": [
          [
            [
              [
                4.656919244156643,
                52.50092199364831
              ],
              [
                4.656579585560952,
                52.50063652907071
              ],
              [
                4.656195717882963,
                52.50037275526853
              ],
              [
                4.655771338142024,
                52.50013321212197
              ],
              [
                4.655310533245654,
                52.49992020615478
              ],
              [
                4.6548177406342655,
                52.49973578833659
              ],
              [
                4.654297705560142,
                52.49958173434635
              ],
              [
                4.653755435411518,
                52.499459527485534
              ],
              [
                4.653196151520704,
                52.49937034440529
              ],
              [
                4.652625238919233,
                52.49931504378534
              ],
              [
                4.652048194522323,
                52.499294158071926
              ],
              [
                4.651470574239937,
                52.49930788835511
              ],
              [
                4.65089793952195,
                52.49935610243402
              ],
              [
                4.6503358038501625,
                52.49943833608899
              ],
              [
                4.6497895796905535,
                52.499553797548096
              ],
              [
                4.649264526414667,
                52.499701375105175
              ],
              [
                4.648765699689931,
                52.49987964781677
              ],
              [
                4.648297902824757,
                52.500086899174526
              ],
              [
                4.647865640535594,
                52.500321133622485
              ],
              [
                4.6474730755803515,
                52.50058009576047
              ],
              [
                4.647123988675054,
                52.500861292049336
              ],
              [
                4.646821742079634,
                52.50116201480937
              ],
              [
                4.646569247203615,
                52.501479368281494
              ],
              [
                4.646566830649162,
                52.50148336064238
              ],
              [
                4.6464951185006065,
                52.50157349260525
              ],
              [
                4.646294806856152,
                52.50190442069106
              ],
              [
                4.646148609652592,
                52.50224573680618
              ],
              [
                4.6460579360269945,
                52.50259415409222
              ],
              [
                4.646023660501324,
                52.50294631722927
              ],
              [
                4.646046114510925,
                52.503298834744704
              ],
              [
                4.646125083160996,
                52.503648311672904
              ],
              [
                4.646259807244277,
                52.503991382251805
              ],
              [
                4.646448990502524,
                52.50432474234111
              ],
              [
                4.646690812063713,
                52.50464518124999
              ],
              [
                4.646982943937082,
                52.50494961266751
              ],
              [
                4.647322573398974,
                52.505235104397364
              ],
              [
                4.647706430055309,
                52.505498906610065
              ],
              [
                4.648130817320978,
                52.50573847834031
              ],
              [
                4.64859164801366,
                52.50595151197357
              ],
              [
                4.649084483719479,
                52.50613595548506
              ],
              [
                4.649604577551285,
                52.50629003221733
              ],
              [
                4.650146919887204,
                52.506412258004325
              ],
              [
                4.650400408780778,
                52.5064526800995
              ],
              [
                4.6504635747025205,
                52.506563958664756
              ],
              [
                4.6507054376099815,
                52.50688438930591
              ],
              [
                4.650997611938395,
                52.5071888107629
              ],
              [
                4.651337284555175,
                52.50747429093524
              ],
              [
                4.651721184650513,
                52.507738080104716
              ],
              [
                4.652145615220817,
                52.50797763743172
              ],
              [
                4.6526064886665255,
                52.50819065544022
              ],
              [
                4.653099366161825,
                52.508375082256045
              ],
              [
                4.653619500416882,
                52.50852914138254
              ],
              [
                4.65416188142029,
                52.50865134882317
              ],
              [
                4.654721284720287,
                52.50874052738581
              ],
              [
                4.655292321778506,
                52.50879581802986
              ],
              [
                4.655869491909885,
                52.508816688147334
              ],
              [
                4.656447235306683,
                52.508802936696675
              ],
              [
                4.657019986634129,
                52.508754696141345
              ],
              [
                4.657582228679557,
                52.508672431172585
              ],
              [
                4.658128545536291,
                52.50855693423033
              ],
              [
                4.658653674808257,
                52.50840931786427
              ],
              [
                4.659152558330696,
                52.50823100401007
              ],
              [
                4.659620390917008,
                52.508023710283
              ],
              [
                4.660052666660876,
                52.50778943342316
              ],
              [
                4.660445222346872,
                52.50753043005053
              ],
              [
                4.660794277550759,
                52.50724919491713
              ],
              [
                4.661096471043149,
                52.506948436865294
              ],
              [
                4.661348893145994,
                52.506631052725034
              ],
              [
                4.6615491137309055,
                52.50630009940199
              ],
              [
                4.661695205590539,
                52.50595876442503
              ],
              [
                4.661785762959196,
                52.50561033523883
              ],
              [
                4.661819915005808,
                52.505258167535715
              ],
              [
                4.661797334171089,
                52.50490565293386
              ],
              [
                4.661718239270476,
                52.504556186312236
              ],
              [
                4.661583393334949,
                52.50421313311691
              ],
              [
                4.661394096212531,
                52.50387979695446
              ],
              [
                4.661152172003628,
                52.50355938778327
              ],
              [
                4.660859951453001,
                52.503254991009655
              ],
              [
                4.660520249469542,
                52.50296953778553
              ],
              [
                4.6601363379915925,
                52.50270577679349
              ],
              [
                4.659711914460178,
                52.50246624779031
              ],
              [
                4.659251066204358,
                52.502253257163524
              ],
              [
                4.658758231081913,
                52.50206885573499
              ],
              [
                4.658238154754314,
                52.50191481902593
              ],
              [
                4.657695845006843,
                52.501792630171224
              ],
              [
                4.657582618583079,
                52.50177458036356
              ],
              [
                4.657453305040195,
                52.50154681750764
              ],
              [
                4.657211422149422,
                52.50122640020935
              ],
              [
                4.656919244156643,
                52.50092199364831
              ]
            ]
          ],
          [
            [
              [
                4.6726802121316755,
                52.50196438144804
              ],
              [
                4.672387922503937,
                52.50166001284561
              ],
              [
                4.6720481580837365,
                52.501374592425734
              ],
              [
                4.67166419141022,
                52.50111086855505
              ],
              [
                4.671239720455469,
                52.50087138063293
              ],
              [
                4.670778833004771,
                52.50065843465114
              ],
              [
                4.670285967292925,
                52.50047408100184
              ],
              [
                4.669765869275603,
                52.50032009474603
              ],
              [
                4.669223546946651,
                52.50019795853292
              ],
              [
                4.66866422214044,
                52.500108848333575
              ],
              [
                4.668093280282165,
                52.50005362212597
              ],
              [
                4.667516218568544,
                52.50003281163991
              ],
              [
                4.666938593076177,
                52.500046617241225
              ],
              [
                4.666365965305113,
                52.500094906003895
              ],
              [
                4.665803848670377,
                52.50017721298927
              ],
              [
                4.665257655454862,
                52.500292745719385
              ],
              [
                4.664732644732472,
                52.50044039180193
              ],
              [
                4.6642338717612954,
                52.50061872963366
              ],
              [
                4.663766139332611,
                52.50082604207909
              ],
              [
                4.6633339515429375,
                52.50106033299413
              ],
              [
                4.662941470433351,
                52.5013193464348
              ],
              [
                4.662592475913074,
                52.50160058836788
              ],
              [
                4.662290329352974,
                52.50190135067403
              ],
              [
                4.662037941199794,
                52.502218737213234
              ],
              [
                4.661837742923537,
                52.50254969170237
              ],
              [
                4.661691663569034,
                52.50289102713629
              ],
              [
                4.661601111138775,
                52.5032394564703
              ],
              [
                4.661566958987798,
                52.50359162426824
              ],
              [
                4.66158953736341,
                52.50394413901235
              ],
              [
                4.661668630173089,
                52.50429360576354
              ],
              [
                4.661803477013718,
                52.504636658857486
              ],
              [
                4.661992780444568,
                52.504969994322046
              ],
              [
                4.662234718435923,
                52.50529040170345
              ],
              [
                4.662526961875248,
                52.50559479499421
              ],
              [
                4.662866696963889,
                52.505880242364995
              ],
              [
                4.6632506522899035,
                52.5061439944135
              ],
              [
                4.663675130317281,
                52.50638351065755
              ],
              [
                4.664136042988947,
                52.50659648401689
              ],
              [
                4.664628951100866,
                52.50678086304734
              ],
              [
                4.665149107067958,
                52.50693487171252
              ],
              [
                4.665691500669399,
                52.50705702650197
              ],
              [
                4.66625090733186,
                52.5071461507308
              ],
              [
                4.666821938484449,
                52.50720138588187
              ],
              [
                4.666877678353857,
                52.50720339615774
              ],
              [
                4.66672186882113,
                52.50720711888209
              ],
              [
                4.666149147943413,
                52.507255406352385
              ],
              [
                4.665586939711806,
                52.507337712012614
              ],
              [
                4.66504065729088,
                52.50745324339769
              ],
              [
                4.664515560613227,
                52.507600888128195
              ],
              [
                4.664016705764399,
                52.507779224614005
              ],
              [
                4.663548896323944,
                52.50798653573267
              ],
              [
                4.663116637129877,
                52.50822082535288
              ],
              [
                4.662724090910877,
                52.508479837543284
              ],
              [
                4.662375038203223,
                52.50876107828271
              ],
              [
                4.662072840938284,
                52.509061839463385
              ],
              [
                4.661820410051346,
                52.50937922495623
              ],
              [
                4.661620177424256,
                52.5097101784882
              ],
              [
                4.661474072433042,
                52.51005151306343
              ],
              [
                4.661383503327525,
                52.51039994164549
              ],
              [
                4.661349343623808,
                52.51075210880553
              ],
              [
                4.661371923642435,
                52.51110462303202
              ],
              [
                4.661412283516714,
                52.51128292676596
              ],
              [
                4.661051475929756,
                52.5112254331804
              ],
              [
                4.660480400123887,
                52.51117017021889
              ],
              [
                4.659903196949988,
                52.5111493224863
              ],
              [
                4.659325423846265,
                52.51116309070693
              ],
              [
                4.658752643733535,
                52.51121134231474
              ],
              [
                4.658190371493123,
                52.51129361272878
              ],
              [
                4.657644020905637,
                52.511409109823276
              ],
              [
                4.657518717627785,
                52.511444329751555
              ],
              [
                4.657180795468274,
                52.51121219063299
              ],
              [
                4.656756306495735,
                52.51097265138748
              ],
              [
                4.656295383987039,
                52.51075964954376
              ],
              [
                4.655802466515023,
                52.510575236031755
              ],
              [
                4.655282300534071,
                52.510421186488784
              ],
              [
                4.654739894692607,
                52.51029898417339
              ],
              [
                4.65418047162914,
                52.510209805693
              ],
              [
                4.65360941771483,
                52.51015450968296
              ],
              [
                4.653032231225065,
                52.51013362854505
              ],
              [
                4.652454469437487,
                52.510147363325316
              ],
              [
                4.651881695163977,
                52.51019558177957
              ],
              [
                4.651319423229618,
                52.51027781964606
              ],
              [
                4.650773067412002,
                52.510393285112386
              ],
              [
                4.650247888350034,
                52.510540866433885
              ],
              [
                4.649748942922069,
                52.510719142630876
              ],
              [
                4.649281035579353,
                52.51092639716153
              ],
              [
                4.648848672102097,
                52.51116063443944
              ],
              [
                4.648456016222649,
                52.511419599037275
              ],
              [
                4.648106849532793,
                52.511700797392386
              ],
              [
                4.6478045350610655,
                52.51200152180508
              ],
              [
                4.647551984871065,
                52.51231887650067
              ],
              [
                4.647351631993235,
                52.51264980550275
              ],
              [
                4.647205406961438,
                52.51299112205195
              ],
              [
                4.647114719181434,
                52.51333953928558
              ],
              [
                4.647080443312231,
                52.51369170188431
              ],
              [
                4.647102910793237,
                52.51404421838066
              ],
              [
                4.647181906600666,
                52.51439369381892
              ],
              [
                4.647316671266436,
                52.51473676245117
              ],
              [
                4.647505908142124,
                52.51507012015593
              ],
              [
                4.6477477958399165,
                52.515390556265224
              ],
              [
                4.6480400057325735,
                52.515694984494964
              ],
              [
                4.648379724345404,
                52.51598047267944
              ],
              [
                4.648763680425957,
                52.51624427102328
              ],
              [
                4.649188176431654,
                52.51648383859829
              ],
              [
                4.649649124132851,
                52.51669686782983
              ],
              [
                4.650142083988568,
                52.516881306735506
              ],
              [
                4.650662307915642,
                52.51703537870204
              ],
              [
                4.651204785038808,
                52.517157599609256
              ],
              [
                4.6517642899802425,
                52.51724679213522
              ],
              [
                4.652335433222268,
                52.51730209710481
              ],
              [
                4.652912713056674,
                52.51732298177194
              ],
              [
                4.653490568618641,
                52.51730924495496
              ],
              [
                4.654063433492586,
                52.51726101897633
              ],
              [
                4.654625789371709,
                52.517178768386884
              ],
              [
                4.655172219252464,
                52.517063285488085
              ],
              [
                4.655297540357812,
                52.51702806811538
              ],
              [
                4.655635496949157,
                52.517260212359794
              ],
              [
                4.656060040101097,
                52.51749975537859
              ],
              [
                4.65652103167043,
                52.517712757942505
              ],
              [
                4.6570140316934046,
                52.51789716832594
              ],
              [
                4.657534291699719,
                52.518051210190436
              ],
              [
                4.658076800466378,
                52.518173399705724
              ],
              [
                4.6586363323105635,
                52.51826255985228
              ],
              [
                4.6592074974552995,
                52.51831783176686
              ],
              [
                4.65978479398128,
                52.51833868302178
              ],
              [
                4.660362660862831,
                52.5183249127574
              ],
              [
                4.660935531575309,
                52.518276653618244
              ],
              [
                4.6614978877556865,
                52.51819437047473
              ],
              [
                4.662044312397595,
                52.518078855941795
              ],
              [
                4.6625695420665005,
                52.51793122273881
              ],
              [
                4.663068517630456,
                52.51775289296347
              ],
              [
                4.663536433016263,
                52.51754558438465
              ],
              [
                4.66396878152016,
                52.517311293885506
              ],
              [
                4.664361399226076,
                52.51705227821751
              ],
              [
                4.664710505112712,
                52.51677103225114
              ],
              [
                4.665012737462918,
                52.51647026493316
              ],
              [
                4.6652651862248735,
                52.516152873182904
              ],
              [
                4.665465421013999,
                52.515821913979195
              ],
              [
                4.665611514486771,
                52.515480574907734
              ],
              [
                4.665702060862619,
                52.51513214345247
              ],
              [
                4.665736189417042,
                52.51477997532761
              ],
              [
                4.665713572817672,
                52.514427462155446
              ],
              [
                4.665673192755952,
                52.51424915997369
              ],
              [
                4.665893026767508,
                52.51428417845864
              ],
              [
                4.665858920681404,
                52.51463613187286
              ],
              [
                4.665860340575829,
                52.514658261954274
              ],
              [
                4.665857814250946,
                52.514684331806826
              ],
              [
                4.665880432123551,
                52.51503684493357
              ],
              [
                4.665959578345522,
                52.51538630805558
              ],
              [
                4.666094492000049,
                52.51572935554341
              ],
              [
                4.66628387500357,
                52.516062683478864
              ],
              [
                4.666525904560536,
                52.51638308148043
              ],
              [
                4.66681825067696,
                52.5166874636309
              ],
              [
                4.667158098565576,
                52.51697289820819
              ],
              [
                4.667542175728184,
                52.517236635933
              ],
              [
                4.667966783455334,
                52.51747613646098
              ],
              [
                4.668427832440628,
                52.51768909286319
              ],
              [
                4.6689208821668675,
                52.51787345385865
              ],
              [
                4.669441183684639,
                52.51802744358452
              ],
              [
                4.669983725370752,
                52.51814957871285
              ],
              [
                4.6705432812250285,
                52.51823868274796
              ],
              [
                4.671114461239014,
                52.51829389736725
              ],
              [
                4.671691763350044,
                52.51831469069489
              ],
              [
                4.672269626478595,
                52.51830086242927
              ],
              [
                4.672842484136205,
                52.51825254577376
              ],
              [
                4.673404818085716,
                52.51817020615279
              ],
              [
                4.673951211535084,
                52.518054636725445
              ],
              [
                4.674476401350488,
                52.517906950739786
              ],
              [
                4.674975328784192,
                52.517728570802014
              ],
              [
                4.675443188226956,
                52.51752121516418
              ],
              [
                4.675875473514269,
                52.517286881162676
              ],
              [
                4.676268021339384,
                52.51702782596802
              ],
              [
                4.6766170513545,
                52.51674654483121
              ],
              [
                4.67691920257364,
                52.516445747037764
              ],
              [
                4.677171565726782,
                52.51612832980036
              ],
              [
                4.677371711254205,
                52.5157973503433
              ],
              [
                4.67751771267236,
                52.51545599644709
              ],
              [
                4.677608165087467,
                52.51510755573833
              ],
              [
                4.677642198680064,
                52.51475538402021
              ],
              [
                4.677640812878258,
                52.51473387492762
              ],
              [
                4.677643392249659,
                52.51470718394961
              ],
              [
                4.677620680615398,
                52.51435467287521
              ],
              [
                4.677541443878517,
                52.51400521729341
              ],
              [
                4.677445302084285,
                52.51376091710486
              ],
              [
                4.67752350428308,
                52.51372625244761
              ],
              [
                4.677955741318196,
                52.51349191058107
              ],
              [
                4.678348243128659,
                52.51323284820128
              ],
              [
                4.678697229809887,
                52.5129515606285
              ],
              [
                4.678999340793246,
                52.51265075721014
              ],
              [
                4.679251667196163,
                52.51233333521309
              ],
              [
                4.679451779812751,
                52.51200235190728
              ],
              [
                4.679597752476263,
                52.51166099511038
              ],
              [
                4.679688180569652,
                52.51131255247684
              ],
              [
                4.679722194507468,
                52.5109603798283
              ],
              [
                4.6796994680609725,
                52.5106078688304
              ],
              [
                4.679620221448271,
                52.510258414326955
              ],
              [
                4.679485219161595,
                52.50991538164718
              ],
              [
                4.6792957625547285,
                52.509582074199805
              ],
              [
                4.679053677263838,
                52.50926170166645
              ],
              [
                4.67876129558468,
                52.508957349100335
              ],
              [
                4.678421433977417,
                52.508671947227484
              ],
              [
                4.678037365917058,
                52.50840824423575
              ],
              [
                4.677612790351888,
                52.50816877932338
              ],
              [
                4.677151796074333,
                52.507955858260495
              ],
              [
                4.676658822347598,
                52.50777153119919
              ],
              [
                4.67613861616712,
                52.50761757294442
              ],
              [
                4.67559618656788,
                52.50749546587572
              ],
              [
                4.675036756416752,
                52.507406385683524
              ],
              [
                4.674465712152884,
                52.50735119005683
              ],
              [
                4.673888551958635,
                52.50733041043106
              ],
              [
                4.673310832858488,
                52.50734424687487
              ],
              [
                4.672738117253492,
                52.507392566165386
              ],
              [
                4.67217591940414,
                52.50747490306998
              ],
              [
                4.671629652375131,
                52.5075904648227
              ],
              [
                4.671326975755491,
                52.50767559082811
              ],
              [
                4.671181703142755,
                52.50762126237971
              ],
              [
                4.670661517940204,
                52.50746728013871
              ],
              [
                4.670119105450333,
                52.50734514805175
              ],
              [
                4.669559688375407,
                52.50725604205014
              ],
              [
                4.668988653028765,
                52.50720082007137
              ],
              [
                4.668411497506973,
                52.507180013804614
              ],
              [
                4.668274505183022,
                52.50718328872017
              ],
              [
                4.668549531025504,
                52.5071600959297
              ],
              [
                4.669111731541398,
                52.507077776211126
              ],
              [
                4.669657998754478,
                52.50696222604086
              ],
              [
                4.670183070747149,
                52.50681455848141
              ],
              [
                4.6706818899067395,
                52.50663619596144
              ],
              [
                4.671149651666981,
                52.50642885656506
              ],
              [
                4.671581850804159,
                52.50619453747221
              ],
              [
                4.671974324841113,
                52.50593549570962
              ],
              [
                4.672323294140421,
                52.50565422639895
              ],
              [
                4.672625398300448,
                52.50535343871165
              ],
              [
                4.672877728503855,
                52.50503602976307
              ],
              [
                4.673077855507623,
                52.5047050566976
              ],
              [
                4.673223853005877,
                52.5043637072342
              ],
              [
                4.673314316141821,
                52.50401526895678
              ],
              [
                4.673348374991942,
                52.50366309764511
              ],
              [
                4.673325702894441,
                52.50331058495198
              ],
              [
                4.673246519543512,
                52.50296112573772
              ],
              [
                4.673111588821724,
                52.50261808537696
              ],
              [
                4.6729222113933115,
                52.502284767352535
              ],
              [
                4.6726802121316755,
                52.50196438144804
              ]
            ]
          ],
          [
            [
              [
                4.656888989722457,
                52.525988589134165
              ],
              [
                4.656596650910863,
                52.52568418316827
              ],
              [
                4.656256804676145,
                52.52539871890157
              ],
              [
                4.655872724346538,
                52.525134945122794
              ],
              [
                4.655448108989576,
                52.524895401711724
              ],
              [
                4.6549870477817645,
                52.52468239519437
              ],
              [
                4.654493980631488,
                52.524497976545476
              ],
              [
                4.653973655434217,
                52.52434392145176
              ],
              [
                4.6534310823711635,
                52.5242217132251
              ],
              [
                4.652871485690561,
                52.52413252852975
              ],
              [
                4.6523002534347695,
                52.52407722606079
              ],
              [
                4.651722885595789,
                52.52405633828225
              ],
              [
                4.651144941196787,
                52.52407006630394
              ],
              [
                4.6505719848073115,
                52.52411827794687
              ],
              [
                4.650009533005356,
                52.5242005090149
              ],
              [
                4.6494630012998375,
                52.52431596776103
              ],
              [
                4.648937652022748,
                52.52446354250549
              ],
              [
                4.648438543691024,
                52.52464181233199
              ],
              [
                4.647970482324228,
                52.524849060760154
              ],
              [
                4.647537975185552,
                52.525083292262465
              ],
              [
                4.647145187390702,
                52.525342251467414
              ],
              [
                4.6467959018018945,
                52.525623444864216
              ],
              [
                4.646493482592939,
                52.52592416480132
              ],
              [
                4.646240842836495,
                52.52624151554708
              ],
              [
                4.646040416426149,
                52.52657244116331
              ],
              [
                4.645894134604624,
                52.52691375492331
              ],
              [
                4.6458034073254195,
                52.52726216999138
              ],
              [
                4.645769109628859,
                52.527614331069046
              ],
              [
                4.645791573165529,
                52.52796684670362
              ],
              [
                4.645870582950612,
                52.528316321947564
              ],
              [
                4.646005379382379,
                52.528659391054944
              ],
              [
                4.646194665507374,
                52.528992749899544
              ],
              [
                4.646436619464305,
                52.52931318780241
              ],
              [
                4.646728911988502,
                52.529617618462126
              ],
              [
                4.647068728810025,
                52.52990310968946
              ],
              [
                4.647452797730969,
                52.53016691165951
              ],
              [
                4.647877420122231,
                52.530406483409216
              ],
              [
                4.648338506536975,
                52.530619517323444
              ],
              [
                4.6488316160981356,
                52.53080396137463
              ],
              [
                4.649351999280411,
                52.53095803889985
              ],
              [
                4.649894643674261,
                52.53108026572525
              ],
              [
                4.6504543222902495,
                52.531169464471816
              ],
              [
                4.651025643937285,
                52.531224775904434
              ],
              [
                4.651603105188109,
                52.53124566721467
              ],
              [
                4.652181143429792,
                52.53123193715692
              ],
              [
                4.652754190486462,
                52.5311837179885
              ],
              [
                4.653316726295843,
                52.53110147419471
              ],
              [
                4.653863332120657,
                52.53098599801162
              ],
              [
                4.654388742780542,
                52.53083840178903
              ],
              [
                4.654887897399658,
                52.530660107268666
              ],
              [
                4.655355988179649,
                52.53045283187989
              ],
              [
                4.655788506726989,
                52.530218572186314
              ],
              [
                4.65618128748754,
                52.52995958464279
              ],
              [
                4.65653054786941,
                52.52967836384906
              ],
              [
                4.656832924667483,
                52.529377618509685
              ],
              [
                4.657085506438923,
                52.529060245332445
              ],
              [
                4.657285861518471,
                52.52872930111744
              ],
              [
                4.657432061404611,
                52.52838797330629
              ],
              [
                4.657522699292576,
                52.52803954927456
              ],
              [
                4.657556903577293,
                52.52768738466517
              ],
              [
                4.657534346197943,
                52.52733487106662
              ],
              [
                4.6574552457456635,
                52.52698540334818
              ],
              [
                4.657320365306477,
                52.526642346966575
              ],
              [
                4.657131005062187,
                52.52630900555891
              ],
              [
                4.656888989722457,
                52.525988589134165
              ]
            ]
          ],
          [
            [
              [
                4.689486641559375,
                52.49236109179336
              ],
              [
                4.689194299180103,
                52.492056763872895
              ],
              [
                4.6888544995231385,
                52.49177139093278
              ],
              [
                4.688470515466065,
                52.491507720882325
              ],
              [
                4.688046045147586,
                52.491268292602605
              ],
              [
                4.687585176346186,
                52.49105541151124
              ],
              [
                4.687092347116555,
                52.4908711273755
              ],
              [
                4.686572303062675,
                52.490717214587164
              ],
              [
                4.686030051658545,
                52.490595155088066
              ],
              [
                4.685470814055528,
                52.49050612411082
              ],
              [
                4.684899974839246,
                52.49045097887068
              ],
              [
                4.6843230302183265,
                52.49043025031792
              ],
              [
                4.683745535142294,
                52.49044413802961
              ],
              [
                4.683173049855937,
                52.490492508289144
              ],
              [
                4.682611086402927,
                52.49057489537326
              ],
              [
                4.682065055591857,
                52.49069050603277
              ],
              [
                4.6815402149335625,
                52.49083822712504
              ],
              [
                4.681041618049314,
                52.491016636324446
              ],
              [
                4.680574066035539,
                52.49122401580831
              ],
              [
                4.6802650175702105,
                52.49139166813662
              ],
              [
                4.679915999475834,
                52.491288349144554
              ],
              [
                4.679421415841523,
                52.491176989577625
              ],
              [
                4.679389007809635,
                52.4911673956376
              ],
              [
                4.678846770889031,
                52.4910453033315
              ],
              [
                4.67828754223107,
                52.49095623850502
              ],
              [
                4.677716706335349,
                52.49090105869943
              ],
              [
                4.677139759378582,
                52.490880295197755
              ],
              [
                4.676562256332798,
                52.49089414791347
              ],
              [
                4.675989757519486,
                52.49094248346695
              ],
              [
                4.67542777511247,
                52.49102483646906
              ],
              [
                4.67488172010272,
                52.4911404139988
              ],
              [
                4.6743568502339,
                52.49128810323238
              ],
              [
                4.673858219408338,
                52.49146648215106
              ],
              [
                4.673390629049049,
                52.491673833223714
              ],
              [
                4.672958581884937,
                52.49190815993409
              ],
              [
                4.672566238603277,
                52.49216720599356
              ],
              [
                4.672217377786289,
                52.49244847705456
              ],
              [
                4.67191535951743,
                52.49274926471717
              ],
              [
                4.671663093008012,
                52.493066672597024
              ],
              [
                4.671463008556467,
                52.49339764420532
              ],
              [
                4.671317034111215,
                52.49373899237189
              ],
              [
                4.671226576664057,
                52.49408742992919
              ],
              [
                4.671192508654808,
                52.494439601361805
              ],
              [
                4.6712151595198526,
                52.49479211511673
              ],
              [
                4.671294312467886,
                52.495141576264345
              ],
              [
                4.671429206515895,
                52.49548461919415
              ],
              [
                4.671618543767754,
                52.495817940031785
              ],
              [
                4.671860501867269,
                52.49613832846427
              ],
              [
                4.672152751507519,
                52.49644269866658
              ],
              [
                4.672492478829457,
                52.49672811903178
              ],
              [
                4.672876412495339,
                52.49699184041771
              ],
              [
                4.6733008551772715,
                52.497231322637454
              ],
              [
                4.673761719158202,
                52.49744425893862
              ],
              [
                4.6742545657027925,
                52.49762859823396
              ],
              [
                4.674774647818812,
                52.49778256486996
              ],
              [
                4.675269293515641,
                52.49789394376482
              ],
              [
                4.6753017055747526,
                52.497903538823635
              ],
              [
                4.675844016704486,
                52.49802564728687
              ],
              [
                4.676403329798934,
                52.49811472364808
              ],
              [
                4.676974257188652,
                52.49816990985134
              ],
              [
                4.67755129924516,
                52.4981906742947
              ],
              [
                4.678128897394777,
                52.49817681695477
              ],
              [
                4.678701487702366,
                52.49812847131499
              ],
              [
                4.67926355450693,
                52.498046103078984
              ],
              [
                4.679809683590555,
                52.49793050568135
              ],
              [
                4.680334614366681,
                52.49778279263954
              ],
              [
                4.680833290583375,
                52.49760438682021
              ],
              [
                4.681300909051675,
                52.49739700672453
              ],
              [
                4.681609995716604,
                52.49722935198693
              ],
              [
                4.68195906466364,
                52.4973326659483
              ],
              [
                4.682501387337397,
                52.49745474400666
              ],
              [
                4.683060706780459,
                52.49754378899537
              ],
              [
                4.683631635262144,
                52.49759894316075
              ],
              [
                4.684208673143399,
                52.49761967520945
              ],
              [
                4.6847862618907605,
                52.49760578543009
              ],
              [
                4.6853588376597015,
                52.49755740761873
              ],
              [
                4.685920884929357,
                52.497475007788864
              ],
              [
                4.686466989670105,
                52.49735937967949
              ],
              [
                4.686991891530034,
                52.49721163710383
              ],
              [
                4.68749053453593,
                52.49703320321306
              ],
              [
                4.687958115818942,
                52.49682579677881
              ],
              [
                4.688390131894344,
                52.49659141562643
              ],
              [
                4.688782422048763,
                52.49633231738038
              ],
              [
                4.689131208416337,
                52.49605099770615
              ],
              [
                4.689433132357677,
                52.495750166260095
              ],
              [
                4.689685286791388,
                52.49543272057878
              ],
              [
                4.68988524416736,
                52.495101718160065
              ],
              [
                4.690031079813287,
                52.49476034700546
              ],
              [
                4.690121390430867,
                52.49441189490737
              ],
              [
                4.6901553075650035,
                52.494059717778555
              ],
              [
                4.690132505918115,
                52.49370720732752
              ],
              [
                4.690053206431302,
                52.493357758392726
              ],
              [
                4.689918174104734,
                52.49301473624964
              ],
              [
                4.689728710580235,
                52.49268144420543
              ],
              [
                4.689486641559375,
                52.49236109179336
              ]
            ]
          ],
          [
            [
              [
                4.706242820438455,
                52.50193140110903
              ],
              [
                4.7059502994097,
                52.50162711483688
              ],
              [
                4.705610317964892,
                52.50134179020387
              ],
              [
                4.705226150731862,
                52.50107817465398
              ],
              [
                4.704801497612762,
                52.500838806543285
              ],
              [
                4.704340448145779,
                52.50062599070985
              ],
              [
                4.703847442124637,
                52.50044177629244
              ],
              [
                4.703327226854971,
                52.50028793701142
              ],
              [
                4.702784811458699,
                52.500165954100936
              ],
              [
                4.702225418665539,
                52.50007700205599
              ],
              [
                4.701654434554735,
                52.500021937331844
              ],
              [
                4.701077356729466,
                52.50000129010368
              ],
              [
                4.700499741421332,
                52.50001525916548
              ],
              [
                4.699927150032406,
                52.50006371001754
              ],
              [
                4.699365095627725,
                52.500146176160655
              ],
              [
                4.69881898989152,
                52.50026186358452
              ],
              [
                4.698294091056116,
                52.500409658407435
              ],
              [
                4.697795453303165,
                52.50058813759404
              ],
              [
                4.6973278781229695,
                52.50079558264776
              ],
              [
                4.696895868099033,
                52.501029996147594
              ],
              [
                4.69650358356189,
                52.501289120969005
              ],
              [
                4.696154802529092,
                52.50157046200616
              ],
              [
                4.695852884316896,
                52.501871310185045
              ],
              [
                4.695600737174217,
                52.50218876853854
              ],
              [
                4.695454256507674,
                52.502431267381944
              ],
              [
                4.6953532797648325,
                52.502452653743866
              ],
              [
                4.69482834333853,
                52.5026004330919
              ],
              [
                4.694329666878784,
                52.5027788975538
              ],
              [
                4.693862052248464,
                52.50298632877498
              ],
              [
                4.6934300024108095,
                52.50322072946747
              ],
              [
                4.6930376780796115,
                52.50347984263031
              ],
              [
                4.692688857655527,
                52.503761173269766
              ],
              [
                4.69238690083407,
                52.50406201241213
              ],
              [
                4.692134716235923,
                52.50437946317726
              ],
              [
                4.691934733371853,
                52.50471046866323
              ],
              [
                4.691788879213114,
                52.50505184137344
              ],
              [
                4.691698559594202,
                52.50540029390381
              ],
              [
                4.69166464562861,
                52.50575247059437
              ],
              [
                4.691687465270096,
                52.5061049798414
              ],
              [
                4.691766800102669,
                52.506454426758175
              ],
              [
                4.691901887392201,
                52.50679744587095
              ],
              [
                4.692091427381862,
                52.50713073353455
              ],
              [
                4.692333595763069,
                52.50745107975508
              ],
              [
                4.692626061203623,
                52.5077553991138
              ],
              [
                4.692966007765828,
                52.508040760493174
              ],
              [
                4.693350161999949,
                52.508304415318854
              ],
              [
                4.693774824453123,
                52.508543824044914
              ],
              [
                4.694235905290847,
                52.50875668062653
              ],
              [
                4.694728963688265,
                52.50894093474432
              ],
              [
                4.6952492506117505,
                52.509094811565014
              ],
              [
                4.695791754578178,
                52.50921682884821
              ],
              [
                4.6963512499503866,
                52.509305811233475
              ],
              [
                4.69692234730239,
                52.50936090157019
              ],
              [
                4.697499545367862,
                52.50938156917981
              ],
              [
                4.698077284069783,
                52.50936761497187
              ],
              [
                4.698649998118702,
                52.50931917336292
              ],
              [
                4.698709873971087,
                52.509310390604206
              ],
              [
                4.698994427322477,
                52.509320575608186
              ],
              [
                4.699572164787803,
                52.50930661411748
              ],
              [
                4.700144876439063,
                52.50925816528663
              ],
              [
                4.7007070454461495,
                52.50917569581339
              ],
              [
                4.701253256606592,
                52.50906000010773
              ],
              [
                4.701778248543345,
                52.50891219263408
              ],
              [
                4.702276964415644,
                52.50873369716885
              ],
              [
                4.7027446006530464,
                52.50852623307685
              ],
              [
                4.703176653241935,
                52.508291798738924
              ],
              [
                4.703568961117821,
                52.50803265229181
              ],
              [
                4.703917746244871,
                52.507751289865325
              ],
              [
                4.704219649996473,
                52.50745042152759
              ],
              [
                4.704471765486615,
                52.50713294517047
              ],
              [
                4.704671665541239,
                52.50680191858718
              ],
              [
                4.704817426041119,
                52.506460530011864
              ],
              [
                4.7048534057535605,
                52.50632156138337
              ],
              [
                4.70514767303969,
                52.50616187316103
              ],
              [
                4.705539950404312,
                52.50590272002022
              ],
              [
                4.705888706119662,
                52.50562135161468
              ],
              [
                4.7061905818424306,
                52.50532047807009
              ],
              [
                4.706442670956533,
                52.505002997328376
              ],
              [
                4.706642546541908,
                52.504671967225015
              ],
              [
                4.706788284714922,
                52.50433057602795
              ],
              [
                4.706878483116926,
                52.50398211172252
              ],
              [
                4.706912274374387,
                52.50362993033878
              ],
              [
                4.706889334402742,
                52.503277423625946
              ],
              [
                4.706809885475849,
                52.50292798638628
              ],
              [
                4.706674694033529,
                52.50258498378238
              ],
              [
                4.706485063250246,
                52.502251718932925
              ],
              [
                4.706242820438455,
                52.50193140110903
              ]
            ]
          ]
        ]
      },
      "properties": {
        "type": "buffer_union_400m",
        "buffer_m": 400
      }
    },
    {
      "type": "Feature",
      "geometry": {
        "type": "Polygon",
        "coordinates": [
          [
            [
              4.571495,
              52.502036
            ],
            [
              4.571931,
              52.502889
            ],
            [
              4.572399,
              52.503802
            ],
            [
              4.573289,
              52.505541
            ],
            [
              4.574085,
              52.507398
            ],
            [
              4.576018,
              52.511905
            ],
            [
              4.576849,
              52.513843
            ],
            [
              4.576974,
              52.514271
            ],
            [
              4.577596,
              52.51641
            ],
            [
              4.578908,
              52.520912
            ],
            [
              4.579233,
              52.522029
            ],
            [
              4.580384,
              52.525416
            ],
            [
              4.581914,
              52.529921
            ],
            [
              4.582309,
              52.531083
            ],
            [
              4.58259,
              52.531861
            ],
            [
              4.582685,
              52.532127
            ],
            [
              4.583321,
              52.533892
            ],
            [
              4.598666,
              52.531074
            ],
            [
              4.599565,
              52.531068
            ],
            [
              4.608764,
              52.531011
            ],
            [
              4.612151,
              52.53099
            ],
            [
              4.61351,
              52.530981
            ],
            [
              4.615011,
              52.530972
            ],
            [
              4.618483,
              52.53095
            ],
            [
              4.621186,
              52.530932
            ],
            [
              4.62304,
              52.530921
            ],
            [
              4.623467,
              52.530918
            ],
            [
              4.624049,
              52.530914
            ],
            [
              4.629541,
              52.530879
            ],
            [
              4.634257,
              52.530848
            ],
            [
              4.634299,
              52.530848
            ],
            [
              4.645913,
              52.530772
            ],
            [
              4.646062,
              52.530771
            ],
            [
              4.646186,
              52.53077
            ],
            [
              4.648068,
              52.530758
            ],
            [
              4.649711,
              52.530747
            ],
            [
              4.649788,
              52.530746
            ],
            [
              4.64986,
              52.530746
            ],
            [
              4.652494,
              52.530728
            ],
            [
              4.652797,
              52.530726
            ],
            [
              4.652933,
              52.530725
            ],
            [
              4.653101,
              52.530724
            ],
            [
              4.653076,
              52.530689
            ],
            [
              4.653235,
              52.530691
            ],
            [
              4.653339,
              52.530719
            ],
            [
              4.653341,
              52.530719
            ],
            [
              4.653628,
              52.530798
            ],
            [
              4.653661,
              52.530807
            ],
            [
              4.653954,
              52.530889
            ],
            [
              4.65406,
              52.530919
            ],
            [
              4.654485,
              52.531039
            ],
            [
              4.654731,
              52.531109
            ],
            [
              4.6551,
              52.531225
            ],
            [
              4.655305,
              52.531289
            ],
            [
              4.655605,
              52.531382
            ],
            [
              4.655726,
              52.531411
            ],
            [
              4.655743,
              52.531416
            ],
            [
              4.655923,
              52.53146
            ],
            [
              4.655961,
              52.531471
            ],
            [
              4.656145,
              52.531516
            ],
            [
              4.6562,
              52.531529
            ],
            [
              4.656371,
              52.531554
            ],
            [
              4.656416,
              52.531559
            ],
            [
              4.656596,
              52.53158
            ],
            [
              4.656649,
              52.531584
            ],
            [
              4.656688,
              52.531589
            ],
            [
              4.656907,
              52.53161
            ],
            [
              4.657032,
              52.53162
            ],
            [
              4.657077,
              52.531628
            ],
            [
              4.657253,
              52.531632
            ],
            [
              4.657313,
              52.531635
            ],
            [
              4.657475,
              52.531648
            ],
            [
              4.657608,
              52.531658
            ],
            [
              4.657614,
              52.531658
            ],
            [
              4.65762,
              52.531658
            ],
            [
              4.657834,
              52.531671
            ],
            [
              4.658183,
              52.531693
            ],
            [
              4.658217,
              52.531697
            ],
            [
              4.65822,
              52.531697
            ],
            [
              4.658325,
              52.531709
            ],
            [
              4.65849,
              52.531716
            ],
            [
              4.658709,
              52.531732
            ],
            [
              4.658827,
              52.531737
            ],
            [
              4.658967,
              52.531733
            ],
            [
              4.658971,
              52.531733
            ],
            [
              4.658975,
              52.531732
            ],
            [
              4.659128,
              52.531741
            ],
            [
              4.659419,
              52.531755
            ],
            [
              4.659552,
              52.531765
            ],
            [
              4.659604,
              52.531765
            ],
            [
              4.659707,
              52.53177
            ],
            [
              4.659883,
              52.531763
            ],
            [
              4.659995,
              52.531748
            ],
            [
              4.660135,
              52.531725
            ],
            [
              4.660141,
              52.531725
            ],
            [
              4.660149,
              52.531723
            ],
            [
              4.660168,
              52.531721
            ],
            [
              4.660331,
              52.531699
            ],
            [
              4.660522,
              52.531679
            ],
            [
              4.660741,
              52.531657
            ],
            [
              4.660918,
              52.531635
            ],
            [
              4.661065,
              52.531614
            ],
            [
              4.661164,
              52.531596
            ],
            [
              4.661171,
              52.531594
            ],
            [
              4.661198,
              52.53159
            ],
            [
              4.661542,
              52.531542
            ],
            [
              4.662018,
              52.531482
            ],
            [
              4.662761,
              52.531392
            ],
            [
              4.662766,
              52.531391
            ],
            [
              4.66291,
              52.531376
            ],
            [
              4.663049,
              52.531363
            ],
            [
              4.663151,
              52.531348
            ],
            [
              4.663208,
              52.53134
            ],
            [
              4.663458,
              52.531304
            ],
            [
              4.663677,
              52.531273
            ],
            [
              4.663857,
              52.531247
            ],
            [
              4.663988,
              52.531229
            ],
            [
              4.664146,
              52.531209
            ],
            [
              4.664147,
              52.531209
            ],
            [
              4.664289,
              52.531191
            ],
            [
              4.664439,
              52.531172
            ],
            [
              4.664567,
              52.531154
            ],
            [
              4.664707,
              52.531133
            ],
            [
              4.664782,
              52.531118
            ],
            [
              4.664844,
              52.531109
            ],
            [
              4.664855,
              52.531107
            ],
            [
              4.66491,
              52.5311
            ],
            [
              4.665021,
              52.531084
            ],
            [
              4.665133,
              52.53107
            ],
            [
              4.665261,
              52.531053
            ],
            [
              4.665416,
              52.531034
            ],
            [
              4.665531,
              52.531023
            ],
            [
              4.665631,
              52.531011
            ],
            [
              4.665724,
              52.530999
            ],
            [
              4.665729,
              52.530998
            ],
            [
              4.665821,
              52.530991
            ],
            [
              4.665891,
              52.530988
            ],
            [
              4.665936,
              52.530987
            ],
            [
              4.665978,
              52.530987
            ],
            [
              4.66603,
              52.530981
            ],
            [
              4.66607,
              52.530967
            ],
            [
              4.666132,
              52.530954
            ],
            [
              4.666254,
              52.530932
            ],
            [
              4.666356,
              52.530917
            ],
            [
              4.666458,
              52.530902
            ],
            [
              4.666618,
              52.530876
            ],
            [
              4.666747,
              52.530858
            ],
            [
              4.666867,
              52.530841
            ],
            [
              4.666961,
              52.530828
            ],
            [
              4.667062,
              52.530815
            ],
            [
              4.667175,
              52.530802
            ],
            [
              4.667241,
              52.530791
            ],
            [
              4.667244,
              52.530791
            ],
            [
              4.66732,
              52.530787
            ],
            [
              4.667472,
              52.530777
            ],
            [
              4.667554,
              52.530775
            ],
            [
              4.667715,
              52.530772
            ],
            [
              4.667795,
              52.530766
            ],
            [
              4.667944,
              52.530747
            ],
            [
              4.668044,
              52.530734
            ],
            [
              4.668099,
              52.530726
            ],
            [
              4.668128,
              52.530722
            ],
            [
              4.668202,
              52.530712
            ],
            [
              4.668394,
              52.530691
            ],
            [
              4.668582,
              52.53067
            ],
            [
              4.668712,
              52.530657
            ],
            [
              4.66895,
              52.530643
            ],
            [
              4.669074,
              52.530631
            ],
            [
              4.669209,
              52.530609
            ],
            [
              4.669414,
              52.530568
            ],
            [
              4.669533,
              52.530549
            ],
            [
              4.669569,
              52.530543
            ],
            [
              4.669572,
              52.530542
            ],
            [
              4.669749,
              52.530511
            ],
            [
              4.669961,
              52.530473
            ],
            [
              4.670089,
              52.530452
            ],
            [
              4.67021,
              52.530431
            ],
            [
              4.670466,
              52.530394
            ],
            [
              4.670671,
              52.530363
            ],
            [
              4.670787,
              52.530345
            ],
            [
              4.670906,
              52.530327
            ],
            [
              4.670913,
              52.530326
            ],
            [
              4.671141,
              52.530291
            ],
            [
              4.671594,
              52.530217
            ],
            [
              4.671815,
              52.530186
            ],
            [
              4.67191,
              52.530171
            ],
            [
              4.671987,
              52.530163
            ],
            [
              4.672077,
              52.530154
            ],
            [
              4.672212,
              52.530151
            ],
            [
              4.672391,
              52.53015
            ],
            [
              4.6725,
              52.530143
            ],
            [
              4.672625,
              52.53013
            ],
            [
              4.672725,
              52.530117
            ],
            [
              4.672785,
              52.530109
            ],
            [
              4.672852,
              52.530095
            ],
            [
              4.673151,
              52.530051
            ],
            [
              4.673397,
              52.530009
            ],
            [
              4.673506,
              52.529992
            ],
            [
              4.673577,
              52.529977
            ],
            [
              4.673669,
              52.529971
            ],
            [
              4.673872,
              52.529934
            ],
            [
              4.674056,
              52.529907
            ],
            [
              4.674231,
              52.529878
            ],
            [
              4.674387,
              52.529847
            ],
            [
              4.674553,
              52.529817
            ],
            [
              4.674666,
              52.529798
            ],
            [
              4.674668,
              52.529805
            ],
            [
              4.674698,
              52.529803
            ],
            [
              4.674765,
              52.529799
            ],
            [
              4.674829,
              52.529794
            ],
            [
              4.674852,
              52.52979
            ],
            [
              4.674882,
              52.529785
            ],
            [
              4.67496,
              52.529774
            ],
            [
              4.675074,
              52.529758
            ],
            [
              4.675203,
              52.529741
            ],
            [
              4.675374,
              52.529715
            ],
            [
              4.675476,
              52.529697
            ],
            [
              4.675614,
              52.529676
            ],
            [
              4.67577,
              52.529648
            ],
            [
              4.675847,
              52.529637
            ],
            [
              4.675925,
              52.529631
            ],
            [
              4.675997,
              52.529626
            ],
            [
              4.676062,
              52.529622
            ],
            [
              4.676147,
              52.529617
            ],
            [
              4.676219,
              52.529611
            ],
            [
              4.67631,
              52.529599
            ],
            [
              4.676423,
              52.529582
            ],
            [
              4.676512,
              52.529568
            ],
            [
              4.676638,
              52.529544
            ],
            [
              4.676728,
              52.52953
            ],
            [
              4.676866,
              52.529512
            ],
            [
              4.677028,
              52.529491
            ],
            [
              4.67713,
              52.529477
            ],
            [
              4.67719,
              52.529467
            ],
            [
              4.677232,
              52.529459
            ],
            [
              4.677274,
              52.529453
            ],
            [
              4.677394,
              52.529432
            ],
            [
              4.677509,
              52.529409
            ],
            [
              4.677634,
              52.529389
            ],
            [
              4.677813,
              52.529361
            ],
            [
              4.677927,
              52.529351
            ],
            [
              4.678039,
              52.529356
            ],
            [
              4.678131,
              52.529354
            ],
            [
              4.67822,
              52.529342
            ],
            [
              4.678304,
              52.529324
            ],
            [
              4.678473,
              52.529281
            ],
            [
              4.678671,
              52.529235
            ],
            [
              4.678811,
              52.529202
            ],
            [
              4.678929,
              52.529178
            ],
            [
              4.679042,
              52.529169
            ],
            [
              4.679248,
              52.52915
            ],
            [
              4.679541,
              52.529124
            ],
            [
              4.679784,
              52.529093
            ],
            [
              4.680337,
              52.529025
            ],
            [
              4.680561,
              52.528996
            ],
            [
              4.680798,
              52.528964
            ],
            [
              4.681233,
              52.528911
            ],
            [
              4.681577,
              52.528866
            ],
            [
              4.681934,
              52.528823
            ],
            [
              4.682065,
              52.528807
            ],
            [
              4.682256,
              52.528784
            ],
            [
              4.682469,
              52.528757
            ],
            [
              4.682698,
              52.528732
            ],
            [
              4.682879,
              52.52871
            ],
            [
              4.683111,
              52.528683
            ],
            [
              4.6833,
              52.528659
            ],
            [
              4.683483,
              52.528635
            ],
            [
              4.683708,
              52.528608
            ],
            [
              4.683869,
              52.528589
            ],
            [
              4.68403,
              52.528571
            ],
            [
              4.684138,
              52.528557
            ],
            [
              4.684271,
              52.528539
            ],
            [
              4.684463,
              52.528511
            ],
            [
              4.684599,
              52.528491
            ],
            [
              4.684761,
              52.528467
            ],
            [
              4.684873,
              52.52845
            ],
            [
              4.685015,
              52.528422
            ],
            [
              4.685103,
              52.528401
            ],
            [
              4.685202,
              52.528376
            ],
            [
              4.685331,
              52.528365
            ],
            [
              4.685427,
              52.52836
            ],
            [
              4.685542,
              52.528357
            ],
            [
              4.685627,
              52.528352
            ],
            [
              4.685746,
              52.528338
            ],
            [
              4.685817,
              52.528328
            ],
            [
              4.685916,
              52.528311
            ],
            [
              4.686013,
              52.528294
            ],
            [
              4.686201,
              52.528258
            ],
            [
              4.686343,
              52.528231
            ],
            [
              4.686554,
              52.528185
            ],
            [
              4.686744,
              52.528144
            ],
            [
              4.687016,
              52.528084
            ],
            [
              4.687284,
              52.528021
            ],
            [
              4.687464,
              52.52798
            ],
            [
              4.687659,
              52.527943
            ],
            [
              4.68791,
              52.527897
            ],
            [
              4.688178,
              52.52785
            ],
            [
              4.688429,
              52.527806
            ],
            [
              4.688635,
              52.52777
            ],
            [
              4.688868,
              52.527728
            ],
            [
              4.689087,
              52.527693
            ],
            [
              4.689308,
              52.527652
            ],
            [
              4.689343,
              52.527643
            ],
            [
              4.689559,
              52.527583
            ],
            [
              4.689814,
              52.527532
            ],
            [
              4.690047,
              52.527478
            ],
            [
              4.690169,
              52.527452
            ],
            [
              4.690242,
              52.527442
            ],
            [
              4.690376,
              52.527431
            ],
            [
              4.690583,
              52.527418
            ],
            [
              4.690821,
              52.527393
            ],
            [
              4.691047,
              52.527365
            ],
            [
              4.691267,
              52.527332
            ],
            [
              4.691498,
              52.52731
            ],
            [
              4.691522,
              52.527307
            ],
            [
              4.691553,
              52.527304
            ],
            [
              4.691677,
              52.527292
            ],
            [
              4.692139,
              52.527246
            ],
            [
              4.69214,
              52.527246
            ],
            [
              4.692291,
              52.527231
            ],
            [
              4.692297,
              52.52723
            ],
            [
              4.692547,
              52.527191
            ],
            [
              4.692882,
              52.527144
            ],
            [
              4.693096,
              52.527112
            ],
            [
              4.693309,
              52.527102
            ],
            [
              4.693651,
              52.527078
            ],
            [
              4.693882,
              52.527061
            ],
            [
              4.69412,
              52.527051
            ],
            [
              4.694291,
              52.527045
            ],
            [
              4.694419,
              52.527038
            ],
            [
              4.69444,
              52.527036
            ],
            [
              4.694534,
              52.527024
            ],
            [
              4.694681,
              52.526988
            ],
            [
              4.694889,
              52.526944
            ],
            [
              4.695078,
              52.526901
            ],
            [
              4.695256,
              52.526854
            ],
            [
              4.695415,
              52.526803
            ],
            [
              4.695568,
              52.526748
            ],
            [
              4.695658,
              52.526728
            ],
            [
              4.695723,
              52.526728
            ],
            [
              4.695736,
              52.526728
            ],
            [
              4.695767,
              52.526653
            ],
            [
              4.695754,
              52.526612
            ],
            [
              4.69573,
              52.52659
            ],
            [
              4.695676,
              52.526582
            ],
            [
              4.695629,
              52.52657
            ],
            [
              4.695587,
              52.526554
            ],
            [
              4.695546,
              52.526536
            ],
            [
              4.69551,
              52.526518
            ],
            [
              4.695484,
              52.526498
            ],
            [
              4.695465,
              52.526477
            ],
            [
              4.69545,
              52.526451
            ],
            [
              4.695437,
              52.526416
            ],
            [
              4.695409,
              52.526346
            ],
            [
              4.695404,
              52.526339
            ],
            [
              4.695386,
              52.526313
            ],
            [
              4.695344,
              52.526269
            ],
            [
              4.695315,
              52.526232
            ],
            [
              4.695286,
              52.52619
            ],
            [
              4.695254,
              52.526154
            ],
            [
              4.69524,
              52.526142
            ],
            [
              4.695239,
              52.52614
            ],
            [
              4.69521,
              52.526112
            ],
            [
              4.695173,
              52.526078
            ],
            [
              4.695132,
              52.526047
            ],
            [
              4.695064,
              52.525995
            ],
            [
              4.694985,
              52.525939
            ],
            [
              4.694917,
              52.525892
            ],
            [
              4.694884,
              52.525866
            ],
            [
              4.694884,
              52.525865
            ],
            [
              4.694882,
              52.525861
            ],
            [
              4.69487,
              52.525837
            ],
            [
              4.694742,
              52.525595
            ],
            [
              4.694737,
              52.525584
            ],
            [
              4.694667,
              52.525397
            ],
            [
              4.694654,
              52.525371
            ],
            [
              4.694583,
              52.525235
            ],
            [
              4.694539,
              52.525148
            ],
            [
              4.694459,
              52.52495
            ],
            [
              4.694449,
              52.524923
            ],
            [
              4.694398,
              52.524795
            ],
            [
              4.694368,
              52.524732
            ],
            [
              4.694336,
              52.524644
            ],
            [
              4.694309,
              52.524565
            ],
            [
              4.694282,
              52.52447
            ],
            [
              4.694227,
              52.524327
            ],
            [
              4.694209,
              52.524242
            ],
            [
              4.694197,
              52.524181
            ],
            [
              4.694188,
              52.524109
            ],
            [
              4.694144,
              52.524048
            ],
            [
              4.694084,
              52.52399
            ],
            [
              4.694043,
              52.523941
            ],
            [
              4.694013,
              52.523895
            ],
            [
              4.693979,
              52.523836
            ],
            [
              4.693924,
              52.52373
            ],
            [
              4.6939,
              52.523672
            ],
            [
              4.693882,
              52.523602
            ],
            [
              4.693875,
              52.523511
            ],
            [
              4.69388,
              52.523429
            ],
            [
              4.693883,
              52.52338
            ],
            [
              4.69388,
              52.523347
            ],
            [
              4.693865,
              52.523313
            ],
            [
              4.693839,
              52.523275
            ],
            [
              4.693752,
              52.52316
            ],
            [
              4.693564,
              52.522968
            ],
            [
              4.693486,
              52.5229
            ],
            [
              4.693394,
              52.522842
            ],
            [
              4.693359,
              52.522812
            ],
            [
              4.69322,
              52.522693
            ],
            [
              4.693138,
              52.522574
            ],
            [
              4.693063,
              52.522495
            ],
            [
              4.692991,
              52.522432
            ],
            [
              4.692917,
              52.522377
            ],
            [
              4.692846,
              52.522298
            ],
            [
              4.692845,
              52.522297
            ],
            [
              4.692742,
              52.522185
            ],
            [
              4.692666,
              52.52212
            ],
            [
              4.692506,
              52.521989
            ],
            [
              4.692395,
              52.521893
            ],
            [
              4.692313,
              52.521817
            ],
            [
              4.692252,
              52.521747
            ],
            [
              4.692194,
              52.521665
            ],
            [
              4.692158,
              52.52163
            ],
            [
              4.692126,
              52.5216
            ],
            [
              4.692009,
              52.521506
            ],
            [
              4.691905,
              52.521434
            ],
            [
              4.69183,
              52.52138
            ],
            [
              4.691774,
              52.521341
            ],
            [
              4.691721,
              52.521272
            ],
            [
              4.691675,
              52.521206
            ],
            [
              4.691588,
              52.521074
            ],
            [
              4.691531,
              52.520966
            ],
            [
              4.691492,
              52.520901
            ],
            [
              4.691455,
              52.520842
            ],
            [
              4.691352,
              52.520705
            ],
            [
              4.691286,
              52.520611
            ],
            [
              4.691244,
              52.520533
            ],
            [
              4.691135,
              52.520347
            ],
            [
              4.69106,
              52.520199
            ],
            [
              4.690988,
              52.520072
            ],
            [
              4.690944,
              52.519999
            ],
            [
              4.690895,
              52.51992
            ],
            [
              4.690855,
              52.519845
            ],
            [
              4.690829,
              52.519778
            ],
            [
              4.690815,
              52.519712
            ],
            [
              4.690804,
              52.519629
            ],
            [
              4.690787,
              52.519536
            ],
            [
              4.690755,
              52.519445
            ],
            [
              4.690715,
              52.519366
            ],
            [
              4.690658,
              52.519282
            ],
            [
              4.690594,
              52.519174
            ],
            [
              4.690586,
              52.519083
            ],
            [
              4.690587,
              52.51898
            ],
            [
              4.690573,
              52.518899
            ],
            [
              4.690554,
              52.518804
            ],
            [
              4.690519,
              52.518716
            ],
            [
              4.690497,
              52.518633
            ],
            [
              4.690494,
              52.518569
            ],
            [
              4.690519,
              52.518488
            ],
            [
              4.690552,
              52.518391
            ],
            [
              4.690609,
              52.518282
            ],
            [
              4.69066,
              52.518184
            ],
            [
              4.690706,
              52.518085
            ],
            [
              4.690772,
              52.51798
            ],
            [
              4.690843,
              52.517879
            ],
            [
              4.691065,
              52.517581
            ],
            [
              4.69116,
              52.517447
            ],
            [
              4.691238,
              52.517336
            ],
            [
              4.691277,
              52.517234
            ],
            [
              4.691309,
              52.517131
            ],
            [
              4.691322,
              52.517086
            ],
            [
              4.691383,
              52.516936
            ],
            [
              4.691395,
              52.516887
            ],
            [
              4.691387,
              52.516859
            ],
            [
              4.691378,
              52.516828
            ],
            [
              4.691349,
              52.516787
            ],
            [
              4.69128,
              52.516716
            ],
            [
              4.691242,
              52.516673
            ],
            [
              4.691216,
              52.516641
            ],
            [
              4.69119,
              52.516592
            ],
            [
              4.691142,
              52.516434
            ],
            [
              4.690926,
              52.516
            ],
            [
              4.690851,
              52.515854
            ],
            [
              4.690794,
              52.515777
            ],
            [
              4.690646,
              52.51558
            ],
            [
              4.690614,
              52.515532
            ],
            [
              4.690577,
              52.515415
            ],
            [
              4.690523,
              52.515247
            ],
            [
              4.690512,
              52.515183
            ],
            [
              4.690519,
              52.515071
            ],
            [
              4.690613,
              52.514883
            ],
            [
              4.690727,
              52.514598
            ],
            [
              4.690853,
              52.514388
            ],
            [
              4.690923,
              52.514178
            ],
            [
              4.691018,
              52.513884
            ],
            [
              4.691054,
              52.513774
            ],
            [
              4.691108,
              52.513641
            ],
            [
              4.691164,
              52.513533
            ],
            [
              4.691255,
              52.513392
            ],
            [
              4.691343,
              52.513278
            ],
            [
              4.691466,
              52.513154
            ],
            [
              4.691527,
              52.513101
            ],
            [
              4.691571,
              52.513063
            ],
            [
              4.69171,
              52.512962
            ],
            [
              4.69177,
              52.512919
            ],
            [
              4.691846,
              52.512864
            ],
            [
              4.691955,
              52.51277
            ],
            [
              4.692,
              52.51271
            ],
            [
              4.69203,
              52.512641
            ],
            [
              4.692031,
              52.512639
            ],
            [
              4.692178,
              52.512253
            ],
            [
              4.692355,
              52.511833
            ],
            [
              4.692572,
              52.511304
            ],
            [
              4.692639,
              52.511139
            ],
            [
              4.692598,
              52.510997
            ],
            [
              4.692579,
              52.510855
            ],
            [
              4.692576,
              52.51081
            ],
            [
              4.69256,
              52.510677
            ],
            [
              4.692612,
              52.510658
            ],
            [
              4.692665,
              52.510637
            ],
            [
              4.692729,
              52.510614
            ],
            [
              4.692788,
              52.510595
            ],
            [
              4.692842,
              52.510581
            ],
            [
              4.692898,
              52.510563
            ],
            [
              4.693027,
              52.510537
            ],
            [
              4.693099,
              52.510525
            ],
            [
              4.693161,
              52.510516
            ],
            [
              4.693222,
              52.51051
            ],
            [
              4.693284,
              52.510498
            ],
            [
              4.693345,
              52.510487
            ],
            [
              4.693408,
              52.51048
            ],
            [
              4.693476,
              52.510474
            ],
            [
              4.693536,
              52.510469
            ],
            [
              4.693595,
              52.510466
            ],
            [
              4.693662,
              52.510462
            ],
            [
              4.693727,
              52.510459
            ],
            [
              4.693792,
              52.510459
            ],
            [
              4.693849,
              52.510459
            ],
            [
              4.693867,
              52.510459
            ],
            [
              4.693926,
              52.510459
            ],
            [
              4.693982,
              52.510461
            ],
            [
              4.693986,
              52.510461
            ],
            [
              4.694045,
              52.510457
            ],
            [
              4.694086,
              52.510452
            ],
            [
              4.694117,
              52.51045
            ],
            [
              4.694164,
              52.510437
            ],
            [
              4.694212,
              52.510426
            ],
            [
              4.694286,
              52.510399
            ],
            [
              4.694329,
              52.510376
            ],
            [
              4.694368,
              52.510356
            ],
            [
              4.694415,
              52.510335
            ],
            [
              4.694469,
              52.51031
            ],
            [
              4.69452,
              52.510288
            ],
            [
              4.694562,
              52.510266
            ],
            [
              4.694612,
              52.510242
            ],
            [
              4.694662,
              52.51022
            ],
            [
              4.694719,
              52.510191
            ],
            [
              4.694772,
              52.510167
            ],
            [
              4.694847,
              52.51013
            ],
            [
              4.694893,
              52.510106
            ],
            [
              4.694913,
              52.510095
            ],
            [
              4.694939,
              52.510084
            ],
            [
              4.694977,
              52.510069
            ],
            [
              4.695042,
              52.510054
            ],
            [
              4.69508,
              52.510037
            ],
            [
              4.695109,
              52.510016
            ],
            [
              4.695115,
              52.509998
            ],
            [
              4.695108,
              52.509985
            ],
            [
              4.6951,
              52.509969
            ],
            [
              4.695087,
              52.509954
            ],
            [
              4.695067,
              52.509941
            ],
            [
              4.695047,
              52.509936
            ],
            [
              4.694935,
              52.50982
            ],
            [
              4.69495,
              52.509818
            ],
            [
              4.694979,
              52.509813
            ],
            [
              4.695053,
              52.509793
            ],
            [
              4.695194,
              52.509763
            ],
            [
              4.695273,
              52.509738
            ],
            [
              4.695314,
              52.509727
            ],
            [
              4.695167,
              52.509537
            ],
            [
              4.695012,
              52.509346
            ],
            [
              4.694907,
              52.509225
            ],
            [
              4.69486,
              52.509187
            ],
            [
              4.694825,
              52.509147
            ],
            [
              4.694803,
              52.509111
            ],
            [
              4.694792,
              52.509077
            ],
            [
              4.694781,
              52.50903
            ],
            [
              4.694777,
              52.508953
            ],
            [
              4.694783,
              52.508842
            ],
            [
              4.694786,
              52.508807
            ],
            [
              4.694791,
              52.508738
            ],
            [
              4.69479,
              52.508662
            ],
            [
              4.694786,
              52.50857
            ],
            [
              4.694776,
              52.50849
            ],
            [
              4.694764,
              52.508409
            ],
            [
              4.694748,
              52.508344
            ],
            [
              4.694717,
              52.508283
            ],
            [
              4.694666,
              52.508192
            ],
            [
              4.694645,
              52.508163
            ],
            [
              4.694606,
              52.508109
            ],
            [
              4.694599,
              52.5081
            ],
            [
              4.694564,
              52.508055
            ],
            [
              4.694541,
              52.508026
            ],
            [
              4.694532,
              52.508016
            ],
            [
              4.69452,
              52.508001
            ],
            [
              4.694478,
              52.507947
            ],
            [
              4.694394,
              52.507826
            ],
            [
              4.694429,
              52.507802
            ],
            [
              4.694464,
              52.507774
            ],
            [
              4.6945,
              52.507743
            ],
            [
              4.694528,
              52.507721
            ],
            [
              4.694556,
              52.507686
            ],
            [
              4.694583,
              52.507657
            ],
            [
              4.694612,
              52.507624
            ],
            [
              4.69485,
              52.507577
            ],
            [
              4.694933,
              52.50756
            ],
            [
              4.694988,
              52.50755
            ],
            [
              4.695129,
              52.507526
            ],
            [
              4.695187,
              52.507517
            ],
            [
              4.695245,
              52.50751
            ],
            [
              4.695304,
              52.507503
            ],
            [
              4.695363,
              52.507496
            ],
            [
              4.695422,
              52.50749
            ],
            [
              4.695481,
              52.507485
            ],
            [
              4.695553,
              52.507478
            ],
            [
              4.695625,
              52.507473
            ],
            [
              4.695671,
              52.507469
            ],
            [
              4.695716,
              52.507467
            ],
            [
              4.695822,
              52.507462
            ],
            [
              4.695929,
              52.50746
            ],
            [
              4.696013,
              52.50746
            ],
            [
              4.696098,
              52.507462
            ],
            [
              4.696386,
              52.507467
            ],
            [
              4.696647,
              52.507487
            ],
            [
              4.696703,
              52.507493
            ],
            [
              4.696759,
              52.507499
            ],
            [
              4.696814,
              52.507506
            ],
            [
              4.696869,
              52.507513
            ],
            [
              4.696924,
              52.507521
            ],
            [
              4.696979,
              52.507529
            ],
            [
              4.697033,
              52.507539
            ],
            [
              4.697085,
              52.507548
            ],
            [
              4.697137,
              52.507558
            ],
            [
              4.697188,
              52.507568
            ],
            [
              4.69724,
              52.507579
            ],
            [
              4.69729,
              52.50759
            ],
            [
              4.697341,
              52.507602
            ],
            [
              4.697391,
              52.507614
            ],
            [
              4.697721,
              52.507696
            ],
            [
              4.697902,
              52.507746
            ],
            [
              4.698081,
              52.5078
            ],
            [
              4.698238,
              52.50785
            ],
            [
              4.698394,
              52.507903
            ],
            [
              4.698509,
              52.507944
            ],
            [
              4.698624,
              52.507985
            ],
            [
              4.698754,
              52.508031
            ],
            [
              4.698882,
              52.508078
            ],
            [
              4.699001,
              52.508123
            ],
            [
              4.69912,
              52.508167
            ],
            [
              4.699177,
              52.508189
            ],
            [
              4.699592,
              52.508351
            ],
            [
              4.699593,
              52.508357
            ],
            [
              4.700035,
              52.508517
            ],
            [
              4.700511,
              52.508689
            ],
            [
              4.700635,
              52.508734
            ],
            [
              4.700652,
              52.50873
            ],
            [
              4.700684,
              52.508742
            ],
            [
              4.700716,
              52.508754
            ],
            [
              4.700749,
              52.508765
            ],
            [
              4.700782,
              52.508775
            ],
            [
              4.700815,
              52.508785
            ],
            [
              4.700849,
              52.508795
            ],
            [
              4.700883,
              52.508804
            ],
            [
              4.700918,
              52.508812
            ],
            [
              4.700953,
              52.50882
            ],
            [
              4.700988,
              52.508828
            ],
            [
              4.701023,
              52.508834
            ],
            [
              4.701059,
              52.508841
            ],
            [
              4.701095,
              52.508846
            ],
            [
              4.701131,
              52.508852
            ],
            [
              4.701167,
              52.508856
            ],
            [
              4.701204,
              52.50886
            ],
            [
              4.701236,
              52.508863
            ],
            [
              4.701503,
              52.508871
            ],
            [
              4.701601,
              52.508877
            ],
            [
              4.7017,
              52.508881
            ],
            [
              4.70179,
              52.508883
            ],
            [
              4.701879,
              52.508882
            ],
            [
              4.701991,
              52.50888
            ],
            [
              4.702063,
              52.508876
            ],
            [
              4.702136,
              52.508871
            ],
            [
              4.702215,
              52.508865
            ],
            [
              4.702295,
              52.508856
            ],
            [
              4.70236,
              52.508843
            ],
            [
              4.702426,
              52.508829
            ],
            [
              4.702491,
              52.508814
            ],
            [
              4.702555,
              52.5088
            ],
            [
              4.70262,
              52.508784
            ],
            [
              4.702684,
              52.508768
            ],
            [
              4.702747,
              52.508752
            ],
            [
              4.70281,
              52.508735
            ],
            [
              4.702872,
              52.508717
            ],
            [
              4.702934,
              52.508699
            ],
            [
              4.702995,
              52.508681
            ],
            [
              4.703056,
              52.508662
            ],
            [
              4.703116,
              52.508643
            ],
            [
              4.703176,
              52.508623
            ],
            [
              4.703236,
              52.508602
            ],
            [
              4.703295,
              52.508581
            ],
            [
              4.703458,
              52.508518
            ],
            [
              4.70352,
              52.508488
            ],
            [
              4.703522,
              52.508487
            ],
            [
              4.703789,
              52.508359
            ],
            [
              4.70379,
              52.508359
            ],
            [
              4.703854,
              52.508328
            ],
            [
              4.703903,
              52.508369
            ],
            [
              4.703939,
              52.508402
            ],
            [
              4.704093,
              52.508521
            ],
            [
              4.7043,
              52.508681
            ],
            [
              4.704495,
              52.508835
            ],
            [
              4.704661,
              52.508965
            ],
            [
              4.704771,
              52.509053
            ],
            [
              4.704968,
              52.509207
            ],
            [
              4.705142,
              52.509343
            ],
            [
              4.705285,
              52.509452
            ],
            [
              4.705439,
              52.509571
            ],
            [
              4.705618,
              52.509706
            ],
            [
              4.705754,
              52.509812
            ],
            [
              4.705906,
              52.509929
            ],
            [
              4.706011,
              52.510008
            ],
            [
              4.706527,
              52.510397
            ],
            [
              4.706537,
              52.5104
            ],
            [
              4.706547,
              52.510402
            ],
            [
              4.706558,
              52.510403
            ],
            [
              4.706568,
              52.510403
            ],
            [
              4.706579,
              52.510403
            ],
            [
              4.70659,
              52.510403
            ],
            [
              4.7066,
              52.510401
            ],
            [
              4.70661,
              52.510399
            ],
            [
              4.706844,
              52.510361
            ],
            [
              4.707083,
              52.510332
            ],
            [
              4.707284,
              52.510311
            ],
            [
              4.707505,
              52.510293
            ],
            [
              4.707643,
              52.510282
            ],
            [
              4.70786,
              52.510274
            ],
            [
              4.707944,
              52.510274
            ],
            [
              4.707973,
              52.510276
            ],
            [
              4.708192,
              52.510198
            ],
            [
              4.708195,
              52.510197
            ],
            [
              4.709152,
              52.509856
            ],
            [
              4.709036,
              52.509721
            ],
            [
              4.708944,
              52.509579
            ],
            [
              4.708874,
              52.509432
            ],
            [
              4.70883,
              52.509282
            ],
            [
              4.70881,
              52.50913
            ],
            [
              4.708815,
              52.508977
            ],
            [
              4.708833,
              52.508919
            ],
            [
              4.708835,
              52.508914
            ],
            [
              4.708853,
              52.508856
            ],
            [
              4.709029,
              52.508292
            ],
            [
              4.709037,
              52.508246
            ],
            [
              4.709052,
              52.508162
            ],
            [
              4.709051,
              52.508027
            ],
            [
              4.709025,
              52.507893
            ],
            [
              4.708973,
              52.507762
            ],
            [
              4.708897,
              52.507636
            ],
            [
              4.708284,
              52.506817
            ],
            [
              4.708371,
              52.506726
            ],
            [
              4.707938,
              52.506141
            ],
            [
              4.707035,
              52.506383
            ],
            [
              4.706096,
              52.506658
            ],
            [
              4.705708,
              52.506333
            ],
            [
              4.705683,
              52.506312
            ],
            [
              4.705779,
              52.506281
            ],
            [
              4.705858,
              52.506251
            ],
            [
              4.705762,
              52.506136
            ],
            [
              4.705548,
              52.505881
            ],
            [
              4.704989,
              52.505246
            ],
            [
              4.70486,
              52.505099
            ],
            [
              4.70465,
              52.504823
            ],
            [
              4.704531,
              52.504666
            ],
            [
              4.704234,
              52.504261
            ],
            [
              4.703856,
              52.503723
            ],
            [
              4.703782,
              52.503617
            ],
            [
              4.703443,
              52.503104
            ],
            [
              4.703485,
              52.503095
            ],
            [
              4.703519,
              52.50308
            ],
            [
              4.703536,
              52.503069
            ],
            [
              4.703554,
              52.503052
            ],
            [
              4.703607,
              52.503
            ],
            [
              4.703641,
              52.502965
            ],
            [
              4.703683,
              52.502907
            ],
            [
              4.70372,
              52.502834
            ],
            [
              4.703748,
              52.502769
            ],
            [
              4.703852,
              52.502535
            ],
            [
              4.703901,
              52.502415
            ],
            [
              4.703995,
              52.502135
            ],
            [
              4.704012,
              52.502092
            ],
            [
              4.704034,
              52.50205
            ],
            [
              4.704065,
              52.502002
            ],
            [
              4.704104,
              52.501951
            ],
            [
              4.704148,
              52.50191
            ],
            [
              4.704547,
              52.501507
            ],
            [
              4.70459,
              52.501467
            ],
            [
              4.704687,
              52.50138
            ],
            [
              4.704808,
              52.501281
            ],
            [
              4.704977,
              52.501148
            ],
            [
              4.705037,
              52.501104
            ],
            [
              4.705055,
              52.501085
            ],
            [
              4.705292,
              52.500834
            ],
            [
              4.705459,
              52.500642
            ],
            [
              4.705506,
              52.500588
            ],
            [
              4.705622,
              52.500455
            ],
            [
              4.705631,
              52.500439
            ],
            [
              4.705637,
              52.500419
            ],
            [
              4.705636,
              52.500401
            ],
            [
              4.705627,
              52.500377
            ],
            [
              4.705597,
              52.50034
            ],
            [
              4.705543,
              52.500289
            ],
            [
              4.705516,
              52.500235
            ],
            [
              4.705424,
              52.500107
            ],
            [
              4.705668,
              52.499951
            ],
            [
              4.705775,
              52.499884
            ],
            [
              4.705876,
              52.499824
            ],
            [
              4.705918,
              52.499799
            ],
            [
              4.705932,
              52.499791
            ],
            [
              4.706032,
              52.499737
            ],
            [
              4.706105,
              52.499696
            ],
            [
              4.706183,
              52.499658
            ],
            [
              4.706235,
              52.499632
            ],
            [
              4.706361,
              52.499574
            ],
            [
              4.706455,
              52.499532
            ],
            [
              4.706577,
              52.499482
            ],
            [
              4.706683,
              52.499438
            ],
            [
              4.706742,
              52.499413
            ],
            [
              4.706907,
              52.499343
            ],
            [
              4.70708,
              52.499264
            ],
            [
              4.707099,
              52.499254
            ],
            [
              4.707114,
              52.499247
            ],
            [
              4.707206,
              52.499203
            ],
            [
              4.707336,
              52.499132
            ],
            [
              4.707459,
              52.499061
            ],
            [
              4.70759,
              52.498984
            ],
            [
              4.707729,
              52.498903
            ],
            [
              4.707914,
              52.498803
            ],
            [
              4.708116,
              52.498703
            ],
            [
              4.708361,
              52.49859
            ],
            [
              4.708625,
              52.498477
            ],
            [
              4.70886,
              52.498377
            ],
            [
              4.70897,
              52.49831
            ],
            [
              4.709016,
              52.498327
            ],
            [
              4.709105,
              52.498283
            ],
            [
              4.709176,
              52.498262
            ],
            [
              4.709212,
              52.498248
            ],
            [
              4.70923,
              52.498239
            ],
            [
              4.709262,
              52.498221
            ],
            [
              4.709283,
              52.498207
            ],
            [
              4.709307,
              52.498184
            ],
            [
              4.709325,
              52.498155
            ],
            [
              4.709329,
              52.498105
            ],
            [
              4.709329,
              52.498081
            ],
            [
              4.7094,
              52.498035
            ],
            [
              4.709447,
              52.498005
            ],
            [
              4.709546,
              52.497948
            ],
            [
              4.709812,
              52.497793
            ],
            [
              4.709932,
              52.497723
            ],
            [
              4.710211,
              52.497559
            ],
            [
              4.710233,
              52.497549
            ],
            [
              4.710431,
              52.497464
            ],
            [
              4.71051,
              52.49743
            ],
            [
              4.710554,
              52.497404
            ],
            [
              4.710588,
              52.497377
            ],
            [
              4.710612,
              52.497354
            ],
            [
              4.710626,
              52.497335
            ],
            [
              4.710656,
              52.497314
            ],
            [
              4.710687,
              52.497294
            ],
            [
              4.710719,
              52.497274
            ],
            [
              4.710751,
              52.497254
            ],
            [
              4.710784,
              52.497235
            ],
            [
              4.710818,
              52.497217
            ],
            [
              4.710853,
              52.497199
            ],
            [
              4.710888,
              52.497182
            ],
            [
              4.710924,
              52.497164
            ],
            [
              4.710961,
              52.497148
            ],
            [
              4.710994,
              52.497134
            ],
            [
              4.711027,
              52.49712
            ],
            [
              4.711061,
              52.497107
            ],
            [
              4.711091,
              52.497094
            ],
            [
              4.711132,
              52.497077
            ],
            [
              4.711173,
              52.49706
            ],
            [
              4.711297,
              52.496972
            ],
            [
              4.711383,
              52.496942
            ],
            [
              4.711566,
              52.496885
            ],
            [
              4.711585,
              52.496861
            ],
            [
              4.711704,
              52.496817
            ],
            [
              4.711809,
              52.496804
            ],
            [
              4.712009,
              52.496715
            ],
            [
              4.712011,
              52.496715
            ],
            [
              4.712239,
              52.496708
            ],
            [
              4.712444,
              52.496712
            ],
            [
              4.713509,
              52.496533
            ],
            [
              4.713614,
              52.496516
            ],
            [
              4.715893,
              52.496133
            ],
            [
              4.716185,
              52.496083
            ],
            [
              4.71623,
              52.496075
            ],
            [
              4.716395,
              52.496037
            ],
            [
              4.716629,
              52.495977
            ],
            [
              4.717206,
              52.495818
            ],
            [
              4.717256,
              52.495804
            ],
            [
              4.718141,
              52.495545
            ],
            [
              4.718178,
              52.49553
            ],
            [
              4.718207,
              52.495513
            ],
            [
              4.718234,
              52.495492
            ],
            [
              4.718275,
              52.49545
            ],
            [
              4.718289,
              52.495433
            ],
            [
              4.718307,
              52.495421
            ],
            [
              4.718337,
              52.495408
            ],
            [
              4.718409,
              52.495387
            ],
            [
              4.719315,
              52.495211
            ],
            [
              4.719816,
              52.495102
            ],
            [
              4.720005,
              52.49506
            ],
            [
              4.720083,
              52.495028
            ],
            [
              4.720165,
              52.495017
            ],
            [
              4.720252,
              52.494993
            ],
            [
              4.720293,
              52.494981
            ],
            [
              4.720311,
              52.494974
            ],
            [
              4.720367,
              52.494954
            ],
            [
              4.719713,
              52.494825
            ],
            [
              4.719392,
              52.494762
            ],
            [
              4.719067,
              52.494688
            ],
            [
              4.718893,
              52.494655
            ],
            [
              4.718775,
              52.494632
            ],
            [
              4.718651,
              52.494614
            ],
            [
              4.718586,
              52.494601
            ],
            [
              4.718509,
              52.494579
            ],
            [
              4.71809,
              52.494426
            ],
            [
              4.717962,
              52.494384
            ],
            [
              4.717898,
              52.49436
            ],
            [
              4.71772,
              52.494313
            ],
            [
              4.717581,
              52.494282
            ],
            [
              4.717473,
              52.494251
            ],
            [
              4.717364,
              52.494221
            ],
            [
              4.717224,
              52.494181
            ],
            [
              4.717124,
              52.494152
            ],
            [
              4.716981,
              52.494118
            ],
            [
              4.71687,
              52.494089
            ],
            [
              4.71677,
              52.494069
            ],
            [
              4.71666,
              52.494042
            ],
            [
              4.716553,
              52.494004
            ],
            [
              4.716418,
              52.493955
            ],
            [
              4.716311,
              52.493907
            ],
            [
              4.716168,
              52.493843
            ],
            [
              4.715847,
              52.493692
            ],
            [
              4.715691,
              52.493625
            ],
            [
              4.715248,
              52.493421
            ],
            [
              4.714645,
              52.493195
            ],
            [
              4.714564,
              52.493125
            ],
            [
              4.714489,
              52.493049
            ],
            [
              4.714433,
              52.492999
            ],
            [
              4.714346,
              52.492941
            ],
            [
              4.714241,
              52.49288
            ],
            [
              4.71409,
              52.492803
            ],
            [
              4.713963,
              52.492742
            ],
            [
              4.713866,
              52.492683
            ],
            [
              4.713703,
              52.492535
            ],
            [
              4.713585,
              52.49243
            ],
            [
              4.71351,
              52.492368
            ],
            [
              4.713322,
              52.49224
            ],
            [
              4.71318,
              52.492139
            ],
            [
              4.713094,
              52.492057
            ],
            [
              4.712989,
              52.491942
            ],
            [
              4.712913,
              52.491845
            ],
            [
              4.71287,
              52.49178
            ],
            [
              4.712844,
              52.49173
            ],
            [
              4.712815,
              52.491702
            ],
            [
              4.712771,
              52.49166
            ],
            [
              4.712698,
              52.491605
            ],
            [
              4.712552,
              52.491501
            ],
            [
              4.712317,
              52.491321
            ],
            [
              4.712209,
              52.49124
            ],
            [
              4.712089,
              52.491155
            ],
            [
              4.712003,
              52.491099
            ],
            [
              4.711918,
              52.491049
            ],
            [
              4.71189,
              52.491035
            ],
            [
              4.711868,
              52.491014
            ],
            [
              4.711832,
              52.490973
            ],
            [
              4.711745,
              52.490875
            ],
            [
              4.711707,
              52.490841
            ],
            [
              4.711654,
              52.490797
            ],
            [
              4.711577,
              52.490738
            ],
            [
              4.711443,
              52.490636
            ],
            [
              4.711368,
              52.49057
            ],
            [
              4.711346,
              52.49055
            ],
            [
              4.711224,
              52.490435
            ],
            [
              4.711156,
              52.490368
            ],
            [
              4.711121,
              52.490336
            ],
            [
              4.711058,
              52.490282
            ],
            [
              4.711007,
              52.490239
            ],
            [
              4.710877,
              52.490133
            ],
            [
              4.710651,
              52.489947
            ],
            [
              4.710623,
              52.489921
            ],
            [
              4.71058,
              52.489892
            ],
            [
              4.710538,
              52.489869
            ],
            [
              4.710465,
              52.489837
            ],
            [
              4.71041,
              52.489807
            ],
            [
              4.710376,
              52.489782
            ],
            [
              4.710279,
              52.48971
            ],
            [
              4.710134,
              52.489621
            ],
            [
              4.70999,
              52.489539
            ],
            [
              4.709939,
              52.489508
            ],
            [
              4.709841,
              52.489448
            ],
            [
              4.709594,
              52.489313
            ],
            [
              4.709386,
              52.489196
            ],
            [
              4.709256,
              52.489118
            ],
            [
              4.709115,
              52.489033
            ],
            [
              4.708936,
              52.488919
            ],
            [
              4.708837,
              52.488855
            ],
            [
              4.708648,
              52.48874
            ],
            [
              4.708538,
              52.488681
            ],
            [
              4.708479,
              52.488649
            ],
            [
              4.708445,
              52.488626
            ],
            [
              4.708433,
              52.488592
            ],
            [
              4.70841,
              52.488522
            ],
            [
              4.708383,
              52.488474
            ],
            [
              4.70834,
              52.488399
            ],
            [
              4.708265,
              52.488271
            ],
            [
              4.708236,
              52.488204
            ],
            [
              4.708193,
              52.488104
            ],
            [
              4.708172,
              52.488042
            ],
            [
              4.708148,
              52.487945
            ],
            [
              4.708136,
              52.487841
            ],
            [
              4.708115,
              52.487597
            ],
            [
              4.708125,
              52.487556
            ],
            [
              4.708193,
              52.487329
            ],
            [
              4.708216,
              52.487243
            ],
            [
              4.708227,
              52.487211
            ],
            [
              4.708222,
              52.48716
            ],
            [
              4.708183,
              52.486994
            ],
            [
              4.708151,
              52.486892
            ],
            [
              4.708131,
              52.486845
            ],
            [
              4.7081,
              52.486778
            ],
            [
              4.708069,
              52.486716
            ],
            [
              4.708014,
              52.486619
            ],
            [
              4.707999,
              52.486574
            ],
            [
              4.707983,
              52.486466
            ],
            [
              4.707973,
              52.486392
            ],
            [
              4.707971,
              52.486365
            ],
            [
              4.707969,
              52.486332
            ],
            [
              4.707928,
              52.486332
            ],
            [
              4.707829,
              52.486347
            ],
            [
              4.707799,
              52.486353
            ],
            [
              4.707736,
              52.486365
            ],
            [
              4.707621,
              52.486387
            ],
            [
              4.707424,
              52.486437
            ],
            [
              4.707142,
              52.486512
            ],
            [
              4.706762,
              52.486615
            ],
            [
              4.706511,
              52.486683
            ],
            [
              4.70637,
              52.486723
            ],
            [
              4.706074,
              52.486804
            ],
            [
              4.705895,
              52.486853
            ],
            [
              4.705558,
              52.486945
            ],
            [
              4.705107,
              52.487065
            ],
            [
              4.705094,
              52.487068
            ],
            [
              4.705093,
              52.487068
            ],
            [
              4.704951,
              52.487103
            ],
            [
              4.704815,
              52.487137
            ],
            [
              4.704696,
              52.487169
            ],
            [
              4.704568,
              52.487208
            ],
            [
              4.704447,
              52.487252
            ],
            [
              4.704282,
              52.487294
            ],
            [
              4.704071,
              52.487344
            ],
            [
              4.703789,
              52.487413
            ],
            [
              4.70355,
              52.487479
            ],
            [
              4.703411,
              52.48751
            ],
            [
              4.703331,
              52.487524
            ],
            [
              4.703237,
              52.487538
            ],
            [
              4.703183,
              52.487544
            ],
            [
              4.703121,
              52.487553
            ],
            [
              4.703094,
              52.487559
            ],
            [
              4.703048,
              52.48757
            ],
            [
              4.70379,
              52.488427
            ],
            [
              4.703721,
              52.488533
            ],
            [
              4.703684,
              52.488544
            ],
            [
              4.703668,
              52.488549
            ],
            [
              4.702299,
              52.488978
            ],
            [
              4.702142,
              52.489028
            ],
            [
              4.701265,
              52.489306
            ],
            [
              4.701042,
              52.489376
            ],
            [
              4.700683,
              52.489489
            ],
            [
              4.699666,
              52.489799
            ],
            [
              4.699646,
              52.489773
            ],
            [
              4.699616,
              52.489742
            ],
            [
              4.699581,
              52.489711
            ],
            [
              4.699531,
              52.489658
            ],
            [
              4.699464,
              52.489584
            ],
            [
              4.699346,
              52.489451
            ],
            [
              4.69924,
              52.489332
            ],
            [
              4.699223,
              52.489306
            ],
            [
              4.699213,
              52.489282
            ],
            [
              4.699209,
              52.489262
            ],
            [
              4.699202,
              52.489229
            ],
            [
              4.699199,
              52.489219
            ],
            [
              4.699,
              52.489013
            ],
            [
              4.698741,
              52.488747
            ],
            [
              4.698568,
              52.488562
            ],
            [
              4.698347,
              52.488332
            ],
            [
              4.69813,
              52.488102
            ],
            [
              4.697965,
              52.487935
            ],
            [
              4.697919,
              52.487882
            ],
            [
              4.69781,
              52.487752
            ],
            [
              4.697602,
              52.487512
            ],
            [
              4.697591,
              52.487481
            ],
            [
              4.697581,
              52.487447
            ],
            [
              4.697459,
              52.487456
            ],
            [
              4.697456,
              52.487456
            ],
            [
              4.697313,
              52.487465
            ],
            [
              4.697084,
              52.487492
            ],
            [
              4.696909,
              52.487501
            ],
            [
              4.696718,
              52.487507
            ],
            [
              4.696538,
              52.487507
            ],
            [
              4.696459,
              52.487499
            ],
            [
              4.696368,
              52.487493
            ],
            [
              4.696252,
              52.487478
            ],
            [
              4.696053,
              52.487464
            ],
            [
              4.69593,
              52.487455
            ],
            [
              4.69589,
              52.487452
            ],
            [
              4.695835,
              52.487454
            ],
            [
              4.695791,
              52.487459
            ],
            [
              4.695735,
              52.48746
            ],
            [
              4.6957,
              52.487456
            ],
            [
              4.695641,
              52.487436
            ],
            [
              4.695536,
              52.487393
            ],
            [
              4.695521,
              52.487388
            ],
            [
              4.695509,
              52.487386
            ],
            [
              4.695492,
              52.487396
            ],
            [
              4.695345,
              52.487523
            ],
            [
              4.695252,
              52.487601
            ],
            [
              4.695247,
              52.487605
            ],
            [
              4.695246,
              52.487606
            ],
            [
              4.695209,
              52.487634
            ],
            [
              4.695182,
              52.487653
            ],
            [
              4.695012,
              52.487771
            ],
            [
              4.694856,
              52.487907
            ],
            [
              4.694622,
              52.488155
            ],
            [
              4.694588,
              52.488214
            ],
            [
              4.694551,
              52.4883
            ],
            [
              4.694543,
              52.488368
            ],
            [
              4.694549,
              52.488515
            ],
            [
              4.694533,
              52.488742
            ],
            [
              4.694529,
              52.488769
            ],
            [
              4.694588,
              52.488931
            ],
            [
              4.694601,
              52.489003
            ],
            [
              4.694611,
              52.489241
            ],
            [
              4.694601,
              52.489607
            ],
            [
              4.694605,
              52.48967
            ],
            [
              4.694622,
              52.489728
            ],
            [
              4.694696,
              52.489867
            ],
            [
              4.694897,
              52.490189
            ],
            [
              4.694904,
              52.490202
            ],
            [
              4.694933,
              52.490246
            ],
            [
              4.694975,
              52.490322
            ],
            [
              4.694986,
              52.49038
            ],
            [
              4.694967,
              52.49045
            ],
            [
              4.694926,
              52.490583
            ],
            [
              4.694932,
              52.490714
            ],
            [
              4.694944,
              52.490856
            ],
            [
              4.694941,
              52.491126
            ],
            [
              4.694905,
              52.491158
            ],
            [
              4.694831,
              52.491193
            ],
            [
              4.694778,
              52.491204
            ],
            [
              4.694644,
              52.491198
            ],
            [
              4.694742,
              52.491339
            ],
            [
              4.691376,
              52.491319
            ],
            [
              4.690992,
              52.491317
            ],
            [
              4.69085,
              52.491316
            ],
            [
              4.690836,
              52.491295
            ],
            [
              4.690705,
              52.491294
            ],
            [
              4.690383,
              52.49083
            ],
            [
              4.690347,
              52.490847
            ],
            [
              4.690326,
              52.490857
            ],
            [
              4.689842,
              52.491087
            ],
            [
              4.689243,
              52.49137
            ],
            [
              4.689099,
              52.491439
            ],
            [
              4.688426,
              52.491757
            ],
            [
              4.687642,
              52.492129
            ],
            [
              4.68763,
              52.492134
            ],
            [
              4.68763,
              52.492134
            ],
            [
              4.687199,
              52.492338
            ],
            [
              4.687134,
              52.492369
            ],
            [
              4.687087,
              52.492392
            ],
            [
              4.686689,
              52.492079
            ],
            [
              4.686149,
              52.491654
            ],
            [
              4.685203,
              52.492102
            ],
            [
              4.685196,
              52.492105
            ],
            [
              4.685194,
              52.492107
            ],
            [
              4.685191,
              52.492108
            ],
            [
              4.685189,
              52.49211
            ],
            [
              4.685186,
              52.492112
            ],
            [
              4.685184,
              52.492113
            ],
            [
              4.685182,
              52.492115
            ],
            [
              4.68518,
              52.492117
            ],
            [
              4.685178,
              52.492119
            ],
            [
              4.685176,
              52.492121
            ],
            [
              4.685174,
              52.492123
            ],
            [
              4.685173,
              52.492125
            ],
            [
              4.685171,
              52.492127
            ],
            [
              4.68517,
              52.492129
            ],
            [
              4.685169,
              52.492131
            ],
            [
              4.685168,
              52.492133
            ],
            [
              4.685167,
              52.492135
            ],
            [
              4.685166,
              52.492137
            ],
            [
              4.685165,
              52.49214
            ],
            [
              4.685164,
              52.492142
            ],
            [
              4.685164,
              52.492144
            ],
            [
              4.685163,
              52.492146
            ],
            [
              4.685163,
              52.492148
            ],
            [
              4.685163,
              52.492151
            ],
            [
              4.685163,
              52.492153
            ],
            [
              4.685163,
              52.492155
            ],
            [
              4.685163,
              52.492157
            ],
            [
              4.685164,
              52.492159
            ],
            [
              4.685164,
              52.492162
            ],
            [
              4.685165,
              52.492164
            ],
            [
              4.685166,
              52.492166
            ],
            [
              4.685167,
              52.492168
            ],
            [
              4.685168,
              52.49217
            ],
            [
              4.685169,
              52.492172
            ],
            [
              4.68517,
              52.492174
            ],
            [
              4.684978,
              52.492266
            ],
            [
              4.684908,
              52.492299
            ],
            [
              4.684286,
              52.492593
            ],
            [
              4.683996,
              52.49273
            ],
            [
              4.683955,
              52.49275
            ],
            [
              4.683894,
              52.492702
            ],
            [
              4.68388,
              52.492708
            ],
            [
              4.683865,
              52.492715
            ],
            [
              4.683567,
              52.49278
            ],
            [
              4.683546,
              52.492784
            ],
            [
              4.683536,
              52.492785
            ],
            [
              4.683522,
              52.492786
            ],
            [
              4.683455,
              52.492791
            ],
            [
              4.683056,
              52.492822
            ],
            [
              4.68288,
              52.492861
            ],
            [
              4.682757,
              52.492899
            ],
            [
              4.682689,
              52.49292
            ],
            [
              4.682599,
              52.492942
            ],
            [
              4.682453,
              52.492972
            ],
            [
              4.682373,
              52.492987
            ],
            [
              4.682313,
              52.492998
            ],
            [
              4.682035,
              52.492823
            ],
            [
              4.681941,
              52.492878
            ],
            [
              4.681913,
              52.492895
            ],
            [
              4.681907,
              52.492898
            ],
            [
              4.681901,
              52.492902
            ],
            [
              4.681895,
              52.492905
            ],
            [
              4.681889,
              52.492908
            ],
            [
              4.681882,
              52.492911
            ],
            [
              4.681876,
              52.492914
            ],
            [
              4.681869,
              52.492917
            ],
            [
              4.681862,
              52.49292
            ],
            [
              4.681855,
              52.492922
            ],
            [
              4.681848,
              52.492924
            ],
            [
              4.68184,
              52.492927
            ],
            [
              4.681833,
              52.492929
            ],
            [
              4.681825,
              52.49293
            ],
            [
              4.681817,
              52.492932
            ],
            [
              4.68181,
              52.492934
            ],
            [
              4.681802,
              52.492935
            ],
            [
              4.681794,
              52.492936
            ],
            [
              4.681786,
              52.492937
            ],
            [
              4.681778,
              52.492938
            ],
            [
              4.681769,
              52.492939
            ],
            [
              4.681761,
              52.492939
            ],
            [
              4.681753,
              52.492939
            ],
            [
              4.681745,
              52.492939
            ],
            [
              4.681737,
              52.492939
            ],
            [
              4.681729,
              52.492939
            ],
            [
              4.68172,
              52.492939
            ],
            [
              4.681712,
              52.492938
            ],
            [
              4.681704,
              52.492937
            ],
            [
              4.681642,
              52.492931
            ],
            [
              4.68159,
              52.492927
            ],
            [
              4.681579,
              52.492928
            ],
            [
              4.681558,
              52.492931
            ],
            [
              4.681531,
              52.492941
            ],
            [
              4.681353,
              52.493046
            ],
            [
              4.681354,
              52.493047
            ],
            [
              4.681311,
              52.493072
            ],
            [
              4.681301,
              52.49308
            ],
            [
              4.681289,
              52.493103
            ],
            [
              4.681258,
              52.49312
            ],
            [
              4.681248,
              52.493126
            ],
            [
              4.681168,
              52.493171
            ],
            [
              4.681153,
              52.493161
            ],
            [
              4.681032,
              52.493232
            ],
            [
              4.680971,
              52.493269
            ],
            [
              4.680905,
              52.493308
            ],
            [
              4.680654,
              52.493455
            ],
            [
              4.680537,
              52.493522
            ],
            [
              4.68051,
              52.493539
            ],
            [
              4.680508,
              52.49354
            ],
            [
              4.68044,
              52.493496
            ],
            [
              4.680429,
              52.493489
            ],
            [
              4.680222,
              52.493357
            ],
            [
              4.680194,
              52.49334
            ],
            [
              4.680173,
              52.493326
            ],
            [
              4.679924,
              52.493169
            ],
            [
              4.679456,
              52.493443
            ],
            [
              4.679332,
              52.493364
            ],
            [
              4.679267,
              52.493402
            ],
            [
              4.679204,
              52.493435
            ],
            [
              4.679003,
              52.493532
            ],
            [
              4.67895,
              52.493557
            ],
            [
              4.678634,
              52.493708
            ],
            [
              4.67861,
              52.493719
            ],
            [
              4.678586,
              52.493704
            ],
            [
              4.678484,
              52.493639
            ],
            [
              4.678445,
              52.493615
            ],
            [
              4.678419,
              52.493598
            ],
            [
              4.678412,
              52.493594
            ],
            [
              4.67838,
              52.493573
            ],
            [
              4.678256,
              52.493495
            ],
            [
              4.678243,
              52.493486
            ],
            [
              4.678228,
              52.493477
            ],
            [
              4.678182,
              52.493448
            ],
            [
              4.678177,
              52.493445
            ],
            [
              4.678147,
              52.493462
            ],
            [
              4.678012,
              52.493376
            ],
            [
              4.677994,
              52.493365
            ],
            [
              4.677761,
              52.493501
            ],
            [
              4.677671,
              52.493554
            ],
            [
              4.677668,
              52.493552
            ],
            [
              4.677667,
              52.493552
            ],
            [
              4.677649,
              52.493562
            ],
            [
              4.67767,
              52.493577
            ],
            [
              4.677672,
              52.493576
            ],
            [
              4.678,
              52.493783
            ],
            [
              4.678031,
              52.493802
            ],
            [
              4.677907,
              52.493876
            ],
            [
              4.677832,
              52.493921
            ],
            [
              4.677731,
              52.49398
            ],
            [
              4.677655,
              52.494025
            ],
            [
              4.677552,
              52.494084
            ],
            [
              4.677371,
              52.49419
            ],
            [
              4.677295,
              52.494236
            ],
            [
              4.677192,
              52.494296
            ],
            [
              4.677116,
              52.494341
            ],
            [
              4.677014,
              52.494401
            ],
            [
              4.676978,
              52.49442
            ],
            [
              4.676906,
              52.494376
            ],
            [
              4.676907,
              52.494375
            ],
            [
              4.676907,
              52.494375
            ],
            [
              4.676907,
              52.494374
            ],
            [
              4.676907,
              52.494373
            ],
            [
              4.676908,
              52.494373
            ],
            [
              4.676908,
              52.494372
            ],
            [
              4.676908,
              52.494372
            ],
            [
              4.676908,
              52.494371
            ],
            [
              4.676908,
              52.494371
            ],
            [
              4.676908,
              52.49437
            ],
            [
              4.676908,
              52.494369
            ],
            [
              4.676908,
              52.494369
            ],
            [
              4.676908,
              52.494368
            ],
            [
              4.676908,
              52.494368
            ],
            [
              4.676908,
              52.494367
            ],
            [
              4.676908,
              52.494366
            ],
            [
              4.676907,
              52.494366
            ],
            [
              4.676907,
              52.494365
            ],
            [
              4.676907,
              52.494365
            ],
            [
              4.676906,
              52.494364
            ],
            [
              4.676906,
              52.494363
            ],
            [
              4.676906,
              52.494363
            ],
            [
              4.676905,
              52.494362
            ],
            [
              4.676905,
              52.494362
            ],
            [
              4.676904,
              52.494361
            ],
            [
              4.676904,
              52.494361
            ],
            [
              4.676903,
              52.49436
            ],
            [
              4.676903,
              52.49436
            ],
            [
              4.676902,
              52.494359
            ],
            [
              4.676902,
              52.494359
            ],
            [
              4.676901,
              52.494358
            ],
            [
              4.6769,
              52.494358
            ],
            [
              4.6769,
              52.494357
            ],
            [
              4.676899,
              52.494357
            ],
            [
              4.676898,
              52.494357
            ],
            [
              4.676897,
              52.494356
            ],
            [
              4.676897,
              52.494356
            ],
            [
              4.676896,
              52.494356
            ],
            [
              4.676895,
              52.494355
            ],
            [
              4.676894,
              52.494355
            ],
            [
              4.676893,
              52.494355
            ],
            [
              4.676892,
              52.494354
            ],
            [
              4.676891,
              52.494354
            ],
            [
              4.676891,
              52.494354
            ],
            [
              4.67689,
              52.494354
            ],
            [
              4.676889,
              52.494353
            ],
            [
              4.676888,
              52.494353
            ],
            [
              4.676887,
              52.494353
            ],
            [
              4.676886,
              52.494353
            ],
            [
              4.676885,
              52.494353
            ],
            [
              4.676884,
              52.494353
            ],
            [
              4.676883,
              52.494353
            ],
            [
              4.676882,
              52.494353
            ],
            [
              4.676881,
              52.494353
            ],
            [
              4.67688,
              52.494353
            ],
            [
              4.676879,
              52.494353
            ],
            [
              4.676878,
              52.494353
            ],
            [
              4.676877,
              52.494353
            ],
            [
              4.676876,
              52.494353
            ],
            [
              4.676875,
              52.494353
            ],
            [
              4.676874,
              52.494353
            ],
            [
              4.676873,
              52.494353
            ],
            [
              4.676872,
              52.494353
            ],
            [
              4.676871,
              52.494353
            ],
            [
              4.67687,
              52.494354
            ],
            [
              4.676869,
              52.494354
            ],
            [
              4.676869,
              52.494354
            ],
            [
              4.676868,
              52.494354
            ],
            [
              4.676834,
              52.494368
            ],
            [
              4.6768,
              52.494347
            ],
            [
              4.67678,
              52.494332
            ],
            [
              4.67637,
              52.494573
            ],
            [
              4.676119,
              52.494721
            ],
            [
              4.675841,
              52.494885
            ],
            [
              4.675645,
              52.494757
            ],
            [
              4.675361,
              52.494574
            ],
            [
              4.675019,
              52.494774
            ],
            [
              4.675037,
              52.494786
            ],
            [
              4.674408,
              52.495155
            ],
            [
              4.674441,
              52.495176
            ],
            [
              4.67467,
              52.495321
            ],
            [
              4.674672,
              52.495322
            ],
            [
              4.674972,
              52.495513
            ],
            [
              4.675047,
              52.495561
            ],
            [
              4.674848,
              52.495677
            ],
            [
              4.674842,
              52.495673
            ],
            [
              4.674491,
              52.495881
            ],
            [
              4.674228,
              52.496038
            ],
            [
              4.674226,
              52.496039
            ],
            [
              4.674225,
              52.49604
            ],
            [
              4.674223,
              52.496042
            ],
            [
              4.674221,
              52.496043
            ],
            [
              4.67422,
              52.496044
            ],
            [
              4.674218,
              52.496045
            ],
            [
              4.674217,
              52.496046
            ],
            [
              4.674216,
              52.496048
            ],
            [
              4.674214,
              52.496049
            ],
            [
              4.674213,
              52.49605
            ],
            [
              4.674212,
              52.496051
            ],
            [
              4.674211,
              52.496053
            ],
            [
              4.67421,
              52.496054
            ],
            [
              4.674209,
              52.496055
            ],
            [
              4.674208,
              52.496057
            ],
            [
              4.674208,
              52.496058
            ],
            [
              4.674207,
              52.49606
            ],
            [
              4.674206,
              52.496061
            ],
            [
              4.674206,
              52.496063
            ],
            [
              4.674206,
              52.496064
            ],
            [
              4.674205,
              52.496066
            ],
            [
              4.674205,
              52.496067
            ],
            [
              4.674205,
              52.496069
            ],
            [
              4.674205,
              52.49607
            ],
            [
              4.674205,
              52.496071
            ],
            [
              4.674205,
              52.496073
            ],
            [
              4.674205,
              52.496074
            ],
            [
              4.674206,
              52.496076
            ],
            [
              4.674206,
              52.496077
            ],
            [
              4.674206,
              52.496079
            ],
            [
              4.674207,
              52.49608
            ],
            [
              4.674207,
              52.496082
            ],
            [
              4.674208,
              52.496083
            ],
            [
              4.674209,
              52.496085
            ],
            [
              4.67421,
              52.496086
            ],
            [
              4.674211,
              52.496087
            ],
            [
              4.674212,
              52.496089
            ],
            [
              4.674213,
              52.49609
            ],
            [
              4.674214,
              52.496091
            ],
            [
              4.674215,
              52.496093
            ],
            [
              4.674217,
              52.496094
            ],
            [
              4.674218,
              52.496095
            ],
            [
              4.67422,
              52.496096
            ],
            [
              4.674234,
              52.496106
            ],
            [
              4.674142,
              52.49616
            ],
            [
              4.67404,
              52.496219
            ],
            [
              4.674008,
              52.496238
            ],
            [
              4.673977,
              52.496256
            ],
            [
              4.673945,
              52.496274
            ],
            [
              4.673914,
              52.496292
            ],
            [
              4.673882,
              52.496311
            ],
            [
              4.673872,
              52.496317
            ],
            [
              4.673862,
              52.496323
            ],
            [
              4.673851,
              52.496329
            ],
            [
              4.67383,
              52.496342
            ],
            [
              4.6738,
              52.496359
            ],
            [
              4.673798,
              52.49636
            ],
            [
              4.673767,
              52.496378
            ],
            [
              4.673736,
              52.496396
            ],
            [
              4.673704,
              52.496415
            ],
            [
              4.673604,
              52.496473
            ],
            [
              4.673446,
              52.496566
            ],
            [
              4.673481,
              52.496587
            ],
            [
              4.673474,
              52.496591
            ],
            [
              4.673345,
              52.49667
            ],
            [
              4.672868,
              52.496959
            ],
            [
              4.672862,
              52.496963
            ],
            [
              4.672691,
              52.497061
            ],
            [
              4.672686,
              52.497064
            ],
            [
              4.672464,
              52.497189
            ],
            [
              4.67246,
              52.497189
            ],
            [
              4.67246,
              52.497188
            ],
            [
              4.672445,
              52.497187
            ],
            [
              4.672438,
              52.497183
            ],
            [
              4.672409,
              52.497197
            ],
            [
              4.672282,
              52.497263
            ],
            [
              4.67216,
              52.497324
            ],
            [
              4.672155,
              52.497327
            ],
            [
              4.672102,
              52.497289
            ],
            [
              4.671956,
              52.497366
            ],
            [
              4.671986,
              52.497388
            ],
            [
              4.671789,
              52.497492
            ],
            [
              4.671776,
              52.497499
            ],
            [
              4.671753,
              52.497499
            ],
            [
              4.671762,
              52.497506
            ],
            [
              4.67176,
              52.497507
            ],
            [
              4.671792,
              52.497529
            ],
            [
              4.671788,
              52.497531
            ],
            [
              4.671793,
              52.497535
            ],
            [
              4.671744,
              52.497563
            ],
            [
              4.671688,
              52.497597
            ],
            [
              4.671676,
              52.497603
            ],
            [
              4.671627,
              52.497629
            ],
            [
              4.671411,
              52.49774
            ],
            [
              4.671341,
              52.497777
            ],
            [
              4.671271,
              52.497813
            ],
            [
              4.671235,
              52.497832
            ],
            [
              4.671017,
              52.497984
            ],
            [
              4.670994,
              52.497972
            ],
            [
              4.670888,
              52.498047
            ],
            [
              4.670892,
              52.498049
            ],
            [
              4.670872,
              52.498063
            ],
            [
              4.670784,
              52.498124
            ],
            [
              4.670728,
              52.498164
            ],
            [
              4.670641,
              52.498225
            ],
            [
              4.670628,
              52.498234
            ],
            [
              4.670636,
              52.498238
            ],
            [
              4.670607,
              52.498258
            ],
            [
              4.670579,
              52.498278
            ],
            [
              4.670551,
              52.498298
            ],
            [
              4.670532,
              52.498311
            ],
            [
              4.67049,
              52.498341
            ],
            [
              4.670432,
              52.498381
            ],
            [
              4.670418,
              52.498391
            ],
            [
              4.670418,
              52.498391
            ],
            [
              4.670386,
              52.498413
            ],
            [
              4.670373,
              52.498422
            ],
            [
              4.670315,
              52.498462
            ],
            [
              4.670299,
              52.498473
            ],
            [
              4.670259,
              52.498502
            ],
            [
              4.670182,
              52.498556
            ],
            [
              4.670079,
              52.498501
            ],
            [
              4.670023,
              52.498469
            ],
            [
              4.670007,
              52.498461
            ],
            [
              4.669947,
              52.498429
            ],
            [
              4.669888,
              52.498398
            ],
            [
              4.669887,
              52.498399
            ],
            [
              4.669886,
              52.498398
            ],
            [
              4.66957,
              52.498607
            ],
            [
              4.669496,
              52.498656
            ],
            [
              4.668976,
              52.499
            ],
            [
              4.668956,
              52.499013
            ],
            [
              4.668942,
              52.499023
            ],
            [
              4.668649,
              52.499216
            ],
            [
              4.668629,
              52.499229
            ],
            [
              4.668188,
              52.499522
            ],
            [
              4.668134,
              52.499557
            ],
            [
              4.668146,
              52.499564
            ],
            [
              4.668264,
              52.499636
            ],
            [
              4.668353,
              52.499696
            ],
            [
              4.668467,
              52.499762
            ],
            [
              4.668501,
              52.499781
            ],
            [
              4.668401,
              52.499863
            ],
            [
              4.668354,
              52.499897
            ],
            [
              4.668293,
              52.499945
            ],
            [
              4.668186,
              52.500031
            ],
            [
              4.667866,
              52.499856
            ],
            [
              4.66778,
              52.49981
            ],
            [
              4.667747,
              52.499832
            ],
            [
              4.667712,
              52.499812
            ],
            [
              4.667152,
              52.500183
            ],
            [
              4.666753,
              52.500446
            ],
            [
              4.666712,
              52.500447
            ],
            [
              4.666696,
              52.500458
            ],
            [
              4.666698,
              52.500482
            ],
            [
              4.666302,
              52.500744
            ],
            [
              4.666341,
              52.500762
            ],
            [
              4.666618,
              52.500884
            ],
            [
              4.666876,
              52.501
            ],
            [
              4.666763,
              52.501093
            ],
            [
              4.666762,
              52.501092
            ],
            [
              4.666762,
              52.501092
            ],
            [
              4.666702,
              52.501141
            ],
            [
              4.666696,
              52.501138
            ],
            [
              4.666609,
              52.50121
            ],
            [
              4.66668,
              52.501243
            ],
            [
              4.666556,
              52.501342
            ],
            [
              4.666399,
              52.501467
            ],
            [
              4.666289,
              52.501556
            ],
            [
              4.666209,
              52.501619
            ],
            [
              4.66615,
              52.501668
            ],
            [
              4.666082,
              52.501722
            ],
            [
              4.666054,
              52.501744
            ],
            [
              4.665572,
              52.5016
            ],
            [
              4.665468,
              52.501569
            ],
            [
              4.66536,
              52.501536
            ],
            [
              4.665289,
              52.501518
            ],
            [
              4.665294,
              52.50151
            ],
            [
              4.665285,
              52.501508
            ],
            [
              4.665282,
              52.501508
            ],
            [
              4.665278,
              52.501508
            ],
            [
              4.665275,
              52.501508
            ],
            [
              4.665272,
              52.501509
            ],
            [
              4.665269,
              52.501509
            ],
            [
              4.665266,
              52.501509
            ],
            [
              4.665262,
              52.501509
            ],
            [
              4.665259,
              52.501509
            ],
            [
              4.665256,
              52.501508
            ],
            [
              4.665253,
              52.501508
            ],
            [
              4.66525,
              52.501508
            ],
            [
              4.665247,
              52.501508
            ],
            [
              4.665243,
              52.501507
            ],
            [
              4.66524,
              52.501507
            ],
            [
              4.665237,
              52.501506
            ],
            [
              4.665234,
              52.501505
            ],
            [
              4.665231,
              52.501505
            ],
            [
              4.665222,
              52.501502
            ],
            [
              4.665197,
              52.501497
            ],
            [
              4.665129,
              52.501479
            ],
            [
              4.664952,
              52.501435
            ],
            [
              4.664877,
              52.501416
            ],
            [
              4.664823,
              52.501403
            ],
            [
              4.664646,
              52.501359
            ],
            [
              4.664594,
              52.501346
            ],
            [
              4.664519,
              52.501327
            ],
            [
              4.664485,
              52.501319
            ],
            [
              4.664309,
              52.501274
            ],
            [
              4.664179,
              52.501241
            ],
            [
              4.664122,
              52.501226
            ],
            [
              4.663958,
              52.501182
            ],
            [
              4.663856,
              52.501153
            ],
            [
              4.66378,
              52.50113
            ],
            [
              4.663717,
              52.501112
            ],
            [
              4.663524,
              52.501055
            ],
            [
              4.663481,
              52.501042
            ],
            [
              4.663458,
              52.501035
            ],
            [
              4.663455,
              52.501034
            ],
            [
              4.663398,
              52.501017
            ],
            [
              4.663336,
              52.500998
            ],
            [
              4.663325,
              52.500994
            ],
            [
              4.663101,
              52.500924
            ],
            [
              4.663017,
              52.500897
            ],
            [
              4.662829,
              52.500833
            ],
            [
              4.662757,
              52.500806
            ],
            [
              4.662707,
              52.500788
            ],
            [
              4.662635,
              52.50076
            ],
            [
              4.662445,
              52.500683
            ],
            [
              4.662405,
              52.500666
            ],
            [
              4.662199,
              52.50058
            ],
            [
              4.661949,
              52.500475
            ],
            [
              4.661791,
              52.50041
            ],
            [
              4.661757,
              52.500396
            ],
            [
              4.6617,
              52.500373
            ],
            [
              4.66166,
              52.500357
            ],
            [
              4.661649,
              52.500352
            ],
            [
              4.661563,
              52.500318
            ],
            [
              4.661378,
              52.500246
            ],
            [
              4.661312,
              52.500221
            ],
            [
              4.661106,
              52.500144
            ],
            [
              4.661093,
              52.500139
            ],
            [
              4.660928,
              52.500078
            ],
            [
              4.660866,
              52.500057
            ],
            [
              4.660698,
              52.499997
            ],
            [
              4.660689,
              52.499994
            ],
            [
              4.660626,
              52.499972
            ],
            [
              4.660608,
              52.499966
            ],
            [
              4.6606,
              52.499963
            ],
            [
              4.660373,
              52.499886
            ],
            [
              4.660369,
              52.499885
            ],
            [
              4.66033,
              52.499868
            ],
            [
              4.660263,
              52.499841
            ],
            [
              4.66025,
              52.499835
            ],
            [
              4.660247,
              52.499834
            ],
            [
              4.660202,
              52.499816
            ],
            [
              4.660113,
              52.499777
            ],
            [
              4.660113,
              52.499777
            ],
            [
              4.660113,
              52.499776
            ],
            [
              4.660112,
              52.499776
            ],
            [
              4.660112,
              52.499776
            ],
            [
              4.660112,
              52.499776
            ],
            [
              4.660111,
              52.499776
            ],
            [
              4.660111,
              52.499775
            ],
            [
              4.660111,
              52.499775
            ],
            [
              4.66011,
              52.499775
            ],
            [
              4.66011,
              52.499775
            ],
            [
              4.66011,
              52.499774
            ],
            [
              4.660109,
              52.499774
            ],
            [
              4.660109,
              52.499774
            ],
            [
              4.660109,
              52.499774
            ],
            [
              4.660109,
              52.499773
            ],
            [
              4.660108,
              52.499773
            ],
            [
              4.660108,
              52.499773
            ],
            [
              4.660108,
              52.499772
            ],
            [
              4.660108,
              52.499772
            ],
            [
              4.660108,
              52.499772
            ],
            [
              4.660108,
              52.499772
            ],
            [
              4.660108,
              52.499771
            ],
            [
              4.660107,
              52.499771
            ],
            [
              4.660106,
              52.499766
            ],
            [
              4.660102,
              52.499753
            ],
            [
              4.660102,
              52.499753
            ],
            [
              4.660101,
              52.499753
            ],
            [
              4.660101,
              52.499752
            ],
            [
              4.660101,
              52.499752
            ],
            [
              4.660101,
              52.499752
            ],
            [
              4.660101,
              52.499752
            ],
            [
              4.660101,
              52.499751
            ],
            [
              4.660101,
              52.499751
            ],
            [
              4.6601,
              52.499751
            ],
            [
              4.6601,
              52.49975
            ],
            [
              4.6601,
              52.49975
            ],
            [
              4.6601,
              52.49975
            ],
            [
              4.660099,
              52.49975
            ],
            [
              4.660099,
              52.499749
            ],
            [
              4.660099,
              52.499749
            ],
            [
              4.660098,
              52.499749
            ],
            [
              4.660098,
              52.499749
            ],
            [
              4.660098,
              52.499748
            ],
            [
              4.660097,
              52.499748
            ],
            [
              4.660097,
              52.499748
            ],
            [
              4.660096,
              52.499748
            ],
            [
              4.660096,
              52.499748
            ],
            [
              4.660096,
              52.499747
            ],
            [
              4.660033,
              52.499719
            ],
            [
              4.659971,
              52.49969
            ],
            [
              4.65991,
              52.499662
            ],
            [
              4.659848,
              52.499633
            ],
            [
              4.659787,
              52.499603
            ],
            [
              4.659787,
              52.499603
            ],
            [
              4.659787,
              52.499603
            ],
            [
              4.659786,
              52.499603
            ],
            [
              4.659786,
              52.499603
            ],
            [
              4.659785,
              52.499603
            ],
            [
              4.659785,
              52.499602
            ],
            [
              4.659785,
              52.499602
            ],
            [
              4.659784,
              52.499602
            ],
            [
              4.659784,
              52.499602
            ],
            [
              4.659783,
              52.499602
            ],
            [
              4.659783,
              52.499602
            ],
            [
              4.659783,
              52.499602
            ],
            [
              4.659782,
              52.499602
            ],
            [
              4.659782,
              52.499602
            ],
            [
              4.659782,
              52.499602
            ],
            [
              4.659781,
              52.499602
            ],
            [
              4.659781,
              52.499602
            ],
            [
              4.65978,
              52.499602
            ],
            [
              4.65978,
              52.499602
            ],
            [
              4.659779,
              52.499602
            ],
            [
              4.659779,
              52.499602
            ],
            [
              4.659779,
              52.499602
            ],
            [
              4.659778,
              52.499602
            ],
            [
              4.659778,
              52.499602
            ],
            [
              4.659777,
              52.499602
            ],
            [
              4.659777,
              52.499602
            ],
            [
              4.659777,
              52.499602
            ],
            [
              4.659776,
              52.499602
            ],
            [
              4.65976,
              52.499604
            ],
            [
              4.65975,
              52.499605
            ],
            [
              4.659749,
              52.499605
            ],
            [
              4.659748,
              52.499605
            ],
            [
              4.659748,
              52.499605
            ],
            [
              4.659747,
              52.499605
            ],
            [
              4.659746,
              52.499605
            ],
            [
              4.659746,
              52.499605
            ],
            [
              4.659745,
              52.499604
            ],
            [
              4.659744,
              52.499604
            ],
            [
              4.659744,
              52.499604
            ],
            [
              4.659743,
              52.499604
            ],
            [
              4.659743,
              52.499604
            ],
            [
              4.659742,
              52.499604
            ],
            [
              4.659741,
              52.499604
            ],
            [
              4.659741,
              52.499603
            ],
            [
              4.65974,
              52.499603
            ],
            [
              4.659739,
              52.499603
            ],
            [
              4.659739,
              52.499603
            ],
            [
              4.659716,
              52.499592
            ],
            [
              4.659525,
              52.499502
            ],
            [
              4.659512,
              52.499495
            ],
            [
              4.659512,
              52.499495
            ],
            [
              4.659511,
              52.499495
            ],
            [
              4.659511,
              52.499495
            ],
            [
              4.65951,
              52.499494
            ],
            [
              4.65951,
              52.499494
            ],
            [
              4.65951,
              52.499494
            ],
            [
              4.659509,
              52.499494
            ],
            [
              4.659509,
              52.499493
            ],
            [
              4.659509,
              52.499493
            ],
            [
              4.659509,
              52.499493
            ],
            [
              4.659508,
              52.499493
            ],
            [
              4.659508,
              52.499492
            ],
            [
              4.659508,
              52.499492
            ],
            [
              4.659508,
              52.499492
            ],
            [
              4.659507,
              52.499491
            ],
            [
              4.659507,
              52.499491
            ],
            [
              4.659507,
              52.499491
            ],
            [
              4.659507,
              52.49949
            ],
            [
              4.659507,
              52.49949
            ],
            [
              4.659507,
              52.49949
            ],
            [
              4.659507,
              52.499489
            ],
            [
              4.659506,
              52.499489
            ],
            [
              4.659506,
              52.499482
            ],
            [
              4.659506,
              52.499475
            ],
            [
              4.659506,
              52.499475
            ],
            [
              4.659506,
              52.499475
            ],
            [
              4.659506,
              52.499474
            ],
            [
              4.659506,
              52.499474
            ],
            [
              4.659506,
              52.499474
            ],
            [
              4.659506,
              52.499473
            ],
            [
              4.659506,
              52.499473
            ],
            [
              4.659505,
              52.499473
            ],
            [
              4.659505,
              52.499473
            ],
            [
              4.659505,
              52.499472
            ],
            [
              4.659505,
              52.499472
            ],
            [
              4.659505,
              52.499472
            ],
            [
              4.659504,
              52.499471
            ],
            [
              4.659504,
              52.499471
            ],
            [
              4.659504,
              52.499471
            ],
            [
              4.659504,
              52.499471
            ],
            [
              4.659503,
              52.49947
            ],
            [
              4.659503,
              52.49947
            ],
            [
              4.659503,
              52.49947
            ],
            [
              4.659502,
              52.49947
            ],
            [
              4.659502,
              52.499469
            ],
            [
              4.659502,
              52.499469
            ],
            [
              4.659368,
              52.499406
            ],
            [
              4.659322,
              52.499386
            ],
            [
              4.659214,
              52.499339
            ],
            [
              4.659059,
              52.499275
            ],
            [
              4.658927,
              52.499223
            ],
            [
              4.658902,
              52.499226
            ],
            [
              4.658888,
              52.499229
            ],
            [
              4.658815,
              52.499199
            ],
            [
              4.658811,
              52.49919
            ],
            [
              4.658807,
              52.499175
            ],
            [
              4.658483,
              52.499047
            ],
            [
              4.658254,
              52.498957
            ],
            [
              4.658251,
              52.498956
            ],
            [
              4.658108,
              52.4989
            ],
            [
              4.658104,
              52.498898
            ],
            [
              4.658033,
              52.498871
            ],
            [
              4.657983,
              52.498852
            ],
            [
              4.657757,
              52.498765
            ],
            [
              4.657757,
              52.498764
            ],
            [
              4.657756,
              52.498764
            ],
            [
              4.657756,
              52.498764
            ],
            [
              4.657755,
              52.498764
            ],
            [
              4.657755,
              52.498764
            ],
            [
              4.657754,
              52.498764
            ],
            [
              4.657754,
              52.498764
            ],
            [
              4.657753,
              52.498763
            ],
            [
              4.657753,
              52.498763
            ],
            [
              4.657752,
              52.498763
            ],
            [
              4.657751,
              52.498763
            ],
            [
              4.657751,
              52.498763
            ],
            [
              4.65775,
              52.498763
            ],
            [
              4.65775,
              52.498763
            ],
            [
              4.657749,
              52.498763
            ],
            [
              4.657749,
              52.498763
            ],
            [
              4.657748,
              52.498763
            ],
            [
              4.657748,
              52.498763
            ],
            [
              4.657747,
              52.498763
            ],
            [
              4.657747,
              52.498763
            ],
            [
              4.657746,
              52.498763
            ],
            [
              4.657745,
              52.498763
            ],
            [
              4.657717,
              52.498767
            ],
            [
              4.657716,
              52.498768
            ],
            [
              4.657716,
              52.498768
            ],
            [
              4.657715,
              52.498768
            ],
            [
              4.657715,
              52.498768
            ],
            [
              4.657714,
              52.498768
            ],
            [
              4.657714,
              52.498768
            ],
            [
              4.657713,
              52.498768
            ],
            [
              4.657713,
              52.498768
            ],
            [
              4.657712,
              52.498768
            ],
            [
              4.657712,
              52.498768
            ],
            [
              4.657711,
              52.498768
            ],
            [
              4.657711,
              52.498768
            ],
            [
              4.657711,
              52.498768
            ],
            [
              4.65771,
              52.498768
            ],
            [
              4.65771,
              52.498767
            ],
            [
              4.657709,
              52.498767
            ],
            [
              4.657709,
              52.498767
            ],
            [
              4.657708,
              52.498767
            ],
            [
              4.657708,
              52.498767
            ],
            [
              4.657707,
              52.498767
            ],
            [
              4.657707,
              52.498767
            ],
            [
              4.657706,
              52.498767
            ],
            [
              4.657706,
              52.498767
            ],
            [
              4.657705,
              52.498766
            ],
            [
              4.657687,
              52.498759
            ],
            [
              4.657678,
              52.498756
            ],
            [
              4.65767,
              52.498753
            ],
            [
              4.65766,
              52.498749
            ],
            [
              4.65765,
              52.498745
            ],
            [
              4.65764,
              52.498741
            ],
            [
              4.657631,
              52.498736
            ],
            [
              4.657622,
              52.498731
            ],
            [
              4.657613,
              52.498726
            ],
            [
              4.657608,
              52.498723
            ],
            [
              4.657603,
              52.49872
            ],
            [
              4.657598,
              52.498717
            ],
            [
              4.657594,
              52.498713
            ],
            [
              4.65759,
              52.49871
            ],
            [
              4.657586,
              52.498706
            ],
            [
              4.657582,
              52.498702
            ],
            [
              4.657578,
              52.498699
            ],
            [
              4.657575,
              52.498695
            ],
            [
              4.657572,
              52.498691
            ],
            [
              4.657572,
              52.498691
            ],
            [
              4.657571,
              52.498689
            ],
            [
              4.657394,
              52.498663
            ],
            [
              4.657327,
              52.498654
            ],
            [
              4.657394,
              52.498482
            ],
            [
              4.657437,
              52.498372
            ],
            [
              4.657148,
              52.49833
            ],
            [
              4.656228,
              52.498271
            ],
            [
              4.6561,
              52.498207
            ],
            [
              4.656028,
              52.498172
            ],
            [
              4.656019,
              52.498173
            ],
            [
              4.655987,
              52.498177
            ],
            [
              4.65596,
              52.498196
            ],
            [
              4.655736,
              52.498076
            ],
            [
              4.655718,
              52.498089
            ],
            [
              4.655709,
              52.498094
            ],
            [
              4.655433,
              52.497943
            ],
            [
              4.655379,
              52.497925
            ],
            [
              4.655323,
              52.497925
            ],
            [
              4.653341,
              52.498129
            ],
            [
              4.653122,
              52.498152
            ],
            [
              4.652964,
              52.49826
            ],
            [
              4.652858,
              52.498202
            ],
            [
              4.652802,
              52.498219
            ],
            [
              4.652793,
              52.498219
            ],
            [
              4.652743,
              52.498221
            ],
            [
              4.65271,
              52.498225
            ],
            [
              4.652137,
              52.498397
            ],
            [
              4.6521,
              52.498382
            ],
            [
              4.651622,
              52.498607
            ],
            [
              4.651544,
              52.498644
            ],
            [
              4.651584,
              52.498778
            ],
            [
              4.65128,
              52.498865
            ],
            [
              4.651243,
              52.498845
            ],
            [
              4.650893,
              52.498655
            ],
            [
              4.650449,
              52.498414
            ],
            [
              4.650061,
              52.498457
            ],
            [
              4.650055,
              52.498458
            ],
            [
              4.650073,
              52.49839
            ],
            [
              4.649716,
              52.498624
            ],
            [
              4.649381,
              52.498695
            ],
            [
              4.649365,
              52.498698
            ],
            [
              4.649366,
              52.498703
            ],
            [
              4.649416,
              52.498903
            ],
            [
              4.649461,
              52.499083
            ],
            [
              4.649462,
              52.499103
            ],
            [
              4.649456,
              52.499109
            ],
            [
              4.649444,
              52.499118
            ],
            [
              4.649426,
              52.499123
            ],
            [
              4.649398,
              52.499125
            ],
            [
              4.648606,
              52.499137
            ],
            [
              4.648211,
              52.499142
            ],
            [
              4.647825,
              52.499149
            ],
            [
              4.647435,
              52.499157
            ],
            [
              4.647347,
              52.499103
            ],
            [
              4.64711,
              52.499098
            ],
            [
              4.646513,
              52.499086
            ],
            [
              4.646319,
              52.499071
            ],
            [
              4.646312,
              52.499083
            ],
            [
              4.646208,
              52.499188
            ],
            [
              4.645773,
              52.499342
            ],
            [
              4.645106,
              52.499569
            ],
            [
              4.645024,
              52.499336
            ],
            [
              4.645023,
              52.499334
            ],
            [
              4.645016,
              52.499325
            ],
            [
              4.642888,
              52.499264
            ],
            [
              4.641196,
              52.499216
            ],
            [
              4.641172,
              52.499215
            ],
            [
              4.641057,
              52.499212
            ],
            [
              4.641009,
              52.499211
            ],
            [
              4.639777,
              52.499184
            ],
            [
              4.637994,
              52.499146
            ],
            [
              4.637993,
              52.499122
            ],
            [
              4.637993,
              52.499117
            ],
            [
              4.637508,
              52.499108
            ],
            [
              4.636159,
              52.499083
            ],
            [
              4.635607,
              52.499072
            ],
            [
              4.635064,
              52.499062
            ],
            [
              4.63502,
              52.499061
            ],
            [
              4.635,
              52.499529
            ],
            [
              4.634829,
              52.499473
            ],
            [
              4.634705,
              52.499396
            ],
            [
              4.633894,
              52.498903
            ],
            [
              4.632626,
              52.498797
            ],
            [
              4.63137,
              52.498692
            ],
            [
              4.630956,
              52.498658
            ],
            [
              4.622073,
              52.497918
            ],
            [
              4.621454,
              52.497867
            ],
            [
              4.621401,
              52.497862
            ],
            [
              4.617656,
              52.497224
            ],
            [
              4.616282,
              52.496929
            ],
            [
              4.615451,
              52.496773
            ],
            [
              4.615344,
              52.496985
            ],
            [
              4.613037,
              52.496331
            ],
            [
              4.612563,
              52.496715
            ],
            [
              4.612508,
              52.496729
            ],
            [
              4.612466,
              52.496723
            ],
            [
              4.612425,
              52.496705
            ],
            [
              4.612409,
              52.496687
            ],
            [
              4.6124,
              52.496662
            ],
            [
              4.612381,
              52.496576
            ],
            [
              4.612343,
              52.496471
            ],
            [
              4.612294,
              52.496402
            ],
            [
              4.612243,
              52.496369
            ],
            [
              4.612164,
              52.496325
            ],
            [
              4.6121,
              52.49631
            ],
            [
              4.612039,
              52.496318
            ],
            [
              4.611474,
              52.496631
            ],
            [
              4.609876,
              52.495889
            ],
            [
              4.607471,
              52.494574
            ],
            [
              4.607455,
              52.494585
            ],
            [
              4.60694,
              52.494956
            ],
            [
              4.606779,
              52.494919
            ],
            [
              4.606295,
              52.494809
            ],
            [
              4.606298,
              52.494786
            ],
            [
              4.604894,
              52.494505
            ],
            [
              4.604314,
              52.494389
            ],
            [
              4.604015,
              52.494473
            ],
            [
              4.603971,
              52.494485
            ],
            [
              4.603873,
              52.494512
            ],
            [
              4.603852,
              52.494518
            ],
            [
              4.601709,
              52.495104
            ],
            [
              4.601602,
              52.495134
            ],
            [
              4.599991,
              52.495573
            ],
            [
              4.599919,
              52.495593
            ],
            [
              4.599767,
              52.495635
            ],
            [
              4.599422,
              52.495729
            ],
            [
              4.598971,
              52.495852
            ],
            [
              4.598724,
              52.495919
            ],
            [
              4.598636,
              52.495945
            ],
            [
              4.598832,
              52.496211
            ],
            [
              4.59892,
              52.496325
            ],
            [
              4.599058,
              52.496494
            ],
            [
              4.599185,
              52.496639
            ],
            [
              4.599224,
              52.496682
            ],
            [
              4.599267,
              52.496725
            ],
            [
              4.599299,
              52.496755
            ],
            [
              4.59933,
              52.496783
            ],
            [
              4.599365,
              52.496812
            ],
            [
              4.599394,
              52.496838
            ],
            [
              4.599522,
              52.496937
            ],
            [
              4.599774,
              52.497122
            ],
            [
              4.599848,
              52.49718
            ],
            [
              4.599877,
              52.497205
            ],
            [
              4.599896,
              52.497223
            ],
            [
              4.599912,
              52.497239
            ],
            [
              4.599929,
              52.497258
            ],
            [
              4.599931,
              52.497261
            ],
            [
              4.599858,
              52.497245
            ],
            [
              4.599225,
              52.497099
            ],
            [
              4.59866,
              52.49697
            ],
            [
              4.598417,
              52.496917
            ],
            [
              4.597987,
              52.496825
            ],
            [
              4.596629,
              52.497588
            ],
            [
              4.595623,
              52.498156
            ],
            [
              4.595589,
              52.498175
            ],
            [
              4.595546,
              52.498199
            ],
            [
              4.595444,
              52.498187
            ],
            [
              4.594639,
              52.498101
            ],
            [
              4.593084,
              52.497936
            ],
            [
              4.592923,
              52.497981
            ],
            [
              4.592737,
              52.498034
            ],
            [
              4.592263,
              52.498166
            ],
            [
              4.591994,
              52.498241
            ],
            [
              4.591874,
              52.498274
            ],
            [
              4.591853,
              52.498275
            ],
            [
              4.591695,
              52.498279
            ],
            [
              4.591666,
              52.49784
            ],
            [
              4.591333,
              52.497929
            ],
            [
              4.590805,
              52.498072
            ],
            [
              4.590784,
              52.498078
            ],
            [
              4.590259,
              52.498219
            ],
            [
              4.589506,
              52.498423
            ],
            [
              4.589349,
              52.498464
            ],
            [
              4.589169,
              52.498513
            ],
            [
              4.589129,
              52.498523
            ],
            [
              4.588997,
              52.498559
            ],
            [
              4.588994,
              52.498559
            ],
            [
              4.588715,
              52.498638
            ],
            [
              4.588512,
              52.498695
            ],
            [
              4.588042,
              52.498816
            ],
            [
              4.587974,
              52.498835
            ],
            [
              4.587726,
              52.498903
            ],
            [
              4.58728,
              52.499025
            ],
            [
              4.585862,
              52.499295
            ],
            [
              4.577218,
              52.500944
            ],
            [
              4.573884,
              52.50158
            ],
            [
              4.571495,
              52.502036
            ]
          ]
        ]
      },
      "properties": {
        "type": "boundary",
        "gemeente": "Heemskerk"
      }
    }
  ]
}