{"type":"FeatureCollection","metadata":{"gemeente":"Leeuwarden","slug":"leeuwarden","generated_at":"2026-10-05T08:56:42.812075Z","total_points":230,"providers":["Amazon","DeBuren","DHL","DPD","PostNL","VintedGo","GLS","ViaTim","FedEx","InPost"],"bounds":[5.6505753,53.075296,5.8491206,53.2671536]},"features":[{"type":"Feature","geometry":{"type":"Point","coordinates":[5.803135372,53.14953615]},"properties":{"type":"pakketpunt","locatieNaam":"Centerrr Wirdum","straatNaam":"Greate Buorren 9","straatNr":"","vervoerder":"Amazon","puntType":"3p","bezettingsgraad":50,"latitude":53.14953615,"longitude":5.803135372,"canPickup":true,"canDropoff":false,"openingstijden":null}},{"type":"Feature","geometry":{"type":"Point","coordinates":[5.823932759188822,53.179476233533414]},"properties":{"type":"pakketpunt","locatieNaam":"DHL - Pakketautomaat Jumbo Els Boek","straatNaam":"Kruisdobbe 4","straatNr":"","vervoerder":"Amazon","puntType":"3p","bezettingsgraad":50,"latitude":53.179476233533414,"longitude":5.823932759188822,"canPickup":true,"canDropoff":false,"openingstijden":null}},{"type":"Feature","geometry":{"type":"Point","coordinates":[5.793096599042699,53.1721986684446]},"properties":{"type":"pakketpunt","locatieNaam":"DHL - Pakketautomaat Lidl Leeuwarden","straatNaam":"Molkenkelder 55","straatNr":"","vervoerder":"Amazon","puntType":"3p","bezettingsgraad":50,"latitude":53.1721986684446,"longitude":5.793096599042699,"canPickup":true,"canDropoff":false,"openingstijden":null}},{"type":"Feature","geometry":{"type":"Point","coordinates":[5.820578267953303,53.177688285287225]},"properties":{"type":"pakketpunt","locatieNaam":"DHL - Pakketautomaat Friesche VC","straatNaam":"Ublingaplantage 6-VC/107","straatNr":"","vervoerder":"Amazon","puntType":"3p","bezettingsgraad":50,"latitude":53.177688285287225,"longitude":5.820578267953303,"canPickup":true,"canDropoff":false,"openingstijden":null}},{"type":"Feature","geometry":{"type":"Point","coordinates":[5.839918818047162,53.09518346610102]},"properties":{"type":"pakketpunt","locatieNaam":"DHL - Pakketautomaat Poiesz Grou","straatNaam":"Parktstraat 3","straatNr":"","vervoerder":"Amazon","puntType":"3p","bezettingsgraad":50,"latitude":53.09518346610102,"longitude":5.839918818047162,"canPickup":true,"canDropoff":false,"openingstijden":null}},{"type":"Feature","geometry":{"type":"Point","coordinates":[5.828606839917575,53.18891775660747]},"properties":{"type":"pakketpunt","locatieNaam":"DHL - Pakketautomaat Poiesz Adlan","straatNaam":"Zevenblad 12","straatNr":"","vervoerder":"Amazon","puntType":"3p","bezettingsgraad":50,"latitude":53.18891775660747,"longitude":5.828606839917575,"canPickup":true,"canDropoff":false,"openingstijden":null}},{"type":"Feature","geometry":{"type":"Point","coordinates":[5.793540736,53.19268283]},"properties":{"type":"pakketpunt","locatieNaam":"Nulachtenvijftig in- en verkoop","straatNaam":"Ruysdaelstraat 21","straatNr":"","vervoerder":"Amazon","puntType":"3p","bezettingsgraad":50,"latitude":53.19268283,"longitude":5.793540736,"canPickup":true,"canDropoff":false,"openingstijden":null}},{"type":"Feature","geometry":{"type":"Point","coordinates":[5.793540736,53.19268283]},"properties":{"type":"pakketpunt","locatieNaam":"Nulachtenvijftig in- en verkoop-","straatNaam":"Ruysdaelstraat 21","straatNr":"","vervoerder":"Amazon","puntType":"3p","bezettingsgraad":50,"latitude":53.19268283,"longitude":5.793540736,"canPickup":true,"canDropoff":false,"openingstijden":null}},{"type":"Feature","geometry":{"type":"Point","coordinates":[5.842246215834207,53.19298068580061]},"properties":{"type":"pakketpunt","locatieNaam":"DHL - Pakketautomaat Praxis Leeuwarden","straatNaam":"Avondsterweg 2","straatNr":"","vervoerder":"Amazon","puntType":"3p","bezettingsgraad":50,"latitude":53.19298068580061,"longitude":5.842246215834207,"canPickup":true,"canDropoff":false,"openingstijden":null}},{"type":"Feature","geometry":{"type":"Point","coordinates":[5.777160355412306,53.189504654173554]},"properties":{"type":"pakketpunt","locatieNaam":"DHL - Pakketautomaat CSV Leeuw. Zwaluwen","straatNaam":"Middelzeelaan 18-VC/87","straatNr":"","vervoerder":"Amazon","puntType":"3p","bezettingsgraad":50,"latitude":53.189504654173554,"longitude":5.777160355412306,"canPickup":true,"canDropoff":false,"openingstijden":null}},{"type":"Feature","geometry":{"type":"Point","coordinates":[5.819981502279596,53.20834885009009]},"properties":{"type":"pakketpunt","locatieNaam":"DHL - Pakketautomaat Poiesz Schieringen","straatNaam":"Wilgenstraat 2","straatNr":"","vervoerder":"Amazon","puntType":"3p","bezettingsgraad":50,"latitude":53.20834885009009,"longitude":5.819981502279596,"canPickup":true,"canDropoff":false,"openingstijden":null}},{"type":"Feature","geometry":{"type":"Point","coordinates":[5.80048630375717,53.2008540559673]},"properties":{"type":"pakketpunt","locatieNaam":"Ultra Telecom","straatNaam":"Nieuwe Oosterstraat 11","straatNr":"","vervoerder":"Amazon","puntType":"3p","bezettingsgraad":50,"latitude":53.2008540559673,"longitude":5.80048630375717,"canPickup":true,"canDropoff":false,"openingstijden":null}},{"type":"Feature","geometry":{"type":"Point","coordinates":[5.841906725625849,53.196544946684305]},"properties":{"type":"pakketpunt","locatieNaam":"DHL - Pakketautomaat GAMMA De Hemrik","straatNaam":"Jupiterweg 17","straatNr":"","vervoerder":"Amazon","puntType":"3p","bezettingsgraad":50,"latitude":53.196544946684305,"longitude":5.841906725625849,"canPickup":true,"canDropoff":false,"openingstijden":null}},{"type":"Feature","geometry":{"type":"Point","coordinates":[5.801148431,53.20436518]},"properties":{"type":"pakketpunt","locatieNaam":"Foto Leeuwarden","straatNaam":"Voorstreek 74","straatNr":"","vervoerder":"Amazon","puntType":"3p","bezettingsgraad":50,"latitude":53.20436518,"longitude":5.801148431,"canPickup":true,"canDropoff":false,"openingstijden":null}},{"type":"Feature","geometry":{"type":"Point","coordinates":[5.774366,53.195122]},"properties":{"type":"pakketpunt","locatieNaam":"DHL - DeBuren Locker 24-7 LEAP24 Leeuwrd","straatNaam":"Amperestraat 14","straatNr":"","vervoerder":"Amazon","puntType":"3p","bezettingsgraad":50,"latitude":53.195122,"longitude":5.774366,"canPickup":true,"canDropoff":false,"openingstijden":null}},{"type":"Feature","geometry":{"type":"Point","coordinates":[5.8299151,53.2117289]},"properties":{"type":"pakketpunt","locatieNaam":"DHL - Pakketautomaat Basic-Fit Leeuwardn","straatNaam":"Tijsmaweg 4","straatNr":"","vervoerder":"Amazon","puntType":"3p","bezettingsgraad":50,"latitude":53.2117289,"longitude":5.8299151,"canPickup":true,"canDropoff":false,"openingstijden":null}},{"type":"Feature","geometry":{"type":"Point","coordinates":[5.839353425,53.21123608]},"properties":{"type":"pakketpunt","locatieNaam":"Primera Camminghaburen","straatNaam":"Lieuwenburg 93","straatNr":"","vervoerder":"Amazon","puntType":"3p","bezettingsgraad":50,"latitude":53.21123608,"longitude":5.839353425,"canPickup":true,"canDropoff":false,"openingstijden":null}},{"type":"Feature","geometry":{"type":"Point","coordinates":[5.77390513015035,53.2054355448825]},"properties":{"type":"pakketpunt","locatieNaam":"Gym Iron Heart","straatNaam":"Harlingerstraatweg 80 b","straatNr":"","vervoerder":"Amazon","puntType":"3p","bezettingsgraad":50,"latitude":53.2054355448825,"longitude":5.77390513015035,"canPickup":true,"canDropoff":false,"openingstijden":null}},{"type":"Feature","geometry":{"type":"Point","coordinates":[5.84011574267983,53.2111343623517]},"properties":{"type":"pakketpunt","locatieNaam":"Poiesz Leeuwarden","straatNaam":"Lieuwenburg 165","straatNr":"","vervoerder":"Amazon","puntType":"3p","bezettingsgraad":50,"latitude":53.2111343623517,"longitude":5.84011574267983,"canPickup":true,"canDropoff":false,"openingstijden":null}},{"type":"Feature","geometry":{"type":"Point","coordinates":[5.84011574267983,53.2111343623517]},"properties":{"type":"pakketpunt","locatieNaam":"Poiesz Leeuwarden-","straatNaam":"Lieuwenburg 165","straatNr":"","vervoerder":"Amazon","puntType":"3p","bezettingsgraad":50,"latitude":53.2111343623517,"longitude":5.84011574267983,"canPickup":true,"canDropoff":false,"openingstijden":null}},{"type":"Feature","geometry":{"type":"Point","coordinates":[5.779367942859387,53.215777328929065]},"properties":{"type":"pakketpunt","locatieNaam":"DHL - Pakketautomaat Karwei Leeuwarden","straatNaam":"Meester P.J. Troelstraweg 149","straatNr":"","vervoerder":"Amazon","puntType":"3p","bezettingsgraad":50,"latitude":53.215777328929065,"longitude":5.779367942859387,"canPickup":true,"canDropoff":false,"openingstijden":null}},{"type":"Feature","geometry":{"type":"Point","coordinates":[5.824480055240466,53.21647276206881]},"properties":{"type":"pakketpunt","locatieNaam":"DHL - DeBuren Locker 24-7 Tango Leeuwar","straatNaam":"Groningerstraatweg 363-A","straatNr":"","vervoerder":"Amazon","puntType":"3p","bezettingsgraad":50,"latitude":53.21647276206881,"longitude":5.824480055240466,"canPickup":true,"canDropoff":false,"openingstijden":null}},{"type":"Feature","geometry":{"type":"Point","coordinates":[5.82443147,53.21652806]},"properties":{"type":"pakketpunt","locatieNaam":"Leeuwarden | Groningerstraatweg | Tango | Pakketautomaat","straatNaam":"Groningerstraatweg","straatNr":"363A","vervoerder":"DeBuren","puntType":"Buitenkluis","bezettingsgraad":50,"latitude":53.21652806,"longitude":5.82443147,"canPickup":true,"canDropoff":true,"openingstijden":null}},{"type":"Feature","geometry":{"type":"Point","coordinates":[5.7744897,53.1925824]},"properties":{"type":"pakketpunt","locatieNaam":"Leeuwarden | Ampèrestraat  | LEAP24 | Pakket-automaat","straatNaam":"Amperestraat ","straatNr":"14","vervoerder":"DeBuren","puntType":"Buitenkluis","bezettingsgraad":50,"latitude":53.1925824,"longitude":5.7744897,"canPickup":true,"canDropoff":true,"openingstijden":null}},{"type":"Feature","geometry":{"type":"Point","coordinates":[5.79290074,53.17275913]},"properties":{"type":"pakketpunt","locatieNaam":"Leeuwarden | Sudertrimdielsdyk | Tango ","straatNaam":"Sudertrimdielsdyk","straatNr":"2","vervoerder":"DeBuren","puntType":"Buitenkluis","bezettingsgraad":50,"latitude":53.17275913,"longitude":5.79290074,"canPickup":true,"canDropoff":true,"openingstijden":null}},{"type":"Feature","geometry":{"type":"Point","coordinates":[5.7927335,53.0759018]},"properties":{"type":"pakketpunt","locatieNaam":"Houten Klaas","straatNaam":"Rijksweg","straatNr":"180","vervoerder":"DHL","puntType":"parcelShop","bezettingsgraad":50,"latitude":53.0759018,"longitude":5.7927335,"canPickup":true,"canDropoff":true,"openingstijden":{"ma":"10:00 - 12:00, 13:00 - 17:00","di":"10:00 - 12:00, 13:00 - 17:00","wo":"10:00 - 12:00, 13:00 - 17:00","do":"10:00 - 12:00, 13:00 - 17:00","vr":"10:00 - 12:00, 13:00 - 17:00","za":"gesloten","zo":"gesloten"}}},{"type":"Feature","geometry":{"type":"Point","coordinates":[5.827829,53.092578]},"properties":{"type":"pakketpunt","locatieNaam":"Bouwmarkt Grou","straatNaam":"Stationsweg","straatNr":"86","vervoerder":"DHL","puntType":"parcelShop","bezettingsgraad":50,"latitude":53.092578,"longitude":5.827829,"canPickup":true,"canDropoff":true,"openingstijden":{"ma":"08:00 - 20:00","di":"08:00 - 20:00","wo":"08:00 - 20:00","do":"08:00 - 20:00","vr":"08:00 - 20:00","za":"08:00 - 17:00","zo":"gesloten"}}},{"type":"Feature","geometry":{"type":"Point","coordinates":[5.832384165178877,53.094516981743645]},"properties":{"type":"pakketpunt","locatieNaam":"Pakketautomaat Lidl Grou","straatNaam":"J.W. de Visserwei","straatNr":"1","vervoerder":"DHL","puntType":"packStation","bezettingsgraad":50,"latitude":53.094516981743645,"longitude":5.832384165178877,"canPickup":true,"canDropoff":true,"openingstijden":{"ma":"08:00 - 21:00","di":"08:00 - 21:00","wo":"08:00 - 21:00","do":"08:00 - 21:00","vr":"08:00 - 21:00","za":"08:00 - 21:00","zo":"10:00 - 18:00"}}},{"type":"Feature","geometry":{"type":"Point","coordinates":[5.839918818047162,53.09518346610102]},"properties":{"type":"pakketpunt","locatieNaam":"Pakketautomaat Poiesz Grou","straatNaam":"Parktstraat","straatNr":"3","vervoerder":"DHL","puntType":"packStation","bezettingsgraad":50,"latitude":53.09518346610102,"longitude":5.839918818047162,"canPickup":true,"canDropoff":true,"openingstijden":{"ma":"00:00 - 23:59","di":"00:00 - 23:59","wo":"00:00 - 23:59","do":"00:00 - 23:59","vr":"00:00 - 23:59","za":"00:00 - 23:59","zo":"00:00 - 23:59"}}},{"type":"Feature","geometry":{"type":"Point","coordinates":[5.838888197413835,53.09525042271928]},"properties":{"type":"pakketpunt","locatieNaam":"Shansale","straatNaam":"Parkstraat","straatNr":"10","vervoerder":"DHL","puntType":"parcelShop","bezettingsgraad":50,"latitude":53.09525042271928,"longitude":5.838888197413835,"canPickup":true,"canDropoff":true,"openingstijden":{"ma":"09:30 - 18:00","di":"09:30 - 18:00","wo":"09:30 - 18:00","do":"09:30 - 18:00","vr":"09:30 - 18:00","za":"09:30 - 17:00","zo":"gesloten"}}},{"type":"Feature","geometry":{"type":"Point","coordinates":[5.7843296,53.1187178]},"properties":{"type":"pakketpunt","locatieNaam":"DHL Buurtpunt ViaTim & Bijker","straatNaam":"Master Gorterstrjitte","straatNr":"9-C","vervoerder":"DHL","puntType":"parcelShop","bezettingsgraad":50,"latitude":53.1187178,"longitude":5.7843296,"canPickup":true,"canDropoff":true,"openingstijden":{"ma":"15:00 - 21:00","di":"15:00 - 21:00","wo":"15:00 - 21:00","do":"15:00 - 21:00","vr":"15:00 - 21:00","za":"gesloten","zo":"gesloten"}}},{"type":"Feature","geometry":{"type":"Point","coordinates":[5.755270481109619,53.183197021484375]},"properties":{"type":"pakketpunt","locatieNaam":"DHL Pakketpunt XL Leeuwarden","straatNaam":"Brailleweg","straatNr":"4","vervoerder":"DHL","puntType":"parcelShop","bezettingsgraad":50,"latitude":53.183197021484375,"longitude":5.755270481109619,"canPickup":true,"canDropoff":true,"openingstijden":{"ma":"09:00 - 19:00","di":"09:00 - 19:00","wo":"09:00 - 19:00","do":"09:00 - 19:00","vr":"09:00 - 19:00","za":"09:00 - 17:00","zo":"gesloten"}}},{"type":"Feature","geometry":{"type":"Point","coordinates":[5.845483837799043,53.152156727388885]},"properties":{"type":"pakketpunt","locatieNaam":"Pakketautomaat SPAR Wergea","straatNaam":"Kerkbuurt","straatNr":"19","vervoerder":"DHL","puntType":"packStation","bezettingsgraad":50,"latitude":53.152156727388885,"longitude":5.845483837799043,"canPickup":true,"canDropoff":true,"openingstijden":{"ma":"08:00 - 19:00","di":"08:00 - 19:00","wo":"08:00 - 19:00","do":"08:00 - 19:00","vr":"08:00 - 19:00","za":"08:00 - 17:00","zo":"11:00 - 16:00"}}},{"type":"Feature","geometry":{"type":"Point","coordinates":[5.793096599042699,53.1721986684446]},"properties":{"type":"pakketpunt","locatieNaam":"Pakketautomaat Lidl Leeuwarden","straatNaam":"Molkenkelder","straatNr":"55","vervoerder":"DHL","puntType":"packStation","bezettingsgraad":50,"latitude":53.1721986684446,"longitude":5.793096599042699,"canPickup":true,"canDropoff":true,"openingstijden":{"ma":"07:00 - 22:00","di":"07:00 - 22:00","wo":"07:00 - 22:00","do":"07:00 - 22:00","vr":"07:00 - 22:00","za":"07:00 - 22:00","zo":"10:00 - 18:00"}}},{"type":"Feature","geometry":{"type":"Point","coordinates":[5.820578267953303,53.177688285287225]},"properties":{"type":"pakketpunt","locatieNaam":"Pakketautomaat Friesche VC","straatNaam":"Ublingaplantage","straatNr":"6-VC/107","vervoerder":"DHL","puntType":"packStation","bezettingsgraad":50,"latitude":53.177688285287225,"longitude":5.820578267953303,"canPickup":true,"canDropoff":true,"openingstijden":{"ma":"00:00 - 23:59","di":"00:00 - 23:59","wo":"00:00 - 23:59","do":"00:00 - 23:59","vr":"00:00 - 23:59","za":"00:00 - 23:59","zo":"00:00 - 23:59"}}},{"type":"Feature","geometry":{"type":"Point","coordinates":[5.823932759188822,53.179476233533414]},"properties":{"type":"pakketpunt","locatieNaam":"Pakketautomaat Jumbo Els Boek","straatNaam":"Kruisdobbe","straatNr":"4","vervoerder":"DHL","puntType":"packStation","bezettingsgraad":50,"latitude":53.179476233533414,"longitude":5.823932759188822,"canPickup":true,"canDropoff":true,"openingstijden":{"ma":"00:00 - 23:59","di":"00:00 - 23:59","wo":"00:00 - 23:59","do":"00:00 - 23:59","vr":"00:00 - 23:59","za":"00:00 - 23:59","zo":"00:00 - 23:59"}}},{"type":"Feature","geometry":{"type":"Point","coordinates":[5.828606839917575,53.18891775660747]},"properties":{"type":"pakketpunt","locatieNaam":"Pakketautomaat Poiesz Adlan","straatNaam":"Zevenblad","straatNr":"12","vervoerder":"DHL","puntType":"packStation","bezettingsgraad":50,"latitude":53.18891775660747,"longitude":5.828606839917575,"canPickup":true,"canDropoff":true,"openingstijden":{"ma":"00:00 - 23:59","di":"00:00 - 23:59","wo":"00:00 - 23:59","do":"00:00 - 23:59","vr":"00:00 - 23:59","za":"00:00 - 23:59","zo":"00:00 - 23:59"}}},{"type":"Feature","geometry":{"type":"Point","coordinates":[5.789328973475012,53.185732921575095]},"properties":{"type":"pakketpunt","locatieNaam":"Het Crealokaal","straatNaam":"Willem Alexander plein","straatNr":"32-A","vervoerder":"DHL","puntType":"parcelShop","bezettingsgraad":50,"latitude":53.185732921575095,"longitude":5.789328973475012,"canPickup":true,"canDropoff":true,"openingstijden":{"ma":"gesloten","di":"13:00 - 17:00","wo":"09:00 - 17:00","do":"09:00 - 17:00","vr":"09:00 - 17:00","za":"09:00 - 17:00","zo":"gesloten"}}},{"type":"Feature","geometry":{"type":"Point","coordinates":[5.842246215834207,53.19298068580061]},"properties":{"type":"pakketpunt","locatieNaam":"Pakketautomaat Praxis Leeuwarden","straatNaam":"Avondsterweg","straatNr":"2","vervoerder":"DHL","puntType":"packStation","bezettingsgraad":50,"latitude":53.19298068580061,"longitude":5.842246215834207,"canPickup":true,"canDropoff":true,"openingstijden":{"ma":"00:00 - 23:59","di":"00:00 - 23:59","wo":"00:00 - 23:59","do":"00:00 - 23:59","vr":"00:00 - 23:59","za":"00:00 - 23:59","zo":"00:00 - 23:59"}}},{"type":"Feature","geometry":{"type":"Point","coordinates":[5.841906725625849,53.196544946684305]},"properties":{"type":"pakketpunt","locatieNaam":"Pakketautomaat GAMMA De Hemrik","straatNaam":"Jupiterweg","straatNr":"17","vervoerder":"DHL","puntType":"packStation","bezettingsgraad":50,"latitude":53.196544946684305,"longitude":5.841906725625849,"canPickup":true,"canDropoff":true,"openingstijden":{"ma":"00:00 - 23:59","di":"00:00 - 23:59","wo":"00:00 - 23:59","do":"00:00 - 23:59","vr":"00:00 - 23:59","za":"00:00 - 23:59","zo":"00:00 - 23:59"}}},{"type":"Feature","geometry":{"type":"Point","coordinates":[5.798232,53.193765]},"properties":{"type":"pakketpunt","locatieNaam":"Pakketwinkel Warenhuis de Boer","straatNaam":"Schrans","straatNr":"94-96","vervoerder":"DHL","puntType":"parcelShop","bezettingsgraad":50,"latitude":53.193765,"longitude":5.798232,"canPickup":true,"canDropoff":true,"openingstijden":{"ma":"13:00 - 18:00","di":"11:00 - 18:00","wo":"11:00 - 18:00","do":"11:00 - 18:00","vr":"11:00 - 18:00","za":"11:00 - 17:00","zo":"gesloten"}}},{"type":"Feature","geometry":{"type":"Point","coordinates":[5.777160355412306,53.189504654173554]},"properties":{"type":"pakketpunt","locatieNaam":"Pakketautomaat CSV Leeuw. Zwaluwen","straatNaam":"Middelzeelaan","straatNr":"18-VC/87","vervoerder":"DHL","puntType":"packStation","bezettingsgraad":50,"latitude":53.189504654173554,"longitude":5.777160355412306,"canPickup":true,"canDropoff":true,"openingstijden":{"ma":"00:00 - 23:59","di":"00:00 - 23:59","wo":"00:00 - 23:59","do":"00:00 - 23:59","vr":"00:00 - 23:59","za":"00:00 - 23:59","zo":"00:00 - 23:59"}}},{"type":"Feature","geometry":{"type":"Point","coordinates":[5.798567295074463,53.195213317871094]},"properties":{"type":"pakketpunt","locatieNaam":"Shoeby Leeuwarden","straatNaam":"Schrans","straatNr":"72","vervoerder":"DHL","puntType":"parcelShop","bezettingsgraad":50,"latitude":53.195213317871094,"longitude":5.798567295074463,"canPickup":true,"canDropoff":true,"openingstijden":{"ma":"13:00 - 18:00","di":"09:30 - 18:00","wo":"09:30 - 18:00","do":"09:30 - 18:00","vr":"09:30 - 18:00","za":"09:30 - 17:00","zo":"gesloten"}}},{"type":"Feature","geometry":{"type":"Point","coordinates":[5.841420650482178,53.19950866699219]},"properties":{"type":"pakketpunt","locatieNaam":"Caparis Leeuwarden","straatNaam":"Orionweg","straatNr":"2","vervoerder":"DHL","puntType":"parcelShop","bezettingsgraad":50,"latitude":53.19950866699219,"longitude":5.841420650482178,"canPickup":true,"canDropoff":true,"openingstijden":{"ma":"07:30 - 18:00","di":"07:30 - 18:00","wo":"07:30 - 18:00","do":"07:30 - 18:00","vr":"07:30 - 18:00","za":"gesloten","zo":"gesloten"}}},{"type":"Feature","geometry":{"type":"Point","coordinates":[5.8194105949481205,53.20138686955956]},"properties":{"type":"pakketpunt","locatieNaam":"Pakketautomaat MediaMarkt Lwrdn","straatNaam":"De Centrale","straatNr":"12","vervoerder":"DHL","puntType":"packStation","bezettingsgraad":50,"latitude":53.20138686955956,"longitude":5.8194105949481205,"canPickup":true,"canDropoff":true,"openingstijden":{"ma":"10:00 - 21:00","di":"10:00 - 21:00","wo":"10:00 - 21:00","do":"10:00 - 21:00","vr":"10:00 - 21:00","za":"10:00 - 18:00","zo":"12:00 - 17:00"}}},{"type":"Feature","geometry":{"type":"Point","coordinates":[5.8014936447143555,53.2006950378418]},"properties":{"type":"pakketpunt","locatieNaam":"Arojah Stores","straatNaam":"Nieuwe Oosterstraat","straatNr":"43","vervoerder":"DHL","puntType":"parcelShop","bezettingsgraad":50,"latitude":53.2006950378418,"longitude":5.8014936447143555,"canPickup":true,"canDropoff":true,"openingstijden":{"ma":"10:00 - 18:30","di":"10:00 - 18:30","wo":"10:00 - 18:30","do":"10:00 - 18:30","vr":"10:00 - 18:30","za":"10:00 - 18:00","zo":"gesloten"}}},{"type":"Feature","geometry":{"type":"Point","coordinates":[5.7971283,53.2004994]},"properties":{"type":"pakketpunt","locatieNaam":"Schuurman Schoenen Leeuwarden","straatNaam":"Wirdumerdijk","straatNr":"9-11","vervoerder":"DHL","puntType":"parcelShop","bezettingsgraad":50,"latitude":53.2004994,"longitude":5.7971283,"canPickup":true,"canDropoff":true,"openingstijden":{"ma":"13:00 - 17:30","di":"10:00 - 17:30","wo":"10:00 - 17:30","do":"10:00 - 17:30","vr":"10:00 - 17:30","za":"10:00 - 17:00","zo":"13:00 - 17:00"}}},{"type":"Feature","geometry":{"type":"Point","coordinates":[5.774366,53.195122]},"properties":{"type":"pakketpunt","locatieNaam":"DeBuren Locker 24-7 LEAP24 Leeuwrd","straatNaam":"Amperestraat","straatNr":"14","vervoerder":"DHL","puntType":"packStation","bezettingsgraad":50,"latitude":53.195122,"longitude":5.774366,"canPickup":true,"canDropoff":true,"openingstijden":{"ma":"00:00 - 23:59","di":"00:00 - 23:59","wo":"00:00 - 23:59","do":"00:00 - 23:59","vr":"00:00 - 23:59","za":"00:00 - 23:59","zo":"00:00 - 23:59"}}},{"type":"Feature","geometry":{"type":"Point","coordinates":[5.79467,53.20038]},"properties":{"type":"pakketpunt","locatieNaam":"Pakketautomaat HEMA Leeuwarden","straatNaam":"Nieuwestad","straatNr":"126-Kast","vervoerder":"DHL","puntType":"packStation","bezettingsgraad":50,"latitude":53.20038,"longitude":5.79467,"canPickup":true,"canDropoff":true,"openingstijden":{"ma":"09:00 - 18:00","di":"09:00 - 18:00","wo":"09:00 - 18:00","do":"09:00 - 21:00","vr":"09:00 - 18:00","za":"09:00 - 18:00","zo":"12:00 - 17:00"}}},{"type":"Feature","geometry":{"type":"Point","coordinates":[5.7921571,53.2010411]},"properties":{"type":"pakketpunt","locatieNaam":"Intertoys Leeuwarden","straatNaam":"Nieuwestad","straatNr":"76","vervoerder":"DHL","puntType":"parcelShop","bezettingsgraad":50,"latitude":53.2010411,"longitude":5.7921571,"canPickup":true,"canDropoff":true,"openingstijden":{"ma":"11:00 - 18:00","di":"09:30 - 18:00","wo":"09:30 - 18:00","do":"09:30 - 18:00","vr":"09:30 - 18:00","za":"09:30 - 17:00","zo":"12:00 - 17:00"}}},{"type":"Feature","geometry":{"type":"Point","coordinates":[5.800421,53.20375]},"properties":{"type":"pakketpunt","locatieNaam":"1001 Voordeelshop","straatNaam":"Voorstreek","straatNr":"59","vervoerder":"DHL","puntType":"parcelShop","bezettingsgraad":50,"latitude":53.20375,"longitude":5.800421,"canPickup":true,"canDropoff":true,"openingstijden":{"ma":"11:00 - 18:00","di":"09:30 - 18:00","wo":"09:30 - 18:00","do":"09:30 - 18:00","vr":"09:30 - 18:00","za":"09:30 - 17:00","zo":"gesloten"}}},{"type":"Feature","geometry":{"type":"Point","coordinates":[5.7894492,53.2018657]},"properties":{"type":"pakketpunt","locatieNaam":"Smartmeal de Zoete Verleiding","straatNaam":"Nieuwestad","straatNr":"3-B","vervoerder":"DHL","puntType":"parcelShop","bezettingsgraad":50,"latitude":53.2018657,"longitude":5.7894492,"canPickup":true,"canDropoff":true,"openingstijden":{"ma":"10:30 - 17:00","di":"10:30 - 17:00","wo":"10:30 - 17:00","do":"10:30 - 17:00","vr":"10:30 - 17:00","za":"gesloten","zo":"gesloten"}}},{"type":"Feature","geometry":{"type":"Point","coordinates":[5.7645952,53.194972]},"properties":{"type":"pakketpunt","locatieNaam":"Home Friesland","straatNaam":"Kelvinstraat","straatNr":"6","vervoerder":"DHL","puntType":"parcelShop","bezettingsgraad":50,"latitude":53.194972,"longitude":5.7645952,"canPickup":true,"canDropoff":true,"openingstijden":{"ma":"gesloten","di":"10:00 - 18:00","wo":"10:00 - 18:00","do":"10:00 - 18:00","vr":"10:00 - 18:00","za":"10:00 - 18:00","zo":"gesloten"}}},{"type":"Feature","geometry":{"type":"Point","coordinates":[5.767466333410666,53.196184253315636]},"properties":{"type":"pakketpunt","locatieNaam":"Pakketautomaat GAMMA Leeuw-West","straatNaam":"Slauerhoffweg","straatNr":"2","vervoerder":"DHL","puntType":"packStation","bezettingsgraad":50,"latitude":53.196184253315636,"longitude":5.767466333410666,"canPickup":true,"canDropoff":true,"openingstijden":{"ma":"09:00 - 21:00","di":"09:00 - 21:00","wo":"09:00 - 21:00","do":"09:00 - 21:00","vr":"09:00 - 21:00","za":"09:00 - 18:00","zo":"10:00 - 17:00"}}},{"type":"Feature","geometry":{"type":"Point","coordinates":[5.811879,53.206118]},"properties":{"type":"pakketpunt","locatieNaam":"Tankstation Fokkinga","straatNaam":"De Ruyterweg","straatNr":"98","vervoerder":"DHL","puntType":"parcelShop","bezettingsgraad":50,"latitude":53.206118,"longitude":5.811879,"canPickup":true,"canDropoff":true,"openingstijden":{"ma":"08:30 - 17:30","di":"08:30 - 17:30","wo":"08:30 - 17:30","do":"08:30 - 17:30","vr":"08:30 - 17:30","za":"08:30 - 17:30","zo":"gesloten"}}},{"type":"Feature","geometry":{"type":"Point","coordinates":[5.819981502279596,53.20834885009009]},"properties":{"type":"pakketpunt","locatieNaam":"Pakketautomaat Poiesz Schieringen","straatNaam":"Wilgenstraat","straatNr":"2","vervoerder":"DHL","puntType":"packStation","bezettingsgraad":50,"latitude":53.20834885009009,"longitude":5.819981502279596,"canPickup":true,"canDropoff":true,"openingstijden":{"ma":"00:00 - 23:59","di":"00:00 - 23:59","wo":"00:00 - 23:59","do":"00:00 - 23:59","vr":"00:00 - 23:59","za":"00:00 - 23:59","zo":"00:00 - 23:59"}}},{"type":"Feature","geometry":{"type":"Point","coordinates":[5.781832218170166,53.204490661621094]},"properties":{"type":"pakketpunt","locatieNaam":"De Sleutelspecialist Leeuwarden","straatNaam":"Harlingerstraatweg","straatNr":"34","vervoerder":"DHL","puntType":"parcelShop","bezettingsgraad":50,"latitude":53.204490661621094,"longitude":5.781832218170166,"canPickup":true,"canDropoff":true,"openingstijden":{"ma":"08:00 - 18:00","di":"08:00 - 18:00","wo":"08:00 - 18:00","do":"08:00 - 18:00","vr":"08:00 - 18:00","za":"gesloten","zo":"gesloten"}}},{"type":"Feature","geometry":{"type":"Point","coordinates":[5.8393086,53.2112188]},"properties":{"type":"pakketpunt","locatieNaam":"Atelierco","straatNaam":"Lieuwenburg","straatNr":"91","vervoerder":"DHL","puntType":"parcelShop","bezettingsgraad":50,"latitude":53.2112188,"longitude":5.8393086,"canPickup":true,"canDropoff":true,"openingstijden":{"ma":"11:00 - 18:00","di":"10:00 - 18:00","wo":"10:00 - 18:00","do":"10:00 - 18:00","vr":"10:00 - 18:00","za":"11:00 - 17:00","zo":"gesloten"}}},{"type":"Feature","geometry":{"type":"Point","coordinates":[5.8299151,53.2117289]},"properties":{"type":"pakketpunt","locatieNaam":"Pakketautomaat Basic-Fit Leeuwardn","straatNaam":"Tijsmaweg","straatNr":"4","vervoerder":"DHL","puntType":"packStation","bezettingsgraad":50,"latitude":53.2117289,"longitude":5.8299151,"canPickup":true,"canDropoff":true,"openingstijden":{"ma":"00:00 - 23:59","di":"00:00 - 23:59","wo":"00:00 - 23:59","do":"00:00 - 23:59","vr":"00:00 - 23:59","za":"00:00 - 23:59","zo":"00:00 - 23:59"}}},{"type":"Feature","geometry":{"type":"Point","coordinates":[5.814473210995007,53.21295100744304]},"properties":{"type":"pakketpunt","locatieNaam":"Pakketautomaat Lidl Elzenstraat","straatNaam":"Elzenstraat","straatNr":"1","vervoerder":"DHL","puntType":"packStation","bezettingsgraad":50,"latitude":53.21295100744304,"longitude":5.814473210995007,"canPickup":true,"canDropoff":true,"openingstijden":{"ma":"08:00 - 21:00","di":"08:00 - 21:00","wo":"08:00 - 21:00","do":"08:00 - 21:00","vr":"08:00 - 21:00","za":"08:00 - 21:00","zo":"12:00 - 20:00"}}},{"type":"Feature","geometry":{"type":"Point","coordinates":[5.824480055240466,53.21647276206881]},"properties":{"type":"pakketpunt","locatieNaam":"DeBuren Locker 24-7 Tango Leeuwar","straatNaam":"Groningerstraatweg","straatNr":"363-A","vervoerder":"DHL","puntType":"packStation","bezettingsgraad":50,"latitude":53.21647276206881,"longitude":5.824480055240466,"canPickup":true,"canDropoff":true,"openingstijden":{"ma":"00:00 - 23:59","di":"00:00 - 23:59","wo":"00:00 - 23:59","do":"00:00 - 23:59","vr":"00:00 - 23:59","za":"00:00 - 23:59","zo":"00:00 - 23:59"}}},{"type":"Feature","geometry":{"type":"Point","coordinates":[5.7953968,53.2154031]},"properties":{"type":"pakketpunt","locatieNaam":"Budget Food Leeuwarden","straatNaam":"Bilgaardpassage","straatNr":"31","vervoerder":"DHL","puntType":"parcelShop","bezettingsgraad":50,"latitude":53.2154031,"longitude":5.7953968,"canPickup":true,"canDropoff":true,"openingstijden":{"ma":"09:00 - 18:00","di":"09:00 - 18:00","wo":"09:00 - 18:00","do":"09:00 - 20:00","vr":"09:00 - 18:00","za":"09:00 - 18:00","zo":"12:00 - 17:00"}}},{"type":"Feature","geometry":{"type":"Point","coordinates":[5.7582583,53.2583365]},"properties":{"type":"pakketpunt","locatieNaam":"Pakketautomaat Lidl Stiens","straatNaam":"Uniawei","straatNr":"2","vervoerder":"DHL","puntType":"packStation","bezettingsgraad":50,"latitude":53.2583365,"longitude":5.7582583,"canPickup":true,"canDropoff":true,"openingstijden":{"ma":"08:00 - 21:00","di":"08:00 - 21:00","wo":"08:00 - 21:00","do":"08:00 - 21:00","vr":"08:00 - 21:00","za":"08:00 - 21:00","zo":"10:00 - 18:00"}}},{"type":"Feature","geometry":{"type":"Point","coordinates":[5.759495543026175,53.25858292722188]},"properties":{"type":"pakketpunt","locatieNaam":"Pakketautomaat Poiesz Stiens","straatNaam":"Uniawei","straatNr":"4","vervoerder":"DHL","puntType":"packStation","bezettingsgraad":50,"latitude":53.25858292722188,"longitude":5.759495543026175,"canPickup":true,"canDropoff":true,"openingstijden":{"ma":"08:00 - 21:00","di":"08:00 - 21:00","wo":"08:00 - 21:00","do":"08:00 - 21:00","vr":"08:00 - 21:00","za":"08:00 - 21:00","zo":"10:00 - 18:00"}}},{"type":"Feature","geometry":{"type":"Point","coordinates":[5.758109,53.260803]},"properties":{"type":"pakketpunt","locatieNaam":"Primera Stiens","straatNaam":"Ljipstrjitte","straatNr":"2-E","vervoerder":"DHL","puntType":"parcelShop","bezettingsgraad":50,"latitude":53.260803,"longitude":5.758109,"canPickup":true,"canDropoff":true,"openingstijden":{"ma":"09:00 - 18:00","di":"09:00 - 18:00","wo":"09:00 - 18:00","do":"09:00 - 18:00","vr":"09:00 - 18:00","za":"09:00 - 17:00","zo":"gesloten"}}},{"type":"Feature","geometry":{"type":"Point","coordinates":[5.779367942859387,53.215777328929065]},"properties":{"type":"pakketpunt","locatieNaam":"Pakketautomaat Karwei Leeuwarden","straatNaam":"Meester P.J. Troelstraweg","straatNr":"149","vervoerder":"DHL","puntType":"packStation","bezettingsgraad":50,"latitude":53.215777328929065,"longitude":5.779367942859387,"canPickup":true,"canDropoff":true,"openingstijden":{"ma":"00:00 - 23:59","di":"00:00 - 23:59","wo":"00:00 - 23:59","do":"00:00 - 23:59","vr":"00:00 - 23:59","za":"00:00 - 23:59","zo":"00:00 - 23:59"}}},{"type":"Feature","geometry":{"type":"Point","coordinates":[5.79826,53.19366]},"properties":{"type":"pakketpunt","locatieNaam":"Warenhuis B. De Boer","straatNaam":"SCHRANS","straatNr":"94-96","vervoerder":"DPD","puntType":"pickup_point","bezettingsgraad":50,"latitude":53.19366,"longitude":5.79826,"canPickup":true,"canDropoff":true,"openingstijden":{"ma":"13:00 - 18:00","di":"10:00 - 18:00","wo":"10:00 - 18:00","do":"10:00 - 18:00","vr":"10:00 - 18:00","za":"10:00 - 17:00","zo":"gesloten"}}},{"type":"Feature","geometry":{"type":"Point","coordinates":[5.7578937,53.2618638]},"properties":{"type":"pakketpunt","locatieNaam":"Call Me Telecom","straatNaam":"LANGEBUORREN","straatNr":"1","vervoerder":"DPD","puntType":"pickup_point","bezettingsgraad":50,"latitude":53.2618638,"longitude":5.7578937,"canPickup":true,"canDropoff":true,"openingstijden":{"ma":"13:00 - 18:00","di":"13:00 - 18:00","wo":"15:00 - 18:00","do":"13:00 - 18:00","vr":"13:00 - 18:00","za":"13:00 - 18:00","zo":"gesloten"}}},{"type":"Feature","geometry":{"type":"Point","coordinates":[5.8290038,53.1885342]},"properties":{"type":"pakketpunt","locatieNaam":"PetaPC","straatNaam":"SALOMONSZEGEL","straatNr":"11","vervoerder":"DPD","puntType":"pickup_point","bezettingsgraad":50,"latitude":53.1885342,"longitude":5.8290038,"canPickup":true,"canDropoff":true,"openingstijden":{"ma":"09:00 - 17:00","di":"09:00 - 17:00","wo":"09:00 - 17:00","do":"09:00 - 17:00","vr":"09:00 - 17:00","za":"gesloten","zo":"gesloten"}}},{"type":"Feature","geometry":{"type":"Point","coordinates":[5.7987282,53.1940306]},"properties":{"type":"pakketpunt","locatieNaam":"Top1Toys Leeuwarden","straatNaam":"SCHRANS","straatNr":"127","vervoerder":"DPD","puntType":"pickup_point","bezettingsgraad":50,"latitude":53.1940306,"longitude":5.7987282,"canPickup":true,"canDropoff":true,"openingstijden":{"ma":"12:00 - 17:30","di":"09:30 - 17:30","wo":"09:30 - 17:30","do":"09:30 - 20:00","vr":"09:30 - 18:00","za":"09:30 - 17:00","zo":"13:00 - 17:00"}}},{"type":"Feature","geometry":{"type":"Point","coordinates":[5.7894492,53.2018657]},"properties":{"type":"pakketpunt","locatieNaam":"Smart Meal","straatNaam":"NIEUWESTAD","straatNr":"3b","vervoerder":"DPD","puntType":"pickup_point","bezettingsgraad":50,"latitude":53.2018657,"longitude":5.7894492,"canPickup":true,"canDropoff":true,"openingstijden":{"ma":"12:00 - 17:00","di":"12:00 - 17:00","wo":"12:00 - 17:00","do":"12:00 - 17:00","vr":"12:00 - 17:00","za":"gesloten","zo":"gesloten"}}},{"type":"Feature","geometry":{"type":"Point","coordinates":[5.783825,53.1183661]},"properties":{"type":"pakketpunt","locatieNaam":"ViaTim & Bijker","straatNaam":"MASTER GORTERSTRJITTE","straatNr":"9 C","vervoerder":"DPD","puntType":"pickup_point","bezettingsgraad":50,"latitude":53.1183661,"longitude":5.783825,"canPickup":true,"canDropoff":true,"openingstijden":{"ma":"16:00 - 21:00","di":"16:00 - 21:00","wo":"16:00 - 21:00","do":"16:00 - 21:00","vr":"16:00 - 21:00","za":"gesloten","zo":"gesloten"}}},{"type":"Feature","geometry":{"type":"Point","coordinates":[5.8418548,53.1995995]},"properties":{"type":"pakketpunt","locatieNaam":"Business Point - Caparis Leeuwarden","straatNaam":"ORIONWEG","straatNr":"2","vervoerder":"DPD","puntType":"pickup_point","bezettingsgraad":50,"latitude":53.1995995,"longitude":5.8418548,"canPickup":true,"canDropoff":true,"openingstijden":{"ma":"07:30 - 18:00","di":"07:30 - 18:00","wo":"07:30 - 18:00","do":"07:30 - 18:00","vr":"07:30 - 18:00","za":"gesloten","zo":"gesloten"}}},{"type":"Feature","geometry":{"type":"Point","coordinates":[5.8011277,53.2044255]},"properties":{"type":"pakketpunt","locatieNaam":"Used Tronics","straatNaam":"VOORSTREEK","straatNr":"76","vervoerder":"DPD","puntType":"pickup_point","bezettingsgraad":50,"latitude":53.2044255,"longitude":5.8011277,"canPickup":true,"canDropoff":true,"openingstijden":{"ma":"13:00 - 18:00","di":"11:00 - 18:00","wo":"11:00 - 18:00","do":"11:00 - 18:00","vr":"11:00 - 18:00","za":"11:00 - 17:00","zo":"gesloten"}}},{"type":"Feature","geometry":{"type":"Point","coordinates":[5.8021351,53.2029623]},"properties":{"type":"pakketpunt","locatieNaam":"Call internet city","straatNaam":"TUINEN","straatNr":"28","vervoerder":"DPD","puntType":"pickup_point","bezettingsgraad":50,"latitude":53.2029623,"longitude":5.8021351,"canPickup":true,"canDropoff":true,"openingstijden":{"ma":"10:00 - 21:00","di":"10:00 - 21:00","wo":"10:00 - 21:00","do":"10:00 - 21:00","vr":"10:00 - 21:00","za":"10:00 - 21:00","zo":"14:00 - 19:00"}}},{"type":"Feature","geometry":{"type":"Point","coordinates":[5.7739759,53.1948823]},"properties":{"type":"pakketpunt","locatieNaam":"Pakketautomaat LEAP24 Amperestraat","straatNaam":"AMPERESTRAAT","straatNr":"14","vervoerder":"DPD","puntType":"dpd_box","bezettingsgraad":50,"latitude":53.1948823,"longitude":5.7739759,"canPickup":true,"canDropoff":true,"openingstijden":{"ma":"00:00 - 23:59","di":"00:00 - 23:59","wo":"00:00 - 23:59","do":"00:00 - 23:59","vr":"00:00 - 23:59","za":"00:00 - 23:59","zo":"00:00 - 23:59"}}},{"type":"Feature","geometry":{"type":"Point","coordinates":[5.80859,53.20139]},"properties":{"type":"pakketpunt","locatieNaam":"Arojah Stores","straatNaam":"NIEUWE OOSTERSTRAAT","straatNr":"43","vervoerder":"DPD","puntType":"pickup_point","bezettingsgraad":50,"latitude":53.20139,"longitude":5.80859,"canPickup":true,"canDropoff":true,"openingstijden":{"ma":"10:00 - 18:00","di":"10:00 - 18:00","wo":"10:00 - 18:00","do":"10:00 - 18:00","vr":"10:00 - 18:00","za":"10:00 - 18:00","zo":"gesloten"}}},{"type":"Feature","geometry":{"type":"Point","coordinates":[5.6505984,53.1355333]},"properties":{"type":"pakketpunt","locatieNaam":"ViaTim & Miedema Tools","straatNaam":"BAERDERDYK","straatNr":"2","vervoerder":"DPD","puntType":"pickup_point","bezettingsgraad":50,"latitude":53.1355333,"longitude":5.6505984,"canPickup":true,"canDropoff":true,"openingstijden":{"ma":"17:00 - 20:00","di":"17:00 - 20:00","wo":"17:00 - 20:00","do":"17:00 - 20:00","vr":"gesloten","za":"09:00 - 16:00","zo":"gesloten"}}},{"type":"Feature","geometry":{"type":"Point","coordinates":[5.831055,53.0942287]},"properties":{"type":"pakketpunt","locatieNaam":"Drankenspeciaalzaak Breeuwsma","straatNaam":"STATIONSWEG","straatNr":"38 e","vervoerder":"DPD","puntType":"pickup_point","bezettingsgraad":50,"latitude":53.0942287,"longitude":5.831055,"canPickup":true,"canDropoff":true,"openingstijden":{"ma":"11:00 - 18:00","di":"09:00 - 18:00","wo":"09:00 - 18:00","do":"09:00 - 18:00","vr":"09:00 - 20:00","za":"09:00 - 18:00","zo":"gesloten"}}},{"type":"Feature","geometry":{"type":"Point","coordinates":[5.7648835,53.1954825]},"properties":{"type":"pakketpunt","locatieNaam":"Voordeelfiets Leeuwarden","straatNaam":"KELVINSTRAAT","straatNr":"9","vervoerder":"DPD","puntType":"pickup_point","bezettingsgraad":50,"latitude":53.1954825,"longitude":5.7648835,"canPickup":true,"canDropoff":true,"openingstijden":{"ma":"09:00 - 17:00","di":"09:00 - 18:00","wo":"09:00 - 18:00","do":"09:00 - 18:00","vr":"09:00 - 18:00","za":"09:00 - 17:00","zo":"gesloten"}}},{"type":"Feature","geometry":{"type":"Point","coordinates":[5.8454981,53.1521403]},"properties":{"type":"pakketpunt","locatieNaam":"Pakketautomaat Supermarkt Warga","straatNaam":"KERKBUURT","straatNr":"19","vervoerder":"DPD","puntType":"dpd_box","bezettingsgraad":50,"latitude":53.1521403,"longitude":5.8454981,"canPickup":true,"canDropoff":true,"openingstijden":{"ma":"08:00 - 19:00","di":"08:00 - 19:00","wo":"08:00 - 19:00","do":"08:00 - 19:00","vr":"08:00 - 19:00","za":"08:00 - 17:00","zo":"11:00 - 16:00"}}},{"type":"Feature","geometry":{"type":"Point","coordinates":[5.794584,53.075296]},"properties":{"type":"pakketpunt","locatieNaam":"Houten Klaas","straatNaam":"RIJKSWEG","straatNr":"180","vervoerder":"DPD","puntType":"pickup_point","bezettingsgraad":50,"latitude":53.075296,"longitude":5.794584,"canPickup":true,"canDropoff":true,"openingstijden":{"ma":"10:00 - 17:00","di":"10:00 - 17:00","wo":"10:00 - 17:00","do":"10:00 - 17:00","vr":"10:00 - 17:00","za":"gesloten","zo":"gesloten"}}},{"type":"Feature","geometry":{"type":"Point","coordinates":[5.75013,53.26587]},"properties":{"type":"pakketpunt","locatieNaam":"Pakketautomaat Praxis Stiens","straatNaam":"SEEROB","straatNr":"3","vervoerder":"DPD","puntType":"dpd_box","bezettingsgraad":50,"latitude":53.26587,"longitude":5.75013,"canPickup":true,"canDropoff":true,"openingstijden":{"ma":"00:01 - 23:59","di":"00:01 - 23:59","wo":"00:01 - 23:59","do":"00:01 - 23:59","vr":"00:01 - 23:59","za":"00:01 - 23:59","zo":"00:01 - 23:59"}}},{"type":"Feature","geometry":{"type":"Point","coordinates":[5.78931,53.18538]},"properties":{"type":"pakketpunt","locatieNaam":"Er was eens...","straatNaam":"WILLEM-ALEXANDERPLEIN","straatNr":"32","vervoerder":"DPD","puntType":"pickup_point","bezettingsgraad":50,"latitude":53.18538,"longitude":5.78931,"canPickup":true,"canDropoff":true,"openingstijden":{"ma":"gesloten","di":"11:00 - 16:30","wo":"11:00 - 16:30","do":"11:00 - 16:30","vr":"11:00 - 16:30","za":"11:00 - 16:30","zo":"gesloten"}}},{"type":"Feature","geometry":{"type":"Point","coordinates":[5.824431468,53.216528057]},"properties":{"type":"pakketpunt","locatieNaam":"Pakketautomaat Tango Groningerstraa","straatNaam":"GRONINGERSTRAATWEG","straatNr":"363A","vervoerder":"DPD","puntType":"dpd_box","bezettingsgraad":50,"latitude":53.216528057,"longitude":5.824431468,"canPickup":true,"canDropoff":true,"openingstijden":{"ma":"00:01 - 23:59","di":"00:01 - 23:59","wo":"00:01 - 23:59","do":"00:01 - 23:59","vr":"00:01 - 23:59","za":"00:01 - 23:59","zo":"00:01 - 23:59"}}},{"type":"Feature","geometry":{"type":"Point","coordinates":[5.79631058117043,53.1786466772707]},"properties":{"type":"pakketpunt","locatieNaam":"Pakketautomaat","straatNaam":"Bredyk","straatNr":"3PBA","vervoerder":"PostNL","puntType":"automaat","bezettingsgraad":50,"latitude":53.1786466772707,"longitude":5.79631058117043,"canPickup":true,"canDropoff":true,"openingstijden":"07:00 - 22:00"}},{"type":"Feature","geometry":{"type":"Point","coordinates":[5.796476038,53.17874496]},"properties":{"type":"pakketpunt","locatieNaam":"Bodyshape","straatNaam":"Bredyk","straatNr":"3","vervoerder":"PostNL","puntType":"servicepunt","bezettingsgraad":50,"latitude":53.17874496,"longitude":5.796476038,"canPickup":true,"canDropoff":true,"openingstijden":"08:00 - 21:00"}},{"type":"Feature","geometry":{"type":"Point","coordinates":[5.804681704,53.18745081]},"properties":{"type":"pakketpunt","locatieNaam":"Pakket- en briefautomaat","straatNaam":"Aldlansdyk","straatNr":"5PBA","vervoerder":"PostNL","puntType":"automaat","bezettingsgraad":50,"latitude":53.18745081,"longitude":5.804681704,"canPickup":true,"canDropoff":true,"openingstijden":"00:00 - 23:59"}},{"type":"Feature","geometry":{"type":"Point","coordinates":[5.8243461,53.17924862]},"properties":{"type":"pakketpunt","locatieNaam":"Jumbo Els Boek","straatNaam":"Kruisdobbe","straatNr":"4","vervoerder":"PostNL","puntType":"servicepunt","bezettingsgraad":50,"latitude":53.17924862,"longitude":5.8243461,"canPickup":true,"canDropoff":true,"openingstijden":"08:00 - 21:00"}},{"type":"Feature","geometry":{"type":"Point","coordinates":[5.803135372,53.14953615]},"properties":{"type":"pakketpunt","locatieNaam":"Centerrr Wirdum","straatNaam":"Greate Buorren","straatNr":"9","vervoerder":"PostNL","puntType":"servicepunt","bezettingsgraad":50,"latitude":53.14953615,"longitude":5.803135372,"canPickup":true,"canDropoff":true,"openingstijden":"08:30 - 18:00 (Na 18:00 open; Zaterdag open)"}},{"type":"Feature","geometry":{"type":"Point","coordinates":[5.824542807,53.17947255]},"properties":{"type":"pakketpunt","locatieNaam":"Pakket- en briefautomaat","straatNaam":"Kruisdobbe","straatNr":"2PBA","vervoerder":"PostNL","puntType":"automaat","bezettingsgraad":50,"latitude":53.17947255,"longitude":5.824542807,"canPickup":true,"canDropoff":true,"openingstijden":"00:00 - 23:59"}},{"type":"Feature","geometry":{"type":"Point","coordinates":[5.793540736,53.19268283]},"properties":{"type":"pakketpunt","locatieNaam":"Nulachtenvijftig in- en verkoop","straatNaam":"Ruysdaelstraat","straatNr":"21","vervoerder":"PostNL","puntType":"servicepunt","bezettingsgraad":50,"latitude":53.19268283,"longitude":5.793540736,"canPickup":true,"canDropoff":true,"openingstijden":null}},{"type":"Feature","geometry":{"type":"Point","coordinates":[5.783767854,53.19400949]},"properties":{"type":"pakketpunt","locatieNaam":"Pakket- en briefautomaat","straatNaam":"Van Loonstraat","straatNr":"112PBA","vervoerder":"PostNL","puntType":"automaat","bezettingsgraad":50,"latitude":53.19400949,"longitude":5.783767854,"canPickup":true,"canDropoff":true,"openingstijden":"00:00 - 23:59"}},{"type":"Feature","geometry":{"type":"Point","coordinates":[5.77032143412508,53.1911598045304]},"properties":{"type":"pakketpunt","locatieNaam":"Stichting Pottle","straatNaam":"Zwettestraat","straatNr":"296","vervoerder":"PostNL","puntType":"servicepunt","bezettingsgraad":50,"latitude":53.1911598045304,"longitude":5.77032143412508,"canPickup":true,"canDropoff":true,"openingstijden":"09:00 - 17:00"}},{"type":"Feature","geometry":{"type":"Point","coordinates":[5.798796709,53.19471365]},"properties":{"type":"pakketpunt","locatieNaam":"DA Drogisterij","straatNaam":"Schrans","straatNr":"101","vervoerder":"PostNL","puntType":"servicepunt","bezettingsgraad":50,"latitude":53.19471365,"longitude":5.798796709,"canPickup":true,"canDropoff":true,"openingstijden":"09:00 - 18:00"}},{"type":"Feature","geometry":{"type":"Point","coordinates":[5.813158422,53.19295621]},"properties":{"type":"pakketpunt","locatieNaam":"Intratuin","straatNaam":"Tijnjedijk","straatNr":"5","vervoerder":"PostNL","puntType":"servicepunt","bezettingsgraad":50,"latitude":53.19295621,"longitude":5.813158422,"canPickup":true,"canDropoff":true,"openingstijden":"10:00 - 18:00"}},{"type":"Feature","geometry":{"type":"Point","coordinates":[5.817560153,53.19174539]},"properties":{"type":"pakketpunt","locatieNaam":"Bruna","straatNaam":"Tijnjedijk","straatNr":"76B","vervoerder":"PostNL","puntType":"servicepunt","bezettingsgraad":50,"latitude":53.19174539,"longitude":5.817560153,"canPickup":true,"canDropoff":true,"openingstijden":"09:00 - 18:00 (Na 18:00 open; Zaterdag open; Zondag open)"}},{"type":"Feature","geometry":{"type":"Point","coordinates":[5.780354154,53.19704891]},"properties":{"type":"pakketpunt","locatieNaam":"Monkey Town Leeuwarden","straatNaam":"Snekertrekweg","straatNr":"39","vervoerder":"PostNL","puntType":"servicepunt","bezettingsgraad":50,"latitude":53.19704891,"longitude":5.780354154,"canPickup":true,"canDropoff":true,"openingstijden":"09:30 - 17:00 (Zaterdag open; Zondag open)"}},{"type":"Feature","geometry":{"type":"Point","coordinates":[5.76496047,53.19468506]},"properties":{"type":"pakketpunt","locatieNaam":"Pakketautomaat","straatNaam":"Slauerhoffweg","straatNr":"2PBA","vervoerder":"PostNL","puntType":"automaat","bezettingsgraad":50,"latitude":53.19468506,"longitude":5.76496047,"canPickup":true,"canDropoff":true,"openingstijden":"00:00 - 23:59"}},{"type":"Feature","geometry":{"type":"Point","coordinates":[5.828437938,53.18888434]},"properties":{"type":"pakketpunt","locatieNaam":"Poiesz Supermarkt (124)","straatNaam":"Zevenblad","straatNr":"12","vervoerder":"PostNL","puntType":"servicepunt","bezettingsgraad":50,"latitude":53.18888434,"longitude":5.828437938,"canPickup":true,"canDropoff":true,"openingstijden":"08:00 - 20:00"}},{"type":"Feature","geometry":{"type":"Point","coordinates":[5.828437938,53.18888434]},"properties":{"type":"pakketpunt","locatieNaam":"Pakket- en briefautomaat","straatNaam":"Zevenblad","straatNr":"12PBA","vervoerder":"PostNL","puntType":"automaat","bezettingsgraad":50,"latitude":53.18888434,"longitude":5.828437938,"canPickup":true,"canDropoff":true,"openingstijden":"00:00 - 23:59"}},{"type":"Feature","geometry":{"type":"Point","coordinates":[5.79567083015171,53.199603570391]},"properties":{"type":"pakketpunt","locatieNaam":"Lilla Ting","straatNaam":"Zaailand","straatNr":"101","vervoerder":"PostNL","puntType":"servicepunt","bezettingsgraad":50,"latitude":53.199603570391,"longitude":5.79567083015171,"canPickup":true,"canDropoff":true,"openingstijden":"12:00 - 18:00"}},{"type":"Feature","geometry":{"type":"Point","coordinates":[5.794341762,53.19989563]},"properties":{"type":"pakketpunt","locatieNaam":"Primera Ruiterskwartier","straatNaam":"Ruiterskwartier","straatNr":"20A","vervoerder":"PostNL","puntType":"servicepunt","bezettingsgraad":50,"latitude":53.19989563,"longitude":5.794341762,"canPickup":true,"canDropoff":true,"openingstijden":"12:00 - 18:00 (Na 18:00 open; Zaterdag open)"}},{"type":"Feature","geometry":{"type":"Point","coordinates":[5.765799,53.196316]},"properties":{"type":"pakketpunt","locatieNaam":"GAMMA Leeuwarden-West","straatNaam":"Slauerhoffweg","straatNr":"2","vervoerder":"PostNL","puntType":"servicepunt","bezettingsgraad":50,"latitude":53.196316,"longitude":5.765799,"canPickup":true,"canDropoff":true,"openingstijden":"09:00 - 21:00"}},{"type":"Feature","geometry":{"type":"Point","coordinates":[5.797087133,53.20062311]},"properties":{"type":"pakketpunt","locatieNaam":"Spar","straatNaam":"Wirdumerdijk","straatNr":"7","vervoerder":"PostNL","puntType":"servicepunt","bezettingsgraad":50,"latitude":53.20062311,"longitude":5.797087133,"canPickup":true,"canDropoff":true,"openingstijden":"07:30 - 22:00"}},{"type":"Feature","geometry":{"type":"Point","coordinates":[5.80048630375717,53.2008540559673]},"properties":{"type":"pakketpunt","locatieNaam":"Ultra Telecom","straatNaam":"Nieuwe Oosterstraat","straatNr":"11","vervoerder":"PostNL","puntType":"servicepunt","bezettingsgraad":50,"latitude":53.2008540559673,"longitude":5.80048630375717,"canPickup":true,"canDropoff":true,"openingstijden":"12:00 - 18:00"}},{"type":"Feature","geometry":{"type":"Point","coordinates":[5.801148431,53.20436518]},"properties":{"type":"pakketpunt","locatieNaam":"Foto Leeuwarden","straatNaam":"Voorstreek","straatNr":"74","vervoerder":"PostNL","puntType":"servicepunt","bezettingsgraad":50,"latitude":53.20436518,"longitude":5.801148431,"canPickup":true,"canDropoff":true,"openingstijden":"09:00 - 18:00 (Na 18:00 open; Zaterdag open)"}},{"type":"Feature","geometry":{"type":"Point","coordinates":[5.80486905,53.20530476]},"properties":{"type":"pakketpunt","locatieNaam":"Pakket- en briefautomaat","straatNaam":"Oostersingel","straatNr":"78PBA","vervoerder":"PostNL","puntType":"automaat","bezettingsgraad":50,"latitude":53.20530476,"longitude":5.80486905,"canPickup":true,"canDropoff":true,"openingstijden":"00:00 - 23:59"}},{"type":"Feature","geometry":{"type":"Point","coordinates":[5.80486905,53.20530476]},"properties":{"type":"pakketpunt","locatieNaam":"Poiesz Supermarkt (127)","straatNaam":"Oostersingel","straatNr":"78","vervoerder":"PostNL","puntType":"servicepunt","bezettingsgraad":50,"latitude":53.20530476,"longitude":5.80486905,"canPickup":true,"canDropoff":true,"openingstijden":"08:00 - 20:00"}},{"type":"Feature","geometry":{"type":"Point","coordinates":[5.801715503,53.205756]},"properties":{"type":"pakketpunt","locatieNaam":"Pakket- en briefautomaat","straatNaam":"Hoeksterpad","straatNr":"1PBA","vervoerder":"PostNL","puntType":"automaat","bezettingsgraad":50,"latitude":53.205756,"longitude":5.801715503,"canPickup":true,"canDropoff":true,"openingstijden":"08:00 - 21:00"}},{"type":"Feature","geometry":{"type":"Point","coordinates":[5.77390513015035,53.2054355448825]},"properties":{"type":"pakketpunt","locatieNaam":"Gym Iron Heart","straatNaam":"Harlingerstraatweg","straatNr":"80b","vervoerder":"PostNL","puntType":"servicepunt","bezettingsgraad":50,"latitude":53.2054355448825,"longitude":5.77390513015035,"canPickup":true,"canDropoff":true,"openingstijden":"07:00 - 22:00"}},{"type":"Feature","geometry":{"type":"Point","coordinates":[5.782132763,53.20665774]},"properties":{"type":"pakketpunt","locatieNaam":"Pakket- en briefautomaat","straatNaam":"Eksterstraat","straatNr":"32PBA","vervoerder":"PostNL","puntType":"automaat","bezettingsgraad":50,"latitude":53.20665774,"longitude":5.782132763,"canPickup":true,"canDropoff":true,"openingstijden":"00:00 - 23:59"}},{"type":"Feature","geometry":{"type":"Point","coordinates":[5.81341340627275,53.2051668752362]},"properties":{"type":"pakketpunt","locatieNaam":"Pakketautomaat","straatNaam":"Cambuurplein","straatNr":"66PBA","vervoerder":"PostNL","puntType":"automaat","bezettingsgraad":50,"latitude":53.2051668752362,"longitude":5.81341340627275,"canPickup":true,"canDropoff":true,"openingstijden":"08:00 - 21:00"}},{"type":"Feature","geometry":{"type":"Point","coordinates":[5.812562574,53.20539454]},"properties":{"type":"pakketpunt","locatieNaam":"Primera Post","straatNaam":"Cambuurplein","straatNr":"3A","vervoerder":"PostNL","puntType":"servicepunt","bezettingsgraad":50,"latitude":53.20539454,"longitude":5.812562574,"canPickup":true,"canDropoff":true,"openingstijden":"08:30 - 18:00 (Na 18:00 open; Zaterdag open)"}},{"type":"Feature","geometry":{"type":"Point","coordinates":[5.845383,53.152049]},"properties":{"type":"pakketpunt","locatieNaam":"Supermarkt Wergea","straatNaam":"Kerkbuurt","straatNr":"19","vervoerder":"PostNL","puntType":"servicepunt","bezettingsgraad":50,"latitude":53.152049,"longitude":5.845383,"canPickup":true,"canDropoff":true,"openingstijden":"08:30 - 18:00 (Na 18:00 open; Zaterdag open)"}},{"type":"Feature","geometry":{"type":"Point","coordinates":[5.84544724615982,53.1520775809035]},"properties":{"type":"pakketpunt","locatieNaam":"Pakketautomaat","straatNaam":"Kerkbuurt","straatNr":"19PBA","vervoerder":"PostNL","puntType":"automaat","bezettingsgraad":50,"latitude":53.1520775809035,"longitude":5.84544724615982,"canPickup":true,"canDropoff":true,"openingstijden":"08:30 - 18:00"}},{"type":"Feature","geometry":{"type":"Point","coordinates":[5.7683343,53.20789399743901]},"properties":{"type":"pakketpunt","locatieNaam":"DA-ReadShop Westeinde","straatNaam":"Pieter Sipmawei","straatNr":"3","vervoerder":"PostNL","puntType":"servicepunt","bezettingsgraad":50,"latitude":53.20789399743901,"longitude":5.7683343,"canPickup":true,"canDropoff":true,"openingstijden":"09:00 - 18:00"}},{"type":"Feature","geometry":{"type":"Point","coordinates":[5.841741116,53.19631078]},"properties":{"type":"pakketpunt","locatieNaam":"GAMMA Leeuwarden-De Hemrik","straatNaam":"Jupiterweg","straatNr":"17","vervoerder":"PostNL","puntType":"servicepunt","bezettingsgraad":50,"latitude":53.19631078,"longitude":5.841741116,"canPickup":true,"canDropoff":true,"openingstijden":"09:00 - 21:00"}},{"type":"Feature","geometry":{"type":"Point","coordinates":[5.76785187015263,53.2080517644739]},"properties":{"type":"pakketpunt","locatieNaam":"Pakketautomaat","straatNaam":"Pieter Sipmawei","straatNr":"9PBA","vervoerder":"PostNL","puntType":"automaat","bezettingsgraad":50,"latitude":53.2080517644739,"longitude":5.76785187015263,"canPickup":true,"canDropoff":true,"openingstijden":"00:00 - 23:59"}},{"type":"Feature","geometry":{"type":"Point","coordinates":[5.767552378,53.20803474]},"properties":{"type":"pakketpunt","locatieNaam":"Poiesz Supermarkt (149)","straatNaam":"Pieter Sipmawei","straatNr":"9","vervoerder":"PostNL","puntType":"servicepunt","bezettingsgraad":50,"latitude":53.20803474,"longitude":5.767552378,"canPickup":true,"canDropoff":true,"openingstijden":"08:00 - 20:00"}},{"type":"Feature","geometry":{"type":"Point","coordinates":[5.84201176493221,53.1964355578139]},"properties":{"type":"pakketpunt","locatieNaam":"Pakketautomaat","straatNaam":"Jupiterweg","straatNr":"17PBA","vervoerder":"PostNL","puntType":"automaat","bezettingsgraad":50,"latitude":53.1964355578139,"longitude":5.84201176493221,"canPickup":true,"canDropoff":true,"openingstijden":"09:00 - 21:00"}},{"type":"Feature","geometry":{"type":"Point","coordinates":[5.819789227,53.20818121]},"properties":{"type":"pakketpunt","locatieNaam":"Poiesz Supermarkt (135)","straatNaam":"Wilgenstraat","straatNr":"2","vervoerder":"PostNL","puntType":"servicepunt","bezettingsgraad":50,"latitude":53.20818121,"longitude":5.819789227,"canPickup":true,"canDropoff":true,"openingstijden":"08:00 - 20:00"}},{"type":"Feature","geometry":{"type":"Point","coordinates":[5.82035922192899,53.2083049544883]},"properties":{"type":"pakketpunt","locatieNaam":"Pakketautomaat","straatNaam":"Wilgenstraat","straatNr":"2PBA","vervoerder":"PostNL","puntType":"automaat","bezettingsgraad":50,"latitude":53.2083049544883,"longitude":5.82035922192899,"canPickup":true,"canDropoff":true,"openingstijden":"00:00 - 23:59"}},{"type":"Feature","geometry":{"type":"Point","coordinates":[5.79540096080184,53.2154012994466]},"properties":{"type":"pakketpunt","locatieNaam":"Pakketautomaat","straatNaam":"Bilgaardpassage","straatNr":"31PBA","vervoerder":"PostNL","puntType":"automaat","bezettingsgraad":50,"latitude":53.2154012994466,"longitude":5.79540096080184,"canPickup":true,"canDropoff":true,"openingstijden":"09:00 - 18:00"}},{"type":"Feature","geometry":{"type":"Point","coordinates":[5.795341084,53.2154015]},"properties":{"type":"pakketpunt","locatieNaam":"Primera Bilgaardpassage","straatNaam":"Bilgaardpassage","straatNr":"29","vervoerder":"PostNL","puntType":"servicepunt","bezettingsgraad":50,"latitude":53.2154015,"longitude":5.795341084,"canPickup":true,"canDropoff":true,"openingstijden":"10:00 - 18:00 (Na 18:00 open; Zaterdag open)"}},{"type":"Feature","geometry":{"type":"Point","coordinates":[5.7798605126351,53.2151925892925]},"properties":{"type":"pakketpunt","locatieNaam":"Pakketautomaat","straatNaam":"Mr. P.J. Troelstraweg","straatNr":"149PBA","vervoerder":"PostNL","puntType":"automaat","bezettingsgraad":50,"latitude":53.2151925892925,"longitude":5.7798605126351,"canPickup":true,"canDropoff":true,"openingstijden":"00:00 - 23:59"}},{"type":"Feature","geometry":{"type":"Point","coordinates":[5.77878436,53.21537582]},"properties":{"type":"pakketpunt","locatieNaam":"KARWEI Leeuwarden","straatNaam":"Mr. P.J. Troelstraweg","straatNr":"149A","vervoerder":"PostNL","puntType":"servicepunt","bezettingsgraad":50,"latitude":53.21537582,"longitude":5.77878436,"canPickup":true,"canDropoff":true,"openingstijden":"09:00 - 21:00"}},{"type":"Feature","geometry":{"type":"Point","coordinates":[5.81379545164705,53.2150677287823]},"properties":{"type":"pakketpunt","locatieNaam":"Pakket- en briefautomaat","straatNaam":"Johannes Kolfplein","straatNr":"1PBA","vervoerder":"PostNL","puntType":"automaat","bezettingsgraad":50,"latitude":53.2150677287823,"longitude":5.81379545164705,"canPickup":true,"canDropoff":true,"openingstijden":"00:00 - 23:59"}},{"type":"Feature","geometry":{"type":"Point","coordinates":[5.839353425,53.21123608]},"properties":{"type":"pakketpunt","locatieNaam":"Primera Camminghaburen","straatNaam":"Lieuwenburg","straatNr":"93","vervoerder":"PostNL","puntType":"servicepunt","bezettingsgraad":50,"latitude":53.21123608,"longitude":5.839353425,"canPickup":true,"canDropoff":true,"openingstijden":"09:00 - 18:00 (Na 18:00 open; Zaterdag open)"}},{"type":"Feature","geometry":{"type":"Point","coordinates":[5.84011574267983,53.2111343623517]},"properties":{"type":"pakketpunt","locatieNaam":"Poiesz Leeuwarden","straatNaam":"Lieuwenburg","straatNr":"165","vervoerder":"PostNL","puntType":"servicepunt","bezettingsgraad":50,"latitude":53.2111343623517,"longitude":5.84011574267983,"canPickup":true,"canDropoff":true,"openingstijden":"08:00 - 20:00"}},{"type":"Feature","geometry":{"type":"Point","coordinates":[5.718956152,53.13026358]},"properties":{"type":"pakketpunt","locatieNaam":"Poiesz","straatNaam":"De Dobbe","straatNr":"1","vervoerder":"PostNL","puntType":"servicepunt","bezettingsgraad":50,"latitude":53.13026358,"longitude":5.718956152,"canPickup":true,"canDropoff":true,"openingstijden":"08:00 - 20:00 (Na 18:00 open; Zaterdag open; Zondag open)"}},{"type":"Feature","geometry":{"type":"Point","coordinates":[5.71895580774542,53.1302186518577]},"properties":{"type":"pakketpunt","locatieNaam":"Pakket- en briefautomaat","straatNaam":"De Dobbe","straatNr":"1PBA","vervoerder":"PostNL","puntType":"automaat","bezettingsgraad":50,"latitude":53.1302186518577,"longitude":5.71895580774542,"canPickup":true,"canDropoff":true,"openingstijden":"00:00 - 23:59"}},{"type":"Feature","geometry":{"type":"Point","coordinates":[5.839642834,53.09582072]},"properties":{"type":"pakketpunt","locatieNaam":"Bruna","straatNaam":"Hoofdstraat","straatNr":"5","vervoerder":"PostNL","puntType":"servicepunt","bezettingsgraad":50,"latitude":53.09582072,"longitude":5.839642834,"canPickup":true,"canDropoff":true,"openingstijden":"10:00 - 17:30 (Zaterdag open)"}},{"type":"Feature","geometry":{"type":"Point","coordinates":[5.839993413,53.09508254]},"properties":{"type":"pakketpunt","locatieNaam":"Poiesz","straatNaam":"Parkstraat","straatNr":"3","vervoerder":"PostNL","puntType":"servicepunt","bezettingsgraad":50,"latitude":53.09508254,"longitude":5.839993413,"canPickup":true,"canDropoff":true,"openingstijden":"08:00 - 20:00"}},{"type":"Feature","geometry":{"type":"Point","coordinates":[5.840008247,53.0950735]},"properties":{"type":"pakketpunt","locatieNaam":"Pakket- en briefautomaat","straatNaam":"Parkstraat","straatNr":"3PBA","vervoerder":"PostNL","puntType":"automaat","bezettingsgraad":50,"latitude":53.0950735,"longitude":5.840008247,"canPickup":true,"canDropoff":true,"openingstijden":"00:00 - 23:59"}},{"type":"Feature","geometry":{"type":"Point","coordinates":[5.82783130857455,53.0925758877319]},"properties":{"type":"pakketpunt","locatieNaam":"Pakketautomaat","straatNaam":"Stationsweg","straatNr":"86PBA","vervoerder":"PostNL","puntType":"automaat","bezettingsgraad":50,"latitude":53.0925758877319,"longitude":5.82783130857455,"canPickup":true,"canDropoff":true,"openingstijden":"00:00 - 23:59"}},{"type":"Feature","geometry":{"type":"Point","coordinates":[5.759830379,53.25850401]},"properties":{"type":"pakketpunt","locatieNaam":"Poiesz","straatNaam":"Uniawei","straatNr":"4","vervoerder":"PostNL","puntType":"servicepunt","bezettingsgraad":50,"latitude":53.25850401,"longitude":5.759830379,"canPickup":true,"canDropoff":true,"openingstijden":"08:00 - 20:00 (Na 18:00 open; Zaterdag open; Zondag open)"}},{"type":"Feature","geometry":{"type":"Point","coordinates":[5.759366023,53.25852343]},"properties":{"type":"pakketpunt","locatieNaam":"Pakket- en briefautomaat","straatNaam":"Uniawei","straatNr":"4PBA","vervoerder":"PostNL","puntType":"automaat","bezettingsgraad":50,"latitude":53.25852343,"longitude":5.759366023,"canPickup":true,"canDropoff":true,"openingstijden":"08:00 - 21:00"}},{"type":"Feature","geometry":{"type":"Point","coordinates":[5.8021477,53.2029817]},"properties":{"type":"pakketpunt","locatieNaam":"Callinternet City","straatNaam":"Tuinen 28","straatNr":"","vervoerder":"VintedGo","puntType":"parcel_shop","bezettingsgraad":50,"latitude":53.2029817,"longitude":5.8021477,"canPickup":true,"canDropoff":true,"openingstijden":null}},{"type":"Feature","geometry":{"type":"Point","coordinates":[5.7894492,53.2018656]},"properties":{"type":"pakketpunt","locatieNaam":"Smart Meal","straatNaam":"Nieuwestad 3b ","straatNr":"","vervoerder":"VintedGo","puntType":"parcel_shop","bezettingsgraad":50,"latitude":53.2018656,"longitude":5.7894492,"canPickup":true,"canDropoff":true,"openingstijden":null}},{"type":"Feature","geometry":{"type":"Point","coordinates":[5.7613998,53.259173]},"properties":{"type":"pakketpunt","locatieNaam":"Nieuwsgierige Aapjes B.V.","straatNaam":"It Achterbosk 19","straatNr":"","vervoerder":"VintedGo","puntType":"parcel_shop","bezettingsgraad":50,"latitude":53.259173,"longitude":5.7613998,"canPickup":true,"canDropoff":true,"openingstijden":null}},{"type":"Feature","geometry":{"type":"Point","coordinates":[5.795292,53.2154034]},"properties":{"type":"pakketpunt","locatieNaam":"Pets &Co De Leeuwerik","straatNaam":"Bilgaardpassage 27","straatNr":"","vervoerder":"VintedGo","puntType":"parcel_shop","bezettingsgraad":50,"latitude":53.2154034,"longitude":5.795292,"canPickup":true,"canDropoff":true,"openingstijden":null}},{"type":"Feature","geometry":{"type":"Point","coordinates":[5.7984348,53.1952501]},"properties":{"type":"pakketpunt","locatieNaam":"Friese Schrijfkamer ","straatNaam":"Schrans 54","straatNr":"","vervoerder":"VintedGo","puntType":"parcel_shop","bezettingsgraad":50,"latitude":53.1952501,"longitude":5.7984348,"canPickup":true,"canDropoff":true,"openingstijden":null}},{"type":"Feature","geometry":{"type":"Point","coordinates":[5.80499,53.21036]},"properties":{"type":"pakketpunt","locatieNaam":"Cafetaria De Goudenregen","straatNaam":"Goudenregenstraat 42","straatNr":"","vervoerder":"VintedGo","puntType":"parcel_shop","bezettingsgraad":50,"latitude":53.21036,"longitude":5.80499,"canPickup":true,"canDropoff":true,"openingstijden":null}},{"type":"Feature","geometry":{"type":"Point","coordinates":[5.79292,53.19253]},"properties":{"type":"pakketpunt","locatieNaam":"Woudstra doe-het-zelf","straatNaam":"Hobbemastraat 5","straatNr":"","vervoerder":"VintedGo","puntType":"parcel_shop","bezettingsgraad":50,"latitude":53.19253,"longitude":5.79292,"canPickup":true,"canDropoff":true,"openingstijden":null}},{"type":"Feature","geometry":{"type":"Point","coordinates":[5.84191,53.19949]},"properties":{"type":"pakketpunt","locatieNaam":"Caparis Leeuwarden","straatNaam":"Orionweg 2","straatNr":"","vervoerder":"VintedGo","puntType":"parcel_shop","bezettingsgraad":50,"latitude":53.19949,"longitude":5.84191,"canPickup":true,"canDropoff":true,"openingstijden":null}},{"type":"Feature","geometry":{"type":"Point","coordinates":[5.79871,53.19402]},"properties":{"type":"pakketpunt","locatieNaam":"Top 1 Toys Leeuwarden","straatNaam":"Schrans 127","straatNr":"","vervoerder":"VintedGo","puntType":"parcel_shop","bezettingsgraad":50,"latitude":53.19402,"longitude":5.79871,"canPickup":true,"canDropoff":true,"openingstijden":null}},{"type":"Feature","geometry":{"type":"Point","coordinates":[5.79823,53.19377]},"properties":{"type":"pakketpunt","locatieNaam":"Warenhuis De Boer 1888","straatNaam":"Schrans 94","straatNr":"","vervoerder":"VintedGo","puntType":"parcel_shop","bezettingsgraad":50,"latitude":53.19377,"longitude":5.79823,"canPickup":true,"canDropoff":true,"openingstijden":null}},{"type":"Feature","geometry":{"type":"Point","coordinates":[5.7950244,53.2154794]},"properties":{"type":"pakketpunt","locatieNaam":"Budget Food - Leeuwarden","straatNaam":"Bilgaardpassage 31","straatNr":"","vervoerder":"VintedGo","puntType":"locker","bezettingsgraad":50,"latitude":53.2154794,"longitude":5.7950244,"canPickup":true,"canDropoff":true,"openingstijden":null}},{"type":"Feature","geometry":{"type":"Point","coordinates":[5.8454901,53.1521246]},"properties":{"type":"pakketpunt","locatieNaam":"Supermarkt Wergea","straatNaam":"Kerkbuurt 19","straatNr":"","vervoerder":"VintedGo","puntType":"locker","bezettingsgraad":50,"latitude":53.1521246,"longitude":5.8454901,"canPickup":true,"canDropoff":true,"openingstijden":null}},{"type":"Feature","geometry":{"type":"Point","coordinates":[5.7989156,53.2017608]},"properties":{"type":"pakketpunt","locatieNaam":"Milano Menswear Leeuwarden","straatNaam":"Over De Kelders 20","straatNr":"","vervoerder":"VintedGo","puntType":"parcel_shop","bezettingsgraad":50,"latitude":53.2017608,"longitude":5.7989156,"canPickup":true,"canDropoff":true,"openingstijden":null}},{"type":"Feature","geometry":{"type":"Point","coordinates":[5.8037452,53.2069822]},"properties":{"type":"pakketpunt","locatieNaam":"Autobanden Xl, Bleeklaan, Leeuwarden, Nederland","straatNaam":"Bleeklaan 7","straatNr":"","vervoerder":"VintedGo","puntType":"locker","bezettingsgraad":50,"latitude":53.2069822,"longitude":5.8037452,"canPickup":true,"canDropoff":true,"openingstijden":null}},{"type":"Feature","geometry":{"type":"Point","coordinates":[5.7637622,53.1945698]},"properties":{"type":"pakketpunt","locatieNaam":"Goederenland Kringloopwinkel","straatNaam":"Celsiusweg 6 C","straatNr":"","vervoerder":"VintedGo","puntType":"locker","bezettingsgraad":50,"latitude":53.1945698,"longitude":5.7637622,"canPickup":true,"canDropoff":true,"openingstijden":null}},{"type":"Feature","geometry":{"type":"Point","coordinates":[5.7644957,53.194787]},"properties":{"type":"pakketpunt","locatieNaam":"Home Friesland, Kelvinstraat, Leeuwarden, Nederland","straatNaam":"Kelvinstraat 6","straatNr":"","vervoerder":"VintedGo","puntType":"locker","bezettingsgraad":50,"latitude":53.194787,"longitude":5.7644957,"canPickup":true,"canDropoff":true,"openingstijden":null}},{"type":"Feature","geometry":{"type":"Point","coordinates":[5.78939871,53.18539861]},"properties":{"type":"pakketpunt","locatieNaam":"Crealokaal","straatNaam":"Willem Alexanderplein 32A","straatNr":"","vervoerder":"VintedGo","puntType":"parcel_shop","bezettingsgraad":50,"latitude":53.18539861,"longitude":5.78939871,"canPickup":true,"canDropoff":true,"openingstijden":null}},{"type":"Feature","geometry":{"type":"Point","coordinates":[5.7802856,53.1966453]},"properties":{"type":"pakketpunt","locatieNaam":"Monkey Town Leeuwarden","straatNaam":"Snekertrekweg 39","straatNr":"","vervoerder":"VintedGo","puntType":"locker","bezettingsgraad":50,"latitude":53.1966453,"longitude":5.7802856,"canPickup":true,"canDropoff":true,"openingstijden":null}},{"type":"Feature","geometry":{"type":"Point","coordinates":[5.7971203,53.2004379]},"properties":{"type":"pakketpunt","locatieNaam":"Cezz","straatNaam":"Wirdumerdijk 13","straatNr":"","vervoerder":"VintedGo","puntType":"parcel_shop","bezettingsgraad":50,"latitude":53.2004379,"longitude":5.7971203,"canPickup":true,"canDropoff":true,"openingstijden":null}},{"type":"Feature","geometry":{"type":"Point","coordinates":[5.7973892,53.2007898]},"properties":{"type":"pakketpunt","locatieNaam":"Van Der Kolk Vloeren Shop","straatNaam":"Peperstraat 6","straatNr":"","vervoerder":"VintedGo","puntType":"parcel_shop","bezettingsgraad":50,"latitude":53.2007898,"longitude":5.7973892,"canPickup":true,"canDropoff":true,"openingstijden":null}},{"type":"Feature","geometry":{"type":"Point","coordinates":[5.8388882,53.0951216]},"properties":{"type":"pakketpunt","locatieNaam":"Shansale","straatNaam":"Parkstraat 10","straatNr":"","vervoerder":"VintedGo","puntType":"parcel_shop","bezettingsgraad":50,"latitude":53.0951216,"longitude":5.8388882,"canPickup":true,"canDropoff":true,"openingstijden":null}},{"type":"Feature","geometry":{"type":"Point","coordinates":[5.839879,53.09646]},"properties":{"type":"pakketpunt","locatieNaam":"Smuk By Sandra","straatNaam":"Hoofdstraat 21","straatNr":"","vervoerder":"VintedGo","puntType":"parcel_shop","bezettingsgraad":50,"latitude":53.09646,"longitude":5.839879,"canPickup":true,"canDropoff":true,"openingstijden":null}},{"type":"Feature","geometry":{"type":"Point","coordinates":[5.8021502,53.2029712]},"properties":{"type":"pakketpunt","locatieNaam":"Call Internet City","straatNaam":"Tuinen","straatNr":"28","vervoerder":"GLS","puntType":"parcel_shop","bezettingsgraad":50,"latitude":53.2029712,"longitude":5.8021502,"canPickup":true,"canDropoff":true,"openingstijden":{"ma":"10:00 - 21:00","di":"10:00 - 21:00","wo":"10:00 - 21:00","do":"10:00 - 21:00","vr":"10:00 - 21:00","za":"13:00 - 19:00","zo":"00:00 - 00:00"}}},{"type":"Feature","geometry":{"type":"Point","coordinates":[5.8017155,53.205756]},"properties":{"type":"pakketpunt","locatieNaam":"Pakketautomaat","straatNaam":"Hoeksterpad","straatNr":"1","vervoerder":"GLS","puntType":"locker","bezettingsgraad":50,"latitude":53.205756,"longitude":5.8017155,"canPickup":true,"canDropoff":true,"openingstijden":{"ma":"08:00 - 21:00","di":"08:00 - 21:00","wo":"08:00 - 21:00","do":"08:00 - 21:00","vr":"08:00 - 21:00","za":"08:00 - 21:00","zo":"10:00 - 19:00"}}},{"type":"Feature","geometry":{"type":"Point","coordinates":[5.80486905,53.2053047]},"properties":{"type":"pakketpunt","locatieNaam":"Pakketautomaat","straatNaam":"Oostersingel","straatNr":"78","vervoerder":"GLS","puntType":"locker","bezettingsgraad":50,"latitude":53.2053047,"longitude":5.80486905,"canPickup":true,"canDropoff":true,"openingstijden":{"ma":"00:00 - 23:59","di":"00:00 - 23:59","wo":"00:00 - 23:59","do":"00:00 - 23:59","vr":"00:00 - 23:59","za":"00:00 - 23:59","zo":"00:00 - 23:59"}}},{"type":"Feature","geometry":{"type":"Point","coordinates":[5.798202,53.1937851]},"properties":{"type":"pakketpunt","locatieNaam":"Warenhuis De Boer","straatNaam":"Schrans","straatNr":"94","vervoerder":"GLS","puntType":"parcel_shop","bezettingsgraad":50,"latitude":53.1937851,"longitude":5.798202,"canPickup":true,"canDropoff":true,"openingstijden":{"ma":"13:00 - 18:00","di":"11:00 - 18:00","wo":"11:00 - 18:00","do":"11:00 - 18:00","vr":"11:00 - 18:00","za":"11:00 - 17:00","zo":"00:00 - 00:00"}}},{"type":"Feature","geometry":{"type":"Point","coordinates":[5.78213276,53.2066577]},"properties":{"type":"pakketpunt","locatieNaam":"Pakketautomaat","straatNaam":"Eksterstraat","straatNr":"32","vervoerder":"GLS","puntType":"locker","bezettingsgraad":50,"latitude":53.2066577,"longitude":5.78213276,"canPickup":true,"canDropoff":true,"openingstijden":{"ma":"00:00 - 23:59","di":"00:00 - 23:59","wo":"00:00 - 23:59","do":"00:00 - 23:59","vr":"00:00 - 23:59","za":"00:00 - 23:59","zo":"00:00 - 23:59"}}},{"type":"Feature","geometry":{"type":"Point","coordinates":[5.78376785,53.1940094]},"properties":{"type":"pakketpunt","locatieNaam":"Pakketautomaat","straatNaam":"Van Loonstraat","straatNr":"112","vervoerder":"GLS","puntType":"locker","bezettingsgraad":50,"latitude":53.1940094,"longitude":5.78376785,"canPickup":true,"canDropoff":true,"openingstijden":{"ma":"00:00 - 23:59","di":"00:00 - 23:59","wo":"00:00 - 23:59","do":"00:00 - 23:59","vr":"00:00 - 23:59","za":"00:00 - 23:59","zo":"00:00 - 23:59"}}},{"type":"Feature","geometry":{"type":"Point","coordinates":[5.8134134,53.2051668]},"properties":{"type":"pakketpunt","locatieNaam":"Pakketautomaat","straatNaam":"Cambuurplein","straatNr":"66","vervoerder":"GLS","puntType":"locker","bezettingsgraad":50,"latitude":53.2051668,"longitude":5.8134134,"canPickup":true,"canDropoff":true,"openingstijden":{"ma":"08:00 - 21:00","di":"08:00 - 21:00","wo":"08:00 - 21:00","do":"08:00 - 21:00","vr":"08:00 - 21:00","za":"08:00 - 21:00","zo":"10:00 - 18:00"}}},{"type":"Feature","geometry":{"type":"Point","coordinates":[5.79540096,53.2154012]},"properties":{"type":"pakketpunt","locatieNaam":"Pakketautomaat","straatNaam":"Bilgaardpassage","straatNr":"31","vervoerder":"GLS","puntType":"locker","bezettingsgraad":50,"latitude":53.2154012,"longitude":5.79540096,"canPickup":true,"canDropoff":true,"openingstijden":{"ma":"09:00 - 18:00","di":"09:00 - 18:00","wo":"09:00 - 18:00","do":"09:00 - 20:00","vr":"09:00 - 18:00","za":"09:00 - 18:00","zo":"12:00 - 17:00"}}},{"type":"Feature","geometry":{"type":"Point","coordinates":[5.8046817,53.1874508]},"properties":{"type":"pakketpunt","locatieNaam":"Pakketautomaat","straatNaam":"Aldlansdyk","straatNr":"5","vervoerder":"GLS","puntType":"locker","bezettingsgraad":50,"latitude":53.1874508,"longitude":5.8046817,"canPickup":true,"canDropoff":true,"openingstijden":{"ma":"00:00 - 23:59","di":"00:00 - 23:59","wo":"00:00 - 23:59","do":"00:00 - 23:59","vr":"00:00 - 23:59","za":"00:00 - 23:59","zo":"00:00 - 23:59"}}},{"type":"Feature","geometry":{"type":"Point","coordinates":[5.82035922,53.2083049]},"properties":{"type":"pakketpunt","locatieNaam":"Pakketautomaat","straatNaam":"Wilgenstraat","straatNr":"2","vervoerder":"GLS","puntType":"locker","bezettingsgraad":50,"latitude":53.2083049,"longitude":5.82035922,"canPickup":true,"canDropoff":true,"openingstijden":{"ma":"00:00 - 23:59","di":"00:00 - 23:59","wo":"00:00 - 23:59","do":"00:00 - 23:59","vr":"00:00 - 23:59","za":"00:00 - 23:59","zo":"00:00 - 23:59"}}},{"type":"Feature","geometry":{"type":"Point","coordinates":[5.77986051,53.2151925]},"properties":{"type":"pakketpunt","locatieNaam":"Pakketautomaat","straatNaam":"Mr. P.J. Troelstraweg","straatNr":"149","vervoerder":"GLS","puntType":"locker","bezettingsgraad":50,"latitude":53.2151925,"longitude":5.77986051,"canPickup":true,"canDropoff":true,"openingstijden":{"ma":"00:00 - 23:59","di":"00:00 - 23:59","wo":"00:00 - 23:59","do":"00:00 - 23:59","vr":"00:00 - 23:59","za":"00:00 - 23:59","zo":"00:00 - 23:59"}}},{"type":"Feature","geometry":{"type":"Point","coordinates":[5.81379545,53.2150677]},"properties":{"type":"pakketpunt","locatieNaam":"Pakketautomaat","straatNaam":"Johannes Kolfplein","straatNr":"1","vervoerder":"GLS","puntType":"locker","bezettingsgraad":50,"latitude":53.2150677,"longitude":5.81379545,"canPickup":true,"canDropoff":true,"openingstijden":{"ma":"00:00 - 23:59","di":"00:00 - 23:59","wo":"00:00 - 23:59","do":"00:00 - 23:59","vr":"00:00 - 23:59","za":"00:00 - 23:59","zo":"00:00 - 23:59"}}},{"type":"Feature","geometry":{"type":"Point","coordinates":[5.76785187,53.2080517]},"properties":{"type":"pakketpunt","locatieNaam":"Pakketautomaat","straatNaam":"Pieter Sipmawei","straatNr":"9","vervoerder":"GLS","puntType":"locker","bezettingsgraad":50,"latitude":53.2080517,"longitude":5.76785187,"canPickup":true,"canDropoff":true,"openingstijden":{"ma":"00:00 - 23:59","di":"00:00 - 23:59","wo":"00:00 - 23:59","do":"00:00 - 23:59","vr":"00:00 - 23:59","za":"00:00 - 23:59","zo":"00:00 - 23:59"}}},{"type":"Feature","geometry":{"type":"Point","coordinates":[5.7648945,53.1957307]},"properties":{"type":"pakketpunt","locatieNaam":"Voordeelfiets B.V.","straatNaam":"Kelvinstraat","straatNr":"9","vervoerder":"GLS","puntType":"parcel_shop","bezettingsgraad":50,"latitude":53.1957307,"longitude":5.7648945,"canPickup":true,"canDropoff":true,"openingstijden":{"ma":"09:00 - 17:00","di":"09:00 - 18:00","wo":"09:00 - 18:00","do":"09:00 - 18:00","vr":"09:00 - 18:00","za":"09:00 - 17:00","zo":"00:00 - 00:00"}}},{"type":"Feature","geometry":{"type":"Point","coordinates":[5.79631058,53.1786466]},"properties":{"type":"pakketpunt","locatieNaam":"Pakketautomaat","straatNaam":"Bredyk","straatNr":"3","vervoerder":"GLS","puntType":"locker","bezettingsgraad":50,"latitude":53.1786466,"longitude":5.79631058,"canPickup":true,"canDropoff":true,"openingstijden":{"ma":"07:00 - 22:00","di":"07:00 - 22:00","wo":"07:00 - 22:00","do":"07:00 - 22:00","vr":"07:00 - 22:00","za":"07:00 - 22:00","zo":"07:00 - 22:00"}}},{"type":"Feature","geometry":{"type":"Point","coordinates":[5.82843793,53.1888843]},"properties":{"type":"pakketpunt","locatieNaam":"Pakketautomaat","straatNaam":"Zevenblad","straatNr":"12","vervoerder":"GLS","puntType":"locker","bezettingsgraad":50,"latitude":53.1888843,"longitude":5.82843793,"canPickup":true,"canDropoff":true,"openingstijden":{"ma":"00:00 - 23:59","di":"00:00 - 23:59","wo":"00:00 - 23:59","do":"00:00 - 23:59","vr":"00:00 - 23:59","za":"00:00 - 23:59","zo":"00:00 - 23:59"}}},{"type":"Feature","geometry":{"type":"Point","coordinates":[5.8419603,53.1994161]},"properties":{"type":"pakketpunt","locatieNaam":"Caparis - Leeuwarden","straatNaam":"Orionweg","straatNr":"2","vervoerder":"GLS","puntType":"parcel_shop","bezettingsgraad":50,"latitude":53.1994161,"longitude":5.8419603,"canPickup":true,"canDropoff":true,"openingstijden":{"ma":"07:30 - 17:30","di":"07:30 - 17:30","wo":"07:30 - 17:30","do":"07:30 - 17:30","vr":"08:00 - 17:30","za":"00:00 - 00:00","zo":"00:00 - 00:00"}}},{"type":"Feature","geometry":{"type":"Point","coordinates":[5.8245428,53.1794725]},"properties":{"type":"pakketpunt","locatieNaam":"Pakketautomaat","straatNaam":"Kruisdobbe","straatNr":"2","vervoerder":"GLS","puntType":"locker","bezettingsgraad":50,"latitude":53.1794725,"longitude":5.8245428,"canPickup":true,"canDropoff":true,"openingstijden":{"ma":"00:00 - 23:59","di":"00:00 - 23:59","wo":"00:00 - 23:59","do":"00:00 - 23:59","vr":"00:00 - 23:59","za":"00:00 - 23:59","zo":"00:00 - 23:59"}}},{"type":"Feature","geometry":{"type":"Point","coordinates":[5.84201176,53.1964355]},"properties":{"type":"pakketpunt","locatieNaam":"Pakketautomaat","straatNaam":"Jupiterweg","straatNr":"17","vervoerder":"GLS","puntType":"locker","bezettingsgraad":50,"latitude":53.1964355,"longitude":5.84201176,"canPickup":true,"canDropoff":true,"openingstijden":{"ma":"09:00 - 21:00","di":"09:00 - 21:00","wo":"09:00 - 21:00","do":"09:00 - 21:00","vr":"09:00 - 21:00","za":"09:00 - 18:00","zo":"10:00 - 17:00"}}},{"type":"Feature","geometry":{"type":"Point","coordinates":[5.84544724,53.1520775]},"properties":{"type":"pakketpunt","locatieNaam":"Pakketautomaat","straatNaam":"Kerkbuurt","straatNr":"19","vervoerder":"GLS","puntType":"locker","bezettingsgraad":50,"latitude":53.1520775,"longitude":5.84544724,"canPickup":true,"canDropoff":true,"openingstijden":{"ma":"08:30 - 18:00","di":"08:30 - 18:00","wo":"08:30 - 18:00","do":"08:30 - 18:00","vr":"08:30 - 18:00","za":"08:30 - 17:00","zo":"00:00 - 00:00"}}},{"type":"Feature","geometry":{"type":"Point","coordinates":[5.75936602,53.2585234]},"properties":{"type":"pakketpunt","locatieNaam":"Pakketautomaat","straatNaam":"Uniawei","straatNr":"4","vervoerder":"GLS","puntType":"locker","bezettingsgraad":50,"latitude":53.2585234,"longitude":5.75936602,"canPickup":true,"canDropoff":true,"openingstijden":{"ma":"08:00 - 21:00","di":"08:00 - 21:00","wo":"08:00 - 21:00","do":"08:00 - 21:00","vr":"08:00 - 21:00","za":"08:00 - 21:00","zo":"10:00 - 18:00"}}},{"type":"Feature","geometry":{"type":"Point","coordinates":[5.7464622,53.2671536]},"properties":{"type":"pakketpunt","locatieNaam":"Rauwerda Stiens B.V.","straatNaam":"Seestjer","straatNr":"9","vervoerder":"GLS","puntType":"parcel_shop","bezettingsgraad":50,"latitude":53.2671536,"longitude":5.7464622,"canPickup":true,"canDropoff":true,"openingstijden":{"ma":"07:00 - 18:00","di":"07:00 - 18:00","wo":"07:00 - 18:00","do":"07:00 - 18:00","vr":"07:00 - 18:00","za":"07:00 - 17:00","zo":"00:00 - 00:00"}}},{"type":"Feature","geometry":{"type":"Point","coordinates":[5.7835979,53.1183324]},"properties":{"type":"pakketpunt","locatieNaam":"ViaTim en Bijker","straatNaam":"Master Gorterstrjitte","straatNr":"9C","vervoerder":"GLS","puntType":"parcel_shop","bezettingsgraad":50,"latitude":53.1183324,"longitude":5.7835979,"canPickup":true,"canDropoff":true,"openingstijden":{"ma":"15:00 - 21:00","di":"15:00 - 21:00","wo":"15:00 - 21:00","do":"15:00 - 21:00","vr":"15:00 - 21:00","za":"00:00 - 00:00","zo":"00:00 - 00:00"}}},{"type":"Feature","geometry":{"type":"Point","coordinates":[5.7189558,53.1302186]},"properties":{"type":"pakketpunt","locatieNaam":"Pakketautomaat","straatNaam":"De Dobbe","straatNr":"1","vervoerder":"GLS","puntType":"locker","bezettingsgraad":50,"latitude":53.1302186,"longitude":5.7189558,"canPickup":true,"canDropoff":true,"openingstijden":{"ma":"00:00 - 23:59","di":"00:00 - 23:59","wo":"00:00 - 23:59","do":"00:00 - 23:59","vr":"00:00 - 23:59","za":"00:00 - 23:59","zo":"00:00 - 23:59"}}},{"type":"Feature","geometry":{"type":"Point","coordinates":[5.8400172,53.0968413]},"properties":{"type":"pakketpunt","locatieNaam":"Smûk by Sandra","straatNaam":"Hoofdstraat","straatNr":"21","vervoerder":"GLS","puntType":"parcel_shop","bezettingsgraad":50,"latitude":53.0968413,"longitude":5.8400172,"canPickup":true,"canDropoff":true,"openingstijden":{"ma":"12:00 - 17:00","di":"11:00 - 17:30","wo":"11:00 - 17:30","do":"11:00 - 17:30","vr":"11:00 - 17:30","za":"11:00 - 17:30","zo":"12:00 - 17:00"}}},{"type":"Feature","geometry":{"type":"Point","coordinates":[5.8388882,53.0951216]},"properties":{"type":"pakketpunt","locatieNaam":"ViaTim en Shansale","straatNaam":"Parkstraat","straatNr":"10","vervoerder":"GLS","puntType":"parcel_shop","bezettingsgraad":50,"latitude":53.0951216,"longitude":5.8388882,"canPickup":true,"canDropoff":true,"openingstijden":{"ma":"09:30 - 18:00","di":"09:30 - 18:00","wo":"09:30 - 18:00","do":"09:30 - 18:00","vr":"09:30 - 18:00","za":"09:30 - 17:00","zo":"00:00 - 00:00"}}},{"type":"Feature","geometry":{"type":"Point","coordinates":[5.6505753,53.1355932]},"properties":{"type":"pakketpunt","locatieNaam":"ViaTim en Miedema Tools","straatNaam":"Baerderdyk","straatNr":"2","vervoerder":"GLS","puntType":"parcel_shop","bezettingsgraad":50,"latitude":53.1355932,"longitude":5.6505753,"canPickup":true,"canDropoff":true,"openingstijden":{"ma":"00:00 - 00:00","di":"17:00 - 20:00","wo":"17:00 - 20:00","do":"17:00 - 20:00","vr":"00:00 - 00:00","za":"09:00 - 16:00","zo":"00:00 - 00:00"}}},{"type":"Feature","geometry":{"type":"Point","coordinates":[5.84000824,53.0950735]},"properties":{"type":"pakketpunt","locatieNaam":"Pakketautomaat","straatNaam":"Parkstraat","straatNr":"3","vervoerder":"GLS","puntType":"locker","bezettingsgraad":50,"latitude":53.0950735,"longitude":5.84000824,"canPickup":true,"canDropoff":true,"openingstijden":{"ma":"00:00 - 23:59","di":"00:00 - 23:59","wo":"00:00 - 23:59","do":"00:00 - 23:59","vr":"00:00 - 23:59","za":"00:00 - 23:59","zo":"00:00 - 23:59"}}},{"type":"Feature","geometry":{"type":"Point","coordinates":[5.8278313,53.0925758]},"properties":{"type":"pakketpunt","locatieNaam":"Pakketautomaat","straatNaam":"Stationsweg","straatNr":"86","vervoerder":"GLS","puntType":"locker","bezettingsgraad":50,"latitude":53.0925758,"longitude":5.8278313,"canPickup":true,"canDropoff":true,"openingstijden":{"ma":"00:00 - 23:59","di":"00:00 - 23:59","wo":"00:00 - 23:59","do":"00:00 - 23:59","vr":"00:00 - 23:59","za":"00:00 - 23:59","zo":"00:00 - 23:59"}}},{"type":"Feature","geometry":{"type":"Point","coordinates":[5.7926856,53.0758884]},"properties":{"type":"pakketpunt","locatieNaam":"Houten Klaas","straatNaam":"Rijksweg","straatNr":"180","vervoerder":"GLS","puntType":"parcel_shop","bezettingsgraad":50,"latitude":53.0758884,"longitude":5.7926856,"canPickup":true,"canDropoff":true,"openingstijden":{"ma":"10:00 - 17:00","di":"10:00 - 17:00","wo":"10:00 - 17:00","do":"10:00 - 17:00","vr":"10:00 - 17:00","za":"00:00 - 00:00","zo":"00:00 - 00:00"}}},{"type":"Feature","geometry":{"type":"Point","coordinates":[5.82396819,53.20775714]},"properties":{"type":"pakketpunt","locatieNaam":"ViaTim en Nicolai","straatNaam":"Dennenstraat","straatNr":"70","vervoerder":"ViaTim","puntType":"servicepunt","bezettingsgraad":50,"latitude":53.20775714,"longitude":5.82396819,"canPickup":true,"canDropoff":true,"openingstijden":{"ma":"gesloten","di":"gesloten","wo":"gesloten","do":"09:00 - 13:00","vr":"09:00 - 13:00","za":"gesloten","zo":"gesloten"}}},{"type":"Feature","geometry":{"type":"Point","coordinates":[5.8491206,53.17813243]},"properties":{"type":"pakketpunt","locatieNaam":"ViaTim en juliana","straatNaam":"Ytsjesân","straatNr":"16","vervoerder":"ViaTim","puntType":"servicepunt","bezettingsgraad":50,"latitude":53.17813243,"longitude":5.8491206,"canPickup":true,"canDropoff":true,"openingstijden":{"ma":"09:00 - 21:00","di":"09:00 - 21:00","wo":"09:00 - 21:00","do":"09:00 - 21:00","vr":"09:00 - 21:00","za":"gesloten","zo":"gesloten"}}},{"type":"Feature","geometry":{"type":"Point","coordinates":[5.83859924,53.19580551]},"properties":{"type":"pakketpunt","locatieNaam":"ViaTim en Het Droptrommeltje","straatNaam":"Neptunusweg","straatNr":"12","vervoerder":"ViaTim","puntType":"servicepunt","bezettingsgraad":50,"latitude":53.19580551,"longitude":5.83859924,"canPickup":true,"canDropoff":true,"openingstijden":{"ma":"gesloten","di":"09:00 - 14:00","wo":"gesloten","do":"18:00 - 21:00","vr":"gesloten","za":"gesloten","zo":"gesloten"}}},{"type":"Feature","geometry":{"type":"Point","coordinates":[5.83890466,53.09525426]},"properties":{"type":"pakketpunt","locatieNaam":"ViaTim en Shansale","straatNaam":"Parkstraat","straatNr":"10","vervoerder":"ViaTim","puntType":"servicepunt","bezettingsgraad":50,"latitude":53.09525426,"longitude":5.83890466,"canPickup":true,"canDropoff":true,"openingstijden":{"ma":"09:30 - 18:00","di":"09:30 - 18:00","wo":"09:30 - 18:00","do":"09:30 - 18:00","vr":"09:30 - 18:00","za":"09:30 - 17:00","zo":"gesloten"}}},{"type":"Feature","geometry":{"type":"Point","coordinates":[5.650575601331015,53.13559244964014]},"properties":{"type":"pakketpunt","locatieNaam":"ViaTim en Miedema Tools","straatNaam":"Baerderdyk","straatNr":"2","vervoerder":"ViaTim","puntType":"servicepunt","bezettingsgraad":50,"latitude":53.13559244964014,"longitude":5.650575601331015,"canPickup":true,"canDropoff":true,"openingstijden":{"ma":"gesloten","di":"17:00 - 20:00","wo":"17:00 - 20:00","do":"17:00 - 20:00","vr":"gesloten","za":"09:00 - 16:00","zo":"gesloten"}}},{"type":"Feature","geometry":{"type":"Point","coordinates":[5.78359772519141,53.118331561744]},"properties":{"type":"pakketpunt","locatieNaam":"ViaTim en Bijker","straatNaam":"Master Gorterstrjitte","straatNr":"9C","vervoerder":"ViaTim","puntType":"servicepunt","bezettingsgraad":50,"latitude":53.118331561744,"longitude":5.78359772519141,"canPickup":true,"canDropoff":true,"openingstijden":{"ma":"15:00 - 21:00","di":"15:00 - 21:00","wo":"15:00 - 21:00","do":"15:00 - 21:00","vr":"15:00 - 21:00","za":"gesloten","zo":"gesloten"}}},{"type":"Feature","geometry":{"type":"Point","coordinates":[5.71877545169079,53.13026288177939]},"properties":{"type":"pakketpunt","locatieNaam":"FedEx Ship&Get","straatNaam":"De Dobbe 1 PBA","straatNr":"","vervoerder":"FedEx","puntType":"servicepunt","bezettingsgraad":50,"latitude":53.13026288177939,"longitude":5.71877545169079,"canPickup":true,"canDropoff":true,"openingstijden":{"ma":"00:00 - 23:59","di":"00:00 - 23:59","wo":"00:00 - 23:59","do":"00:00 - 23:59","vr":"00:00 - 23:59","za":"00:00 - 23:59","zo":"00:00 - 23:59"}}},{"type":"Feature","geometry":{"type":"Point","coordinates":[5.839923289912168,53.09516027614998]},"properties":{"type":"pakketpunt","locatieNaam":"FedEx Ship&Get","straatNaam":"Parkstraat 3 PBA","straatNr":"","vervoerder":"FedEx","puntType":"servicepunt","bezettingsgraad":50,"latitude":53.09516027614998,"longitude":5.839923289912168,"canPickup":true,"canDropoff":true,"openingstijden":{"ma":"00:00 - 23:59","di":"00:00 - 23:59","wo":"00:00 - 23:59","do":"00:00 - 23:59","vr":"00:00 - 23:59","za":"00:00 - 23:59","zo":"00:00 - 23:59"}}},{"type":"Feature","geometry":{"type":"Point","coordinates":[5.796311,53.178647]},"properties":{"type":"pakketpunt","locatieNaam":"FedEx Ship&Get","straatNaam":"Bredyk 3 PBA","straatNr":"","vervoerder":"FedEx","puntType":"servicepunt","bezettingsgraad":50,"latitude":53.178647,"longitude":5.796311,"canPickup":true,"canDropoff":true,"openingstijden":{"ma":"07:00 - 22:00","di":"07:00 - 22:00","wo":"07:00 - 22:00","do":"07:00 - 22:00","vr":"07:00 - 22:00","za":"07:00 - 22:00","zo":"07:00 - 22:00"}}},{"type":"Feature","geometry":{"type":"Point","coordinates":[5.767691471163938,53.2080224667302]},"properties":{"type":"pakketpunt","locatieNaam":"FedEx Ship&Get","straatNaam":"Pieter Sipmawei 9 PBA","straatNr":"","vervoerder":"FedEx","puntType":"servicepunt","bezettingsgraad":50,"latitude":53.2080224667302,"longitude":5.767691471163938,"canPickup":true,"canDropoff":true,"openingstijden":{"ma":"00:00 - 23:59","di":"00:00 - 23:59","wo":"00:00 - 23:59","do":"00:00 - 23:59","vr":"00:00 - 23:59","za":"00:00 - 23:59","zo":"00:00 - 23:59"}}},{"type":"Feature","geometry":{"type":"Point","coordinates":[5.783998990549,53.194113223120425]},"properties":{"type":"pakketpunt","locatieNaam":"FedEx Ship&Get","straatNaam":"Van Loonstraat 112 PBA","straatNr":"","vervoerder":"FedEx","puntType":"servicepunt","bezettingsgraad":50,"latitude":53.194113223120425,"longitude":5.783998990549,"canPickup":true,"canDropoff":true,"openingstijden":{"ma":"00:00 - 23:59","di":"00:00 - 23:59","wo":"00:00 - 23:59","do":"00:00 - 23:59","vr":"00:00 - 23:59","za":"00:00 - 23:59","zo":"00:00 - 23:59"}}},{"type":"Feature","geometry":{"type":"Point","coordinates":[5.803476758808039,53.18720442562515]},"properties":{"type":"pakketpunt","locatieNaam":"FedEx Ship&Get","straatNaam":"Aldlansdyk 5 PBA","straatNr":"","vervoerder":"FedEx","puntType":"servicepunt","bezettingsgraad":50,"latitude":53.18720442562515,"longitude":5.803476758808039,"canPickup":true,"canDropoff":true,"openingstijden":{"ma":"00:00 - 23:59","di":"00:00 - 23:59","wo":"00:00 - 23:59","do":"00:00 - 23:59","vr":"00:00 - 23:59","za":"00:00 - 23:59","zo":"00:00 - 23:59"}}},{"type":"Feature","geometry":{"type":"Point","coordinates":[5.782166929903769,53.206774181369106]},"properties":{"type":"pakketpunt","locatieNaam":"FedEx Ship&Get","straatNaam":"Eksterstraat 32 PBA","straatNr":"","vervoerder":"FedEx","puntType":"servicepunt","bezettingsgraad":50,"latitude":53.206774181369106,"longitude":5.782166929903769,"canPickup":true,"canDropoff":true,"openingstijden":{"ma":"00:00 - 23:59","di":"00:00 - 23:59","wo":"00:00 - 23:59","do":"00:00 - 23:59","vr":"00:00 - 23:59","za":"00:00 - 23:59","zo":"00:00 - 23:59"}}},{"type":"Feature","geometry":{"type":"Point","coordinates":[5.78950006870568,53.20191922369284]},"properties":{"type":"pakketpunt","locatieNaam":"FedEx OnSite","straatNaam":"NIEUWESTAD 3B","straatNr":"","vervoerder":"FedEx","puntType":"servicepunt","bezettingsgraad":50,"latitude":53.20191922369284,"longitude":5.78950006870568,"canPickup":true,"canDropoff":true,"openingstijden":{"ma":"10:00 - 17:00","di":"10:00 - 17:00","wo":"10:00 - 17:00","do":"10:00 - 17:00","vr":"10:00 - 17:00","za":"gesloten","zo":"gesloten"}}},{"type":"Feature","geometry":{"type":"Point","coordinates":[5.791416,53.202276]},"properties":{"type":"pakketpunt","locatieNaam":"FedEx OnSite","straatNaam":"KLEINE KERKSTRAAT 21","straatNr":"","vervoerder":"FedEx","puntType":"servicepunt","bezettingsgraad":50,"latitude":53.202276,"longitude":5.791416,"canPickup":true,"canDropoff":true,"openingstijden":{"ma":"gesloten","di":"09:00 - 17:00","wo":"09:00 - 17:00","do":"09:00 - 17:00","vr":"09:00 - 17:00","za":"09:00 - 17:00","zo":"gesloten"}}},{"type":"Feature","geometry":{"type":"Point","coordinates":[5.845447,53.152078]},"properties":{"type":"pakketpunt","locatieNaam":"FedEx Ship&Get","straatNaam":"Kerkbuurt 19 PBA","straatNr":"","vervoerder":"FedEx","puntType":"servicepunt","bezettingsgraad":50,"latitude":53.152078,"longitude":5.845447,"canPickup":true,"canDropoff":true,"openingstijden":{"ma":"08:30 - 18:00","di":"08:30 - 18:00","wo":"08:30 - 18:00","do":"08:30 - 18:00","vr":"08:30 - 18:00","za":"08:30 - 17:00","zo":"gesloten"}}},{"type":"Feature","geometry":{"type":"Point","coordinates":[5.795952,53.199506]},"properties":{"type":"pakketpunt","locatieNaam":"FedEx OnSite","straatNaam":"ZAAILAND 85","straatNr":"","vervoerder":"FedEx","puntType":"servicepunt","bezettingsgraad":50,"latitude":53.199506,"longitude":5.795952,"canPickup":true,"canDropoff":true,"openingstijden":{"ma":"12:00 - 18:00","di":"10:00 - 18:00","wo":"10:00 - 18:00","do":"10:00 - 21:00","vr":"10:00 - 18:00","za":"10:00 - 17:00","zo":"12:00 - 17:00"}}},{"type":"Feature","geometry":{"type":"Point","coordinates":[5.824300412854977,53.17931295159316]},"properties":{"type":"pakketpunt","locatieNaam":"FedEx Ship&Get","straatNaam":"Kruisdobbe 2 PBA","straatNr":"","vervoerder":"FedEx","puntType":"servicepunt","bezettingsgraad":50,"latitude":53.17931295159316,"longitude":5.824300412854977,"canPickup":true,"canDropoff":true,"openingstijden":{"ma":"00:00 - 23:59","di":"00:00 - 23:59","wo":"00:00 - 23:59","do":"00:00 - 23:59","vr":"00:00 - 23:59","za":"00:00 - 23:59","zo":"00:00 - 23:59"}}},{"type":"Feature","geometry":{"type":"Point","coordinates":[5.80215,53.202971]},"properties":{"type":"pakketpunt","locatieNaam":"FedEx OnSite","straatNaam":"TUINEN 28","straatNr":"","vervoerder":"FedEx","puntType":"servicepunt","bezettingsgraad":50,"latitude":53.202971,"longitude":5.80215,"canPickup":true,"canDropoff":true,"openingstijden":{"ma":"10:00 - 20:30","di":"10:00 - 20:30","wo":"10:00 - 20:30","do":"10:00 - 20:30","vr":"10:00 - 20:30","za":"10:00 - 20:30","zo":"14:00 - 20:00"}}},{"type":"Feature","geometry":{"type":"Point","coordinates":[5.801724252265474,53.20575945903712]},"properties":{"type":"pakketpunt","locatieNaam":"FedEx Ship&Get","straatNaam":"Hoeksterpad 1 PBA","straatNr":"","vervoerder":"FedEx","puntType":"servicepunt","bezettingsgraad":50,"latitude":53.20575945903712,"longitude":5.801724252265474,"canPickup":true,"canDropoff":true,"openingstijden":{"ma":"08:00 - 21:00","di":"08:00 - 21:00","wo":"08:00 - 21:00","do":"08:00 - 21:00","vr":"08:00 - 21:00","za":"08:00 - 21:00","zo":"10:00 - 19:00"}}},{"type":"Feature","geometry":{"type":"Point","coordinates":[5.80474148382863,53.2054083222594]},"properties":{"type":"pakketpunt","locatieNaam":"FedEx Ship&Get","straatNaam":"Oostersingel 78 PBA","straatNr":"","vervoerder":"FedEx","puntType":"servicepunt","bezettingsgraad":50,"latitude":53.2054083222594,"longitude":5.80474148382863,"canPickup":true,"canDropoff":true,"openingstijden":{"ma":"00:00 - 23:59","di":"00:00 - 23:59","wo":"00:00 - 23:59","do":"00:00 - 23:59","vr":"00:00 - 23:59","za":"00:00 - 23:59","zo":"00:00 - 23:59"}}},{"type":"Feature","geometry":{"type":"Point","coordinates":[5.794571,53.215447]},"properties":{"type":"pakketpunt","locatieNaam":"FedEx OnSite","straatNaam":"BILGAARDPASSAGE 27","straatNr":"","vervoerder":"FedEx","puntType":"servicepunt","bezettingsgraad":50,"latitude":53.215447,"longitude":5.794571,"canPickup":true,"canDropoff":true,"openingstijden":{"ma":"12:00 - 18:00","di":"09:00 - 18:00","wo":"09:00 - 18:00","do":"09:00 - 18:00","vr":"09:00 - 18:00","za":"09:00 - 17:00","zo":"gesloten"}}},{"type":"Feature","geometry":{"type":"Point","coordinates":[5.828617111988641,53.1888855670866]},"properties":{"type":"pakketpunt","locatieNaam":"FedEx Ship&Get","straatNaam":"Zevenblad 12 PBA","straatNr":"","vervoerder":"FedEx","puntType":"servicepunt","bezettingsgraad":50,"latitude":53.1888855670866,"longitude":5.828617111988641,"canPickup":true,"canDropoff":true,"openingstijden":{"ma":"00:00 - 23:59","di":"00:00 - 23:59","wo":"00:00 - 23:59","do":"00:00 - 23:59","vr":"00:00 - 23:59","za":"00:00 - 23:59","zo":"00:00 - 23:59"}}},{"type":"Feature","geometry":{"type":"Point","coordinates":[5.759753788063446,53.25849194359104]},"properties":{"type":"pakketpunt","locatieNaam":"FedEx Ship&Get","straatNaam":"Uniawei 4 PBA","straatNr":"","vervoerder":"FedEx","puntType":"servicepunt","bezettingsgraad":50,"latitude":53.25849194359104,"longitude":5.759753788063446,"canPickup":true,"canDropoff":true,"openingstijden":{"ma":"08:00 - 21:00","di":"08:00 - 21:00","wo":"08:00 - 21:00","do":"08:00 - 21:00","vr":"08:00 - 21:00","za":"08:00 - 21:00","zo":"10:00 - 18:00"}}},{"type":"Feature","geometry":{"type":"Point","coordinates":[5.820359,53.208305]},"properties":{"type":"pakketpunt","locatieNaam":"FedEx Ship&Get","straatNaam":"Wilgenstraat 2 PBA","straatNr":"","vervoerder":"FedEx","puntType":"servicepunt","bezettingsgraad":50,"latitude":53.208305,"longitude":5.820359,"canPickup":true,"canDropoff":true,"openingstijden":{"ma":"00:00 - 23:59","di":"00:00 - 23:59","wo":"00:00 - 23:59","do":"00:00 - 23:59","vr":"00:00 - 23:59","za":"00:00 - 23:59","zo":"00:00 - 23:59"}}},{"type":"Feature","geometry":{"type":"Point","coordinates":[5.813793441104491,53.21506187543311]},"properties":{"type":"pakketpunt","locatieNaam":"FedEx Ship&Get","straatNaam":"Johannes Kolfplein 1 PBA","straatNr":"","vervoerder":"FedEx","puntType":"servicepunt","bezettingsgraad":50,"latitude":53.21506187543311,"longitude":5.813793441104491,"canPickup":true,"canDropoff":true,"openingstijden":{"ma":"00:00 - 23:59","di":"00:00 - 23:59","wo":"00:00 - 23:59","do":"00:00 - 23:59","vr":"00:00 - 23:59","za":"00:00 - 23:59","zo":"00:00 - 23:59"}}},{"type":"Feature","geometry":{"type":"Point","coordinates":[5.842520313858102,53.19978869438104]},"properties":{"type":"pakketpunt","locatieNaam":"FedEx OnSite","straatNaam":"ORIONWEG 2","straatNr":"","vervoerder":"FedEx","puntType":"servicepunt","bezettingsgraad":50,"latitude":53.19978869438104,"longitude":5.842520313858102,"canPickup":true,"canDropoff":true,"openingstijden":{"ma":"07:30 - 18:00","di":"07:30 - 18:00","wo":"07:30 - 18:00","do":"07:30 - 18:00","vr":"07:30 - 18:00","za":"gesloten","zo":"gesloten"}}},{"type":"Feature","geometry":{"type":"Point","coordinates":[5.79142,53.20228]},"properties":{"type":"pakketpunt","locatieNaam":"GERBEN REITSMA BLOEMIST","straatNaam":"Kleine Kerkstraat 21","straatNr":"","vervoerder":"InPost","puntType":"servicepunt","bezettingsgraad":50,"latitude":53.20228,"longitude":5.79142,"canPickup":true,"canDropoff":true,"openingstijden":null}},{"type":"Feature","geometry":{"type":"Point","coordinates":[5.79595,53.19951]},"properties":{"type":"pakketpunt","locatieNaam":"DIERENSPECIAALZAAK ZAAILAND","straatNaam":"Zaailand 85","straatNr":"","vervoerder":"InPost","puntType":"servicepunt","bezettingsgraad":50,"latitude":53.19951,"longitude":5.79595,"canPickup":true,"canDropoff":true,"openingstijden":null}},{"type":"Feature","geometry":{"type":"Point","coordinates":[5.79457,53.21545]},"properties":{"type":"pakketpunt","locatieNaam":"DIERENSPECIAALZAAK DE LEEUWERIK","straatNaam":"Bilgaardpassage 27","straatNr":"","vervoerder":"InPost","puntType":"servicepunt","bezettingsgraad":50,"latitude":53.21545,"longitude":5.79457,"canPickup":true,"canDropoff":true,"openingstijden":null}},{"type":"Feature","geometry":{"type":"Point","coordinates":[5.80215,53.20297]},"properties":{"type":"pakketpunt","locatieNaam":"CALL INTERNET CITY","straatNaam":"Tuinen 28","straatNr":"","vervoerder":"InPost","puntType":"servicepunt","bezettingsgraad":50,"latitude":53.20297,"longitude":5.80215,"canPickup":true,"canDropoff":true,"openingstijden":null}},{"type":"Feature","geometry":{"type":"Point","coordinates":[5.78946,53.20185]},"properties":{"type":"pakketpunt","locatieNaam":"SMART MEAL - DE ZOETE VERLEIDING","straatNaam":"Nieuwestad 3B","straatNr":"","vervoerder":"InPost","puntType":"servicepunt","bezettingsgraad":50,"latitude":53.20185,"longitude":5.78946,"canPickup":true,"canDropoff":true,"openingstijden":null}},{"type":"Feature","geometry":{"type":"Point","coordinates":[5.84249,53.19981]},"properties":{"type":"pakketpunt","locatieNaam":"CAPARIS LEEUWARDEN","straatNaam":"Orionweg 2","straatNr":"","vervoerder":"InPost","puntType":"servicepunt","bezettingsgraad":50,"latitude":53.19981,"longitude":5.84249,"canPickup":true,"canDropoff":true,"openingstijden":null}},{"type":"Feature","geometry":{"type":"Point","coordinates":[5.79269,53.07589]},"properties":{"type":"pakketpunt","locatieNaam":"ATELIER HOUTEN KLAAS","straatNaam":"Rijksweg 180","straatNr":"","vervoerder":"InPost","puntType":"servicepunt","bezettingsgraad":50,"latitude":53.07589,"longitude":5.79269,"canPickup":true,"canDropoff":true,"openingstijden":null}},{"type":"Feature","geometry":{"type":"Point","coordinates":[5.76147,53.25921]},"properties":{"type":"pakketpunt","locatieNaam":"DE NIEUWSGIERIGE AAPJES BV","straatNaam":"It Achterbosk 19","straatNr":"","vervoerder":"InPost","puntType":"servicepunt","bezettingsgraad":50,"latitude":53.25921,"longitude":5.76147,"canPickup":true,"canDropoff":true,"openingstijden":null}},{"type":"Feature","geometry":{"type":"Point","coordinates":[5.79819,53.19376]},"properties":{"type":"pakketpunt","locatieNaam":"WARENHUIS DE BOER","straatNaam":"Schrans 94-96","straatNr":"","vervoerder":"InPost","puntType":"servicepunt","bezettingsgraad":50,"latitude":53.19376,"longitude":5.79819,"canPickup":true,"canDropoff":true,"openingstijden":null}},{"type":"Feature","geometry":{"type":"Point","coordinates":[5.84532,53.15212]},"properties":{"type":"pakketpunt","locatieNaam":"","straatNaam":"Kerkbuurt","straatNr":"19","vervoerder":"InPost","puntType":"automaat","bezettingsgraad":50,"latitude":53.15212,"longitude":5.84532,"canPickup":true,"canDropoff":true,"openingstijden":"24/7"}},{"type":"Feature","geometry":{"type":"Point","coordinates":[5.83889,53.09512]},"properties":{"type":"pakketpunt","locatieNaam":"SHANSALE","straatNaam":"Parkstraat 10","straatNr":"","vervoerder":"InPost","puntType":"servicepunt","bezettingsgraad":50,"latitude":53.09512,"longitude":5.83889,"canPickup":true,"canDropoff":true,"openingstijden":null}},{"type":"Feature","geometry":{"type":"Point","coordinates":[5.83988,53.09646]},"properties":{"type":"pakketpunt","locatieNaam":"SMUK","straatNaam":"Hoofdstraat 21","straatNr":"","vervoerder":"InPost","puntType":"servicepunt","bezettingsgraad":50,"latitude":53.09646,"longitude":5.83988,"canPickup":true,"canDropoff":true,"openingstijden":null}},{"type":"Feature","geometry":{"type":"Point","coordinates":[5.76376,53.19457]},"properties":{"type":"pakketpunt","locatieNaam":"GOEDERENLAND","straatNaam":"Celsiusweg 6 C","straatNr":"","vervoerder":"InPost","puntType":"servicepunt","bezettingsgraad":50,"latitude":53.19457,"longitude":5.76376,"canPickup":true,"canDropoff":true,"openingstijden":null}},{"type":"Feature","geometry":{"type":"Polygon","coordinates":[[[5.637348,53.124149],[5.637412,53.124109],[5.637457,53.124082],[5.637534,53.124003],[5.637663,53.123882],[5.637773,53.123791],[5.637848,53.123769],[5.637859,53.123766],[5.637965,53.123716],[5.638059,53.123692],[5.638224,53.123658],[5.638498,53.123613],[5.638814,53.123568],[5.639035,53.123545],[5.639235,53.12353],[5.639387,53.123527],[5.639551,53.123497],[5.63987,53.123425],[5.639918,53.123412],[5.639992,53.12339],[5.640301,53.123299],[5.640477,53.123257],[5.640665,53.123215],[5.640882,53.123179],[5.641148,53.123156],[5.641168,53.123154],[5.641443,53.123119],[5.641603,53.123119],[5.641758,53.123126],[5.641952,53.123128],[5.642161,53.123103],[5.642326,53.123063],[5.642337,53.12306],[5.642566,53.12303],[5.642649,53.122986],[5.642723,53.122952],[5.642784,53.122929],[5.642846,53.122912],[5.642887,53.1229],[5.643026,53.122882],[5.643103,53.122877],[5.643107,53.122778],[5.643131,53.122727],[5.643164,53.122692],[5.643217,53.122655],[5.643323,53.12261],[5.643425,53.122558],[5.643478,53.122511],[5.643493,53.122486],[5.643503,53.12247],[5.643543,53.122417],[5.643572,53.122377],[5.643653,53.122293],[5.643808,53.122143],[5.643799,53.122101],[5.643815,53.122039],[5.643888,53.121913],[5.643945,53.121837],[5.644104,53.121619],[5.644193,53.121417],[5.644184,53.12138],[5.644143,53.121351],[5.644094,53.12133],[5.644176,53.121201],[5.64431,53.121026],[5.64434,53.120996],[5.644428,53.120907],[5.644461,53.12086],[5.644485,53.120796],[5.644569,53.120523],[5.644688,53.120393],[5.644766,53.120262],[5.64478,53.120239],[5.64488,53.119982],[5.644897,53.119937],[5.644915,53.119891],[5.644988,53.119704],[5.645282,53.118947],[5.645289,53.118922],[5.6453,53.118885],[5.645306,53.118863],[5.645327,53.118792],[5.645385,53.118497],[5.645386,53.118481],[5.64539,53.118349],[5.645432,53.118044],[5.645502,53.117802],[5.645608,53.117534],[5.645847,53.117475],[5.646078,53.117022],[5.64635,53.116519],[5.646357,53.116499],[5.646413,53.11635],[5.647333,53.116348],[5.647391,53.116326],[5.647413,53.116317],[5.647509,53.11628],[5.647562,53.11626],[5.647666,53.11621],[5.64822,53.115958],[5.649349,53.115464],[5.649865,53.115242],[5.649983,53.115206],[5.650291,53.115055],[5.651952,53.114342],[5.652989,53.113903],[5.653028,53.11389],[5.653048,53.113883],[5.65317,53.113827],[5.653705,53.113574],[5.654442,53.11325],[5.65472,53.11313],[5.655056,53.112999],[5.655084,53.112987],[5.655212,53.11293],[5.655785,53.112662],[5.655907,53.112616],[5.65602,53.112569],[5.65648,53.112378],[5.656515,53.112364],[5.656515,53.112364],[5.656522,53.112384],[5.656632,53.112378],[5.65672,53.112358],[5.656814,53.112506],[5.656831,53.112556],[5.656829,53.112574],[5.656821,53.112632],[5.65681,53.112705],[5.656849,53.112781],[5.656921,53.112853],[5.657004,53.112926],[5.657076,53.112985],[5.657109,53.113035],[5.657107,53.113058],[5.6571,53.113076],[5.657103,53.113079],[5.657403,53.113444],[5.657512,53.113574],[5.657556,53.113621],[5.65781,53.113931],[5.658025,53.114209],[5.658116,53.114321],[5.658401,53.114676],[5.658417,53.114679],[5.658508,53.114779],[5.659007,53.115396],[5.659231,53.115681],[5.659409,53.115894],[5.659442,53.115951],[5.659484,53.115985],[5.659641,53.116066],[5.659854,53.116178],[5.660011,53.116245],[5.660071,53.116268],[5.660157,53.116302],[5.660505,53.116467],[5.660913,53.116662],[5.661146,53.116774],[5.661073,53.116825],[5.661533,53.11704],[5.661776,53.117134],[5.661912,53.117194],[5.662212,53.117358],[5.662231,53.117343],[5.662282,53.117318],[5.662332,53.11733],[5.662506,53.117421],[5.662741,53.117512],[5.662569,53.117731],[5.662419,53.117901],[5.662256,53.1181],[5.664941,53.118843],[5.664584,53.119673],[5.665116,53.120027],[5.66541,53.120219],[5.6657,53.120404],[5.66598,53.120588],[5.666207,53.120736],[5.666231,53.120753],[5.666274,53.120781],[5.666405,53.120866],[5.666533,53.120947],[5.666557,53.120962],[5.666759,53.121098],[5.666815,53.12113],[5.666851,53.121151],[5.666914,53.121197],[5.667084,53.121307],[5.66727,53.121427],[5.667389,53.121504],[5.667516,53.121583],[5.667569,53.121619],[5.667619,53.121651],[5.66768,53.121689],[5.667738,53.121717],[5.667759,53.121726],[5.667778,53.12172],[5.667794,53.121709],[5.667822,53.12168],[5.667854,53.121632],[5.667888,53.121575],[5.66791,53.121543],[5.667955,53.121481],[5.667993,53.121425],[5.668034,53.121367],[5.668073,53.121305],[5.668094,53.121264],[5.668113,53.12123],[5.668131,53.121194],[5.668154,53.121168],[5.668182,53.121137],[5.668197,53.121124],[5.668219,53.121106],[5.668264,53.121079],[5.668315,53.121051],[5.668364,53.121024],[5.668436,53.12099],[5.668492,53.120978],[5.668523,53.121],[5.668572,53.12103],[5.668689,53.121103],[5.668908,53.121234],[5.66913,53.121364],[5.669314,53.121472],[5.669457,53.121558],[5.669747,53.121727],[5.669937,53.121841],[5.670175,53.12198],[5.67042,53.122123],[5.670623,53.122242],[5.670813,53.122354],[5.671014,53.122476],[5.671019,53.12248],[5.671153,53.122562],[5.671249,53.122615],[5.671352,53.122667],[5.671493,53.122746],[5.671497,53.122748],[5.671856,53.122951],[5.67182,53.122955],[5.671797,53.122957],[5.67177,53.122959],[5.671761,53.122962],[5.671749,53.122965],[5.671741,53.122967],[5.671726,53.122974],[5.671692,53.122989],[5.671653,53.123009],[5.671583,53.123047],[5.671514,53.123084],[5.671378,53.123162],[5.6714,53.123176],[5.67146,53.123211],[5.671701,53.123342],[5.671782,53.123391],[5.671868,53.123438],[5.671927,53.12347],[5.671999,53.123517],[5.671695,53.123693],[5.671684,53.123709],[5.671685,53.123728],[5.671725,53.123755],[5.674241,53.125118],[5.674319,53.125166],[5.67434,53.125179],[5.67428,53.125212],[5.674252,53.125222],[5.674223,53.125232],[5.674194,53.125242],[5.674165,53.125251],[5.67413,53.125261],[5.674095,53.125271],[5.674065,53.125279],[5.674059,53.12528],[5.67403,53.125287],[5.674,53.125293],[5.673971,53.125298],[5.673944,53.125302],[5.673917,53.125305],[5.67389,53.125308],[5.673862,53.12531],[5.673835,53.125312],[5.673807,53.125313],[5.673535,53.125319],[5.673386,53.125341],[5.673467,53.125387],[5.673535,53.125423],[5.673574,53.125444],[5.673674,53.12549],[5.673703,53.125505],[5.674406,53.125882],[5.675492,53.126455],[5.67597,53.126702],[5.675983,53.126708],[5.675996,53.126712],[5.676009,53.126717],[5.676023,53.12672],[5.676039,53.126724],[5.676056,53.126728],[5.676072,53.12673],[5.676089,53.126732],[5.676106,53.126733],[5.676124,53.126734],[5.676141,53.126734],[5.676158,53.126734],[5.676175,53.126733],[5.676192,53.126731],[5.676209,53.126728],[5.676225,53.126725],[5.676241,53.126722],[5.676257,53.126718],[5.676273,53.126713],[5.676578,53.126713],[5.67661,53.126722],[5.67667,53.126738],[5.677381,53.127064],[5.677471,53.127125],[5.677543,53.127213],[5.677654,53.127278],[5.677707,53.12731],[5.677992,53.12748],[5.678035,53.127505],[5.678473,53.127743],[5.678727,53.1279],[5.678738,53.12791],[5.67876,53.127929],[5.678974,53.128056],[5.679282,53.128209],[5.679678,53.128415],[5.679704,53.128428],[5.679861,53.128507],[5.679908,53.128525],[5.680037,53.128575],[5.680041,53.128572],[5.68011,53.128526],[5.680224,53.128486],[5.680278,53.128466],[5.680409,53.128423],[5.680489,53.128398],[5.680564,53.128377],[5.680614,53.128366],[5.680689,53.128348],[5.68077,53.128336],[5.680874,53.128335],[5.681002,53.128335],[5.681154,53.128336],[5.681292,53.128333],[5.68141,53.128329],[5.681515,53.128324],[5.681622,53.12832],[5.681723,53.128321],[5.681822,53.128322],[5.681919,53.128321],[5.682009,53.12832],[5.682101,53.12832],[5.682181,53.128316],[5.682229,53.128311],[5.68227,53.128307],[5.68236,53.128302],[5.682485,53.128299],[5.682652,53.128295],[5.682765,53.128296],[5.682815,53.128298],[5.682865,53.128299],[5.683007,53.128297],[5.683166,53.128298],[5.683294,53.1283],[5.683429,53.1283],[5.683586,53.1283],[5.683723,53.128299],[5.683862,53.128295],[5.683972,53.128292],[5.684108,53.128288],[5.684218,53.128284],[5.68434,53.128282],[5.684449,53.128281],[5.684587,53.128282],[5.684681,53.128283],[5.684881,53.128267],[5.684885,53.128276],[5.685159,53.128784],[5.685172,53.128802],[5.685174,53.128806],[5.685538,53.129324],[5.685607,53.129416],[5.685615,53.129427],[5.685807,53.129681],[5.685974,53.129867],[5.686203,53.129793],[5.686332,53.12975],[5.687325,53.129316],[5.687944,53.129033],[5.687995,53.129062],[5.688167,53.129143],[5.688221,53.129173],[5.688393,53.129267],[5.688663,53.129419],[5.688701,53.129435],[5.688745,53.129453],[5.688827,53.129481],[5.68891,53.129507],[5.688962,53.129528],[5.689004,53.129531],[5.689118,53.129541],[5.689234,53.129546],[5.689305,53.129537],[5.689376,53.129522],[5.689464,53.129504],[5.690096,53.129356],[5.690186,53.129338],[5.690903,53.129154],[5.691076,53.129114],[5.691264,53.129071],[5.692233,53.128848],[5.692233,53.128846],[5.692226,53.128812],[5.692018,53.128351],[5.691699,53.127638],[5.691573,53.127363],[5.691539,53.127256],[5.691586,53.127253],[5.691813,53.127245],[5.691814,53.127248],[5.692019,53.12724],[5.692096,53.127232],[5.692165,53.127223],[5.69224,53.127216],[5.693414,53.12708],[5.694373,53.12697],[5.694374,53.126969],[5.695616,53.126826],[5.695597,53.126763],[5.695594,53.12676],[5.695519,53.126674],[5.695388,53.126404],[5.695148,53.125839],[5.694938,53.12537],[5.694912,53.125312],[5.694771,53.125022],[5.694727,53.124878],[5.694706,53.124828],[5.694687,53.124795],[5.694499,53.124567],[5.694435,53.12447],[5.694394,53.124421],[5.694352,53.124363],[5.694263,53.124239],[5.694161,53.124117],[5.693851,53.123745],[5.693453,53.1232],[5.693352,53.123059],[5.693332,53.123038],[5.693306,53.122997],[5.693303,53.122992],[5.693296,53.122977],[5.693288,53.122956],[5.6933,53.122936],[5.69333,53.122924],[5.693367,53.122915],[5.693503,53.122893],[5.693578,53.122888],[5.693638,53.12289],[5.693726,53.122894],[5.693891,53.122901],[5.694082,53.12292],[5.69434,53.122939],[5.694428,53.122946],[5.694643,53.122957],[5.694765,53.122955],[5.694812,53.122957],[5.694858,53.122963],[5.694954,53.122977],[5.695357,53.123025],[5.695393,53.123024],[5.695412,53.123019],[5.695433,53.123009],[5.69544,53.122998],[5.695374,53.122943],[5.695363,53.122934],[5.695155,53.122791],[5.695113,53.122749],[5.695062,53.122694],[5.69513,53.122699],[5.695174,53.122703],[5.695416,53.12272],[5.695876,53.120874],[5.695913,53.120724],[5.696099,53.119978],[5.6961,53.119976],[5.696312,53.119122],[5.696495,53.119166],[5.696548,53.119179],[5.696559,53.119182],[5.696656,53.119211],[5.696723,53.119224],[5.696788,53.119231],[5.69687,53.119226],[5.696947,53.119215],[5.697023,53.119206],[5.697091,53.119201],[5.697141,53.119183],[5.697177,53.119154],[5.697205,53.119118],[5.697246,53.119091],[5.697482,53.118999],[5.697625,53.118939],[5.697759,53.118884],[5.697887,53.118843],[5.697977,53.11881],[5.698056,53.118777],[5.698126,53.118744],[5.698179,53.118714],[5.698206,53.118691],[5.698245,53.118666],[5.698177,53.118631],[5.69815,53.118604],[5.698121,53.118577],[5.697933,53.118147],[5.697795,53.117822],[5.697768,53.117754],[5.697786,53.117736],[5.697847,53.117682],[5.697928,53.117634],[5.699053,53.116853],[5.699549,53.116506],[5.699689,53.116409],[5.699744,53.116371],[5.700489,53.115857],[5.700573,53.115803],[5.700613,53.115775],[5.70068,53.115811],[5.700847,53.115907],[5.701627,53.11636],[5.701637,53.116366],[5.702179,53.116697],[5.702219,53.11672],[5.702587,53.116924],[5.702646,53.116947],[5.702711,53.116973],[5.702838,53.117036],[5.703392,53.117406],[5.703399,53.117409],[5.703405,53.117412],[5.70341,53.117416],[5.703415,53.117421],[5.703418,53.117425],[5.70342,53.11743],[5.703421,53.117435],[5.703421,53.11744],[5.703419,53.117445],[5.703417,53.11745],[5.703413,53.117455],[5.703409,53.117459],[5.703403,53.117463],[5.703397,53.117466],[5.70339,53.117469],[5.703382,53.117471],[5.703164,53.11756],[5.703108,53.117582],[5.703009,53.117629],[5.703003,53.117632],[5.703101,53.117694],[5.703192,53.117751],[5.703507,53.11795],[5.70364,53.118056],[5.703679,53.118087],[5.704002,53.118329],[5.70418,53.118464],[5.704244,53.118511],[5.704255,53.118505],[5.704351,53.118447],[5.704404,53.118405],[5.704594,53.118277],[5.705167,53.11789],[5.705202,53.117897],[5.705804,53.118194],[5.706503,53.118555],[5.706692,53.118651],[5.706818,53.118715],[5.707416,53.119017],[5.707616,53.119118],[5.707891,53.119616],[5.707939,53.119699],[5.707996,53.119693],[5.708016,53.119689],[5.708408,53.119582],[5.708414,53.119585],[5.708503,53.11964],[5.708521,53.119651],[5.708781,53.119573],[5.708812,53.119564],[5.708853,53.119553],[5.709005,53.119541],[5.709052,53.119557],[5.709137,53.119574],[5.709241,53.119594],[5.709297,53.119602],[5.709391,53.119605],[5.709509,53.119602],[5.709509,53.119599],[5.710056,53.119605],[5.710564,53.119598],[5.710872,53.119594],[5.711034,53.119594],[5.711337,53.119619],[5.711601,53.119635],[5.711735,53.11966],[5.711763,53.119671],[5.711768,53.119672],[5.711789,53.119677],[5.711826,53.119682],[5.711969,53.119707],[5.712044,53.119715],[5.71213,53.119724],[5.712201,53.119736],[5.712587,53.119825],[5.713105,53.119949],[5.713221,53.119979],[5.713437,53.120036],[5.713495,53.120049],[5.71372,53.120094],[5.713972,53.120154],[5.714087,53.120188],[5.714194,53.120218],[5.714202,53.12022],[5.714364,53.120253],[5.714433,53.120267],[5.71445,53.120274],[5.714487,53.120282],[5.714543,53.120291],[5.714607,53.120299],[5.714647,53.120304],[5.714682,53.120308],[5.714758,53.120318],[5.714989,53.120348],[5.715192,53.120368],[5.715341,53.12038],[5.715439,53.120386],[5.715508,53.12039],[5.715562,53.120393],[5.715595,53.120393],[5.715617,53.120388],[5.715643,53.120368],[5.715736,53.120219],[5.715777,53.120158],[5.715801,53.120162],[5.715814,53.120164],[5.715885,53.120175],[5.715963,53.120195],[5.715972,53.120197],[5.716052,53.120224],[5.716129,53.120251],[5.716205,53.12027],[5.71636,53.120301],[5.716972,53.120438],[5.717606,53.120599],[5.717939,53.120686],[5.717948,53.120686],[5.717971,53.120681],[5.718005,53.120607],[5.718157,53.120237],[5.718308,53.119827],[5.71834,53.119783],[5.71837,53.119746],[5.718393,53.119729],[5.718412,53.11974],[5.718435,53.119751],[5.718522,53.119806],[5.719141,53.120295],[5.719426,53.120519],[5.719694,53.120728],[5.719797,53.12081],[5.720007,53.120977],[5.720151,53.12108],[5.720174,53.121079],[5.720179,53.121079],[5.720197,53.121071],[5.720228,53.121046],[5.720258,53.121016],[5.720311,53.120979],[5.720361,53.120945],[5.72056,53.120808],[5.720644,53.12075],[5.720855,53.120614],[5.720924,53.12057],[5.721009,53.120521],[5.721071,53.120494],[5.721074,53.120492],[5.721107,53.120489],[5.721139,53.120501],[5.721162,53.120516],[5.721186,53.120538],[5.721234,53.120578],[5.721443,53.120759],[5.721483,53.120794],[5.721497,53.120805],[5.721497,53.120806],[5.721596,53.120897],[5.722287,53.12151],[5.722843,53.122004],[5.723378,53.122475],[5.723929,53.122961],[5.724213,53.12322],[5.724435,53.123426],[5.72445,53.12344],[5.724899,53.123548],[5.725124,53.123595],[5.725162,53.123582],[5.725217,53.123553],[5.725284,53.123517],[5.725374,53.123477],[5.725487,53.123428],[5.725608,53.123371],[5.725755,53.12331],[5.725873,53.123259],[5.726009,53.123199],[5.7261,53.123159],[5.726153,53.123138],[5.726167,53.123134],[5.726139,53.123111],[5.72632,53.123025],[5.726947,53.122743],[5.727001,53.12272],[5.727104,53.122675],[5.727452,53.122516],[5.727565,53.122465],[5.727609,53.122445],[5.727647,53.122428],[5.727716,53.122471],[5.727798,53.122508],[5.727842,53.122507],[5.727954,53.122405],[5.728231,53.122113],[5.728485,53.121861],[5.728527,53.121815],[5.728586,53.12174],[5.728975,53.121347],[5.729033,53.12127],[5.729058,53.121237],[5.729074,53.121216],[5.729354,53.121309],[5.72942,53.121311],[5.729437,53.121285],[5.729509,53.120996],[5.729559,53.120783],[5.729606,53.120582],[5.72964,53.120489],[5.729655,53.120447],[5.729659,53.120409],[5.729655,53.120351],[5.729668,53.120303],[5.73056,53.120539],[5.730754,53.12059],[5.731479,53.120777],[5.731584,53.120804],[5.731718,53.120837],[5.731879,53.120877],[5.732403,53.120987],[5.732418,53.12099],[5.732495,53.121004],[5.732557,53.12094],[5.73266,53.120825],[5.732708,53.120774],[5.732794,53.120684],[5.732927,53.120542],[5.73307,53.120392],[5.733187,53.120266],[5.733225,53.120226],[5.733253,53.120192],[5.733269,53.120159],[5.733281,53.120146],[5.733676,53.120195],[5.733729,53.120212],[5.733827,53.120234],[5.734187,53.120297],[5.734451,53.120344],[5.73471,53.120392],[5.735222,53.120481],[5.735282,53.120492],[5.735934,53.120612],[5.736414,53.120699],[5.73669,53.120748],[5.736768,53.120762],[5.73677,53.120762],[5.736918,53.120789],[5.736988,53.120802],[5.737154,53.120836],[5.73713,53.120874],[5.73711,53.120909],[5.73706,53.120982],[5.736929,53.121111],[5.736749,53.121299],[5.736681,53.121383],[5.736584,53.12148],[5.736478,53.12157],[5.736376,53.121667],[5.736293,53.121766],[5.736186,53.121893],[5.736179,53.121902],[5.737152,53.122123],[5.737165,53.122124],[5.737178,53.122126],[5.737191,53.122129],[5.737204,53.122131],[5.737216,53.122135],[5.737228,53.122138],[5.73724,53.122143],[5.737251,53.122147],[5.737261,53.122153],[5.737271,53.122158],[5.73728,53.122164],[5.737289,53.122171],[5.737297,53.122177],[5.737304,53.122184],[5.737308,53.122189],[5.737312,53.122195],[5.737315,53.1222],[5.737317,53.122206],[5.737318,53.122212],[5.737318,53.122222],[5.737318,53.122231],[5.737317,53.12224],[5.737314,53.12225],[5.737311,53.122259],[5.737308,53.122266],[5.737303,53.122273],[5.73729,53.122283],[5.73728,53.122293],[5.737276,53.1223],[5.737273,53.122308],[5.737248,53.122343],[5.737328,53.122357],[5.737448,53.122378],[5.737662,53.122419],[5.739407,53.122745],[5.74026,53.122905],[5.740245,53.122931],[5.740175,53.123047],[5.740167,53.12306],[5.740146,53.123097],[5.740042,53.123282],[5.739926,53.123478],[5.739904,53.123511],[5.739887,53.123543],[5.740012,53.123554],[5.740062,53.123557],[5.7405,53.123604],[5.74112,53.123661],[5.741611,53.123712],[5.741797,53.123733],[5.742083,53.123765],[5.742748,53.12383],[5.743118,53.123872],[5.743518,53.123906],[5.743678,53.123926],[5.743759,53.123935],[5.743826,53.12394],[5.743849,53.12394],[5.743915,53.123946],[5.74394,53.123942],[5.743983,53.12401],[5.743986,53.124015],[5.744064,53.124133],[5.74408,53.124161],[5.7441,53.124197],[5.744138,53.124244],[5.74424,53.124355],[5.74463,53.124803],[5.744853,53.125043],[5.744867,53.12506],[5.744882,53.125076],[5.744898,53.125092],[5.744915,53.125108],[5.744933,53.125123],[5.744952,53.125138],[5.744972,53.125152],[5.744992,53.125166],[5.745014,53.12518],[5.745036,53.125193],[5.745059,53.125206],[5.7451,53.12523],[5.745521,53.125482],[5.745609,53.125512],[5.745675,53.125535],[5.745732,53.125558],[5.745997,53.125663],[5.746232,53.125812],[5.746509,53.126002],[5.746518,53.12601],[5.746529,53.126018],[5.746541,53.126025],[5.746553,53.126032],[5.746566,53.126038],[5.746579,53.126044],[5.746593,53.12605],[5.746608,53.126054],[5.746623,53.126058],[5.746639,53.126062],[5.746655,53.126065],[5.746671,53.126067],[5.746687,53.126069],[5.747669,53.126152],[5.748285,53.126205],[5.748354,53.126213],[5.748361,53.126215],[5.748417,53.126223],[5.748469,53.12623],[5.748544,53.126236],[5.748667,53.126243],[5.749864,53.126351],[5.749929,53.126357],[5.750659,53.126415],[5.751076,53.126449],[5.751098,53.126457],[5.751125,53.126462],[5.751145,53.126465],[5.751436,53.126506],[5.751507,53.126516],[5.751508,53.126516],[5.751484,53.125942],[5.751489,53.125593],[5.751509,53.125534],[5.751519,53.125529],[5.751595,53.125491],[5.751605,53.125486],[5.751719,53.125461],[5.75173,53.125459],[5.752167,53.125449],[5.752167,53.125525],[5.752278,53.125482],[5.752317,53.125465],[5.752317,53.125476],[5.752756,53.125277],[5.752787,53.125302],[5.752836,53.125342],[5.752944,53.125293],[5.753135,53.125206],[5.753313,53.125125],[5.753552,53.125009],[5.753829,53.124887],[5.753947,53.124834],[5.754188,53.124726],[5.754187,53.124722],[5.754187,53.124702],[5.754189,53.124679],[5.75419,53.124668],[5.754563,53.124663],[5.75456,53.12463],[5.754612,53.124522],[5.756244,53.120837],[5.756277,53.12068],[5.756301,53.12054],[5.756308,53.120442],[5.756312,53.1203],[5.75632,53.120282],[5.756335,53.120249],[5.756356,53.120205],[5.756368,53.120177],[5.756371,53.120171],[5.75638,53.120151],[5.756388,53.120123],[5.756398,53.120081],[5.756401,53.120051],[5.756405,53.120035],[5.75641,53.120018],[5.756411,53.12],[5.756414,53.119974],[5.756424,53.119945],[5.756433,53.119917],[5.756436,53.119898],[5.756431,53.119875],[5.756432,53.119847],[5.75644,53.119804],[5.756451,53.119771],[5.756483,53.119665],[5.756499,53.119592],[5.756525,53.119472],[5.756549,53.119369],[5.756575,53.119186],[5.756578,53.119167],[5.75659,53.11909],[5.75661,53.118994],[5.756625,53.118932],[5.756653,53.118819],[5.756663,53.118769],[5.756667,53.11874],[5.756672,53.11871],[5.756677,53.118679],[5.756684,53.118645],[5.756706,53.11858],[5.756716,53.11855],[5.756718,53.118535],[5.756726,53.118498],[5.756741,53.118424],[5.756756,53.118338],[5.75678,53.118235],[5.756797,53.118169],[5.75682,53.118097],[5.756846,53.118018],[5.756864,53.11797],[5.756876,53.117909],[5.756882,53.117863],[5.756886,53.117821],[5.756892,53.117748],[5.756895,53.117705],[5.756896,53.117695],[5.756902,53.117679],[5.756912,53.117657],[5.756929,53.117585],[5.756939,53.117495],[5.757023,53.117118],[5.757025,53.117111],[5.757033,53.117075],[5.757045,53.117005],[5.757042,53.116988],[5.757038,53.116974],[5.757036,53.116936],[5.757039,53.116917],[5.757041,53.11682],[5.757041,53.116817],[5.757041,53.116814],[5.757042,53.116811],[5.757043,53.116808],[5.757044,53.116805],[5.757045,53.116803],[5.757046,53.1168],[5.757048,53.116797],[5.75705,53.116794],[5.75706,53.116662],[5.757001,53.116436],[5.756998,53.116423],[5.756986,53.116388],[5.756978,53.116358],[5.756965,53.116325],[5.756886,53.116152],[5.756845,53.116072],[5.756793,53.115975],[5.756756,53.115916],[5.756733,53.11589],[5.756687,53.11585],[5.756648,53.115823],[5.756621,53.115801],[5.75659,53.11578],[5.756618,53.115669],[5.756704,53.115371],[5.756828,53.114908],[5.757016,53.114279],[5.757095,53.113979],[5.757217,53.113556],[5.757313,53.113202],[5.757348,53.113059],[5.757449,53.112716],[5.757665,53.11276],[5.759103,53.113079],[5.759319,53.113118],[5.759316,53.113203],[5.759797,53.113319],[5.76031,53.113435],[5.760567,53.113494],[5.760797,53.113546],[5.761185,53.113634],[5.761404,53.113679],[5.761658,53.113404],[5.76179,53.113258],[5.761881,53.11314],[5.761931,53.113072],[5.761957,53.113029],[5.761996,53.112956],[5.762072,53.112804],[5.762165,53.112601],[5.762209,53.112513],[5.76231,53.112301],[5.762426,53.112051],[5.762566,53.111808],[5.762618,53.111698],[5.762646,53.111639],[5.762665,53.111583],[5.762471,53.111542],[5.762171,53.11148],[5.761215,53.111281],[5.760813,53.111195],[5.760876,53.111116],[5.761028,53.110912],[5.761272,53.110594],[5.761527,53.11025],[5.761587,53.110186],[5.761833,53.109869],[5.762047,53.109592],[5.762239,53.109336],[5.762443,53.109059],[5.762628,53.108817],[5.762855,53.108916],[5.763183,53.109058],[5.76353,53.109211],[5.76387,53.109359],[5.764149,53.109479],[5.764297,53.109539],[5.764411,53.109591],[5.764432,53.109564],[5.764503,53.10946],[5.764504,53.109459],[5.76451,53.109447],[5.764526,53.109418],[5.764591,53.109324],[5.764701,53.109175],[5.764829,53.108972],[5.764957,53.108783],[5.765075,53.108624],[5.765172,53.108518],[5.765281,53.10842],[5.765293,53.10841],[5.765295,53.108408],[5.765364,53.108364],[5.76549,53.108295],[5.765649,53.10823],[5.765858,53.10815],[5.766089,53.108074],[5.766307,53.108013],[5.76655,53.107949],[5.766754,53.1079],[5.766905,53.107857],[5.767079,53.107796],[5.767239,53.107736],[5.767374,53.107681],[5.767383,53.107676],[5.767398,53.107668],[5.767481,53.107622],[5.767599,53.107558],[5.767698,53.107487],[5.767791,53.107413],[5.767857,53.107353],[5.767943,53.107265],[5.768009,53.107188],[5.768032,53.107161],[5.76812,53.107068],[5.768231,53.106975],[5.768387,53.106877],[5.76858,53.106777],[5.768728,53.106713],[5.768863,53.106665],[5.769003,53.106621],[5.76915,53.106586],[5.769398,53.106536],[5.769632,53.106495],[5.769818,53.106456],[5.769956,53.106422],[5.770093,53.106374],[5.770277,53.106313],[5.770318,53.106296],[5.770429,53.106252],[5.770537,53.106195],[5.770285,53.106159],[5.770331,53.106139],[5.770317,53.106126],[5.770341,53.106116],[5.770266,53.106107],[5.770147,53.106087],[5.77002,53.106061],[5.769718,53.105985],[5.769525,53.105931],[5.769372,53.105881],[5.76928,53.105849],[5.769189,53.105818],[5.768912,53.105704],[5.768788,53.105644],[5.768646,53.105569],[5.768524,53.105503],[5.768376,53.105419],[5.768219,53.105326],[5.76813,53.105273],[5.768041,53.105221],[5.767916,53.105145],[5.76779,53.10507],[5.767779,53.105064],[5.76788,53.104967],[5.76798,53.104869],[5.768031,53.104819],[5.768037,53.104813],[5.768069,53.104788],[5.768099,53.104764],[5.76815,53.104714],[5.768174,53.104693],[5.768191,53.104686],[5.768227,53.104686],[5.768236,53.104687],[5.768264,53.104653],[5.768591,53.104295],[5.768956,53.103895],[5.769533,53.103263],[5.770229,53.103507],[5.770402,53.103017],[5.77052,53.102692],[5.770545,53.102702],[5.770556,53.102687],[5.77058,53.102656],[5.770651,53.102686],[5.770749,53.102729],[5.770919,53.102826],[5.771109,53.102923],[5.771303,53.10301],[5.771501,53.103093],[5.77169,53.103158],[5.771934,53.103227],[5.772297,53.103335],[5.772548,53.103413],[5.772734,53.10346],[5.772976,53.103513],[5.773114,53.103562],[5.773278,53.103639],[5.7734,53.103692],[5.77354,53.10373],[5.773777,53.103771],[5.773944,53.103794],[5.77409,53.103803],[5.774209,53.103809],[5.774412,53.103803],[5.77459,53.103789],[5.77482,53.103764],[5.775109,53.103721],[5.775414,53.103685],[5.775417,53.103685],[5.775853,53.10364],[5.776206,53.103597],[5.776502,53.103557],[5.776703,53.103519],[5.776964,53.103457],[5.77717,53.103394],[5.77739,53.103318],[5.777691,53.103234],[5.777874,53.103184],[5.778008,53.103116],[5.778321,53.10296],[5.778559,53.102851],[5.778741,53.102784],[5.778941,53.102704],[5.779035,53.102659],[5.779308,53.10253],[5.7796,53.102387],[5.779808,53.102274],[5.779984,53.102161],[5.780094,53.102094],[5.780219,53.102042],[5.780422,53.101962],[5.780572,53.101894],[5.780718,53.101804],[5.780871,53.101698],[5.781,53.101616],[5.781122,53.101557],[5.781239,53.101483],[5.781374,53.101382],[5.781497,53.101258],[5.781622,53.101145],[5.781776,53.101038],[5.781952,53.100923],[5.782076,53.100815],[5.782186,53.1007],[5.78232,53.100601],[5.78261,53.100388],[5.782914,53.100141],[5.783112,53.100009],[5.783212,53.09994],[5.783233,53.099924],[5.783455,53.099762],[5.783553,53.099681],[5.783671,53.099604],[5.784064,53.099357],[5.784307,53.099216],[5.784616,53.09903],[5.785361,53.09882],[5.785431,53.098802],[5.785691,53.098763],[5.785894,53.098735],[5.785996,53.098721],[5.786151,53.098687],[5.786548,53.098583],[5.78737,53.098498],[5.78738,53.098497],[5.787386,53.098487],[5.787408,53.098446],[5.787412,53.098428],[5.787434,53.098352],[5.787503,53.0982],[5.787548,53.098097],[5.78758,53.098021],[5.787603,53.09797],[5.787828,53.097471],[5.788038,53.097041],[5.788091,53.096936],[5.788142,53.096817],[5.788193,53.096697],[5.788229,53.096594],[5.788129,53.096587],[5.788153,53.096555],[5.787845,53.096494],[5.787749,53.096473],[5.787689,53.096457],[5.78764,53.096438],[5.787595,53.096405],[5.787559,53.096352],[5.787508,53.096256],[5.78749,53.096227],[5.787461,53.096202],[5.78738,53.096151],[5.787356,53.096099],[5.787254,53.096069],[5.787054,53.096058],[5.786735,53.096063],[5.786264,53.096019],[5.786262,53.096043],[5.786228,53.096114],[5.786079,53.096198],[5.785715,53.096323],[5.785593,53.096343],[5.785498,53.096217],[5.785273,53.096047],[5.785039,53.095854],[5.784813,53.095688],[5.784756,53.095649],[5.784745,53.095616],[5.784756,53.095587],[5.784817,53.095533],[5.78477,53.095493],[5.784712,53.095457],[5.784639,53.095429],[5.784394,53.095353],[5.784199,53.095298],[5.784022,53.095244],[5.783795,53.095169],[5.7837,53.095138],[5.783586,53.095102],[5.783532,53.095085],[5.783239,53.094998],[5.783031,53.09494],[5.783011,53.094922],[5.782998,53.094897],[5.782991,53.094867],[5.782983,53.094844],[5.782952,53.094828],[5.782553,53.094707],[5.782219,53.094603],[5.782109,53.094566],[5.782048,53.09454],[5.782006,53.094507],[5.781986,53.09447],[5.781986,53.094439],[5.782115,53.094256],[5.782287,53.094026],[5.781924,53.093916],[5.781406,53.093753],[5.781128,53.093666],[5.781093,53.093656],[5.78073,53.093545],[5.780356,53.093427],[5.780268,53.093398],[5.780163,53.093365],[5.78001,53.093315],[5.779959,53.093299],[5.779569,53.093179],[5.779165,53.09305],[5.77898,53.092996],[5.778574,53.092869],[5.778285,53.092778],[5.778134,53.092736],[5.778137,53.092733],[5.778143,53.092709],[5.778142,53.092669],[5.778147,53.092654],[5.7781,53.092641],[5.777997,53.092605],[5.777787,53.092513],[5.777262,53.092266],[5.777078,53.09218],[5.776952,53.092127],[5.776887,53.092104],[5.776835,53.092076],[5.776784,53.092044],[5.776659,53.091979],[5.776533,53.091908],[5.776395,53.091839],[5.776339,53.091813],[5.776304,53.091801],[5.776255,53.091797],[5.776209,53.091803],[5.776182,53.091777],[5.776113,53.091719],[5.775998,53.09165],[5.77594,53.091614],[5.77588,53.091576],[5.775734,53.091494],[5.775529,53.091381],[5.775303,53.091263],[5.775262,53.091242],[5.774993,53.091099],[5.774627,53.090909],[5.774542,53.090871],[5.774488,53.090861],[5.77444,53.090862],[5.774428,53.090837],[5.774404,53.09081],[5.774299,53.090741],[5.77412,53.090638],[5.773939,53.090542],[5.773909,53.090525],[5.773687,53.09041],[5.7732,53.090143],[5.77268,53.089854],[5.772595,53.089822],[5.772596,53.089801],[5.772586,53.089778],[5.77256,53.089752],[5.772406,53.089662],[5.772203,53.089551],[5.77192,53.089401],[5.771725,53.089293],[5.771562,53.089205],[5.771424,53.089129],[5.771384,53.089106],[5.771377,53.089092],[5.771377,53.089079],[5.771388,53.089061],[5.77141,53.089033],[5.771497,53.088946],[5.771657,53.088779],[5.771809,53.088619],[5.771945,53.088485],[5.772007,53.088423],[5.772042,53.08838],[5.771974,53.088304],[5.771888,53.088271],[5.771705,53.088189],[5.771514,53.0881],[5.771275,53.087999],[5.771203,53.087961],[5.771188,53.087944],[5.771187,53.087926],[5.771191,53.087911],[5.771208,53.087894],[5.771253,53.087864],[5.771295,53.087836],[5.771344,53.087799],[5.771369,53.087772],[5.771375,53.087757],[5.771298,53.087703],[5.771288,53.087651],[5.77134,53.08765],[5.771483,53.087647],[5.771638,53.087644],[5.771828,53.087644],[5.772018,53.087643],[5.772539,53.087622],[5.772669,53.087618],[5.772721,53.087616],[5.77281,53.087614],[5.772828,53.087596],[5.77293,53.087499],[5.772948,53.087482],[5.772966,53.087464],[5.773,53.087432],[5.773045,53.087395],[5.773148,53.087309],[5.773217,53.08725],[5.77332,53.087163],[5.773358,53.087132],[5.773384,53.087108],[5.773408,53.087084],[5.773423,53.087064],[5.773434,53.087048],[5.773439,53.087029],[5.773442,53.087001],[5.773444,53.086931],[5.773445,53.086899],[5.773447,53.086854],[5.77345,53.086841],[5.773459,53.086821],[5.773479,53.086801],[5.773493,53.086785],[5.773517,53.08677],[5.773551,53.086752],[5.773597,53.086733],[5.773641,53.086719],[5.773702,53.086702],[5.773792,53.086679],[5.773901,53.086654],[5.77397,53.08664],[5.774032,53.086623],[5.774086,53.086608],[5.774147,53.086588],[5.774171,53.086581],[5.774195,53.086572],[5.774215,53.086561],[5.774232,53.086549],[5.774231,53.086543],[5.77423,53.086535],[5.774274,53.086503],[5.774321,53.086465],[5.774361,53.086436],[5.774402,53.086408],[5.774433,53.086386],[5.774463,53.086367],[5.77448,53.086356],[5.774495,53.086341],[5.774502,53.086328],[5.774505,53.086314],[5.774504,53.086301],[5.774493,53.086289],[5.774471,53.08627],[5.77443,53.086249],[5.774344,53.086218],[5.774272,53.086192],[5.774182,53.08616],[5.774104,53.086134],[5.774037,53.086108],[5.77402,53.086098],[5.774005,53.086083],[5.773998,53.086065],[5.773998,53.08605],[5.774002,53.086033],[5.774014,53.086012],[5.774031,53.085988],[5.774066,53.085952],[5.774116,53.085911],[5.774231,53.085815],[5.774342,53.085727],[5.774379,53.085702],[5.774409,53.085685],[5.774426,53.085667],[5.774438,53.085652],[5.774446,53.085639],[5.774448,53.085625],[5.774446,53.085613],[5.774436,53.085602],[5.774427,53.085591],[5.774416,53.085569],[5.7744,53.085536],[5.774368,53.085457],[5.774307,53.085312],[5.774241,53.08516],[5.774163,53.084969],[5.7741,53.084803],[5.774062,53.084704],[5.774011,53.08457],[5.773945,53.084393],[5.773898,53.08427],[5.773876,53.08422],[5.77387,53.084196],[5.773719,53.084083],[5.773707,53.084078],[5.773694,53.084066],[5.773674,53.084039],[5.773646,53.083977],[5.773618,53.083894],[5.773581,53.083759],[5.773542,53.08361],[5.773514,53.083494],[5.773486,53.083407],[5.773455,53.083329],[5.77344,53.083308],[5.773425,53.083294],[5.773399,53.083276],[5.773359,53.083255],[5.773307,53.083224],[5.773263,53.0832],[5.77323,53.083177],[5.773208,53.083144],[5.773178,53.083087],[5.773143,53.083013],[5.773118,53.08296],[5.773089,53.082892],[5.773065,53.082823],[5.773052,53.082754],[5.773022,53.082631],[5.772995,53.082474],[5.772977,53.08238],[5.772963,53.082371],[5.772955,53.082343],[5.772959,53.082339],[5.772954,53.082309],[5.772944,53.082268],[5.772928,53.082226],[5.772918,53.082202],[5.772914,53.082191],[5.772888,53.082137],[5.772872,53.08211],[5.772854,53.08208],[5.772831,53.082051],[5.772804,53.082015],[5.772776,53.081987],[5.772742,53.081946],[5.77271,53.081907],[5.772682,53.081874],[5.772653,53.081844],[5.77263,53.081822],[5.772611,53.081807],[5.772583,53.08179],[5.77248,53.081742],[5.772381,53.081696],[5.772279,53.08165],[5.77219,53.081609],[5.772113,53.081572],[5.772004,53.081521],[5.771916,53.081481],[5.771818,53.081434],[5.771766,53.081404],[5.771699,53.081374],[5.771644,53.081349],[5.771579,53.081319],[5.771492,53.081281],[5.771401,53.081238],[5.771366,53.081219],[5.771322,53.081195],[5.771266,53.081172],[5.771224,53.08115],[5.771191,53.081133],[5.771128,53.08111],[5.77109,53.081098],[5.771064,53.081091],[5.771046,53.081085],[5.771009,53.081077],[5.771004,53.081076],[5.770959,53.081071],[5.770801,53.081052],[5.770648,53.081035],[5.770388,53.081005],[5.77029,53.080995],[5.770122,53.080973],[5.769893,53.080948],[5.769613,53.080915],[5.769425,53.08089],[5.769299,53.080877],[5.769251,53.080869],[5.769149,53.080859],[5.769101,53.080855],[5.769086,53.080854],[5.768961,53.080845],[5.768911,53.08084],[5.768904,53.080832],[5.768747,53.080814],[5.768495,53.080784],[5.768307,53.080761],[5.768156,53.080742],[5.768057,53.080729],[5.768021,53.080722],[5.768009,53.080721],[5.767999,53.080719],[5.767991,53.08072],[5.767962,53.08072],[5.767838,53.080707],[5.767635,53.08068],[5.767486,53.080661],[5.767322,53.080642],[5.767243,53.080634],[5.767187,53.080631],[5.767135,53.080631],[5.767073,53.080629],[5.766991,53.080623],[5.766867,53.080615],[5.766777,53.080611],[5.76673,53.080603],[5.766704,53.080601],[5.766688,53.080599],[5.766635,53.080599],[5.766604,53.0806],[5.766596,53.0806],[5.766553,53.080599],[5.766392,53.080588],[5.766214,53.080579],[5.766056,53.080569],[5.765917,53.08056],[5.765802,53.080553],[5.765677,53.080547],[5.765537,53.080538],[5.765423,53.080532],[5.765289,53.080526],[5.765188,53.080521],[5.765123,53.080517],[5.76507,53.080514],[5.765009,53.080507],[5.764979,53.0805],[5.764892,53.080476],[5.764778,53.080441],[5.764662,53.080407],[5.764529,53.08036],[5.764283,53.080276],[5.764332,53.080242],[5.76473,53.079969],[5.765129,53.079703],[5.765607,53.079376],[5.765989,53.079117],[5.766119,53.079026],[5.766297,53.078903],[5.766679,53.078642],[5.766883,53.078505],[5.767137,53.078327],[5.767418,53.078137],[5.767826,53.077858],[5.767854,53.077839],[5.768051,53.077702],[5.768371,53.077487],[5.768699,53.077262],[5.769011,53.077047],[5.769211,53.076912],[5.76942,53.076769],[5.769653,53.076609],[5.769928,53.076422],[5.77027,53.076189],[5.770588,53.075977],[5.770921,53.075743],[5.770944,53.075728],[5.771276,53.075501],[5.771416,53.075405],[5.771704,53.075207],[5.772163,53.074894],[5.772552,53.074626],[5.772839,53.074431],[5.773096,53.074255],[5.773114,53.074243],[5.773134,53.07423],[5.773164,53.074218],[5.7732,53.074214],[5.773236,53.074214],[5.773276,53.074227],[5.773564,53.074109],[5.773571,53.074076],[5.773601,53.073948],[5.773635,53.073845],[5.773699,53.073647],[5.773754,53.07347],[5.773789,53.07331],[5.773819,53.07311],[5.773852,53.072889],[5.773911,53.072606],[5.773944,53.072426],[5.773993,53.072129],[5.774048,53.07186],[5.774103,53.071671],[5.77414,53.071564],[5.774148,53.071541],[5.774157,53.071428],[5.774183,53.071272],[5.774194,53.071224],[5.774213,53.071145],[5.774246,53.071037],[5.774282,53.070953],[5.774288,53.070879],[5.77429,53.070786],[5.774295,53.070678],[5.774323,53.070527],[5.774413,53.070084],[5.774432,53.070007],[5.774452,53.069941],[5.774479,53.069829],[5.774501,53.069644],[5.774549,53.069256],[5.774561,53.069162],[5.774572,53.069072],[5.774591,53.068975],[5.774593,53.068965],[5.774626,53.068772],[5.774697,53.06839],[5.774802,53.067917],[5.774848,53.067649],[5.774898,53.067453],[5.774962,53.067291],[5.775022,53.067192],[5.775033,53.06709],[5.775045,53.066858],[5.77505,53.066728],[5.775054,53.066644],[5.775083,53.066646],[5.775279,53.066658],[5.775366,53.066664],[5.775507,53.066691],[5.775614,53.066716],[5.775673,53.066723],[5.775711,53.06672],[5.775732,53.066713],[5.775747,53.066699],[5.775749,53.066675],[5.775727,53.066657],[5.775692,53.066643],[5.775651,53.066631],[5.775588,53.066617],[5.775525,53.066598],[5.775491,53.06657],[5.775476,53.066539],[5.775466,53.066502],[5.775446,53.066474],[5.775408,53.066452],[5.775234,53.066375],[5.775154,53.066337],[5.775082,53.066327],[5.77508,53.066318],[5.775073,53.066286],[5.775068,53.066286],[5.775053,53.066286],[5.775045,53.066287],[5.775036,53.066293],[5.77501,53.066319],[5.774994,53.066331],[5.774989,53.066334],[5.77498,53.066339],[5.774959,53.066347],[5.774943,53.066348],[5.774929,53.066352],[5.77491,53.066353],[5.774874,53.066355],[5.774852,53.066356],[5.77484,53.066358],[5.774821,53.066358],[5.774804,53.066352],[5.774786,53.066347],[5.774766,53.066347],[5.774698,53.066347],[5.774677,53.066344],[5.774654,53.066339],[5.774635,53.066334],[5.774619,53.066327],[5.774604,53.066322],[5.774583,53.066318],[5.774571,53.066319],[5.77455,53.066319],[5.774528,53.066316],[5.774473,53.066306],[5.774448,53.066301],[5.774421,53.066299],[5.774385,53.066301],[5.774368,53.066298],[5.774348,53.066291],[5.774329,53.066284],[5.774314,53.066276],[5.774286,53.066266],[5.774268,53.066262],[5.774244,53.066255],[5.774222,53.066248],[5.774206,53.066241],[5.774191,53.066236],[5.774177,53.066225],[5.774161,53.066215],[5.774143,53.066205],[5.774102,53.066182],[5.774083,53.066172],[5.774044,53.066144],[5.774032,53.066137],[5.774019,53.066129],[5.774002,53.066126],[5.773989,53.066125],[5.773982,53.066124],[5.773962,53.066124],[5.773959,53.066126],[5.773956,53.066127],[5.773934,53.066127],[5.773921,53.066122],[5.773906,53.066118],[5.773878,53.066108],[5.773855,53.066099],[5.773815,53.066085],[5.773784,53.066073],[5.773765,53.066064],[5.773746,53.066055],[5.773728,53.066046],[5.773707,53.066038],[5.773698,53.066035],[5.773669,53.066019],[5.77362,53.065994],[5.773577,53.065973],[5.773536,53.065958],[5.773509,53.06595],[5.773487,53.065944],[5.773469,53.065942],[5.773452,53.065941],[5.77343,53.065938],[5.773411,53.065936],[5.7734,53.06593],[5.773391,53.065923],[5.773372,53.065922],[5.773343,53.065917],[5.773322,53.065913],[5.773284,53.065902],[5.773264,53.065894],[5.773254,53.065887],[5.773233,53.065879],[5.773208,53.06586],[5.773194,53.06585],[5.773168,53.065838],[5.773154,53.06583],[5.773131,53.065815],[5.773082,53.065778],[5.773065,53.065762],[5.773046,53.065749],[5.773029,53.065744],[5.773007,53.065736],[5.772985,53.06573],[5.772963,53.065725],[5.772952,53.065715],[5.772948,53.065698],[5.772935,53.065682],[5.772921,53.065665],[5.772906,53.065654],[5.772888,53.065648],[5.772866,53.065641],[5.772841,53.065629],[5.772819,53.065614],[5.772803,53.065603],[5.772788,53.065595],[5.772777,53.065586],[5.772758,53.065573],[5.772734,53.065568],[5.772715,53.065554],[5.772696,53.065534],[5.772674,53.065522],[5.772635,53.065513],[5.772631,53.065498],[5.772635,53.06549],[5.772626,53.065481],[5.772604,53.065468],[5.772588,53.065453],[5.77258,53.065441],[5.772572,53.065426],[5.772553,53.065414],[5.772532,53.065402],[5.772513,53.065399],[5.772491,53.065398],[5.772463,53.065394],[5.772444,53.06539],[5.772428,53.065379],[5.772412,53.065368],[5.772394,53.065349],[5.772387,53.065333],[5.772381,53.065316],[5.772367,53.065303],[5.772354,53.065289],[5.772342,53.065276],[5.772327,53.065264],[5.772323,53.065244],[5.77232,53.065228],[5.772314,53.065214],[5.772305,53.065207],[5.772289,53.065198],[5.77228,53.065191],[5.772263,53.065186],[5.77225,53.065182],[5.772237,53.065179],[5.772224,53.06517],[5.772202,53.065154],[5.772194,53.065138],[5.772198,53.065133],[5.772201,53.065129],[5.772199,53.065108],[5.772195,53.065089],[5.772184,53.065067],[5.772172,53.065049],[5.772161,53.065036],[5.772145,53.065026],[5.772144,53.065002],[5.772135,53.064995],[5.772118,53.06499],[5.772092,53.064985],[5.772065,53.064982],[5.772052,53.064981],[5.772047,53.064981],[5.772035,53.064977],[5.772007,53.064952],[5.772015,53.064946],[5.772019,53.064933],[5.772017,53.06492],[5.771995,53.064914],[5.771946,53.0649],[5.771933,53.064893],[5.771925,53.064874],[5.77191,53.064861],[5.771896,53.064846],[5.771882,53.064836],[5.771865,53.064819],[5.771854,53.06481],[5.771823,53.064794],[5.771807,53.06478],[5.77179,53.064763],[5.771767,53.064754],[5.771743,53.06474],[5.77171,53.064709],[5.771667,53.064688],[5.771668,53.064673],[5.771678,53.064666],[5.771689,53.064659],[5.771698,53.06465],[5.771696,53.064633],[5.77169,53.064621],[5.771665,53.064605],[5.771658,53.064592],[5.771659,53.064581],[5.771652,53.064567],[5.77164,53.064552],[5.771632,53.064538],[5.771615,53.064531],[5.771606,53.064522],[5.771596,53.064494],[5.771579,53.064484],[5.771559,53.064476],[5.771528,53.064472],[5.771498,53.06447],[5.771477,53.064462],[5.771465,53.064445],[5.77144,53.064432],[5.771413,53.064423],[5.771377,53.064411],[5.771334,53.064391],[5.771302,53.064379],[5.771268,53.064367],[5.771232,53.064353],[5.771199,53.064338],[5.771174,53.064324],[5.771147,53.064308],[5.771128,53.064296],[5.771099,53.064285],[5.771086,53.064273],[5.771065,53.064262],[5.771039,53.064252],[5.771021,53.064242],[5.770974,53.064225],[5.770968,53.064212],[5.77094,53.064203],[5.770908,53.064195],[5.770884,53.064185],[5.770859,53.064175],[5.770764,53.064144],[5.770619,53.064111],[5.770484,53.064081],[5.770449,53.064082],[5.770423,53.064077],[5.770404,53.064065],[5.77038,53.064065],[5.770351,53.06406],[5.770321,53.064053],[5.770296,53.064043],[5.770231,53.064033],[5.770207,53.064029],[5.770197,53.064024],[5.770189,53.064024],[5.770184,53.064026],[5.770173,53.064025],[5.770144,53.06402],[5.770125,53.064014],[5.770109,53.064008],[5.77009,53.063992],[5.770066,53.063969],[5.770054,53.063955],[5.77005,53.063944],[5.770053,53.063937],[5.770059,53.063933],[5.77006,53.063928],[5.770058,53.06392],[5.770048,53.063911],[5.770031,53.063903],[5.770015,53.063899],[5.769999,53.063899],[5.769988,53.063896],[5.769969,53.063888],[5.769946,53.063873],[5.769916,53.063851],[5.769894,53.063836],[5.769894,53.063828],[5.76989,53.063822],[5.769879,53.063817],[5.76983,53.063802],[5.769812,53.063794],[5.769798,53.063782],[5.769785,53.06377],[5.769772,53.063756],[5.769755,53.063741],[5.769731,53.063735],[5.769705,53.063717],[5.769652,53.06369],[5.769633,53.063676],[5.769616,53.06366],[5.769607,53.063647],[5.769586,53.063627],[5.76957,53.06362],[5.769553,53.063614],[5.769513,53.063593],[5.769495,53.063584],[5.769478,53.063578],[5.76946,53.063569],[5.769352,53.063519],[5.76933,53.06351],[5.769323,53.063499],[5.769313,53.063464],[5.769286,53.063405],[5.769235,53.063386],[5.769149,53.063429],[5.769133,53.063439],[5.769118,53.063446],[5.769102,53.06345],[5.769078,53.063453],[5.76905,53.063455],[5.76902,53.063455],[5.769002,53.063449],[5.768981,53.063436],[5.768958,53.063427],[5.768925,53.063413],[5.76889,53.063397],[5.768852,53.063376],[5.768815,53.06336],[5.768782,53.063357],[5.768757,53.063338],[5.768721,53.063314],[5.768689,53.063299],[5.768643,53.063275],[5.7686,53.063253],[5.768576,53.063246],[5.768536,53.063236],[5.768506,53.063225],[5.768475,53.063204],[5.768445,53.06319],[5.768414,53.063173],[5.768389,53.063171],[5.768359,53.063168],[5.768303,53.063153],[5.76817,53.063102],[5.768076,53.063068],[5.767979,53.063043],[5.767946,53.063038],[5.76793,53.063037],[5.767911,53.063038],[5.767893,53.063042],[5.767879,53.063044],[5.767853,53.063045],[5.767754,53.063045],[5.767712,53.063043],[5.767694,53.063039],[5.767682,53.063031],[5.767672,53.063021],[5.767656,53.063016],[5.767635,53.063015],[5.767614,53.063015],[5.767588,53.063014],[5.767561,53.063006],[5.767543,53.063],[5.767535,53.062987],[5.767522,53.062979],[5.767505,53.062973],[5.767475,53.062964],[5.767428,53.062954],[5.767411,53.062948],[5.767389,53.062936],[5.767369,53.062924],[5.767358,53.062913],[5.767341,53.062903],[5.767283,53.062876],[5.767263,53.062867],[5.767212,53.062841],[5.767169,53.062817],[5.767126,53.062788],[5.767083,53.062763],[5.767048,53.06273],[5.767023,53.062697],[5.766993,53.062667],[5.766964,53.062642],[5.76692,53.062617],[5.766872,53.062589],[5.766823,53.062567],[5.766796,53.062542],[5.766763,53.062516],[5.76675,53.062485],[5.766739,53.062451],[5.766731,53.062418],[5.766736,53.062402],[5.766756,53.06239],[5.766773,53.062378],[5.766768,53.062355],[5.766757,53.06233],[5.766753,53.0623],[5.766736,53.06228],[5.766715,53.062267],[5.76671,53.062262],[5.766684,53.06224],[5.766655,53.062208],[5.766621,53.062174],[5.766596,53.06213],[5.766591,53.062092],[5.766604,53.062054],[5.766615,53.06201],[5.766601,53.061969],[5.766577,53.061933],[5.766537,53.061894],[5.766494,53.061871],[5.766442,53.061872],[5.766384,53.061873],[5.766337,53.061864],[5.766323,53.061844],[5.766344,53.061829],[5.766376,53.061817],[5.766408,53.061793],[5.766451,53.061761],[5.766451,53.061718],[5.766433,53.061671],[5.766395,53.061647],[5.766351,53.06163],[5.766321,53.061593],[5.766283,53.061545],[5.766262,53.06151],[5.766228,53.061479],[5.76617,53.061447],[5.766121,53.061417],[5.766084,53.061388],[5.765635,53.061313],[5.765578,53.061338],[5.765503,53.061336],[5.765413,53.061316],[5.76531,53.061289],[5.765208,53.06126],[5.76511,53.061234],[5.765009,53.061204],[5.764924,53.061175],[5.764849,53.061147],[5.764776,53.061121],[5.764714,53.061102],[5.764638,53.06109],[5.764544,53.061078],[5.764447,53.061068],[5.764356,53.06106],[5.764286,53.061052],[5.764262,53.061048],[5.764229,53.061038],[5.7642,53.061016],[5.764178,53.060993],[5.764152,53.06097],[5.764129,53.060962],[5.764123,53.06096],[5.764085,53.060961],[5.76406,53.060981],[5.764039,53.061007],[5.764015,53.06103],[5.763974,53.06105],[5.763924,53.061063],[5.763873,53.061074],[5.763815,53.061085],[5.763754,53.061095],[5.763705,53.061099],[5.763654,53.061093],[5.763622,53.061084],[5.763578,53.061072],[5.763534,53.061067],[5.763491,53.061073],[5.76344,53.061073],[5.763406,53.061069],[5.763385,53.061059],[5.763356,53.061052],[5.763313,53.061056],[5.763272,53.061048],[5.763242,53.061055],[5.763206,53.061059],[5.763157,53.061062],[5.763136,53.061057],[5.763134,53.061047],[5.763111,53.061041],[5.763058,53.061034],[5.762994,53.061028],[5.762941,53.061023],[5.762895,53.061016],[5.762801,53.060986],[5.762687,53.060959],[5.762637,53.060963],[5.762584,53.06097],[5.762468,53.060981],[5.76242,53.060986],[5.762362,53.060985],[5.762318,53.060982],[5.762282,53.060975],[5.762259,53.06096],[5.76223,53.060953],[5.762194,53.060942],[5.762161,53.060924],[5.762127,53.060905],[5.76209,53.06089],[5.762053,53.060885],[5.762009,53.060879],[5.761977,53.060859],[5.761945,53.060844],[5.761924,53.060848],[5.761895,53.060847],[5.76186,53.060829],[5.761843,53.060798],[5.761847,53.06078],[5.76185,53.060758],[5.76185,53.060724],[5.761843,53.060679],[5.761853,53.06064],[5.761862,53.060598],[5.761894,53.060518],[5.761911,53.060473],[5.76192,53.060429],[5.761958,53.060328],[5.761979,53.060277],[5.762,53.060222],[5.762011,53.06017],[5.762022,53.060119],[5.762037,53.060066],[5.762055,53.060002],[5.762075,53.059946],[5.76209,53.059898],[5.762102,53.059852],[5.762119,53.059809],[5.762144,53.059788],[5.762149,53.059767],[5.762146,53.059743],[5.762159,53.059703],[5.762181,53.059668],[5.762206,53.059624],[5.762231,53.059574],[5.762261,53.059528],[5.762295,53.05948],[5.762341,53.059395],[5.762358,53.05935],[5.762376,53.059302],[5.762395,53.05927],[5.762411,53.059242],[5.762417,53.0592],[5.762429,53.059173],[5.76245,53.05914],[5.762464,53.059101],[5.762485,53.059072],[5.762494,53.059046],[5.762506,53.059011],[5.762528,53.058957],[5.762592,53.058852],[5.762632,53.058796],[5.762657,53.05876],[5.762678,53.058729],[5.762726,53.058665],[5.763117,53.058215],[5.763141,53.05805],[5.763215,53.057866],[5.763223,53.05778],[5.763229,53.057706],[5.763235,53.057665],[5.763248,53.057602],[5.763257,53.057544],[5.763265,53.057485],[5.763271,53.057417],[5.76328,53.057352],[5.763296,53.057291],[5.763317,53.057219],[5.763353,53.057104],[5.763349,53.057066],[5.763319,53.057029],[5.763276,53.056992],[5.763258,53.056971],[5.763252,53.056933],[5.763248,53.056894],[5.763245,53.056845],[5.763241,53.056802],[5.763223,53.056762],[5.763183,53.056711],[5.763142,53.05668],[5.763122,53.056634],[5.76312,53.056627],[5.763125,53.056622],[5.763159,53.056587],[5.76318,53.056581],[5.763203,53.056574],[5.763268,53.056564],[5.763323,53.056542],[5.763366,53.056494],[5.763425,53.056428],[5.763443,53.056409],[5.763453,53.056357],[5.763531,53.056309],[5.763551,53.0563],[5.763677,53.056236],[5.763789,53.056192],[5.763899,53.056161],[5.763998,53.056103],[5.764108,53.055915],[5.76415,53.055834],[5.764161,53.055812],[5.764231,53.055495],[5.764289,53.055392],[5.764329,53.05532],[5.764553,53.054833],[5.764748,53.054473],[5.764762,53.054433],[5.764764,53.054407],[5.764762,53.054384],[5.764779,53.054347],[5.764861,53.054226],[5.764881,53.054209],[5.765006,53.053926],[5.765007,53.053924],[5.765127,53.053683],[5.765439,53.053368],[5.765445,53.053363],[5.765466,53.05328],[5.765573,53.052875],[5.76568,53.052646],[5.765765,53.052524],[5.76599,53.052031],[5.766086,53.051928],[5.76613,53.051833],[5.766254,53.051413],[5.766367,53.051237],[5.766491,53.051044],[5.766527,53.051009],[5.766813,53.050545],[5.766952,53.050493],[5.766965,53.05049],[5.767022,53.050475],[5.767563,53.050312],[5.767565,53.050293],[5.76761,53.05023],[5.767661,53.050192],[5.767756,53.050158],[5.767775,53.050164],[5.76787,53.050134],[5.768221,53.050019],[5.768313,53.049985],[5.768347,53.049971],[5.768506,53.049958],[5.768552,53.049952],[5.768613,53.049936],[5.76866,53.049931],[5.768689,53.049925],[5.768716,53.049909],[5.768753,53.04989],[5.768819,53.049872],[5.768943,53.049843],[5.769001,53.049822],[5.769042,53.049804],[5.769145,53.049767],[5.769257,53.049731],[5.76929,53.049706],[5.769366,53.049673],[5.769396,53.049675],[5.769403,53.049671],[5.769469,53.049633],[5.769543,53.049533],[5.769611,53.049353],[5.769624,53.049319],[5.769696,53.049296],[5.769706,53.049207],[5.769729,53.049173],[5.769841,53.048949],[5.769933,53.048773],[5.770379,53.048512],[5.77039,53.048516],[5.770563,53.04829],[5.770543,53.048175],[5.77103,53.047476],[5.771058,53.047483],[5.771066,53.047471],[5.77116,53.047356],[5.771211,53.047299],[5.771335,53.047203],[5.771412,53.047197],[5.771059,53.046995],[5.771012,53.046968],[5.770989,53.046916],[5.770855,53.046864],[5.770521,53.046796],[5.770497,53.046749],[5.770459,53.046755],[5.770428,53.0467],[5.770462,53.046691],[5.7704,53.046594],[5.77043,53.046565],[5.77043,53.04647],[5.770545,53.046361],[5.770499,53.046249],[5.770437,53.046202],[5.769856,53.045897],[5.769847,53.045849],[5.769961,53.045851],[5.772762,53.045901],[5.773912,53.045922],[5.774514,53.046293],[5.774903,53.046533],[5.777248,53.04798],[5.778536,53.048745],[5.778802,53.048903],[5.781893,53.050729],[5.785918,53.053058],[5.786184,53.053213],[5.788567,53.054597],[5.78837,53.054689],[5.789898,53.055501],[5.79149,53.056347],[5.792091,53.056667],[5.793464,53.057521],[5.793823,53.05768],[5.794157,53.057828],[5.795898,53.058531],[5.796386,53.058839],[5.796589,53.058968],[5.796985,53.059218],[5.797598,53.059711],[5.798515,53.0603],[5.799479,53.060922],[5.799862,53.061123],[5.800359,53.061399],[5.800844,53.061656],[5.801621,53.062146],[5.80215,53.06248],[5.80296,53.063067],[5.804301,53.064075],[5.804899,53.064489],[5.805656,53.065013],[5.806355,53.065366],[5.80723,53.065881],[5.807377,53.065978],[5.807716,53.066232],[5.807906,53.066369],[5.808243,53.066589],[5.808697,53.067137],[5.810083,53.068402],[5.813007,53.071288],[5.814179,53.072393],[5.816212,53.074044],[5.817558,53.074939],[5.819274,53.075862],[5.820737,53.076476],[5.823672,53.077479],[5.824844,53.077885],[5.827242,53.078621],[5.827654,53.078744],[5.828114,53.078906],[5.828471,53.079011],[5.828901,53.07915],[5.830162,53.079595],[5.830462,53.079264],[5.830573,53.079079],[5.830698,53.078864],[5.830813,53.078648],[5.830896,53.078472],[5.830997,53.078443],[5.831024,53.078375],[5.831636,53.078485],[5.831971,53.07855],[5.832058,53.078565],[5.832085,53.078563],[5.832119,53.0785],[5.832141,53.078479],[5.832239,53.07843],[5.832319,53.078424],[5.83242,53.07844],[5.832594,53.078469],[5.832776,53.078513],[5.83291,53.078545],[5.833011,53.078559],[5.833276,53.078605],[5.833595,53.078668],[5.833967,53.078735],[5.834272,53.078792],[5.834587,53.078843],[5.834899,53.078894],[5.835121,53.078939],[5.83537,53.078986],[5.835577,53.079032],[5.835778,53.07907],[5.835995,53.07911],[5.836287,53.079153],[5.836436,53.07918],[5.83674,53.07923],[5.837008,53.079282],[5.837315,53.079341],[5.837656,53.079399],[5.837929,53.079444],[5.83826,53.079507],[5.838488,53.079557],[5.838654,53.07958],[5.83875,53.079598],[5.839016,53.079639],[5.83925,53.079682],[5.839485,53.07972],[5.839675,53.079746],[5.839872,53.079785],[5.840019,53.079816],[5.840147,53.079835],[5.840279,53.079854],[5.840437,53.079889],[5.840686,53.079938],[5.840995,53.08],[5.841298,53.080061],[5.841609,53.080121],[5.841836,53.080172],[5.842072,53.08022],[5.842173,53.080241],[5.842422,53.080295],[5.842613,53.080333],[5.842824,53.080366],[5.842842,53.08037],[5.842865,53.080376],[5.842892,53.080384],[5.843045,53.080402],[5.843177,53.080404],[5.843362,53.080383],[5.843438,53.080357],[5.843522,53.080309],[5.843581,53.080243],[5.84385,53.079888],[5.843928,53.079803],[5.844036,53.079711],[5.844098,53.079661],[5.844329,53.079565],[5.844423,53.079571],[5.844488,53.079559],[5.844504,53.079558],[5.844572,53.079558],[5.844679,53.079562],[5.844769,53.079575],[5.844884,53.079596],[5.844994,53.079622],[5.845083,53.079644],[5.845173,53.07967],[5.845265,53.0797],[5.845471,53.079751],[5.845605,53.079792],[5.845701,53.079821],[5.845832,53.079852],[5.846011,53.079894],[5.846222,53.079945],[5.846435,53.080003],[5.846667,53.080064],[5.846888,53.080126],[5.84701,53.080152],[5.847045,53.080153],[5.847073,53.080154],[5.847108,53.080158],[5.847126,53.080166],[5.847142,53.080179],[5.847153,53.080186],[5.847232,53.080208],[5.847388,53.080246],[5.84753,53.080284],[5.847766,53.080345],[5.848033,53.080411],[5.8482,53.080454],[5.848353,53.080497],[5.848455,53.080523],[5.848557,53.080551],[5.848731,53.080594],[5.848784,53.08061],[5.84883,53.080624],[5.848859,53.080637],[5.849162,53.08072],[5.849179,53.080724],[5.849192,53.080727],[5.849246,53.080749],[5.849384,53.080792],[5.849596,53.080859],[5.849761,53.080909],[5.849857,53.080944],[5.850009,53.080987],[5.85017,53.081031],[5.85031,53.081076],[5.850494,53.081136],[5.850663,53.081194],[5.850817,53.081235],[5.851053,53.081306],[5.851198,53.081358],[5.851427,53.081435],[5.851599,53.081491],[5.851685,53.081523],[5.852015,53.081634],[5.852558,53.081787],[5.853173,53.081962],[5.853441,53.082094],[5.853798,53.082273],[5.854442,53.082414],[5.855043,53.082508],[5.855595,53.08256],[5.855804,53.082561],[5.856294,53.082543],[5.856672,53.082501],[5.857175,53.082433],[5.857862,53.08231],[5.858437,53.082169],[5.859116,53.081978],[5.859492,53.081849],[5.859748,53.08173],[5.85983,53.081679],[5.859831,53.081676],[5.861137,53.082098],[5.861361,53.082194],[5.861421,53.082218],[5.861477,53.082234],[5.861548,53.08225],[5.861599,53.08226],[5.861634,53.082263],[5.861665,53.082265],[5.861701,53.082267],[5.861733,53.082267],[5.861767,53.082266],[5.861809,53.082267],[5.862046,53.082307],[5.862212,53.082347],[5.86226,53.08236],[5.862289,53.082372],[5.86231,53.082387],[5.862335,53.082408],[5.862349,53.082423],[5.862365,53.08244],[5.862381,53.082454],[5.862406,53.082467],[5.862435,53.082482],[5.862496,53.082513],[5.862616,53.082565],[5.862735,53.082613],[5.862885,53.082633],[5.862959,53.08264],[5.863103,53.082648],[5.863141,53.082647],[5.863217,53.082645],[5.863245,53.082646],[5.863271,53.08266],[5.86333,53.082684],[5.86339,53.082701],[5.863443,53.082715],[5.863495,53.082726],[5.863505,53.082739],[5.863591,53.082768],[5.863655,53.082781],[5.863684,53.082785],[5.863693,53.082785],[5.863721,53.082783],[5.86381,53.082773],[5.863908,53.082764],[5.86397,53.082757],[5.864021,53.082758],[5.864066,53.082761],[5.864107,53.082766],[5.864141,53.082769],[5.86415,53.082768],[5.864173,53.082751],[5.864174,53.082663],[5.864337,53.082682],[5.864541,53.082718],[5.864545,53.08272],[5.864566,53.082718],[5.864624,53.082707],[5.864665,53.082712],[5.864769,53.082758],[5.86491,53.082782],[5.865027,53.082863],[5.865083,53.082872],[5.865131,53.082886],[5.865141,53.082898],[5.865133,53.082959],[5.865137,53.08309],[5.86515,53.083105],[5.865182,53.083109],[5.865279,53.083131],[5.865361,53.083169],[5.865403,53.083187],[5.865464,53.083203],[5.865553,53.083235],[5.865624,53.08325],[5.865737,53.083281],[5.865794,53.083306],[5.865796,53.083306],[5.865802,53.083334],[5.86583,53.083352],[5.865898,53.083387],[5.865919,53.083415],[5.865957,53.083444],[5.865986,53.083508],[5.866044,53.083539],[5.866077,53.083557],[5.866125,53.083558],[5.866165,53.083551],[5.866197,53.083547],[5.866216,53.083548],[5.866239,53.083564],[5.866265,53.083584],[5.866332,53.083612],[5.866415,53.083638],[5.866551,53.083679],[5.866781,53.083756],[5.866851,53.083779],[5.866922,53.083799],[5.867014,53.083818],[5.867055,53.083827],[5.867099,53.083827],[5.867133,53.083827],[5.867178,53.083839],[5.867227,53.083852],[5.867291,53.083852],[5.86747,53.083855],[5.867516,53.08386],[5.867585,53.083872],[5.867623,53.083882],[5.867664,53.083897],[5.867709,53.083913],[5.867747,53.083931],[5.86778,53.083953],[5.867843,53.08397],[5.867887,53.083985],[5.867964,53.083997],[5.868007,53.083994],[5.868076,53.083974],[5.868088,53.083972],[5.868165,53.083985],[5.868143,53.084129],[5.86837,53.08427],[5.868743,53.084307],[5.868862,53.084273],[5.868882,53.084267],[5.868957,53.084167],[5.869072,53.084185],[5.869142,53.084201],[5.869187,53.084214],[5.869216,53.084231],[5.869273,53.084256],[5.869359,53.084282],[5.869444,53.084305],[5.869476,53.084312],[5.869494,53.084325],[5.86951,53.08433],[5.869534,53.084332],[5.869607,53.084312],[5.869667,53.084305],[5.869723,53.084306],[5.869798,53.084317],[5.86989,53.084336],[5.869961,53.084356],[5.870009,53.084377],[5.870028,53.084395],[5.870046,53.084412],[5.870096,53.084433],[5.870138,53.084444],[5.87017,53.084448],[5.870208,53.084454],[5.870256,53.084467],[5.870311,53.084477],[5.87036,53.08448],[5.870411,53.084476],[5.870444,53.084469],[5.87048,53.084468],[5.870531,53.084476],[5.870584,53.084488],[5.870628,53.084501],[5.870675,53.08451],[5.870689,53.08452],[5.870698,53.084528],[5.870724,53.084529],[5.870793,53.08452],[5.870846,53.084506],[5.870863,53.084496],[5.870892,53.084486],[5.870926,53.084487],[5.870967,53.084494],[5.871007,53.084507],[5.871024,53.084522],[5.871048,53.084551],[5.871061,53.084569],[5.871062,53.084579],[5.871059,53.08459],[5.871049,53.084595],[5.871041,53.084602],[5.871041,53.084616],[5.871056,53.084628],[5.871086,53.084645],[5.871104,53.084653],[5.871125,53.084654],[5.871161,53.084654],[5.871172,53.084658],[5.871183,53.084669],[5.871201,53.084688],[5.871225,53.084708],[5.871242,53.084713],[5.871297,53.084726],[5.871362,53.08475],[5.871379,53.084754],[5.871411,53.084753],[5.871429,53.084757],[5.871458,53.084767],[5.871485,53.084784],[5.871499,53.084786],[5.871566,53.084785],[5.871629,53.08478],[5.871665,53.084768],[5.871691,53.084768],[5.871721,53.084774],[5.871765,53.084784],[5.87186,53.084817],[5.871933,53.084848],[5.871958,53.084863],[5.87199,53.084873],[5.872061,53.084904],[5.872101,53.084922],[5.872132,53.084922],[5.872223,53.084947],[5.872298,53.084971],[5.872354,53.084991],[5.872386,53.085003],[5.872416,53.085011],[5.872539,53.085052],[5.872615,53.085074],[5.872685,53.085093],[5.872786,53.085117],[5.872871,53.085135],[5.872953,53.08515],[5.873041,53.085165],[5.873117,53.085175],[5.873133,53.085178],[5.873231,53.085189],[5.873322,53.085197],[5.873399,53.085202],[5.87347,53.085205],[5.873562,53.085208],[5.873629,53.085208],[5.87371,53.085207],[5.873774,53.085205],[5.873835,53.085202],[5.873898,53.085198],[5.873978,53.085192],[5.874039,53.085186],[5.874107,53.085178],[5.874182,53.085168],[5.874254,53.085157],[5.874315,53.085146],[5.874394,53.085131],[5.87449,53.08511],[5.874576,53.085088],[5.874635,53.085073],[5.874643,53.08507],[5.87468,53.085057],[5.874704,53.085035],[5.874726,53.085],[5.874746,53.084983],[5.87478,53.084977],[5.874852,53.084979],[5.874885,53.084997],[5.875049,53.085036],[5.875306,53.085092],[5.875484,53.085104],[5.875555,53.085091],[5.875847,53.085042],[5.875989,53.085063],[5.876835,53.085292],[5.876836,53.085299],[5.876848,53.085322],[5.876878,53.085337],[5.876923,53.085348],[5.87694,53.085347],[5.876985,53.085338],[5.876999,53.08534],[5.87701,53.085361],[5.87702,53.085362],[5.877048,53.08536],[5.877077,53.085353],[5.877098,53.085356],[5.877129,53.085366],[5.877145,53.085364],[5.87716,53.085355],[5.877172,53.085352],[5.877188,53.085356],[5.877234,53.085371],[5.877246,53.085382],[5.877266,53.085392],[5.877319,53.085399],[5.877365,53.085403],[5.877411,53.085409],[5.877443,53.085412],[5.877457,53.085423],[5.877464,53.085441],[5.877467,53.085468],[5.877463,53.085473],[5.877463,53.085482],[5.877479,53.085497],[5.877495,53.085524],[5.877495,53.085546],[5.877468,53.08558],[5.877469,53.085608],[5.87748,53.085629],[5.877511,53.085645],[5.877521,53.085651],[5.877527,53.085632],[5.877579,53.085647],[5.87759,53.085691],[5.877649,53.085741],[5.877689,53.085794],[5.877715,53.085838],[5.877719,53.085875],[5.877719,53.085905],[5.877717,53.085932],[5.877713,53.085949],[5.877726,53.085967],[5.877743,53.085971],[5.877773,53.085982],[5.877777,53.085997],[5.877795,53.086009],[5.877818,53.086017],[5.877831,53.08603],[5.877839,53.086045],[5.877836,53.086066],[5.877842,53.086073],[5.877859,53.086073],[5.87787,53.086066],[5.877898,53.086044],[5.877918,53.086042],[5.877986,53.086043],[5.878002,53.086048],[5.878003,53.086057],[5.878002,53.086081],[5.878006,53.086095],[5.878027,53.086107],[5.878062,53.086114],[5.878089,53.08612],[5.878116,53.086132],[5.878154,53.086151],[5.878181,53.08617],[5.878218,53.086206],[5.878264,53.086241],[5.878303,53.086272],[5.878364,53.086297],[5.878413,53.086325],[5.878431,53.086345],[5.878441,53.086371],[5.878473,53.0864],[5.878512,53.086423],[5.878556,53.08645],[5.878586,53.086468],[5.87862,53.086481],[5.878638,53.086482],[5.878657,53.086478],[5.878688,53.086478],[5.878713,53.086481],[5.878732,53.086488],[5.878741,53.0865],[5.878741,53.086511],[5.878738,53.086522],[5.878727,53.086533],[5.878722,53.086544],[5.878732,53.086557],[5.87877,53.086571],[5.878785,53.086578],[5.878782,53.086586],[5.878815,53.086593],[5.878821,53.086585],[5.878839,53.08658],[5.878863,53.086575],[5.878888,53.086577],[5.878919,53.086584],[5.878931,53.08659],[5.878934,53.086597],[5.878934,53.086607],[5.878927,53.086624],[5.878921,53.086627],[5.878901,53.086627],[5.878894,53.086629],[5.878885,53.086641],[5.878891,53.086644],[5.878942,53.08666],[5.878961,53.086659],[5.878981,53.086654],[5.878992,53.08665],[5.879004,53.086653],[5.879006,53.086667],[5.879001,53.086677],[5.878989,53.08669],[5.878996,53.086698],[5.879058,53.086726],[5.879122,53.086743],[5.87919,53.086759],[5.879266,53.086781],[5.879335,53.086797],[5.87945,53.08682],[5.879569,53.086854],[5.879624,53.086873],[5.879741,53.08692],[5.879831,53.086951],[5.879847,53.086948],[5.879942,53.086986],[5.879952,53.087001],[5.879979,53.08702],[5.88004,53.087043],[5.880075,53.087061],[5.880084,53.087077],[5.880096,53.087093],[5.880153,53.087117],[5.880208,53.087151],[5.880247,53.087177],[5.880259,53.087187],[5.880257,53.087199],[5.880254,53.087207],[5.880274,53.087217],[5.880124,53.087398],[5.880427,53.087511],[5.880417,53.08752],[5.880453,53.087529],[5.880475,53.087529],[5.880505,53.087525],[5.880528,53.087528],[5.880553,53.087538],[5.880577,53.087549],[5.880612,53.087554],[5.880651,53.087555],[5.880682,53.087559],[5.880718,53.08757],[5.880723,53.08758],[5.880723,53.087592],[5.880741,53.087606],[5.880829,53.087655],[5.880858,53.08766],[5.880935,53.087656],[5.880967,53.087658],[5.880975,53.087669],[5.880978,53.087683],[5.880996,53.087683],[5.881017,53.087676],[5.881021,53.087658],[5.881031,53.087649],[5.881058,53.087648],[5.881075,53.087653],[5.881098,53.087666],[5.881107,53.087677],[5.881113,53.087692],[5.881125,53.087708],[5.881145,53.087721],[5.881176,53.087731],[5.881225,53.087751],[5.881249,53.087768],[5.88125,53.087779],[5.881267,53.087794],[5.881289,53.087794],[5.881304,53.087794],[5.881312,53.087803],[5.881313,53.087817],[5.881315,53.087836],[5.881332,53.087851],[5.881356,53.08786],[5.881379,53.08786],[5.881403,53.087856],[5.881426,53.087845],[5.881428,53.087834],[5.881434,53.087826],[5.881453,53.087824],[5.881479,53.087828],[5.88149,53.087837],[5.881514,53.087869],[5.88155,53.087904],[5.88157,53.087917],[5.881599,53.087933],[5.881627,53.087945],[5.881672,53.087974],[5.881697,53.087998],[5.881741,53.088046],[5.88178,53.088085],[5.881825,53.088111],[5.881891,53.088155],[5.881962,53.088195],[5.882081,53.088281],[5.882139,53.088318],[5.8822,53.088358],[5.882241,53.088393],[5.882281,53.088431],[5.882315,53.088462],[5.882335,53.088486],[5.882354,53.088511],[5.882377,53.088534],[5.8824,53.088554],[5.882428,53.088562],[5.882447,53.088576],[5.88247,53.088597],[5.882501,53.088621],[5.882532,53.088649],[5.882587,53.088681],[5.882639,53.088704],[5.882672,53.088716],[5.882761,53.088753],[5.882822,53.088774],[5.882888,53.088811],[5.882951,53.088848],[5.883114,53.088963],[5.88301,53.089342],[5.882973,53.089347],[5.882928,53.08936],[5.882898,53.089373],[5.882893,53.089385],[5.882894,53.089402],[5.882898,53.089425],[5.88291,53.089457],[5.882926,53.089481],[5.882934,53.0895],[5.882928,53.089539],[5.882977,53.089559],[5.883007,53.08957],[5.883037,53.089578],[5.883051,53.089584],[5.883052,53.089606],[5.883048,53.089629],[5.883032,53.089641],[5.883022,53.089654],[5.883019,53.08969],[5.883027,53.08971],[5.883053,53.089723],[5.88308,53.089733],[5.88311,53.089742],[5.883124,53.08975],[5.883125,53.089763],[5.883095,53.089787],[5.883081,53.089804],[5.883078,53.08982],[5.883078,53.089836],[5.88308,53.089848],[5.883081,53.089857],[5.883066,53.089857],[5.883047,53.089857],[5.883018,53.089861],[5.882999,53.089869],[5.882977,53.089872],[5.882956,53.089877],[5.882928,53.089878],[5.882909,53.089872],[5.882874,53.089872],[5.882869,53.089882],[5.882869,53.089897],[5.882882,53.089906],[5.882891,53.089905],[5.882905,53.089899],[5.882924,53.089895],[5.882936,53.089896],[5.882937,53.089907],[5.882934,53.089921],[5.882941,53.08993],[5.88293,53.089938],[5.882905,53.08994],[5.882905,53.089954],[5.882916,53.089977],[5.882934,53.09],[5.882963,53.090033],[5.882996,53.090061],[5.883043,53.090074],[5.883084,53.090089],[5.883114,53.090107],[5.883139,53.09013],[5.883153,53.09015],[5.883155,53.090164],[5.88319,53.09019],[5.883193,53.090203],[5.883208,53.090212],[5.883223,53.090222],[5.883229,53.09023],[5.883209,53.090244],[5.883189,53.090251],[5.883171,53.090261],[5.883174,53.090272],[5.88319,53.090274],[5.883207,53.090274],[5.88322,53.090277],[5.883235,53.090283],[5.883276,53.090294],[5.883302,53.090304],[5.883351,53.090324],[5.883356,53.090334],[5.883377,53.090385],[5.883417,53.090443],[5.883441,53.090485],[5.883478,53.090542],[5.883509,53.090596],[5.883529,53.090645],[5.883532,53.090661],[5.88353,53.09068],[5.883522,53.090699],[5.88351,53.090719],[5.883493,53.090743],[5.883473,53.090764],[5.883452,53.090782],[5.883433,53.090794],[5.883415,53.090799],[5.883393,53.090806],[5.88338,53.090815],[5.883374,53.090828],[5.883366,53.090842],[5.88335,53.090857],[5.883299,53.090893],[5.883298,53.090899],[5.883299,53.090908],[5.883298,53.090916],[5.883289,53.090924],[5.883266,53.090924],[5.88324,53.090922],[5.883214,53.090923],[5.883193,53.090929],[5.883178,53.090937],[5.883167,53.090951],[5.883148,53.090961],[5.883119,53.090976],[5.883091,53.090985],[5.883064,53.090988],[5.883031,53.09099],[5.882996,53.090992],[5.88296,53.090992],[5.882909,53.09099],[5.88289,53.090985],[5.882878,53.090979],[5.882855,53.090975],[5.88282,53.090973],[5.882758,53.090969],[5.882726,53.090968],[5.882698,53.090965],[5.882675,53.090956],[5.882647,53.090945],[5.882622,53.090937],[5.882526,53.090916],[5.882407,53.090889],[5.88234,53.090875],[5.882286,53.09086],[5.882263,53.090852],[5.882178,53.090832],[5.882141,53.090819],[5.882091,53.090799],[5.882071,53.090793],[5.881984,53.090747],[5.881807,53.090671],[5.881849,53.090635],[5.881729,53.090553],[5.881498,53.090475],[5.881138,53.090286],[5.880848,53.090167],[5.880785,53.090226],[5.880759,53.090293],[5.880833,53.090373],[5.880884,53.09043],[5.8809,53.090445],[5.880744,53.090421],[5.880533,53.090376],[5.880407,53.090353],[5.880287,53.090333],[5.880196,53.090318],[5.880098,53.090304],[5.88006,53.090304],[5.880018,53.090304],[5.879983,53.090309],[5.879894,53.090331],[5.879569,53.090387],[5.879511,53.090395],[5.879189,53.090426],[5.879182,53.090529],[5.878923,53.090541],[5.878713,53.090552],[5.878822,53.09079],[5.878718,53.090865],[5.878488,53.090836],[5.878468,53.090874],[5.878445,53.090875],[5.87841,53.090877],[5.878402,53.090886],[5.878411,53.090895],[5.878428,53.090906],[5.878435,53.090918],[5.878434,53.090929],[5.878414,53.090944],[5.878386,53.090955],[5.878361,53.090961],[5.878317,53.090965],[5.878283,53.090965],[5.878247,53.090959],[5.878217,53.090947],[5.878183,53.090938],[5.878152,53.090936],[5.878131,53.090939],[5.87812,53.09095],[5.87812,53.090966],[5.878142,53.090976],[5.878183,53.090994],[5.87824,53.091009],[5.878272,53.091011],[5.878326,53.091021],[5.878371,53.091031],[5.878411,53.091047],[5.878438,53.091064],[5.878452,53.091086],[5.878476,53.091105],[5.878478,53.091121],[5.878477,53.091131],[5.878484,53.091144],[5.878506,53.091164],[5.878509,53.09119],[5.878518,53.091208],[5.878538,53.091238],[5.878558,53.091263],[5.878607,53.091299],[5.878683,53.091341],[5.878802,53.091402],[5.878934,53.091456],[5.879021,53.091488],[5.879121,53.091546],[5.879197,53.09158],[5.879235,53.091591],[5.879275,53.091604],[5.879346,53.09165],[5.87944,53.091718],[5.879461,53.091746],[5.879474,53.091767],[5.879477,53.091778],[5.879472,53.091791],[5.879461,53.091797],[5.879441,53.091805],[5.879437,53.091817],[5.879458,53.091851],[5.879496,53.091886],[5.879556,53.091926],[5.879656,53.092002],[5.879737,53.092057],[5.879826,53.092099],[5.879901,53.092124],[5.879978,53.092153],[5.88006,53.092192],[5.880124,53.092242],[5.880181,53.092289],[5.880245,53.092335],[5.880279,53.092361],[5.880301,53.092374],[5.880325,53.09237],[5.88034,53.09235],[5.880349,53.092329],[5.880367,53.092312],[5.880395,53.092301],[5.880424,53.092288],[5.880448,53.092277],[5.880473,53.09227],[5.88052,53.092272],[5.880564,53.092286],[5.880584,53.092302],[5.880585,53.092313],[5.880582,53.092323],[5.880591,53.092336],[5.880601,53.092351],[5.880607,53.092373],[5.880602,53.092392],[5.880588,53.092408],[5.880583,53.092418],[5.880591,53.092439],[5.880613,53.092473],[5.880635,53.092505],[5.880655,53.092526],[5.880681,53.092539],[5.880715,53.092547],[5.880746,53.092562],[5.880771,53.092579],[5.880801,53.092609],[5.880847,53.092641],[5.880913,53.092681],[5.880981,53.092723],[5.881021,53.092743],[5.881047,53.092756],[5.881109,53.09278],[5.881176,53.092813],[5.881218,53.092839],[5.881267,53.092862],[5.881323,53.09288],[5.881377,53.092884],[5.881432,53.092889],[5.881475,53.092888],[5.881498,53.092886],[5.881527,53.092885],[5.881549,53.092882],[5.881576,53.09288],[5.8816,53.092879],[5.881621,53.092879],[5.881635,53.092882],[5.881653,53.092888],[5.881678,53.092907],[5.881689,53.092913],[5.881699,53.092917],[5.88172,53.092925],[5.881729,53.09293],[5.881744,53.092938],[5.881768,53.092944],[5.881789,53.092948],[5.881817,53.092953],[5.881837,53.092957],[5.88186,53.092965],[5.881879,53.092973],[5.88189,53.092981],[5.881892,53.092993],[5.881901,53.093017],[5.88191,53.093038],[5.881922,53.093058],[5.881942,53.093075],[5.881957,53.093086],[5.881969,53.093103],[5.881973,53.093115],[5.881982,53.093129],[5.881995,53.093145],[5.882014,53.093153],[5.882044,53.09316],[5.882077,53.093166],[5.882108,53.093171],[5.882133,53.093177],[5.882151,53.093184],[5.882168,53.093193],[5.882183,53.093208],[5.8822,53.093227],[5.882216,53.093261],[5.882228,53.093277],[5.882243,53.093293],[5.882268,53.093311],[5.882297,53.093328],[5.88233,53.093344],[5.882356,53.093358],[5.882389,53.093377],[5.882429,53.093405],[5.882487,53.093442],[5.882566,53.093488],[5.882638,53.093519],[5.882713,53.093549],[5.882767,53.093571],[5.88284,53.093593],[5.882883,53.093606],[5.882946,53.093625],[5.882982,53.093641],[5.883028,53.093666],[5.883093,53.093694],[5.883126,53.093709],[5.883144,53.093715],[5.883167,53.093721],[5.883206,53.093733],[5.883223,53.093742],[5.883261,53.093767],[5.883282,53.093781],[5.883301,53.093788],[5.883326,53.09379],[5.883345,53.093789],[5.883363,53.093789],[5.883384,53.093791],[5.883399,53.093798],[5.883416,53.093808],[5.883426,53.093817],[5.883428,53.093826],[5.883459,53.093831],[5.88362,53.093613],[5.883826,53.093749],[5.88387,53.093777],[5.883965,53.093811],[5.884017,53.093827],[5.884088,53.09385],[5.884159,53.093883],[5.884209,53.093908],[5.884264,53.093943],[5.884308,53.093981],[5.884359,53.094035],[5.884388,53.094076],[5.884443,53.094128],[5.884487,53.094174],[5.884524,53.094207],[5.884568,53.09424],[5.884615,53.09427],[5.884681,53.094311],[5.884743,53.094349],[5.884818,53.094388],[5.884904,53.094422],[5.884969,53.094441],[5.885038,53.094463],[5.885122,53.09448],[5.88517,53.094486],[5.885214,53.094489],[5.885268,53.094489],[5.885306,53.094483],[5.885335,53.094477],[5.885366,53.09447],[5.885774,53.094476],[5.885792,53.094475],[5.885818,53.094469],[5.885853,53.094456],[5.885889,53.094446],[5.88591,53.094442],[5.885954,53.094439],[5.885985,53.094439],[5.884358,53.099711],[5.884229,53.100003],[5.884202,53.1002],[5.884216,53.100436],[5.88424,53.100522],[5.884259,53.100566],[5.884274,53.100615],[5.884324,53.100683],[5.884666,53.100953],[5.884866,53.100998],[5.884819,53.101158],[5.884822,53.101286],[5.884826,53.101364],[5.884777,53.101465],[5.884703,53.101641],[5.884616,53.101799],[5.884176,53.102292],[5.883901,53.10259],[5.883681,53.102897],[5.883601,53.103025],[5.883495,53.103203],[5.883461,53.103304],[5.883408,53.103454],[5.883407,53.103559],[5.883421,53.103621],[5.883462,53.103894],[5.883611,53.104458],[5.88361,53.104557],[5.883626,53.104651],[5.883566,53.104997],[5.883488,53.105174],[5.883328,53.105417],[5.883272,53.105475],[5.88313,53.105643],[5.882006,53.10694],[5.882422,53.106972],[5.884006,53.10711],[5.886189,53.107299],[5.888615,53.107505],[5.889383,53.107571],[5.890435,53.107685],[5.891582,53.107807],[5.893346,53.107972],[5.894279,53.108065],[5.894971,53.108127],[5.89548,53.108176],[5.895811,53.108208],[5.896445,53.10827],[5.897413,53.108363],[5.898116,53.108441],[5.899139,53.108551],[5.899288,53.108562],[5.899412,53.108568],[5.899561,53.108574],[5.899595,53.108578],[5.899715,53.108554],[5.899763,53.108522],[5.899803,53.108483],[5.899831,53.108444],[5.899858,53.108393],[5.899872,53.108349],[5.899943,53.108076],[5.899966,53.108024],[5.899993,53.107984],[5.900045,53.10796],[5.9001,53.10794],[5.900153,53.107926],[5.900198,53.107922],[5.900261,53.107921],[5.900303,53.107924],[5.900371,53.107932],[5.900859,53.108022],[5.901429,53.108106],[5.902119,53.108187],[5.902236,53.108202],[5.902321,53.108215],[5.902907,53.108338],[5.904098,53.108589],[5.904392,53.108636],[5.904612,53.108664],[5.904689,53.10867],[5.904881,53.10867],[5.905135,53.108679],[5.905541,53.108708],[5.906133,53.108758],[5.906617,53.108778],[5.906798,53.108791],[5.906978,53.108816],[5.907076,53.108832],[5.90715,53.10885],[5.907315,53.108888],[5.907482,53.108916],[5.907626,53.108933],[5.907919,53.108956],[5.908474,53.108982],[5.909176,53.109001],[5.909631,53.109008],[5.909779,53.109017],[5.910007,53.109048],[5.91049,53.109155],[5.910637,53.109175],[5.910696,53.109181],[5.910752,53.109182],[5.911161,53.109185],[5.911445,53.109193],[5.911611,53.109193],[5.911774,53.109186],[5.912319,53.109149],[5.912523,53.109159],[5.912928,53.109202],[5.913166,53.109223],[5.913281,53.109225],[5.91362,53.109206],[5.914499,53.10915],[5.914904,53.109112],[5.915107,53.109098],[5.915404,53.109074],[5.915476,53.109075],[5.91544,53.108968],[5.915396,53.108839],[5.915861,53.108851],[5.915886,53.108852],[5.916557,53.108977],[5.916924,53.109024],[5.917768,53.108933],[5.917871,53.108927],[5.918187,53.108922],[5.918336,53.108929],[5.918444,53.108945],[5.918693,53.108991],[5.919263,53.108961],[5.919764,53.108945],[5.920391,53.108959],[5.920912,53.109005],[5.921702,53.109094],[5.922432,53.109055],[5.923495,53.108986],[5.923785,53.108936],[5.92408,53.108986],[5.924504,53.109018],[5.924792,53.109012],[5.925182,53.109003],[5.925619,53.108994],[5.926512,53.108952],[5.927297,53.108926],[5.927869,53.108939],[5.928808,53.109016],[5.929434,53.109122],[5.929882,53.109502],[5.930444,53.109927],[5.930697,53.110344],[5.931585,53.110608],[5.932941,53.109456],[5.933019,53.109389],[5.933193,53.109273],[5.933734,53.109124],[5.93426,53.108905],[5.934774,53.108685],[5.935115,53.108494],[5.935361,53.108395],[5.93585,53.108193],[5.93663,53.107842],[5.937296,53.107525],[5.939235,53.106666],[5.939558,53.106519],[5.939692,53.106459],[5.94087,53.105926],[5.941013,53.105873],[5.941244,53.105801],[5.941344,53.105759],[5.941451,53.105713],[5.941567,53.105638],[5.941825,53.105427],[5.941963,53.105409],[5.942037,53.105392],[5.942103,53.105365],[5.942182,53.105331],[5.942281,53.105287],[5.942394,53.105246],[5.942557,53.105193],[5.942758,53.105132],[5.942853,53.105077],[5.942985,53.105029],[5.943082,53.104984],[5.943155,53.104948],[5.943242,53.104895],[5.943319,53.104848],[5.94352,53.104751],[5.943988,53.104546],[5.944357,53.10439],[5.944997,53.104096],[5.945525,53.10386],[5.945944,53.103676],[5.946055,53.1037],[5.946111,53.103713],[5.946377,53.103776],[5.946615,53.103831],[5.946695,53.103849],[5.946771,53.103867],[5.94701,53.103911],[5.947199,53.103944],[5.947207,53.103947],[5.947428,53.104032],[5.947702,53.104147],[5.947824,53.104208],[5.948115,53.104373],[5.948169,53.1044],[5.948176,53.104379],[5.948542,53.104549],[5.948724,53.104605],[5.948764,53.104618],[5.949332,53.104792],[5.949657,53.104892],[5.949409,53.105183],[5.949018,53.105729],[5.948931,53.106019],[5.948899,53.106227],[5.948905,53.106284],[5.948852,53.106476],[5.948839,53.106524],[5.948793,53.106541],[5.948732,53.10665],[5.948613,53.106905],[5.948492,53.107214],[5.948342,53.107603],[5.948278,53.107803],[5.948239,53.108063],[5.948256,53.108188],[5.948126,53.108518],[5.948099,53.108609],[5.948092,53.108677],[5.948049,53.108774],[5.94802,53.108856],[5.947971,53.108896],[5.947952,53.108959],[5.947906,53.10904],[5.947757,53.109502],[5.947695,53.109842],[5.947659,53.109951],[5.947507,53.110524],[5.947385,53.110976],[5.947372,53.111021],[5.947336,53.111102],[5.947235,53.111435],[5.947223,53.111722],[5.947205,53.111834],[5.947175,53.112037],[5.947169,53.112148],[5.947055,53.112355],[5.946917,53.112955],[5.946881,53.112989],[5.946845,53.113077],[5.946764,53.11326],[5.946629,53.113563],[5.946272,53.11511],[5.946159,53.115396],[5.946138,53.115475],[5.945964,53.116154],[5.94587,53.116525],[5.945684,53.11722],[5.945533,53.117416],[5.945506,53.117536],[5.945464,53.117656],[5.945438,53.117749],[5.945428,53.117849],[5.945316,53.117999],[5.945307,53.118016],[5.945269,53.118069],[5.944896,53.11872],[5.944439,53.119529],[5.944448,53.11958],[5.944204,53.119824],[5.944125,53.119977],[5.9437,53.120804],[5.943553,53.121294],[5.94346,53.121614],[5.943336,53.121608],[5.943233,53.121745],[5.943136,53.121881],[5.94305,53.121988],[5.94298,53.122072],[5.942844,53.122201],[5.942668,53.122371],[5.942489,53.122542],[5.94242,53.122606],[5.94229,53.122719],[5.941835,53.123098],[5.941702,53.123208],[5.941666,53.12324],[5.941494,53.123389],[5.94129,53.123583],[5.941164,53.123675],[5.940905,53.123865],[5.940759,53.123972],[5.940613,53.124072],[5.940433,53.124197],[5.940342,53.12426],[5.940105,53.124409],[5.939974,53.12449],[5.939923,53.124522],[5.939848,53.124569],[5.939754,53.124632],[5.939591,53.124744],[5.939429,53.124857],[5.939347,53.124913],[5.939299,53.124946],[5.939261,53.124972],[5.939184,53.125021],[5.939069,53.125092],[5.938937,53.125178],[5.938856,53.12523],[5.938802,53.125264],[5.93858,53.125404],[5.938543,53.125423],[5.938533,53.125429],[5.938444,53.125475],[5.938254,53.125572],[5.938049,53.125675],[5.937847,53.125779],[5.937683,53.125862],[5.93764,53.125884],[5.937393,53.126004],[5.937219,53.126086],[5.937116,53.126131],[5.936979,53.12619],[5.936856,53.126242],[5.93673,53.126296],[5.936599,53.126351],[5.936468,53.126407],[5.936384,53.126443],[5.936262,53.126492],[5.935961,53.126605],[5.935756,53.12668],[5.93559,53.126741],[5.935534,53.126761],[5.935512,53.126769],[5.935461,53.126796],[5.935265,53.126877],[5.935143,53.126927],[5.935053,53.126956],[5.935001,53.126974],[5.934976,53.126989],[5.934561,53.127247],[5.933664,53.127629],[5.933638,53.127642],[5.933445,53.127701],[5.933218,53.127787],[5.932686,53.127973],[5.932613,53.128036],[5.932036,53.128303],[5.931851,53.128363],[5.931748,53.128447],[5.93141,53.128547],[5.931191,53.128621],[5.931171,53.128601],[5.931067,53.128575],[5.930529,53.128618],[5.930228,53.128691],[5.930038,53.128705],[5.92962,53.12873],[5.929466,53.128769],[5.929013,53.128881],[5.928607,53.128984],[5.92855,53.129035],[5.928511,53.129068],[5.928334,53.129101],[5.928019,53.129155],[5.927667,53.129162],[5.927298,53.129175],[5.927216,53.12923],[5.927007,53.129367],[5.926862,53.129465],[5.926695,53.129576],[5.926512,53.129633],[5.926281,53.12971],[5.926101,53.129769],[5.925875,53.129844],[5.925701,53.1299],[5.925545,53.12995],[5.925416,53.129998],[5.92529,53.130046],[5.925206,53.130084],[5.925054,53.13016],[5.924784,53.130295],[5.924419,53.130469],[5.924013,53.130665],[5.923778,53.130779],[5.923619,53.130855],[5.923356,53.13091],[5.923122,53.131083],[5.923009,53.131172],[5.92293,53.131246],[5.922879,53.131295],[5.922852,53.131349],[5.922828,53.131383],[5.922806,53.131405],[5.922773,53.131426],[5.92274,53.131435],[5.922701,53.131445],[5.922677,53.131453],[5.922539,53.131557],[5.922214,53.131824],[5.922079,53.131955],[5.921952,53.132065],[5.921871,53.132144],[5.921728,53.132234],[5.921609,53.132313],[5.921507,53.132385],[5.921426,53.132445],[5.921338,53.132513],[5.921223,53.132602],[5.921101,53.132719],[5.920974,53.132838],[5.920753,53.133036],[5.920583,53.133195],[5.920438,53.133346],[5.920318,53.133472],[5.920225,53.133565],[5.92021,53.133609],[5.919727,53.134018],[5.919556,53.134174],[5.919395,53.134334],[5.919123,53.134577],[5.918834,53.134822],[5.918447,53.135179],[5.91832,53.135285],[5.918244,53.135345],[5.918197,53.135381],[5.918139,53.135425],[5.918073,53.135479],[5.918021,53.135519],[5.917959,53.135567],[5.917912,53.135607],[5.917885,53.135626],[5.917856,53.135644],[5.917823,53.135664],[5.917785,53.135684],[5.917739,53.135709],[5.91766,53.135744],[5.917595,53.135777],[5.917531,53.135812],[5.917493,53.135833],[5.917456,53.135853],[5.917426,53.135875],[5.917402,53.135899],[5.91735,53.135953],[5.9171,53.136193],[5.91689,53.136415],[5.916718,53.136593],[5.916603,53.136707],[5.916525,53.136777],[5.916452,53.136829],[5.916366,53.136907],[5.916223,53.137029],[5.915983,53.137238],[5.915824,53.137383],[5.915656,53.13753],[5.915387,53.137783],[5.915077,53.138081],[5.91503,53.138126],[5.914917,53.138206],[5.914745,53.138336],[5.914649,53.138412],[5.914584,53.138475],[5.914448,53.138601],[5.914274,53.138777],[5.914188,53.138863],[5.914092,53.138959],[5.914015,53.139037],[5.913978,53.139094],[5.913925,53.139183],[5.913903,53.139259],[5.913886,53.139341],[5.913875,53.13943],[5.913874,53.139494],[5.913862,53.139553],[5.913859,53.139599],[5.913846,53.139652],[5.913828,53.139701],[5.913809,53.139745],[5.913781,53.139789],[5.913741,53.139851],[5.913709,53.139892],[5.913603,53.140003],[5.913498,53.140106],[5.913243,53.140362],[5.913076,53.140529],[5.913021,53.140581],[5.912987,53.140609],[5.912937,53.140653],[5.912823,53.140758],[5.912732,53.140851],[5.912639,53.140953],[5.912366,53.141189],[5.911582,53.141874],[5.911423,53.142023],[5.911424,53.142044],[5.911422,53.14206],[5.911383,53.142099],[5.911078,53.142364],[5.91081,53.142593],[5.910269,53.143046],[5.909933,53.143329],[5.909084,53.144034],[5.908858,53.144317],[5.908822,53.144422],[5.908769,53.144519],[5.908723,53.144602],[5.908693,53.144659],[5.908661,53.144719],[5.908629,53.144781],[5.908816,53.144854],[5.908953,53.14491],[5.908998,53.144929],[5.909034,53.144954],[5.909083,53.144982],[5.909134,53.145009],[5.909192,53.145032],[5.909281,53.145066],[5.90933,53.14509],[5.909379,53.145106],[5.909447,53.145123],[5.909496,53.145135],[5.909564,53.145157],[5.909721,53.145217],[5.909894,53.145277],[5.910104,53.14535],[5.910241,53.145392],[5.910298,53.145409],[5.910362,53.145427],[5.910465,53.145457],[5.910557,53.145502],[5.910659,53.14555],[5.910732,53.145595],[5.910769,53.145629],[5.910865,53.145675],[5.910892,53.145675],[5.911043,53.145738],[5.911272,53.145835],[5.911394,53.145885],[5.91146,53.145906],[5.911592,53.145946],[5.911769,53.146011],[5.911884,53.146049],[5.911953,53.146086],[5.912159,53.146163],[5.912482,53.146284],[5.912673,53.146352],[5.912748,53.146378],[5.912848,53.14642],[5.913046,53.146507],[5.913208,53.146573],[5.913591,53.146706],[5.913679,53.146735],[5.91375,53.146755],[5.913843,53.146785],[5.913898,53.146799],[5.913979,53.14682],[5.914015,53.146836],[5.914045,53.146855],[5.914081,53.146864],[5.914116,53.146868],[5.914156,53.146876],[5.914205,53.146884],[5.914236,53.146892],[5.914276,53.146912],[5.914323,53.146936],[5.914353,53.146952],[5.914362,53.14696],[5.914442,53.146993],[5.914523,53.147026],[5.914584,53.147051],[5.914621,53.147069],[5.914635,53.147075],[5.914701,53.147099],[5.914773,53.147122],[5.91485,53.147146],[5.914909,53.147167],[5.914956,53.147184],[5.91499,53.147202],[5.915045,53.147233],[5.915109,53.14727],[5.915201,53.147354],[5.915293,53.147435],[5.91533,53.147475],[5.915375,53.147511],[5.915425,53.147538],[5.915469,53.147557],[5.915513,53.14757],[5.915565,53.147588],[5.915762,53.147676],[5.916002,53.147786],[5.916199,53.147876],[5.916302,53.1479],[5.916511,53.147979],[5.916924,53.148134],[5.917243,53.148255],[5.917426,53.148326],[5.917493,53.14836],[5.917616,53.148436],[5.917886,53.14861],[5.917986,53.148673],[5.91803,53.148693],[5.918195,53.148774],[5.918452,53.148907],[5.918709,53.14904],[5.918892,53.149143],[5.918962,53.149173],[5.919069,53.149263],[5.919265,53.149422],[5.919369,53.149521],[5.919473,53.149626],[5.919548,53.149698],[5.919581,53.149736],[5.91962,53.149769],[5.919641,53.14978],[5.919625,53.149797],[5.919599,53.149822],[5.919692,53.149856],[5.91965,53.149894],[5.919702,53.149991],[5.919841,53.150098],[5.919971,53.150194],[5.920012,53.150251],[5.920168,53.15037],[5.920235,53.150421],[5.920269,53.150429],[5.920284,53.150453],[5.920435,53.15056],[5.920596,53.15067],[5.92063,53.150695],[5.920669,53.150741],[5.920706,53.150775],[5.920778,53.15083],[5.920892,53.150933],[5.921028,53.151052],[5.921108,53.151124],[5.921208,53.151205],[5.921339,53.151313],[5.921461,53.151412],[5.9215,53.151453],[5.921594,53.151526],[5.9216,53.151531],[5.921696,53.151608],[5.92177,53.151666],[5.921847,53.151758],[5.921997,53.15192],[5.922198,53.152143],[5.922268,53.152204],[5.922355,53.152277],[5.922414,53.152326],[5.922503,53.15239],[5.922593,53.152449],[5.922692,53.152515],[5.922817,53.152598],[5.922964,53.152675],[5.923096,53.152756],[5.923106,53.152745],[5.923188,53.152805],[5.923232,53.152847],[5.923275,53.152919],[5.923291,53.152952],[5.923315,53.152974],[5.923332,53.15299],[5.923385,53.153041],[5.92347,53.15311],[5.92352,53.153149],[5.923556,53.153167],[5.923616,53.153219],[5.923712,53.153313],[5.923779,53.153376],[5.923806,53.153398],[5.923838,53.153416],[5.92388,53.153444],[5.923935,53.15349],[5.924022,53.153559],[5.924071,53.153601],[5.924131,53.153647],[5.924204,53.153698],[5.924279,53.153749],[5.924359,53.153812],[5.924479,53.1539],[5.924606,53.154043],[5.924716,53.154176],[5.924771,53.15424],[5.924823,53.154299],[5.924875,53.15435],[5.924973,53.154446],[5.925165,53.154624],[5.925298,53.154746],[5.925339,53.154791],[5.92536,53.154814],[5.925394,53.15485],[5.925449,53.154905],[5.925601,53.155012],[5.925635,53.155114],[5.925657,53.155156],[5.925673,53.155185],[5.925696,53.155221],[5.925725,53.155262],[5.925747,53.155293],[5.925778,53.155321],[5.925828,53.155372],[5.925884,53.155427],[5.92596,53.155501],[5.92605,53.155585],[5.92613,53.155662],[5.926291,53.155825],[5.926449,53.155986],[5.926464,53.156002],[5.926612,53.156155],[5.926717,53.156254],[5.926751,53.156291],[5.926794,53.156339],[5.926832,53.15638],[5.926875,53.156437],[5.926943,53.156518],[5.926996,53.156574],[5.927075,53.15665],[5.927143,53.156718],[5.927181,53.156759],[5.927216,53.15679],[5.927329,53.15689],[5.927464,53.157005],[5.927571,53.157097],[5.92769,53.157196],[5.927729,53.157232],[5.927777,53.157276],[5.927829,53.157332],[5.92787,53.157368],[5.927925,53.157412],[5.927989,53.157463],[5.928078,53.157529],[5.928296,53.157697],[5.92845,53.157817],[5.928632,53.157953],[5.928872,53.158127],[5.929043,53.158249],[5.929198,53.158371],[5.929348,53.158494],[5.929502,53.158618],[5.929701,53.158782],[5.929972,53.159008],[5.930256,53.159238],[5.930427,53.159376],[5.930511,53.159446],[5.930536,53.159469],[5.930611,53.159548],[5.93072,53.159666],[5.930904,53.15987],[5.931033,53.160028],[5.931038,53.160033],[5.93107,53.160071],[5.931133,53.160143],[5.931187,53.160208],[5.931235,53.160259],[5.93132,53.160341],[5.931431,53.160451],[5.931451,53.160472],[5.931529,53.160554],[5.931545,53.160599],[5.931565,53.160656],[5.931579,53.160682],[5.9316,53.160701],[5.931631,53.160729],[5.931655,53.160761],[5.931661,53.160818],[5.93168,53.160831],[5.931714,53.16085],[5.931753,53.160877],[5.9318,53.160917],[5.931829,53.160952],[5.931853,53.16099],[5.931878,53.161023],[5.931918,53.161084],[5.931937,53.161124],[5.931978,53.161225],[5.932024,53.161338],[5.932064,53.161472],[5.932136,53.161709],[5.932207,53.161972],[5.932166,53.161994],[5.93223,53.162279],[5.932289,53.162544],[5.932354,53.162608],[5.932364,53.16262],[5.932364,53.162632],[5.932374,53.162699],[5.932386,53.162713],[5.932395,53.162729],[5.932404,53.162781],[5.932417,53.162923],[5.932425,53.16301],[5.93243,53.16306],[5.932441,53.163097],[5.932459,53.16315],[5.93247,53.163196],[5.932494,53.16328],[5.932527,53.163396],[5.932556,53.163509],[5.932576,53.163597],[5.932598,53.163713],[5.932622,53.163854],[5.932637,53.163953],[5.932668,53.164093],[5.932703,53.16425],[5.932745,53.164454],[5.932802,53.164708],[5.932855,53.164959],[5.932862,53.164996],[5.932913,53.165253],[5.932972,53.165541],[5.933055,53.165854],[5.933127,53.166121],[5.933165,53.166241],[5.933182,53.16628],[5.933209,53.166318],[5.933216,53.166341],[5.933304,53.166689],[5.933339,53.166847],[5.933329,53.166871],[5.933349,53.166895],[5.933376,53.16702],[5.933419,53.167276],[5.933465,53.167506],[5.933517,53.167779],[5.933561,53.167998],[5.933595,53.168185],[5.933621,53.168318],[5.933669,53.168516],[5.933721,53.168745],[5.933746,53.168869],[5.933743,53.169014],[5.933697,53.169185],[5.933594,53.169339],[5.933502,53.169449],[5.933389,53.169584],[5.933131,53.169888],[5.932901,53.17016],[5.932721,53.170365],[5.93079,53.16977],[5.930154,53.169464],[5.929873,53.169325],[5.92986,53.169321],[5.929646,53.169251],[5.92956,53.169222],[5.929219,53.169111],[5.929127,53.169079],[5.928795,53.16899],[5.928344,53.168864],[5.927921,53.168741],[5.927712,53.168683],[5.927058,53.168574],[5.926417,53.16847],[5.925945,53.168428],[5.925529,53.168392],[5.924375,53.168384],[5.923789,53.168374],[5.923358,53.168365],[5.923012,53.168359],[5.922563,53.168357],[5.922114,53.168368],[5.921942,53.168346],[5.92154,53.16843],[5.921081,53.168461],[5.920648,53.16849],[5.92031,53.168514],[5.919932,53.168524],[5.919662,53.168543],[5.919409,53.16857],[5.918668,53.168599],[5.918225,53.168616],[5.917518,53.168646],[5.917086,53.168664],[5.916551,53.168702],[5.916048,53.168738],[5.91561,53.168757],[5.915312,53.168768],[5.914683,53.168792],[5.914275,53.168813],[5.913749,53.168841],[5.913559,53.168852],[5.912826,53.16887],[5.912057,53.168891],[5.910582,53.168931],[5.910107,53.168959],[5.90957,53.168988],[5.909174,53.169012],[5.909088,53.169017],[5.908825,53.169018],[5.908548,53.169022],[5.908229,53.169024],[5.908017,53.169027],[5.907815,53.169036],[5.90748,53.169052],[5.907069,53.169082],[5.906686,53.169109],[5.906367,53.169128],[5.9061,53.169141],[5.905725,53.169148],[5.90525,53.169157],[5.904726,53.16918],[5.903745,53.169227],[5.902773,53.169273],[5.902021,53.169315],[5.901804,53.169326],[5.901577,53.169337],[5.901223,53.169352],[5.900587,53.169376],[5.899861,53.169405],[5.899357,53.169416],[5.898766,53.169428],[5.898352,53.169428],[5.897855,53.169428],[5.897456,53.169454],[5.897261,53.169467],[5.896369,53.169501],[5.895635,53.169532],[5.895182,53.169555],[5.894751,53.169587],[5.894233,53.169622],[5.894115,53.169631],[5.893382,53.169689],[5.892847,53.169729],[5.892901,53.169627],[5.892948,53.169549],[5.892646,53.169592],[5.892425,53.169598],[5.892251,53.169603],[5.892063,53.169599],[5.891899,53.169632],[5.891764,53.16965],[5.891516,53.169659],[5.891388,53.169636],[5.891299,53.16966],[5.8909,53.169702],[5.890276,53.169761],[5.889902,53.169796],[5.889523,53.169832],[5.889292,53.169851],[5.888724,53.169882],[5.887789,53.169932],[5.886673,53.169998],[5.885372,53.17008],[5.884538,53.170132],[5.883544,53.170193],[5.883377,53.170196],[5.883271,53.170085],[5.882754,53.170126],[5.881676,53.170212],[5.88069,53.170291],[5.880284,53.17032],[5.880029,53.170338],[5.879212,53.170397],[5.878253,53.170445],[5.877004,53.170505],[5.87594,53.170568],[5.874688,53.170639],[5.873815,53.170689],[5.873247,53.170714],[5.872582,53.170741],[5.871699,53.170776],[5.870673,53.170819],[5.869002,53.170886],[5.868424,53.170908],[5.867457,53.170951],[5.866477,53.170991],[5.865744,53.171022],[5.865604,53.171031],[5.865418,53.171042],[5.8652,53.171054],[5.864968,53.171068],[5.864753,53.171081],[5.864549,53.171093],[5.864461,53.171097],[5.864276,53.171115],[5.864089,53.171133],[5.863995,53.171143],[5.86389,53.171156],[5.863692,53.171181],[5.863023,53.171281],[5.862758,53.171337],[5.862422,53.171397],[5.862348,53.17141],[5.862198,53.171486],[5.861937,53.171519],[5.861367,53.172598],[5.860941,53.173414],[5.860856,53.173567],[5.860773,53.173706],[5.860435,53.174253],[5.860354,53.174421],[5.860301,53.174531],[5.860196,53.17476],[5.860126,53.174918],[5.860092,53.175041],[5.86005,53.175195],[5.860047,53.175202],[5.859883,53.175444],[5.859814,53.175539],[5.859707,53.175753],[5.859582,53.176009],[5.859533,53.1761],[5.859463,53.176251],[5.85937,53.176464],[5.859102,53.17694],[5.858895,53.177308],[5.858808,53.177465],[5.858669,53.177799],[5.858601,53.177948],[5.858387,53.178377],[5.858195,53.178754],[5.858048,53.179008],[5.857928,53.179227],[5.857781,53.179512],[5.857729,53.179632],[5.85766,53.17979],[5.857505,53.180183],[5.857363,53.18057],[5.857237,53.180951],[5.857079,53.181379],[5.857014,53.181557],[5.856969,53.181679],[5.856965,53.181693],[5.85695,53.18172],[5.856827,53.181935],[5.85661,53.182329],[5.856446,53.182668],[5.856307,53.182964],[5.856261,53.183051],[5.856155,53.183255],[5.855924,53.183671],[5.855696,53.184076],[5.855462,53.184521],[5.855402,53.184639],[5.855372,53.184721],[5.855211,53.185167],[5.85504,53.185651],[5.854979,53.185823],[5.854932,53.185956],[5.854657,53.186635],[5.854421,53.187222],[5.854388,53.187305],[5.854211,53.187756],[5.854087,53.188111],[5.853961,53.188368],[5.853777,53.188732],[5.853673,53.188937],[5.853592,53.189093],[5.853421,53.189372],[5.853172,53.189764],[5.853001,53.190028],[5.85296,53.190091],[5.852936,53.190117],[5.852869,53.190199],[5.852702,53.190386],[5.852486,53.190608],[5.852312,53.190776],[5.852252,53.190834],[5.852168,53.190914],[5.852081,53.190987],[5.852005,53.191049],[5.851917,53.191118],[5.851871,53.191154],[5.851816,53.191194],[5.851763,53.19123],[5.851726,53.191253],[5.851676,53.191282],[5.851642,53.191301],[5.851589,53.191329],[5.851544,53.191352],[5.851493,53.191377],[5.851445,53.191399],[5.851397,53.191418],[5.851365,53.191431],[5.851308,53.191454],[5.851262,53.191466],[5.85121,53.191476],[5.85115,53.191482],[5.851083,53.191488],[5.85101,53.191617],[5.850956,53.191713],[5.850973,53.191721],[5.851012,53.191737],[5.851181,53.19181],[5.851414,53.19191],[5.851514,53.191813],[5.851977,53.191883],[5.852331,53.19195],[5.852692,53.192019],[5.852939,53.192071],[5.853349,53.192159],[5.853773,53.19225],[5.854117,53.192323],[5.85449,53.192402],[5.855188,53.192551],[5.855649,53.192645],[5.855969,53.192715],[5.856166,53.192756],[5.856457,53.192812],[5.856746,53.192867],[5.857092,53.192934],[5.857272,53.192967],[5.85733,53.192977],[5.857441,53.192996],[5.857473,53.193002],[5.857517,53.193007],[5.857547,53.19301],[5.857591,53.193013],[5.857668,53.193019],[5.857679,53.193019],[5.857698,53.193019],[5.857721,53.193017],[5.857754,53.193015],[5.857771,53.193013],[5.857855,53.192987],[5.857944,53.192958],[5.858034,53.192929],[5.858129,53.192899],[5.858161,53.192888],[5.858174,53.192885],[5.858229,53.192872],[5.858282,53.192862],[5.858337,53.192854],[5.85838,53.192849],[5.858392,53.192848],[5.858504,53.19285],[5.858648,53.192855],[5.858705,53.192858],[5.858772,53.192863],[5.858807,53.192867],[5.858868,53.192875],[5.859461,53.192986],[5.860037,53.193097],[5.8606,53.193208],[5.861022,53.193291],[5.861138,53.193312],[5.861301,53.19334],[5.861529,53.193384],[5.861682,53.193417],[5.861766,53.193439],[5.861871,53.193465],[5.861901,53.193473],[5.861923,53.19348],[5.861942,53.193488],[5.861962,53.193498],[5.861987,53.193513],[5.86203,53.193541],[5.862057,53.193559],[5.862061,53.193565],[5.86207,53.193596],[5.862075,53.193639],[5.862076,53.193664],[5.862074,53.193673],[5.86207,53.193693],[5.862066,53.193706],[5.862062,53.193718],[5.862051,53.193738],[5.862026,53.193779],[5.862006,53.193808],[5.861988,53.193831],[5.861939,53.193892],[5.861862,53.193983],[5.861743,53.194134],[5.861567,53.194369],[5.861342,53.194677],[5.861201,53.194883],[5.861055,53.195105],[5.860866,53.195388],[5.860739,53.195577],[5.860649,53.195712],[5.860631,53.195737],[5.860618,53.195761],[5.860609,53.19578],[5.860516,53.195986],[5.860397,53.196242],[5.860281,53.1965],[5.860178,53.196718],[5.860099,53.1969],[5.859981,53.197177],[5.859835,53.197514],[5.859714,53.197764],[5.859612,53.197962],[5.859532,53.198113],[5.859465,53.198233],[5.859434,53.198285],[5.859406,53.198326],[5.859366,53.198378],[5.859328,53.198426],[5.859291,53.198467],[5.859256,53.198501],[5.859228,53.198524],[5.859204,53.198541],[5.859177,53.198558],[5.859146,53.198585],[5.859122,53.198609],[5.859104,53.198632],[5.859095,53.198648],[5.859084,53.198666],[5.859074,53.198686],[5.859069,53.1987],[5.859064,53.198729],[5.859054,53.198778],[5.859042,53.198824],[5.859033,53.198851],[5.859009,53.198909],[5.858999,53.198933],[5.858952,53.199031],[5.858904,53.199124],[5.858843,53.199233],[5.858732,53.199405],[5.858655,53.199532],[5.858579,53.199658],[5.85855,53.199711],[5.858526,53.199757],[5.858512,53.199787],[5.858497,53.199813],[5.858485,53.199831],[5.858451,53.199875],[5.858435,53.199898],[5.858415,53.199932],[5.858389,53.199971],[5.858329,53.200054],[5.858279,53.200138],[5.858251,53.200187],[5.858158,53.20035],[5.858084,53.200483],[5.858026,53.200582],[5.857974,53.200668],[5.857943,53.200718],[5.857905,53.20078],[5.857841,53.200891],[5.85778,53.201011],[5.857734,53.201094],[5.857665,53.201221],[5.857572,53.201398],[5.857465,53.2016],[5.857594,53.201613],[5.857579,53.201644],[5.857558,53.201689],[5.857539,53.201733],[5.857519,53.201784],[5.857509,53.201813],[5.857495,53.201854],[5.857485,53.201881],[5.85748,53.201892],[5.857467,53.201917],[5.857407,53.202037],[5.85738,53.20209],[5.857294,53.202255],[5.857202,53.202437],[5.857151,53.202538],[5.857096,53.202646],[5.857078,53.202681],[5.85707,53.202696],[5.857055,53.202723],[5.857052,53.202729],[5.857036,53.202758],[5.857032,53.202768],[5.857024,53.202787],[5.857009,53.202827],[5.857,53.202852],[5.856992,53.202874],[5.85699,53.202886],[5.856986,53.202911],[5.856986,53.202917],[5.856987,53.202922],[5.856992,53.202932],[5.857,53.202945],[5.857005,53.202952],[5.857013,53.20296],[5.857034,53.202979],[5.857041,53.202985],[5.857048,53.202989],[5.857058,53.202995],[5.857066,53.202999],[5.857068,53.202999],[5.857077,53.203003],[5.857094,53.20301],[5.857121,53.20302],[5.857137,53.203026],[5.857179,53.203039],[5.857225,53.203053],[5.857263,53.203066],[5.857348,53.203093],[5.857361,53.203097],[5.857369,53.203101],[5.857379,53.203106],[5.857393,53.203118],[5.857416,53.203135],[5.857426,53.203144],[5.857434,53.203151],[5.857437,53.203154],[5.857488,53.203206],[5.857598,53.203318],[5.857623,53.203342],[5.857635,53.203356],[5.857645,53.20337],[5.857664,53.203396],[5.857666,53.203401],[5.857666,53.203403],[5.857673,53.203423],[5.857677,53.20343],[5.85768,53.203434],[5.857682,53.203444],[5.857691,53.203467],[5.857728,53.203561],[5.857746,53.203629],[5.857702,53.203756],[5.857681,53.203817],[5.857664,53.203867],[5.857654,53.203894],[5.857738,53.203955],[5.857737,53.203979],[5.857732,53.204045],[5.857728,53.204063],[5.857821,53.204076],[5.858463,53.204161],[5.858628,53.20418],[5.858883,53.204209],[5.859839,53.204322],[5.861477,53.204515],[5.861726,53.204546],[5.861792,53.204554],[5.861852,53.204559],[5.861881,53.204559],[5.861906,53.204557],[5.861925,53.204553],[5.861942,53.204542],[5.861956,53.204526],[5.861969,53.204515],[5.861977,53.204509],[5.861996,53.204502],[5.862006,53.204502],[5.8621,53.204513],[5.862421,53.204556],[5.86333,53.204662],[5.865863,53.204956],[5.86612,53.204986],[5.866502,53.205034],[5.867121,53.205102],[5.867169,53.205144],[5.867325,53.205168],[5.867399,53.205166],[5.867444,53.205172],[5.867477,53.205176],[5.867646,53.205204],[5.867785,53.205221],[5.868029,53.205247],[5.868316,53.205281],[5.868527,53.205305],[5.868845,53.205342],[5.870088,53.205487],[5.870353,53.205519],[5.870631,53.205554],[5.871312,53.20562],[5.8714,53.205624],[5.871666,53.205658],[5.871719,53.205665],[5.871717,53.20582],[5.87198,53.205816],[5.873205,53.205805],[5.873226,53.205806],[5.873238,53.205806],[5.873247,53.205812],[5.873309,53.205851],[5.873395,53.205902],[5.873431,53.205923],[5.873544,53.205994],[5.873555,53.205997],[5.873567,53.205998],[5.873578,53.205997],[5.873592,53.205996],[5.873605,53.205991],[5.873616,53.205985],[5.873622,53.205976],[5.873635,53.205889],[5.873699,53.205896],[5.87563,53.206119],[5.875676,53.206122],[5.875744,53.206126],[5.875975,53.206154],[5.876141,53.206173],[5.87629,53.206189],[5.876442,53.206208],[5.876603,53.206226],[5.876789,53.206249],[5.877018,53.206275],[5.877032,53.206277],[5.877263,53.206305],[5.877599,53.206343],[5.877735,53.206358],[5.877765,53.20636],[5.877795,53.206363],[5.877813,53.206363],[5.877891,53.206373],[5.877974,53.206384],[5.878221,53.206413],[5.878493,53.206447],[5.878749,53.206477],[5.879058,53.206514],[5.879099,53.206517],[5.879434,53.206559],[5.879603,53.20658],[5.879784,53.206602],[5.879993,53.206626],[5.880361,53.206667],[5.880773,53.206712],[5.881106,53.206749],[5.881463,53.206789],[5.881521,53.206796],[5.881865,53.206836],[5.882223,53.206876],[5.882604,53.20692],[5.882716,53.206933],[5.882778,53.206939],[5.882925,53.206957],[5.883139,53.206982],[5.883315,53.207002],[5.883545,53.207029],[5.883735,53.207051],[5.883798,53.207059],[5.883851,53.207065],[5.883865,53.207068],[5.883907,53.207077],[5.883921,53.207081],[5.884032,53.207087],[5.884057,53.207089],[5.884109,53.207095],[5.884197,53.207105],[5.88432,53.207121],[5.88446,53.207137],[5.884572,53.20715],[5.884664,53.207161],[5.884785,53.207176],[5.884901,53.20719],[5.885043,53.207207],[5.885066,53.207209],[5.885122,53.207222],[5.885228,53.207219],[5.885268,53.207222],[5.8853,53.207226],[5.885355,53.207232],[5.885462,53.207245],[5.885571,53.207258],[5.88582,53.207288],[5.885969,53.207307],[5.886149,53.207329],[5.886298,53.207347],[5.886325,53.207359],[5.886548,53.207375],[5.886695,53.207392],[5.886845,53.207409],[5.886992,53.207427],[5.88707,53.207437],[5.887279,53.20746],[5.887387,53.207472],[5.887466,53.207483],[5.887525,53.20749],[5.887604,53.207498],[5.887836,53.207525],[5.888023,53.207547],[5.888296,53.20758],[5.88847,53.207602],[5.888635,53.207623],[5.888693,53.207634],[5.888741,53.207639],[5.888786,53.207643],[5.888798,53.207644],[5.888963,53.207661],[5.889133,53.20768],[5.889258,53.207695],[5.889445,53.207718],[5.889649,53.20774],[5.889728,53.20775],[5.889761,53.207753],[5.889837,53.20776],[5.889878,53.207767],[5.889893,53.207769],[5.889944,53.207777],[5.889994,53.207783],[5.890208,53.207808],[5.890368,53.207829],[5.890584,53.207856],[5.890826,53.207882],[5.890983,53.207899],[5.891071,53.207909],[5.891147,53.207919],[5.891214,53.207928],[5.891422,53.207951],[5.891731,53.207985],[5.892068,53.208025],[5.892334,53.208054],[5.892542,53.208076],[5.892676,53.20809],[5.892788,53.208103],[5.892845,53.208111],[5.892921,53.208121],[5.893007,53.208132],[5.893135,53.208136],[5.893379,53.208159],[5.893459,53.208169],[5.893612,53.208188],[5.893729,53.208203],[5.893852,53.208216],[5.893925,53.208224],[5.894066,53.208239],[5.894111,53.208245],[5.894198,53.208256],[5.894551,53.208295],[5.894688,53.208311],[5.894883,53.208332],[5.895275,53.208378],[5.895323,53.208385],[5.895402,53.208395],[5.895411,53.208396],[5.895773,53.208438],[5.896047,53.208472],[5.896093,53.208478],[5.896318,53.208507],[5.89646,53.208528],[5.896475,53.20853],[5.896529,53.208535],[5.896653,53.208546],[5.89668,53.208547],[5.896718,53.208553],[5.896788,53.208562],[5.897073,53.208604],[5.897188,53.20862],[5.897284,53.20863],[5.897338,53.208636],[5.897418,53.208645],[5.897535,53.208655],[5.897652,53.208666],[5.897726,53.208676],[5.89783,53.208691],[5.897839,53.208691],[5.897892,53.208697],[5.898151,53.208737],[5.898268,53.208755],[5.898393,53.208774],[5.898575,53.208804],[5.898745,53.20883],[5.898924,53.208858],[5.899121,53.208891],[5.899232,53.20891],[5.899389,53.208939],[5.899502,53.208959],[5.899536,53.208965],[5.899575,53.208971],[5.899591,53.208974],[5.899609,53.208977],[5.899665,53.208989],[5.89977,53.209012],[5.899837,53.209027],[5.900026,53.209067],[5.900194,53.209105],[5.900357,53.209144],[5.900543,53.209188],[5.900638,53.209212],[5.900691,53.209224],[5.90113,53.209326],[5.901389,53.209387],[5.90156,53.209429],[5.901852,53.209504],[5.901894,53.209515],[5.901909,53.209519],[5.902023,53.209546],[5.90205,53.209552],[5.902185,53.209584],[5.902208,53.209589],[5.902258,53.2096],[5.902303,53.209615],[5.902394,53.209644],[5.902596,53.209704],[5.902897,53.209792],[5.903248,53.209897],[5.903267,53.209903],[5.903287,53.209909],[5.903386,53.209938],[5.903495,53.209966],[5.9036,53.209994],[5.903604,53.209997],[5.903688,53.210017],[5.903793,53.21004],[5.903851,53.21006],[5.903885,53.210072],[5.90392,53.210084],[5.903943,53.210092],[5.903952,53.210095],[5.904044,53.210133],[5.904069,53.21014],[5.904102,53.210149],[5.904316,53.210213],[5.904563,53.210286],[5.904759,53.210343],[5.904993,53.210411],[5.905556,53.21058],[5.906032,53.210722],[5.90645,53.21084],[5.906672,53.210902],[5.906847,53.210949],[5.906944,53.210976],[5.906953,53.21098],[5.906989,53.210996],[5.9071,53.211054],[5.907089,53.211062],[5.90708,53.211069],[5.907075,53.211074],[5.907073,53.211078],[5.907045,53.211112],[5.907011,53.211162],[5.906967,53.211223],[5.906951,53.211247],[5.906933,53.211267],[5.906876,53.211323],[5.906866,53.211333],[5.906833,53.211359],[5.906787,53.211393],[5.90677,53.211405],[5.906733,53.211428],[5.90668,53.21146],[5.906678,53.211461],[5.906656,53.211471],[5.906617,53.21149],[5.906588,53.211502],[5.906563,53.211509],[5.906537,53.211515],[5.906507,53.211522],[5.906476,53.211533],[5.906462,53.211539],[5.906454,53.211543],[5.90643,53.211556],[5.906413,53.211564],[5.906407,53.211568],[5.906364,53.211588],[5.906357,53.21159],[5.906346,53.211595],[5.906322,53.211603],[5.906304,53.211609],[5.906269,53.211619],[5.906209,53.211639],[5.90599,53.211713],[5.905902,53.21174],[5.9059,53.21174],[5.90585,53.211757],[5.905786,53.21178],[5.905756,53.211792],[5.905747,53.211798],[5.905729,53.211805],[5.905711,53.211814],[5.90569,53.211824],[5.905651,53.211842],[5.905617,53.21186],[5.9056,53.211872],[5.905592,53.211877],[5.905565,53.211895],[5.905496,53.211944],[5.905449,53.21198],[5.905438,53.211987],[5.905426,53.211995],[5.905408,53.212005],[5.905395,53.212013],[5.905374,53.212026],[5.90535,53.212042],[5.905315,53.212069],[5.905278,53.212108],[5.905267,53.212121],[5.905264,53.212127],[5.905226,53.212177],[5.905194,53.212221],[5.905184,53.212231],[5.905163,53.212259],[5.905046,53.212421],[5.905026,53.212448],[5.905011,53.212469],[5.905004,53.212476],[5.905004,53.212483],[5.904996,53.212511],[5.904996,53.21252],[5.904997,53.212532],[5.905,53.212542],[5.905007,53.212557],[5.905044,53.212627],[5.905081,53.212697],[5.905093,53.212722],[5.905136,53.212808],[5.905163,53.21286],[5.905169,53.212871],[5.905171,53.212882],[5.905173,53.212898],[5.905174,53.212911],[5.905176,53.21293],[5.905177,53.212955],[5.905175,53.212991],[5.905174,53.213008],[5.905169,53.213039],[5.905167,53.213048],[5.905161,53.213081],[5.905155,53.213099],[5.905132,53.213157],[5.905121,53.21319],[5.905115,53.213206],[5.9051,53.213242],[5.905096,53.213251],[5.905082,53.21328],[5.905057,53.21333],[5.905039,53.213367],[5.905033,53.213386],[5.904987,53.213521],[5.904983,53.213528],[5.904964,53.213579],[5.904955,53.213605],[5.904954,53.21361],[5.904955,53.213614],[5.904956,53.213615],[5.904959,53.21362],[5.90496,53.21362],[5.904959,53.213624],[5.904961,53.213629],[5.904947,53.213681],[5.904944,53.213696],[5.904942,53.213714],[5.904939,53.213765],[5.904939,53.213773],[5.904943,53.213785],[5.90495,53.21382],[5.904959,53.213858],[5.904966,53.213894],[5.904972,53.213918],[5.904983,53.213948],[5.904993,53.213977],[5.905005,53.214001],[5.905021,53.214031],[5.905024,53.214037],[5.905034,53.214057],[5.905055,53.214087],[5.905071,53.214112],[5.905083,53.214127],[5.905089,53.214139],[5.905099,53.214157],[5.905108,53.214177],[5.905125,53.214199],[5.905154,53.214238],[5.905187,53.214273],[5.905203,53.214288],[5.905215,53.214298],[5.905257,53.214332],[5.905266,53.214339],[5.905362,53.214416],[5.905363,53.214416],[5.90537,53.214422],[5.905409,53.214473],[5.905422,53.214489],[5.905436,53.214503],[5.905474,53.214538],[5.905532,53.214594],[5.905578,53.214636],[5.905597,53.214652],[5.905624,53.214687],[5.905634,53.2147],[5.905797,53.214862],[5.905859,53.214934],[5.905897,53.214974],[5.905932,53.215014],[5.905811,53.215007],[5.905624,53.215003],[5.905574,53.214999],[5.905359,53.214987],[5.905258,53.214982],[5.904264,53.21494],[5.90415,53.214936],[5.902834,53.214879],[5.902664,53.214872],[5.901972,53.214841],[5.901505,53.214816],[5.901464,53.214815],[5.901458,53.214813],[5.901392,53.214805],[5.900794,53.214781],[5.900037,53.214748],[5.897864,53.214658],[5.897871,53.214804],[5.897886,53.215088],[5.897896,53.215297],[5.8979,53.215388],[5.897717,53.215394],[5.896594,53.215426],[5.896438,53.215432],[5.896175,53.215441],[5.895572,53.21546],[5.895131,53.215476],[5.894854,53.215484],[5.894159,53.215507],[5.893947,53.215514],[5.893821,53.215518],[5.89387,53.215812],[5.893984,53.216499],[5.894019,53.216702],[5.894131,53.217349],[5.894188,53.217644],[5.894209,53.217773],[5.894116,53.217778],[5.893362,53.21778],[5.892197,53.217782],[5.89197,53.217784],[5.891716,53.217787],[5.891408,53.217777],[5.891109,53.21777],[5.890931,53.217764],[5.8909,53.217764],[5.890817,53.217762],[5.890758,53.217759],[5.890687,53.217755],[5.890616,53.217753],[5.890321,53.21774],[5.890094,53.217731],[5.889855,53.217721],[5.889635,53.217709],[5.889376,53.217696],[5.889171,53.217684],[5.889072,53.217683],[5.889016,53.217682],[5.889015,53.217822],[5.889014,53.2179],[5.889002,53.218276],[5.888997,53.218581],[5.888995,53.218669],[5.888998,53.218722],[5.888994,53.218796],[5.888989,53.218968],[5.888986,53.219065],[5.888985,53.219129],[5.888984,53.219158],[5.888982,53.219216],[5.889,53.219254],[5.889002,53.219298],[5.889001,53.21934],[5.889,53.219364],[5.888994,53.219445],[5.888988,53.219539],[5.888985,53.219627],[5.88898,53.219707],[5.888978,53.21977],[5.888978,53.219804],[5.888979,53.219824],[5.888976,53.21986],[5.888974,53.219892],[5.888971,53.219934],[5.888962,53.220028],[5.888952,53.220156],[5.888941,53.220294],[5.888944,53.220322],[5.888944,53.220373],[5.88894,53.22047],[5.888933,53.220611],[5.88893,53.220731],[5.888929,53.220741],[5.888929,53.220754],[5.88893,53.220775],[5.888938,53.220859],[5.888948,53.22094],[5.888953,53.220952],[5.888965,53.220953],[5.888994,53.220956],[5.889207,53.220955],[5.889346,53.220955],[5.890092,53.220955],[5.890615,53.220954],[5.891199,53.220953],[5.891652,53.220952],[5.891693,53.220951],[5.891999,53.22095],[5.892157,53.220949],[5.892322,53.220949],[5.892584,53.22095],[5.892675,53.220951],[5.893136,53.220952],[5.893669,53.220954],[5.894091,53.220956],[5.894117,53.220958],[5.894126,53.22096],[5.894195,53.220962],[5.894325,53.220962],[5.894361,53.220959],[5.894476,53.22096],[5.894797,53.220961],[5.895104,53.220965],[5.8954,53.220967],[5.895872,53.220962],[5.89624,53.220963],[5.896243,53.220963],[5.89656,53.220965],[5.897001,53.220968],[5.897117,53.22097],[5.897108,53.221027],[5.897104,53.221087],[5.897095,53.221171],[5.897088,53.221235],[5.897083,53.221285],[5.897074,53.221315],[5.897063,53.22134],[5.897047,53.22136],[5.897015,53.221393],[5.896971,53.221437],[5.896953,53.221456],[5.896928,53.221481],[5.896911,53.221506],[5.896878,53.221557],[5.896857,53.221585],[5.896807,53.221658],[5.896793,53.221688],[5.896786,53.221714],[5.896788,53.22174],[5.896793,53.221763],[5.896811,53.221798],[5.896847,53.221832],[5.896869,53.221861],[5.896914,53.221994],[5.896941,53.222066],[5.896979,53.222136],[5.896997,53.222181],[5.897003,53.222213],[5.897005,53.222239],[5.897001,53.22229],[5.897001,53.222298],[5.896998,53.22233],[5.896964,53.222669],[5.89694,53.222859],[5.896939,53.222865],[5.896927,53.222962],[5.896708,53.222961],[5.896264,53.222967],[5.896003,53.222953],[5.895759,53.222941],[5.895585,53.222934],[5.895474,53.22293],[5.895408,53.222925],[5.895232,53.222912],[5.895056,53.222898],[5.894982,53.222893],[5.894655,53.222878],[5.89462,53.222877],[5.893854,53.222851],[5.893794,53.22285],[5.893767,53.22285],[5.893418,53.222856],[5.89333,53.222859],[5.893282,53.222859],[5.892985,53.222856],[5.89255,53.222851],[5.892173,53.22285],[5.891741,53.222847],[5.891152,53.222845],[5.890842,53.222843],[5.890537,53.222839],[5.890057,53.222826],[5.889339,53.222818],[5.88917,53.222816],[5.889201,53.222972],[5.889204,53.222991],[5.889224,53.2231],[5.889238,53.223167],[5.889257,53.223269],[5.889311,53.223557],[5.889327,53.223651],[5.889352,53.223798],[5.889365,53.223864],[5.889373,53.223909],[5.88937,53.223946],[5.889377,53.224002],[5.889391,53.224141],[5.889405,53.224215],[5.889426,53.224365],[5.889432,53.224415],[5.889435,53.224448],[5.889442,53.224473],[5.889454,53.224489],[5.889468,53.2245],[5.889472,53.224501],[5.889491,53.224509],[5.88952,53.22452],[5.889553,53.224524],[5.889624,53.224527],[5.889706,53.224527],[5.889761,53.224524],[5.889913,53.224526],[5.889996,53.224531],[5.889998,53.224667],[5.889995,53.224733],[5.89,53.224779],[5.890001,53.224827],[5.890001,53.224876],[5.889999,53.224928],[5.889992,53.224999],[5.889915,53.224998],[5.889477,53.225004],[5.889175,53.225007],[5.888959,53.225009],[5.888837,53.225011],[5.88865,53.22501],[5.888494,53.225006],[5.888217,53.224996],[5.888127,53.22499],[5.888033,53.224984],[5.887914,53.224976],[5.887855,53.224972],[5.887762,53.224976],[5.887652,53.224982],[5.887561,53.224984],[5.887166,53.224988],[5.886947,53.224989],[5.886822,53.22499],[5.886692,53.22499],[5.886342,53.224988],[5.886037,53.224987],[5.885793,53.224989],[5.88556,53.224992],[5.885339,53.224995],[5.885214,53.224993],[5.885097,53.22499],[5.885022,53.224988],[5.885001,53.224987],[5.884907,53.224987],[5.884818,53.224986],[5.884613,53.224988],[5.884501,53.22499],[5.884012,53.224992],[5.883636,53.224992],[5.883203,53.224991],[5.883158,53.224992],[5.88312,53.224991],[5.883085,53.224989],[5.883039,53.224983],[5.882996,53.224981],[5.882992,53.22498],[5.88296,53.224979],[5.88282,53.224975],[5.882573,53.224972],[5.882352,53.224973],[5.882062,53.224973],[5.881621,53.224975],[5.881314,53.224975],[5.881205,53.224974],[5.880976,53.224973],[5.880656,53.224976],[5.880657,53.225018],[5.880659,53.22509],[5.880657,53.225155],[5.880658,53.225238],[5.880659,53.225248],[5.88066,53.225344],[5.88066,53.225461],[5.880663,53.225674],[5.880663,53.225791],[5.880663,53.225863],[5.880666,53.226046],[5.880671,53.226605],[5.880671,53.226629],[5.880657,53.22676],[5.880583,53.227251],[5.880561,53.22739],[5.880504,53.22776],[5.880467,53.228001],[5.880458,53.228068],[5.880455,53.228086],[5.880455,53.228088],[5.880445,53.22815],[5.88041,53.228388],[5.880388,53.22854],[5.88034,53.228857],[5.880277,53.229276],[5.880257,53.229405],[5.880251,53.229438],[5.880223,53.229618],[5.880175,53.229935],[5.88014,53.230179],[5.880103,53.230407],[5.880093,53.23045],[5.880093,53.230451],[5.880089,53.230521],[5.880075,53.23073],[5.880064,53.230905],[5.880048,53.231177],[5.880031,53.231455],[5.880026,53.231544],[5.880008,53.23182],[5.879981,53.232158],[5.879966,53.232369],[5.879944,53.232581],[5.879927,53.232841],[5.879908,53.233033],[5.879898,53.233176],[5.879886,53.233341],[5.879832,53.23334],[5.879701,53.233336],[5.879597,53.233333],[5.879527,53.233331],[5.879451,53.233329],[5.879324,53.233326],[5.87923,53.233323],[5.879181,53.233322],[5.879114,53.233319],[5.8791,53.233318],[5.879054,53.233316],[5.878725,53.233299],[5.878609,53.233291],[5.878459,53.23328],[5.878358,53.233273],[5.878242,53.233264],[5.878166,53.23326],[5.878115,53.233256],[5.878088,53.233255],[5.878073,53.233252],[5.878059,53.233249],[5.878041,53.233246],[5.878029,53.233243],[5.878021,53.23324],[5.877996,53.233232],[5.877976,53.233227],[5.877953,53.233224],[5.877926,53.23322],[5.877907,53.233217],[5.877891,53.233214],[5.87788,53.233211],[5.877874,53.23321],[5.877858,53.233202],[5.877829,53.233193],[5.877809,53.233187],[5.877788,53.23318],[5.877734,53.23316],[5.877712,53.23315],[5.877683,53.233139],[5.877643,53.233126],[5.8776,53.233109],[5.87756,53.233096],[5.877543,53.23309],[5.877537,53.233088],[5.877516,53.233082],[5.87751,53.23308],[5.877485,53.233075],[5.877454,53.233067],[5.877422,53.233061],[5.877385,53.233049],[5.87735,53.233038],[5.877326,53.23303],[5.877306,53.233021],[5.877286,53.233013],[5.877261,53.233004],[5.877247,53.232996],[5.877227,53.232985],[5.877213,53.232971],[5.877193,53.232957],[5.877174,53.232941],[5.877154,53.232914],[5.877135,53.232889],[5.87712,53.232871],[5.877013,53.232744],[5.876991,53.232717],[5.876959,53.232685],[5.876955,53.23268],[5.876912,53.232636],[5.87689,53.232613],[5.87687,53.232594],[5.876789,53.232562],[5.87663,53.232493],[5.876613,53.232484],[5.876585,53.232473],[5.876532,53.232456],[5.876489,53.232443],[5.876451,53.232427],[5.876448,53.232426],[5.876401,53.232403],[5.876364,53.232385],[5.87623,53.23231],[5.876042,53.232301],[5.875562,53.232279],[5.874954,53.232246],[5.874521,53.232231],[5.87339,53.232196],[5.872553,53.232156],[5.872552,53.232122],[5.87226,53.232092],[5.87184,53.23205],[5.871584,53.232043],[5.870884,53.232022],[5.870634,53.232015],[5.870425,53.232012],[5.870111,53.231989],[5.869893,53.231963],[5.869789,53.231945],[5.869719,53.231927],[5.869258,53.231759],[5.869175,53.231711],[5.868964,53.231624],[5.868799,53.231579],[5.868691,53.231524],[5.868614,53.231543],[5.868621,53.23146],[5.86828,53.231448],[5.867793,53.231431],[5.867225,53.231418],[5.866413,53.231396],[5.865751,53.231377],[5.864416,53.231336],[5.863727,53.231319],[5.861934,53.231262],[5.860256,53.231212],[5.860282,53.230598],[5.859607,53.230576],[5.859552,53.230575],[5.859034,53.23057],[5.857857,53.230563],[5.856973,53.23055],[5.856045,53.230537],[5.856014,53.230537],[5.854655,53.230511],[5.853569,53.230493],[5.852813,53.230477],[5.852728,53.230481],[5.852711,53.230482],[5.85271,53.230479],[5.852554,53.230477],[5.852715,53.230793],[5.852849,53.231056],[5.85295,53.231226],[5.853107,53.231486],[5.853236,53.231763],[5.853325,53.232001],[5.853419,53.232215],[5.853434,53.232239],[5.853534,53.232399],[5.8537,53.232624],[5.853699,53.232623],[5.853743,53.232686],[5.854015,53.233073],[5.85406,53.233169],[5.8541,53.23336],[5.854149,53.233574],[5.854326,53.233888],[5.854487,53.234238],[5.854665,53.234667],[5.854767,53.235036],[5.854921,53.235498],[5.854951,53.235562],[5.855133,53.23587],[5.855257,53.236209],[5.855345,53.236383],[5.855498,53.236691],[5.855547,53.236809],[5.855569,53.236877],[5.855567,53.236917],[5.855544,53.236997],[5.855509,53.237131],[5.8555,53.237172],[5.855489,53.237224],[5.855507,53.237314],[5.855523,53.237376],[5.855553,53.237445],[5.855585,53.237506],[5.855612,53.237535],[5.855662,53.237577],[5.855786,53.237679],[5.855905,53.237795],[5.856057,53.238058],[5.856286,53.238552],[5.856412,53.238917],[5.856451,53.23906],[5.856564,53.239268],[5.856758,53.239601],[5.856854,53.239793],[5.856929,53.239955],[5.856984,53.240107],[5.85699,53.240269],[5.856943,53.240507],[5.856954,53.240546],[5.856961,53.240568],[5.856979,53.240606],[5.857003,53.240639],[5.857016,53.240654],[5.8572,53.240812],[5.85777,53.241168],[5.857915,53.241298],[5.858114,53.241532],[5.858196,53.241654],[5.858329,53.241853],[5.85866,53.242483],[5.859059,53.243039],[5.859241,53.243293],[5.859099,53.243295],[5.858792,53.243305],[5.858737,53.243306],[5.85867,53.243306],[5.858582,53.243307],[5.85849,53.243308],[5.858379,53.243308],[5.858263,53.24331],[5.858164,53.243309],[5.858015,53.243306],[5.85792,53.243304],[5.857839,53.243302],[5.857717,53.243304],[5.857662,53.243304],[5.857626,53.243306],[5.85752,53.243311],[5.857445,53.243299],[5.857379,53.243301],[5.857237,53.243314],[5.857113,53.243326],[5.857001,53.243333],[5.856787,53.243328],[5.85652,53.243318],[5.856232,53.243307],[5.856033,53.243304],[5.855855,53.243301],[5.855332,53.243308],[5.854968,53.243306],[5.854799,53.243304],[5.854154,53.243283],[5.853786,53.243276],[5.85363,53.243275],[5.85339,53.243284],[5.853018,53.243277],[5.852581,53.24327],[5.852396,53.243274],[5.851873,53.243254],[5.851592,53.243261],[5.851565,53.243262],[5.851511,53.243263],[5.851305,53.243263],[5.851121,53.243259],[5.850884,53.24325],[5.850691,53.243236],[5.850448,53.243229],[5.850184,53.243224],[5.849978,53.243213],[5.849673,53.243207],[5.849381,53.243204],[5.848947,53.243178],[5.848594,53.24317],[5.848146,53.243167],[5.847891,53.243165],[5.847702,53.243161],[5.847442,53.243147],[5.847227,53.243136],[5.847222,53.243136],[5.847172,53.243133],[5.847155,53.243133],[5.847152,53.243133],[5.847139,53.243133],[5.847124,53.243133],[5.845666,53.243109],[5.84544,53.243105],[5.845096,53.243104],[5.844668,53.24309],[5.844367,53.243095],[5.843407,53.243066],[5.841962,53.243033],[5.841615,53.243027],[5.840912,53.243014],[5.840864,53.243013],[5.839971,53.242997],[5.839959,53.242997],[5.838692,53.242976],[5.837104,53.242942],[5.836582,53.24293],[5.836296,53.242924],[5.835473,53.242904],[5.835096,53.242894],[5.834903,53.242895],[5.834453,53.24289],[5.834407,53.242888],[5.834131,53.242882],[5.833981,53.242884],[5.833835,53.242882],[5.833833,53.242882],[5.833807,53.242882],[5.833784,53.242881],[5.83376,53.24288],[5.832957,53.24286],[5.83216,53.242857],[5.832149,53.243109],[5.832149,53.24311],[5.832145,53.2432],[5.831947,53.243372],[5.831805,53.243542],[5.831579,53.243808],[5.831347,53.24407],[5.8312,53.244305],[5.831117,53.244504],[5.83102,53.244723],[5.83105,53.244855],[5.831147,53.24512],[5.831259,53.245378],[5.8313,53.245432],[5.831426,53.245604],[5.831555,53.245735],[5.831708,53.24586],[5.831922,53.24602],[5.832,53.246074],[5.832182,53.24619],[5.832178,53.246194],[5.832175,53.246197],[5.832128,53.246246],[5.832,53.24638],[5.832095,53.246428],[5.832225,53.246503],[5.832437,53.246592],[5.832508,53.246646],[5.832768,53.246814],[5.832935,53.246926],[5.833069,53.247016],[5.833127,53.247045],[5.833155,53.247188],[5.83318,53.247358],[5.833178,53.247479],[5.833167,53.247745],[5.833114,53.247975],[5.833062,53.248191],[5.833047,53.248293],[5.833014,53.248432],[5.832989,53.248505],[5.832918,53.248652],[5.832872,53.248745],[5.832829,53.248798],[5.832799,53.248922],[5.832763,53.24902],[5.832696,53.249197],[5.832617,53.249374],[5.832552,53.249515],[5.832492,53.249641],[5.832456,53.249721],[5.832394,53.249831],[5.832358,53.24989],[5.832212,53.250118],[5.832178,53.250173],[5.832116,53.250317],[5.832046,53.250454],[5.832005,53.250538],[5.831995,53.250611],[5.831971,53.25074],[5.831965,53.250775],[5.831962,53.250793],[5.831927,53.25088],[5.831898,53.250952],[5.831836,53.251056],[5.831714,53.251227],[5.831711,53.25123],[5.831539,53.251423],[5.831357,53.251593],[5.83131,53.251639],[5.83128,53.251699],[5.831225,53.251797],[5.831143,53.251953],[5.831099,53.252037],[5.830996,53.25235],[5.830927,53.25257],[5.830866,53.252766],[5.830778,53.253123],[5.830724,53.253325],[5.83069,53.2535],[5.830656,53.25363],[5.83064,53.253672],[5.83058,53.253827],[5.830481,53.254107],[5.830438,53.254265],[5.830357,53.254464],[5.830296,53.254641],[5.830255,53.254805],[5.830218,53.255001],[5.830222,53.255226],[5.830223,53.255239],[5.830228,53.255303],[5.829903,53.255351],[5.829903,53.255408],[5.829893,53.25561],[5.829906,53.255723],[5.829902,53.255962],[5.82987,53.256121],[5.829848,53.256234],[5.829823,53.256359],[5.829733,53.256645],[5.829687,53.257066],[5.829687,53.257197],[5.829643,53.257197],[5.829701,53.257582],[5.82983,53.257915],[5.82985,53.257967],[5.829882,53.257963],[5.829974,53.258137],[5.830083,53.258277],[5.830223,53.258436],[5.830198,53.258444],[5.830523,53.258738],[5.83096,53.259061],[5.83097,53.259057],[5.831158,53.259181],[5.831409,53.259379],[5.831592,53.259533],[5.831685,53.259627],[5.831694,53.259627],[5.831735,53.259686],[5.831759,53.259726],[5.831839,53.259865],[5.831847,53.259868],[5.831866,53.259908],[5.831984,53.260151],[5.831996,53.260177],[5.832039,53.260271],[5.832045,53.260284],[5.832051,53.2603],[5.832057,53.260317],[5.832063,53.260339],[5.832067,53.260359],[5.83207,53.260376],[5.832071,53.260395],[5.832091,53.261071],[5.83211,53.26177],[5.832138,53.26237],[5.832136,53.262412],[5.832126,53.262457],[5.832131,53.262484],[5.83214,53.262518],[5.832106,53.262743],[5.832093,53.262848],[5.832083,53.262947],[5.832079,53.263017],[5.832078,53.263086],[5.832095,53.263379],[5.832102,53.26346],[5.832112,53.263531],[5.832125,53.263624],[5.832138,53.263709],[5.832159,53.263807],[5.832179,53.2639],[5.832184,53.263947],[5.832222,53.264197],[5.832226,53.264217],[5.832296,53.264552],[5.832352,53.264786],[5.832397,53.26492],[5.832392,53.265089],[5.832416,53.265274],[5.832403,53.265543],[5.832441,53.265652],[5.832448,53.265796],[5.83245,53.265992],[5.832411,53.266256],[5.83234,53.266582],[5.832332,53.266622],[5.832283,53.266906],[5.832283,53.267161],[5.832271,53.26743],[5.832295,53.267675],[5.832301,53.267885],[5.832407,53.268238],[5.83253,53.268547],[5.832547,53.26857],[5.832596,53.268654],[5.832635,53.268708],[5.832691,53.268789],[5.832807,53.268939],[5.832891,53.269007],[5.83296,53.269056],[5.833257,53.269288],[5.833339,53.26934],[5.833516,53.269451],[5.833674,53.269551],[5.833745,53.269596],[5.833895,53.2697],[5.83398,53.269794],[5.834052,53.269886],[5.834348,53.270087],[5.834597,53.270248],[5.834841,53.270415],[5.834983,53.270526],[5.835129,53.270686],[5.835339,53.270924],[5.835573,53.271176],[5.835742,53.271408],[5.835935,53.271652],[5.836282,53.272072],[5.83655,53.272373],[5.836771,53.272613],[5.836893,53.272759],[5.837056,53.272957],[5.837262,53.273184],[5.83727,53.273194],[5.837589,53.27355],[5.837766,53.273766],[5.837914,53.273936],[5.838117,53.274182],[5.838235,53.27433],[5.838503,53.274689],[5.838636,53.274875],[5.83863,53.27489],[5.838618,53.274893],[5.838649,53.274949],[5.838621,53.274955],[5.8386,53.274961],[5.838413,53.275006],[5.838308,53.275025],[5.838228,53.275038],[5.838025,53.275068],[5.837911,53.275073],[5.837778,53.275083],[5.837266,53.275104],[5.836748,53.275122],[5.836154,53.275153],[5.835459,53.27519],[5.834984,53.275216],[5.834522,53.275242],[5.834258,53.27525],[5.833682,53.275261],[5.833064,53.275315],[5.832794,53.27534],[5.832106,53.275386],[5.831395,53.275433],[5.831391,53.275434],[5.831325,53.275438],[5.830827,53.275469],[5.830491,53.275498],[5.830375,53.275504],[5.83001,53.275518],[5.828933,53.275564],[5.827521,53.275634],[5.826286,53.27571],[5.825174,53.275782],[5.823985,53.275861],[5.822852,53.27594],[5.822188,53.275986],[5.821913,53.276004],[5.821559,53.27603],[5.821027,53.276069],[5.820735,53.276091],[5.820432,53.276129],[5.820002,53.276168],[5.819743,53.276188],[5.819365,53.276201],[5.818951,53.276212],[5.818652,53.276211],[5.818125,53.276237],[5.817694,53.276269],[5.817316,53.276312],[5.816909,53.276389],[5.816878,53.276402],[5.816751,53.276482],[5.816643,53.276561],[5.816523,53.276688],[5.816396,53.276811],[5.816316,53.276879],[5.81616,53.276993],[5.815953,53.277138],[5.815736,53.277284],[5.815519,53.277393],[5.81531,53.277478],[5.815044,53.277556],[5.814793,53.277614],[5.814611,53.277643],[5.814442,53.277674],[5.814255,53.277691],[5.814138,53.277694],[5.814043,53.277684],[5.813974,53.277673],[5.813892,53.277653],[5.813824,53.277629],[5.81374,53.277586],[5.813624,53.277516],[5.813468,53.277429],[5.813016,53.277171],[5.812518,53.276909],[5.812282,53.276789],[5.81228,53.276788],[5.812036,53.276744],[5.811807,53.2767],[5.811608,53.276715],[5.811412,53.27673],[5.811424,53.276825],[5.811425,53.276829],[5.811278,53.276978],[5.811003,53.277183],[5.810604,53.277363],[5.810538,53.277424],[5.811006,53.277716],[5.811387,53.27799],[5.811699,53.278213],[5.811806,53.278288],[5.81212,53.278493],[5.812238,53.278567],[5.812422,53.278683],[5.812589,53.278796],[5.812977,53.279049],[5.813229,53.279238],[5.81318,53.279261],[5.813135,53.279286],[5.813086,53.279328],[5.813065,53.279346],[5.813042,53.279356],[5.813015,53.27936],[5.812958,53.279356],[5.812874,53.279355],[5.812748,53.279359],[5.812493,53.279396],[5.812037,53.279477],[5.811723,53.279528],[5.811618,53.279552],[5.811505,53.279584],[5.811367,53.27963],[5.81124,53.279669],[5.811013,53.279731],[5.810811,53.279787],[5.810719,53.279811],[5.810605,53.279834],[5.810523,53.279851],[5.810493,53.279859],[5.810471,53.279873],[5.810468,53.279894],[5.81048,53.279929],[5.810929,53.280585],[5.810994,53.28071],[5.811008,53.280736],[5.811046,53.280808],[5.811039,53.280809],[5.810864,53.280831],[5.810724,53.280851],[5.810575,53.280878],[5.810092,53.28094],[5.809788,53.280976],[5.809671,53.28099],[5.809456,53.281013],[5.80919,53.281041],[5.809047,53.281058],[5.808828,53.281083],[5.808623,53.281106],[5.808477,53.281124],[5.808166,53.281158],[5.80803,53.281173],[5.807881,53.281189],[5.807766,53.281205],[5.807608,53.28123],[5.807527,53.281243],[5.807425,53.281259],[5.807327,53.281269],[5.807206,53.281278],[5.807156,53.281268],[5.807143,53.281254],[5.807133,53.281238],[5.807093,53.28125],[5.806959,53.28129],[5.806861,53.281319],[5.806767,53.281341],[5.806575,53.281391],[5.806327,53.28145],[5.806051,53.281507],[5.805799,53.281528],[5.805125,53.281586],[5.804399,53.28166],[5.803681,53.28174],[5.803038,53.281813],[5.802668,53.281851],[5.801936,53.281897],[5.801595,53.28193],[5.801253,53.281982],[5.800792,53.282076],[5.800478,53.282155],[5.800101,53.282319],[5.799784,53.282463],[5.799348,53.28263],[5.799011,53.282758],[5.798647,53.28291],[5.798573,53.282951],[5.798403,53.283086],[5.798281,53.283248],[5.798114,53.283463],[5.797964,53.283662],[5.797878,53.283749],[5.797837,53.283773],[5.797745,53.283795],[5.797534,53.283838],[5.797026,53.283934],[5.796843,53.283943],[5.796632,53.28391],[5.796419,53.283849],[5.796157,53.283834],[5.795746,53.283907],[5.795282,53.283987],[5.794997,53.284],[5.794702,53.284036],[5.794586,53.284054],[5.794331,53.284119],[5.794012,53.284223],[5.793728,53.284323],[5.793456,53.284426],[5.793032,53.284574],[5.792529,53.284737],[5.79205,53.284892],[5.792012,53.284905],[5.791932,53.284935],[5.791293,53.285156],[5.791038,53.285245],[5.790521,53.285421],[5.790027,53.285583],[5.789583,53.285729],[5.789087,53.285888],[5.788664,53.286017],[5.788285,53.286132],[5.787932,53.286231],[5.787478,53.286389],[5.786979,53.286568],[5.786539,53.286727],[5.786183,53.286873],[5.785994,53.286933],[5.785792,53.286996],[5.785456,53.2871],[5.784858,53.287304],[5.784158,53.287528],[5.783963,53.287607],[5.783753,53.287675],[5.783487,53.287755],[5.782954,53.287918],[5.782407,53.288098],[5.781931,53.288248],[5.781822,53.288287],[5.781596,53.288401],[5.781379,53.288506],[5.781246,53.288557],[5.781065,53.2886],[5.780795,53.288669],[5.780472,53.288753],[5.780188,53.288844],[5.77992,53.288942],[5.779788,53.289013],[5.779676,53.289068],[5.779487,53.289129],[5.779253,53.289201],[5.779046,53.289251],[5.778791,53.289313],[5.77853,53.289378],[5.778282,53.289454],[5.777975,53.289564],[5.777637,53.289686],[5.777486,53.289733],[5.777236,53.289807],[5.776852,53.289931],[5.776456,53.290056],[5.776022,53.290199],[5.775384,53.290404],[5.774951,53.290533],[5.774515,53.290667],[5.774405,53.290703],[5.77412,53.290808],[5.774028,53.290849],[5.773693,53.29097],[5.773343,53.291094],[5.772972,53.291207],[5.772495,53.291351],[5.772425,53.291376],[5.772229,53.291457],[5.771751,53.291633],[5.77131,53.291789],[5.770841,53.291952],[5.770044,53.292226],[5.769878,53.292282],[5.769811,53.292305],[5.769795,53.292311],[5.769584,53.292364],[5.769366,53.292426],[5.769161,53.292524],[5.769001,53.29262],[5.76892,53.292673],[5.768873,53.292712],[5.768618,53.292949],[5.768544,53.292995],[5.768464,53.293031],[5.768404,53.293048],[5.768331,53.293065],[5.768294,53.293074],[5.768175,53.293101],[5.768109,53.293117],[5.767987,53.293148],[5.767703,53.293235],[5.767622,53.293263],[5.767561,53.293288],[5.76752,53.293303],[5.767473,53.29332],[5.767467,53.293322],[5.767399,53.293345],[5.767307,53.293373],[5.767196,53.293393],[5.7671,53.293405],[5.766981,53.293403],[5.766868,53.293407],[5.766782,53.293418],[5.766423,53.293481],[5.766227,53.293528],[5.765799,53.293667],[5.765645,53.293714],[5.765283,53.293816],[5.76504,53.293899],[5.76444,53.294116],[5.764199,53.294206],[5.763874,53.294308],[5.763539,53.294412],[5.763284,53.294491],[5.763197,53.294492],[5.762842,53.294434],[5.76221,53.294325],[5.761743,53.294239],[5.761427,53.294188],[5.760754,53.294125],[5.760502,53.294113],[5.759996,53.294102],[5.759402,53.294092],[5.758914,53.294079],[5.758452,53.294071],[5.757973,53.294057],[5.757388,53.294048],[5.756852,53.294034],[5.756355,53.294009],[5.755819,53.293989],[5.755499,53.293974],[5.755153,53.293987],[5.754931,53.293996],[5.754748,53.293994],[5.754551,53.29398],[5.754182,53.29397],[5.75388,53.293962],[5.753604,53.293956],[5.753251,53.293937],[5.752763,53.293922],[5.752757,53.293922],[5.752324,53.293929],[5.751877,53.293937],[5.751372,53.293947],[5.751213,53.293953],[5.750868,53.293945],[5.750179,53.293933],[5.749789,53.293935],[5.749363,53.293939],[5.748876,53.293963],[5.748553,53.293993],[5.748316,53.294005],[5.747919,53.294023],[5.747751,53.29403],[5.747704,53.294028],[5.747623,53.294025],[5.747546,53.294022],[5.747274,53.294036],[5.74693,53.294052],[5.746435,53.294078],[5.745897,53.29411],[5.745397,53.294148],[5.745259,53.294156],[5.744825,53.294182],[5.744253,53.29421],[5.743403,53.294258],[5.742609,53.294293],[5.741608,53.294336],[5.740692,53.294375],[5.739826,53.294421],[5.738787,53.29447],[5.737976,53.294512],[5.737251,53.294556],[5.736713,53.294597],[5.736467,53.294611],[5.736303,53.294641],[5.736145,53.294674],[5.736064,53.294678],[5.735974,53.294658],[5.735928,53.294642],[5.735904,53.294623],[5.735813,53.29467],[5.735486,53.294709],[5.735384,53.294721],[5.735392,53.294637],[5.73539,53.294624],[5.735338,53.294493],[5.735299,53.294398],[5.735234,53.294371],[5.735156,53.29437],[5.734973,53.294379],[5.73483,53.29439],[5.7345,53.294396],[5.7343,53.294409],[5.733983,53.294427],[5.733699,53.294446],[5.733397,53.294458],[5.73281,53.294482],[5.732805,53.294482],[5.731876,53.294534],[5.731871,53.294534],[5.731548,53.294552],[5.731425,53.294558],[5.731298,53.294564],[5.731298,53.294564],[5.731132,53.294573],[5.730914,53.294575],[5.730858,53.29457],[5.730856,53.294569],[5.730725,53.294523],[5.730571,53.294468],[5.730479,53.294403],[5.730438,53.294369],[5.730367,53.294311],[5.730347,53.294295],[5.730272,53.294205],[5.730168,53.294057],[5.730083,53.293943],[5.730023,53.293863],[5.729953,53.293859],[5.729876,53.293886],[5.729539,53.293517],[5.729528,53.293505],[5.729333,53.293292],[5.729274,53.2933],[5.729233,53.293244],[5.729226,53.293234],[5.729288,53.293223],[5.729324,53.293216],[5.729368,53.293208],[5.729385,53.2932],[5.729393,53.293194],[5.729397,53.293192],[5.729404,53.293186],[5.729409,53.293178],[5.729384,53.293147],[5.729203,53.293203],[5.729156,53.293139],[5.728963,53.292876],[5.728808,53.292676],[5.728711,53.292563],[5.728875,53.292515],[5.728855,53.292489],[5.728845,53.292478],[5.72868,53.292526],[5.72857,53.292397],[5.728417,53.292221],[5.728244,53.292023],[5.728122,53.291882],[5.728026,53.291759],[5.727982,53.291703],[5.72795,53.291651],[5.727894,53.291523],[5.727892,53.291515],[5.727854,53.291412],[5.727842,53.291382],[5.727834,53.291356],[5.72782,53.291317],[5.727747,53.291099],[5.727675,53.290887],[5.727603,53.290675],[5.72753,53.290459],[5.727495,53.290355],[5.727433,53.290171],[5.727388,53.290035],[5.727326,53.289847],[5.727295,53.289755],[5.72727,53.289684],[5.727243,53.289604],[5.727178,53.289411],[5.727287,53.289393],[5.727327,53.289386],[5.727315,53.289342],[5.72727,53.289351],[5.727083,53.289382],[5.72697,53.289165],[5.727023,53.289156],[5.727198,53.289119],[5.72725,53.289108],[5.727471,53.289082],[5.727509,53.289077],[5.727647,53.28906],[5.727645,53.289051],[5.727646,53.289051],[5.727634,53.289012],[5.727622,53.288972],[5.727616,53.288953],[5.727593,53.288954],[5.72729,53.288975],[5.726948,53.288998],[5.726761,53.289018],[5.726761,53.289018],[5.72672,53.289023],[5.726674,53.289017],[5.726623,53.289012],[5.726627,53.288983],[5.726569,53.288989],[5.726566,53.289011],[5.7265,53.28901],[5.726435,53.289014],[5.726369,53.289023],[5.726305,53.289035],[5.726272,53.289043],[5.72624,53.289052],[5.726207,53.289062],[5.726176,53.289072],[5.726116,53.289091],[5.726112,53.289091],[5.726031,53.28909],[5.725983,53.289091],[5.725887,53.289096],[5.725807,53.289104],[5.725714,53.289117],[5.725641,53.289127],[5.725593,53.289133],[5.725493,53.289132],[5.725409,53.288943],[5.725342,53.288797],[5.725286,53.288671],[5.725261,53.288608],[5.725254,53.288588],[5.725249,53.288574],[5.725226,53.288516],[5.72519,53.28847],[5.725135,53.288354],[5.72505,53.288166],[5.72488,53.287803],[5.724849,53.287733],[5.725348,53.287691],[5.72635,53.287607],[5.726337,53.287589],[5.726329,53.287578],[5.726252,53.287481],[5.726242,53.287469],[5.726133,53.287341],[5.726049,53.287237],[5.725994,53.287171],[5.725914,53.287076],[5.725875,53.287028],[5.725836,53.28698],[5.725817,53.286956],[5.725798,53.286933],[5.725753,53.286876],[5.725608,53.286695],[5.725536,53.286603],[5.724683,53.2855],[5.724639,53.285446],[5.72464,53.285444],[5.724581,53.28537],[5.724524,53.285297],[5.724423,53.285178],[5.724249,53.284971],[5.724211,53.284931],[5.724169,53.284886],[5.724083,53.284785],[5.723947,53.284618],[5.723863,53.284509],[5.72385,53.284493],[5.723836,53.284467],[5.723821,53.284436],[5.723842,53.284431],[5.724027,53.28438],[5.723988,53.28431],[5.72395,53.284237],[5.723852,53.284056],[5.723812,53.28398],[5.723758,53.283868],[5.723711,53.283771],[5.723689,53.283731],[5.723624,53.283591],[5.723557,53.283471],[5.723552,53.283462],[5.723532,53.283426],[5.723454,53.283285],[5.723422,53.283229],[5.723418,53.28322],[5.723111,53.282621],[5.723003,53.282409],[5.722896,53.282155],[5.722802,53.282006],[5.722715,53.28188],[5.722656,53.281799],[5.722601,53.281706],[5.722573,53.281603],[5.722552,53.281536],[5.722523,53.281447],[5.722502,53.281402],[5.722403,53.281222],[5.72232,53.281073],[5.722312,53.281059],[5.722212,53.280871],[5.722142,53.28073],[5.722073,53.280612],[5.722029,53.280527],[5.722044,53.280516],[5.722048,53.280496],[5.722043,53.280475],[5.722027,53.280451],[5.722006,53.280436],[5.721997,53.280425],[5.721968,53.280388],[5.721921,53.280329],[5.721867,53.280257],[5.721812,53.280177],[5.721753,53.280093],[5.721747,53.280084],[5.721728,53.280054],[5.721681,53.279999],[5.721619,53.279933],[5.721577,53.279886],[5.721532,53.279834],[5.721511,53.279807],[5.721482,53.279769],[5.721434,53.279705],[5.721398,53.279655],[5.721374,53.279611],[5.721353,53.279561],[5.721337,53.279506],[5.721334,53.27946],[5.721356,53.279419],[5.721372,53.27938],[5.721405,53.279328],[5.721444,53.279282],[5.721142,53.27928],[5.721098,53.279246],[5.720974,53.279157],[5.720846,53.279074],[5.720893,53.279069],[5.720923,53.279054],[5.72095,53.279025],[5.721012,53.278952],[5.721098,53.278862],[5.721148,53.278801],[5.721202,53.278738],[5.72124,53.278682],[5.721299,53.278594],[5.721346,53.278533],[5.721354,53.278517],[5.721388,53.278466],[5.721394,53.278456],[5.721438,53.278378],[5.721489,53.278276],[5.721536,53.278172],[5.721577,53.278102],[5.721597,53.278028],[5.721621,53.277951],[5.721636,53.277874],[5.721641,53.277793],[5.72164,53.277676],[5.721642,53.277545],[5.721638,53.277418],[5.721635,53.277375],[5.721632,53.27727],[5.721622,53.277139],[5.721622,53.277091],[5.721618,53.276958],[5.72159,53.276885],[5.721575,53.276775],[5.721516,53.276517],[5.721485,53.276363],[5.721452,53.276239],[5.721427,53.276124],[5.721412,53.276088],[5.721385,53.276058],[5.721067,53.275817],[5.72106,53.275812],[5.720978,53.275751],[5.720874,53.27574],[5.720787,53.275723],[5.720727,53.275708],[5.720664,53.275689],[5.720631,53.275673],[5.720604,53.275657],[5.720541,53.275616],[5.720471,53.27556],[5.72042,53.275514],[5.720363,53.275458],[5.720305,53.275388],[5.720263,53.275333],[5.720218,53.275287],[5.720155,53.27518],[5.720128,53.275082],[5.720121,53.274996],[5.720129,53.274917],[5.720156,53.274841],[5.720185,53.274766],[5.720229,53.27469],[5.720265,53.274619],[5.720303,53.274545],[5.720389,53.274441],[5.720428,53.274398],[5.720612,53.274232],[5.720767,53.274079],[5.72088,53.273975],[5.721037,53.273809],[5.721078,53.273766],[5.721146,53.273687],[5.721157,53.273638],[5.721246,53.27328],[5.721261,53.273228],[5.721449,53.272724],[5.72145,53.27272],[5.721509,53.27261],[5.721606,53.272439],[5.721715,53.272274],[5.72178,53.272176],[5.721872,53.272047],[5.721922,53.271974],[5.722058,53.271805],[5.722172,53.271679],[5.722307,53.271532],[5.722387,53.27145],[5.722447,53.271391],[5.722532,53.271307],[5.722778,53.271093],[5.722903,53.27099],[5.723066,53.270867],[5.723225,53.27075],[5.723334,53.270674],[5.723544,53.270541],[5.723745,53.270411],[5.723913,53.270308],[5.724062,53.270212],[5.724065,53.270209],[5.724147,53.270159],[5.724297,53.270072],[5.724972,53.26968],[5.725729,53.269238],[5.726054,53.269049],[5.726127,53.269006],[5.726312,53.268903],[5.726565,53.268764],[5.726777,53.268653],[5.727039,53.268523],[5.72731,53.268384],[5.72734,53.268346],[5.727336,53.26832],[5.727651,53.268201],[5.727916,53.268107],[5.728184,53.267999],[5.728881,53.26771],[5.72934,53.26752],[5.729589,53.267319],[5.730056,53.267105],[5.73025,53.267023],[5.730429,53.266947],[5.730464,53.266914],[5.730592,53.266953],[5.731,53.266801],[5.731559,53.266594],[5.731844,53.266468],[5.731806,53.266458],[5.732524,53.26614],[5.732941,53.265954],[5.733123,53.265874],[5.733191,53.265839],[5.733264,53.265802],[5.733501,53.265688],[5.734013,53.265445],[5.73452,53.265203],[5.734756,53.265092],[5.734771,53.265082],[5.734786,53.265069],[5.734846,53.265005],[5.734872,53.264981],[5.734886,53.264969],[5.734902,53.264955],[5.734944,53.264929],[5.735012,53.26489],[5.735053,53.264869],[5.735249,53.264777],[5.735387,53.264714],[5.735381,53.26469],[5.735372,53.264664],[5.735357,53.264637],[5.735343,53.264618],[5.73531,53.26459],[5.735266,53.264559],[5.735213,53.264524],[5.734877,53.264349],[5.734547,53.264179],[5.734307,53.264048],[5.734057,53.263901],[5.733648,53.263646],[5.733351,53.263454],[5.73295,53.263194],[5.732929,53.263181],[5.732642,53.262992],[5.732322,53.262778],[5.732233,53.262718],[5.731992,53.262582],[5.731861,53.26251],[5.731572,53.262348],[5.731567,53.262345],[5.731145,53.262122],[5.730967,53.262036],[5.730287,53.261689],[5.730183,53.261623],[5.730102,53.261559],[5.730061,53.261524],[5.730036,53.261513],[5.72997,53.261445],[5.729906,53.261371],[5.729864,53.261296],[5.729836,53.261236],[5.729839,53.261185],[5.729868,53.261139],[5.729902,53.261087],[5.730013,53.260918],[5.730017,53.260912],[5.730195,53.260661],[5.730373,53.260395],[5.730603,53.260059],[5.730794,53.259782],[5.730837,53.259728],[5.730885,53.259668],[5.731007,53.259484],[5.731009,53.259481],[5.731253,53.259094],[5.731455,53.258783],[5.731578,53.258574],[5.731581,53.25857],[5.73173,53.25836],[5.731785,53.258305],[5.731887,53.258161],[5.732057,53.257931],[5.732147,53.25781],[5.732294,53.257612],[5.7323,53.257603],[5.73239,53.257479],[5.732392,53.257475],[5.732456,53.257381],[5.732601,53.257167],[5.732615,53.257106],[5.732653,53.257034],[5.732694,53.256957],[5.732695,53.256954],[5.732761,53.256854],[5.732933,53.256606],[5.733154,53.256291],[5.73329,53.25609],[5.733296,53.256082],[5.733352,53.256007],[5.733511,53.255786],[5.733739,53.255468],[5.73381,53.255375],[5.733892,53.255248],[5.733895,53.255245],[5.733964,53.255176],[5.734138,53.254891],[5.734364,53.254519],[5.734663,53.254019],[5.734742,53.253891],[5.734746,53.253887],[5.734792,53.253845],[5.735306,53.253094],[5.735312,53.253085],[5.735487,53.252854],[5.735672,53.252589],[5.735746,53.252472],[5.7358,53.25238],[5.735808,53.252366],[5.73583,53.252325],[5.735843,53.25228],[5.735857,53.252222],[5.735876,53.252105],[5.735922,53.251752],[5.735972,53.251347],[5.736008,53.251053],[5.736032,53.250853],[5.736057,53.25065],[5.73608,53.250456],[5.736099,53.2503],[5.736149,53.249852],[5.736173,53.249653],[5.736181,53.249517],[5.736181,53.249392],[5.736174,53.249244],[5.736155,53.249094],[5.736146,53.248971],[5.736125,53.248857],[5.736107,53.248768],[5.736084,53.248701],[5.736072,53.248673],[5.736051,53.248647],[5.73602,53.248624],[5.735984,53.248604],[5.735983,53.248603],[5.735947,53.248589],[5.735896,53.248574],[5.735838,53.248563],[5.735774,53.248552],[5.735739,53.248549],[5.735732,53.248528],[5.73565,53.248526],[5.735413,53.248524],[5.735096,53.248524],[5.734747,53.248524],[5.734351,53.248525],[5.734109,53.248524],[5.733828,53.248519],[5.733706,53.248516],[5.73362,53.248514],[5.733845,53.248298],[5.733865,53.248278],[5.734004,53.248145],[5.734095,53.248055],[5.734202,53.247961],[5.734215,53.247941],[5.734266,53.247913],[5.734496,53.247708],[5.734671,53.247552],[5.734851,53.247395],[5.734921,53.247334],[5.735058,53.247235],[5.73507,53.247225],[5.735203,53.24711],[5.735233,53.247082],[5.735274,53.247045],[5.735559,53.246848],[5.735814,53.246675],[5.736094,53.246487],[5.736126,53.246461],[5.736131,53.246457],[5.736166,53.246431],[5.73632,53.246322],[5.736524,53.246191],[5.736575,53.246161],[5.736613,53.246131],[5.737005,53.245869],[5.737322,53.245652],[5.737512,53.245527],[5.73765,53.245435],[5.737901,53.245253],[5.7381,53.245114],[5.738147,53.24509],[5.738186,53.24506],[5.738417,53.244903],[5.738458,53.244875],[5.738758,53.244673],[5.7388,53.244649],[5.738841,53.244619],[5.739031,53.244485],[5.739244,53.244341],[5.73928,53.24431],[5.739328,53.244282],[5.739614,53.24408],[5.739899,53.243885],[5.739947,53.243862],[5.739989,53.243837],[5.740082,53.243769],[5.740143,53.243724],[5.740443,53.243506],[5.740485,53.243475],[5.740528,53.243444],[5.740763,53.243282],[5.740825,53.243239],[5.741099,53.243047],[5.741356,53.242871],[5.741392,53.242843],[5.741438,53.242807],[5.741686,53.242647],[5.741783,53.242581],[5.742033,53.242411],[5.742373,53.242177],[5.742429,53.242137],[5.742482,53.2421],[5.742864,53.241833],[5.743253,53.241562],[5.743477,53.241406],[5.743516,53.241375],[5.743556,53.241344],[5.743895,53.241113],[5.743916,53.241098],[5.743787,53.241036],[5.742807,53.240549],[5.741762,53.240031],[5.74173,53.240013],[5.741429,53.240226],[5.74132,53.24017],[5.741273,53.240145],[5.740021,53.2395],[5.738904,53.238924],[5.738808,53.238875],[5.738712,53.238825],[5.738197,53.238559],[5.737138,53.238014],[5.736298,53.237578],[5.73619,53.237524],[5.736012,53.237435],[5.735767,53.237579],[5.735352,53.237821],[5.734954,53.238054],[5.734729,53.237929],[5.73456,53.237838],[5.734077,53.237584],[5.733902,53.237488],[5.733769,53.237414],[5.7337,53.237377],[5.733728,53.237361],[5.732426,53.236649],[5.732358,53.236685],[5.732341,53.236676],[5.731695,53.23632],[5.731674,53.236308],[5.731036,53.235954],[5.730375,53.235588],[5.729974,53.235368],[5.7299,53.235327],[5.729769,53.235254],[5.729817,53.235232],[5.73014,53.235079],[5.730227,53.235037],[5.730827,53.234757],[5.731198,53.234588],[5.731476,53.23446],[5.731659,53.234381],[5.731812,53.234316],[5.733569,53.233493],[5.733601,53.233487],[5.733639,53.233475],[5.733656,53.233459],[5.733666,53.233451],[5.733678,53.233434],[5.733678,53.233421],[5.733799,53.233308],[5.733935,53.233361],[5.73397,53.23336],[5.733996,53.233356],[5.734033,53.233339],[5.734408,53.23313],[5.734411,53.233128],[5.734445,53.233091],[5.734553,53.232971],[5.734581,53.23295],[5.735328,53.23253],[5.735936,53.232199],[5.735971,53.232179],[5.736088,53.23212],[5.736312,53.231994],[5.736442,53.231935],[5.736583,53.231881],[5.736734,53.231838],[5.73695,53.231792],[5.737169,53.23174],[5.737333,53.231696],[5.737458,53.23166],[5.737533,53.231622],[5.737873,53.231437],[5.737977,53.231378],[5.738148,53.231283],[5.737288,53.231212],[5.736721,53.231163],[5.736261,53.231123],[5.735736,53.231063],[5.735374,53.231019],[5.734819,53.230969],[5.733625,53.230895],[5.733503,53.230747],[5.733722,53.230677],[5.733692,53.230669],[5.732667,53.230362],[5.732552,53.230323],[5.732744,53.229364],[5.732745,53.229362],[5.732869,53.228637],[5.732926,53.228654],[5.732935,53.228602],[5.732983,53.228345],[5.73299,53.228308],[5.733081,53.227829],[5.73311,53.227683],[5.733169,53.227364],[5.73321,53.227147],[5.733298,53.226637],[5.733395,53.226197],[5.733373,53.226193],[5.733376,53.226182],[5.733338,53.226172],[5.733344,53.226148],[5.733361,53.226078],[5.733328,53.226071],[5.733234,53.226053],[5.733325,53.225425],[5.733393,53.224864],[5.733395,53.224851],[5.733393,53.224792],[5.733439,53.22428],[5.733452,53.224166],[5.733459,53.224108],[5.733472,53.223995],[5.733482,53.223737],[5.733481,53.223701],[5.733494,53.223516],[5.733495,53.223464],[5.733538,53.222829],[5.733568,53.222569],[5.733596,53.222317],[5.733597,53.222311],[5.733648,53.221776],[5.733676,53.221409],[5.733677,53.221403],[5.733679,53.221387],[5.733689,53.221305],[5.73369,53.221297],[5.733763,53.220468],[5.733783,53.220234],[5.733793,53.220113],[5.733807,53.219915],[5.733826,53.219614],[5.733844,53.219414],[5.733881,53.21903],[5.733893,53.218912],[5.7339,53.218859],[5.73391,53.218804],[5.733923,53.218603],[5.733925,53.218525],[5.733932,53.218483],[5.733931,53.218461],[5.733929,53.218437],[5.733929,53.218419],[5.733929,53.218396],[5.733973,53.218002],[5.734017,53.217571],[5.734032,53.217388],[5.734039,53.217343],[5.734038,53.217244],[5.734038,53.217242],[5.734053,53.217122],[5.734072,53.216919],[5.734087,53.216704],[5.734092,53.216636],[5.734099,53.216493],[5.73412,53.21628],[5.734139,53.216081],[5.734152,53.215893],[5.734191,53.215893],[5.735805,53.215904],[5.736573,53.21591],[5.737171,53.215914],[5.737351,53.215915],[5.73744,53.215916],[5.737441,53.215861],[5.737441,53.215827],[5.737935,53.21583],[5.738713,53.215835],[5.739731,53.215842],[5.73981,53.215843],[5.741145,53.215852],[5.741228,53.215852],[5.741977,53.215858],[5.743324,53.215865],[5.74467,53.215871],[5.745612,53.215876],[5.745594,53.215851],[5.74559,53.215845],[5.745564,53.215804],[5.745369,53.215521],[5.745466,53.215499],[5.746043,53.215374],[5.746476,53.215281],[5.747107,53.215144],[5.747056,53.215082],[5.746827,53.214805],[5.746708,53.214683],[5.746614,53.214594],[5.746469,53.214427],[5.746464,53.214421],[5.746291,53.214249],[5.746118,53.214114],[5.74602,53.214034],[5.745349,53.213524],[5.744923,53.213196],[5.744876,53.213165],[5.744795,53.213126],[5.744502,53.212922],[5.744022,53.212612],[5.743943,53.212553],[5.743975,53.212545],[5.744051,53.212517],[5.744167,53.212476],[5.744216,53.212454],[5.744248,53.212439],[5.744243,53.212433],[5.744224,53.212401],[5.744129,53.212278],[5.744098,53.212241],[5.744009,53.212139],[5.743983,53.212106],[5.743868,53.211964],[5.743843,53.211881],[5.743841,53.211861],[5.744004,53.211849],[5.74395,53.211592],[5.743905,53.211379],[5.743256,53.211428],[5.742865,53.211453],[5.742684,53.211465],[5.742392,53.21149],[5.742117,53.211514],[5.741834,53.211534],[5.741607,53.211548],[5.741469,53.211557],[5.741256,53.211564],[5.741057,53.21157],[5.740889,53.211569],[5.740777,53.211569],[5.740754,53.211569],[5.740624,53.211564],[5.740382,53.211552],[5.739878,53.21152],[5.73939,53.211494],[5.738868,53.211462],[5.738469,53.211443],[5.738296,53.211432],[5.738094,53.211419],[5.737638,53.21139],[5.736059,53.211298],[5.7348,53.211225],[5.734741,53.21122],[5.734769,53.211149],[5.734842,53.210841],[5.734899,53.210625],[5.734926,53.210523],[5.734945,53.210429],[5.73494,53.210417],[5.734941,53.210391],[5.734941,53.210379],[5.734994,53.210231],[5.735103,53.209842],[5.73514,53.209701],[5.735215,53.209437],[5.735232,53.20939],[5.735234,53.209384],[5.735253,53.209322],[5.735224,53.209316],[5.735333,53.208967],[5.73537,53.208848],[5.735376,53.208828],[5.735392,53.208778],[5.735397,53.208744],[5.735498,53.208375],[5.735521,53.208278],[5.735544,53.208253],[5.735539,53.20821],[5.735564,53.208076],[5.735633,53.207809],[5.735707,53.207525],[5.735758,53.207314],[5.735766,53.207282],[5.735783,53.207221],[5.735801,53.207156],[5.735864,53.206965],[5.735903,53.206807],[5.735999,53.206441],[5.736011,53.206392],[5.736061,53.206177],[5.736075,53.206129],[5.736077,53.206122],[5.736079,53.206116],[5.73609,53.206085],[5.736497,53.206126],[5.736514,53.206128],[5.7374,53.206217],[5.737414,53.206175],[5.737438,53.206125],[5.737542,53.205907],[5.737849,53.205281],[5.73787,53.205229],[5.737884,53.205203],[5.738134,53.204708],[5.738344,53.204275],[5.738382,53.204203],[5.738424,53.204126],[5.738672,53.204176],[5.738682,53.20416],[5.738721,53.204101],[5.739097,53.203533],[5.739504,53.20285],[5.739684,53.202878],[5.739705,53.202857],[5.739735,53.202827],[5.740642,53.201926],[5.740949,53.201622],[5.741011,53.20156],[5.741062,53.201529],[5.741081,53.201516],[5.741084,53.201499],[5.741093,53.201481],[5.741113,53.201446],[5.741383,53.201176],[5.741692,53.200863],[5.741802,53.200739],[5.74185,53.200693],[5.741953,53.200588],[5.74213,53.200379],[5.742216,53.200293],[5.742264,53.200244],[5.742286,53.200221],[5.742411,53.200095],[5.7426,53.199904],[5.743395,53.199101],[5.743664,53.198805],[5.743857,53.198597],[5.743991,53.19846],[5.744285,53.198148],[5.744294,53.198139],[5.744468,53.197972],[5.744529,53.197903],[5.744563,53.19785],[5.744575,53.197822],[5.744574,53.197805],[5.744572,53.197793],[5.744561,53.197771],[5.744551,53.197752],[5.744484,53.197641],[5.744446,53.197585],[5.744423,53.197554],[5.744342,53.197445],[5.744257,53.197356],[5.744234,53.197308],[5.744232,53.197304],[5.74416,53.197184],[5.744116,53.19712],[5.744097,53.197093],[5.743949,53.196877],[5.743817,53.196701],[5.743803,53.196673],[5.743786,53.196637],[5.743777,53.196623],[5.743679,53.196487],[5.743286,53.195935],[5.743241,53.195873],[5.743167,53.195747],[5.743076,53.195636],[5.742973,53.195479],[5.742966,53.195467],[5.742865,53.19535],[5.742558,53.194899],[5.742435,53.194733],[5.742117,53.194278],[5.742095,53.194245],[5.741939,53.194038],[5.741835,53.193884],[5.741647,53.193617],[5.741422,53.193297],[5.741344,53.193175],[5.741255,53.193064],[5.741115,53.192856],[5.740966,53.192646],[5.740958,53.192636],[5.740897,53.192561],[5.740848,53.192482],[5.740661,53.192233],[5.740348,53.191799],[5.74028,53.191691],[5.740054,53.19136],[5.73999,53.191261],[5.739987,53.191256],[5.739972,53.191234],[5.740134,53.19124],[5.740814,53.191288],[5.74144,53.191349],[5.741995,53.191384],[5.74206,53.191389],[5.742389,53.191411],[5.742381,53.191388],[5.742378,53.191379],[5.742363,53.191331],[5.742135,53.190935],[5.74196,53.190616],[5.741921,53.190545],[5.741863,53.190455],[5.741848,53.190432],[5.74184,53.190419],[5.741748,53.190277],[5.741697,53.190197],[5.741694,53.190192],[5.741652,53.190129],[5.741624,53.190077],[5.741509,53.189887],[5.741337,53.189603],[5.741254,53.189489],[5.741158,53.189152],[5.74112,53.189014],[5.741044,53.188773],[5.740952,53.188428],[5.740908,53.188305],[5.74085,53.188144],[5.740821,53.188065],[5.740822,53.188008],[5.740785,53.187873],[5.740738,53.187641],[5.740701,53.18752],[5.7407,53.187447],[5.7407,53.187435],[5.74078,53.187436],[5.740836,53.187433],[5.740878,53.187433],[5.74088,53.187383],[5.740871,53.187342],[5.740799,53.18706],[5.740544,53.186127],[5.740524,53.186058],[5.740422,53.185682],[5.740414,53.18565],[5.740352,53.185407],[5.740342,53.185372],[5.744973,53.185415],[5.745002,53.185415],[5.745074,53.185416],[5.744971,53.18532],[5.745038,53.185311],[5.745152,53.185295],[5.745235,53.18528],[5.745409,53.185231],[5.744921,53.184809],[5.744856,53.184743],[5.744675,53.184558],[5.744272,53.184147],[5.74383,53.183642],[5.743671,53.18346],[5.743439,53.183179],[5.743438,53.18312],[5.743349,53.183006],[5.742608,53.181947],[5.74256,53.18191],[5.742559,53.181909],[5.742551,53.181896],[5.742529,53.181861],[5.742438,53.181737],[5.742192,53.181312],[5.742151,53.181216],[5.742062,53.181251],[5.741858,53.181061],[5.741468,53.180974],[5.741456,53.180952],[5.741423,53.180895],[5.741383,53.180826],[5.741371,53.180804],[5.741964,53.180871],[5.741987,53.180831],[5.741733,53.180387],[5.74126,53.179547],[5.741188,53.179559],[5.741184,53.179567],[5.74099,53.179223],[5.741017,53.179228],[5.74107,53.17921],[5.74104,53.179157],[5.740354,53.177944],[5.7403,53.17785],[5.739794,53.17696],[5.73967,53.176741],[5.739525,53.176485],[5.739516,53.17647],[5.739418,53.176297],[5.739508,53.176279],[5.739424,53.176129],[5.739334,53.176147],[5.739279,53.17605],[5.739265,53.176025],[5.739264,53.176024],[5.738701,53.17503],[5.73854,53.174745],[5.738499,53.174672],[5.738242,53.174219],[5.738189,53.17421],[5.737769,53.173467],[5.737545,53.17307],[5.737692,53.17304],[5.737891,53.173],[5.738026,53.172972],[5.737786,53.172547],[5.737621,53.172522],[5.73738,53.172487],[5.737114,53.172447],[5.737051,53.172336],[5.737022,53.172378],[5.73699,53.172419],[5.736899,53.172554],[5.736892,53.172569],[5.736847,53.172542],[5.736505,53.172294],[5.73632,53.172182],[5.736226,53.172117],[5.736134,53.172067],[5.735961,53.171994],[5.735867,53.171965],[5.735716,53.171916],[5.735487,53.171808],[5.735155,53.171626],[5.734914,53.171517],[5.734876,53.171503],[5.734863,53.171497],[5.734813,53.171474],[5.734774,53.17145],[5.734736,53.171423],[5.734639,53.171339],[5.734513,53.171161],[5.734509,53.171155],[5.734479,53.171129],[5.734379,53.171028],[5.734133,53.170755],[5.734018,53.170611],[5.733986,53.170559],[5.733959,53.170517],[5.733767,53.170228],[5.733569,53.169874],[5.733396,53.16958],[5.733377,53.169538],[5.73335,53.169501],[5.733326,53.169474],[5.733307,53.169458],[5.733009,53.169425],[5.732942,53.169421],[5.73271,53.169407],[5.73257,53.1694],[5.732475,53.169396],[5.732383,53.169389],[5.732319,53.169381],[5.7323,53.169378],[5.732274,53.169421],[5.732042,53.169803],[5.731643,53.170471],[5.731529,53.170649],[5.731504,53.170691],[5.731486,53.170718],[5.731464,53.170733],[5.731422,53.170739],[5.731346,53.170743],[5.731346,53.170735],[5.731324,53.170686],[5.731315,53.170635],[5.731302,53.170579],[5.731291,53.170531],[5.731286,53.170487],[5.731286,53.170448],[5.73129,53.170405],[5.731302,53.170364],[5.731325,53.170325],[5.731345,53.17029],[5.731354,53.170258],[5.731343,53.17024],[5.731305,53.170219],[5.730715,53.170137],[5.729709,53.170001],[5.728773,53.169871],[5.728732,53.169865],[5.728236,53.169787],[5.728217,53.169785],[5.728231,53.16974],[5.728279,53.169613],[5.728496,53.169033],[5.728635,53.168679],[5.728649,53.168664],[5.728672,53.168651],[5.728697,53.168646],[5.72873,53.168643],[5.728712,53.16863],[5.728737,53.168596],[5.728743,53.168568],[5.728748,53.168536],[5.728752,53.168514],[5.728737,53.168497],[5.728694,53.168484],[5.728638,53.168479],[5.72859,53.168475],[5.728562,53.16847],[5.728527,53.168334],[5.728503,53.168242],[5.728473,53.168159],[5.728428,53.16808],[5.728367,53.167967],[5.728334,53.167925],[5.728303,53.167894],[5.728261,53.167856],[5.728166,53.167787],[5.728094,53.167741],[5.727968,53.167663],[5.727881,53.167609],[5.727798,53.167566],[5.727398,53.167498],[5.727388,53.167496],[5.72724,53.167469],[5.727082,53.167443],[5.726952,53.167429],[5.726842,53.16742],[5.726729,53.167394],[5.726605,53.167347],[5.726387,53.167248],[5.726264,53.167182],[5.726191,53.16714],[5.72612,53.167104],[5.72606,53.167071],[5.72602,53.167048],[5.725989,53.16701],[5.725974,53.16696],[5.725957,53.1669],[5.725932,53.166832],[5.725917,53.166766],[5.725905,53.166732],[5.725875,53.166685],[5.725779,53.166598],[5.725739,53.166546],[5.725719,53.166522],[5.725641,53.16644],[5.725604,53.166416],[5.725538,53.166382],[5.725472,53.166353],[5.72538,53.166311],[5.725289,53.166272],[5.725226,53.166241],[5.725164,53.166204],[5.725104,53.166171],[5.725053,53.166139],[5.724925,53.166079],[5.724906,53.166086],[5.724883,53.166167],[5.724841,53.166217],[5.724629,53.16658],[5.724498,53.166807],[5.724213,53.167279],[5.723865,53.167863],[5.723764,53.168031],[5.723761,53.168036],[5.723529,53.168423],[5.723344,53.168725],[5.723208,53.168962],[5.723191,53.169005],[5.723192,53.169034],[5.723269,53.169189],[5.723285,53.169221],[5.723469,53.169515],[5.72366,53.169806],[5.723694,53.169845],[5.723706,53.169872],[5.723714,53.169888],[5.723758,53.169979],[5.723776,53.170031],[5.723791,53.170069],[5.723792,53.17007],[5.72371,53.17008],[5.723485,53.170104],[5.722646,53.170213],[5.722198,53.170268],[5.72214,53.170275],[5.721142,53.1704],[5.720337,53.170506],[5.720127,53.170527],[5.720009,53.170358],[5.719806,53.1701],[5.719775,53.170067],[5.719757,53.170049],[5.719727,53.170025],[5.719685,53.169978],[5.719601,53.16983],[5.71959,53.169801],[5.719576,53.16975],[5.719563,53.169708],[5.719555,53.169681],[5.719519,53.169646],[5.71946,53.169609],[5.719365,53.169547],[5.719282,53.169492],[5.719203,53.169452],[5.719141,53.169425],[5.71907,53.169405],[5.718991,53.169387],[5.718914,53.169371],[5.71883,53.169354],[5.718737,53.16933],[5.718647,53.1693],[5.718579,53.169277],[5.718509,53.169251],[5.718455,53.169222],[5.718444,53.169215],[5.717826,53.170105],[5.717838,53.170106],[5.717904,53.170131],[5.717995,53.170163],[5.718135,53.170212],[5.718272,53.170249],[5.718341,53.170269],[5.718412,53.170292],[5.718385,53.170324],[5.718347,53.17036],[5.718138,53.170528],[5.717501,53.171061],[5.716949,53.17152],[5.716114,53.172221],[5.715748,53.172518],[5.715502,53.17273],[5.71546,53.172767],[5.715459,53.172768],[5.715427,53.172811],[5.715388,53.172865],[5.715351,53.172915],[5.71519,53.173079],[5.715182,53.173087],[5.715139,53.173131],[5.714833,53.173475],[5.714696,53.173631],[5.714157,53.174222],[5.71366,53.174771],[5.713581,53.174846],[5.713244,53.17523],[5.713211,53.17522],[5.713104,53.175192],[5.712985,53.175167],[5.71287,53.17515],[5.712777,53.175134],[5.712699,53.175128],[5.712635,53.17514],[5.712585,53.175169],[5.712571,53.175184],[5.712562,53.175194],[5.712467,53.175183],[5.711867,53.175052],[5.711379,53.174956],[5.711256,53.174929],[5.711227,53.17492],[5.711224,53.174918],[5.711211,53.174909],[5.711202,53.17489],[5.711193,53.174855],[5.71118,53.174821],[5.711151,53.174792],[5.711131,53.174788],[5.711068,53.174771],[5.711029,53.174759],[5.710998,53.174742],[5.710986,53.174714],[5.710993,53.174676],[5.711003,53.174641],[5.711003,53.174611],[5.71099,53.174591],[5.710955,53.174571],[5.710433,53.174496],[5.709733,53.174405],[5.709483,53.174356],[5.709463,53.174373],[5.709381,53.174445],[5.709294,53.174524],[5.709238,53.174579],[5.709194,53.174624],[5.709159,53.174653],[5.7091,53.174653],[5.708726,53.174575],[5.708338,53.174492],[5.7082,53.17446],[5.708102,53.174433],[5.708016,53.174402],[5.707937,53.174369],[5.707879,53.174346],[5.707814,53.174356],[5.707749,53.174383],[5.707695,53.174389],[5.707443,53.174196],[5.707382,53.174166],[5.707286,53.174118],[5.706796,53.173799],[5.706483,53.173594],[5.706231,53.173457],[5.706212,53.173446],[5.706211,53.173446],[5.706099,53.173383],[5.70596,53.173394],[5.705772,53.173398],[5.705455,53.173398],[5.705043,53.173399],[5.70478,53.173401],[5.704671,53.173403],[5.704143,53.173484],[5.70359,53.173548],[5.703119,53.173615],[5.70285,53.173649],[5.702571,53.173675],[5.702237,53.173674],[5.701825,53.173679],[5.701635,53.173669],[5.701148,53.173635],[5.700957,53.173614],[5.700758,53.173605],[5.700515,53.173595],[5.700316,53.173587],[5.700156,53.173588],[5.700022,53.173591],[5.699858,53.173602],[5.699745,53.173615],[5.699628,53.173639],[5.699512,53.173668],[5.699417,53.173689],[5.699291,53.17371],[5.699149,53.173744],[5.699028,53.173781],[5.69892,53.17382],[5.698789,53.173873],[5.698517,53.173991],[5.698422,53.174041],[5.698271,53.174137],[5.698189,53.174192],[5.698099,53.174255],[5.698022,53.174325],[5.697972,53.174374],[5.697936,53.174421],[5.697901,53.174479],[5.69788,53.174529],[5.697838,53.17463],[5.697804,53.174716],[5.697731,53.174888],[5.697646,53.175093],[5.697633,53.175135],[5.697629,53.175177],[5.69763,53.17521],[5.697657,53.1754],[5.697693,53.175608],[5.697711,53.175676],[5.697737,53.175764],[5.697775,53.175867],[5.697823,53.175953],[5.697849,53.176023],[5.69785,53.176083],[5.697846,53.176135],[5.697833,53.176236],[5.697821,53.176327],[5.697766,53.176522],[5.697741,53.176608],[5.697716,53.176689],[5.697711,53.176725],[5.697716,53.176767],[5.697725,53.176798],[5.697743,53.176819],[5.697808,53.176865],[5.697847,53.176894],[5.697856,53.176917],[5.697856,53.176941],[5.697843,53.176975],[5.697818,53.177019],[5.697792,53.177058],[5.697389,53.177636],[5.697333,53.177696],[5.697299,53.177717],[5.697247,53.177741],[5.697187,53.177767],[5.69708,53.177819],[5.696821,53.177931],[5.69654,53.178054],[5.696221,53.178177],[5.695767,53.178353],[5.695344,53.178491],[5.695219,53.178533],[5.695124,53.178617],[5.695017,53.178695],[5.694935,53.178747],[5.69487,53.178789],[5.694668,53.178891],[5.694499,53.178975],[5.694275,53.179098],[5.693995,53.179239],[5.693857,53.179304],[5.69373,53.179376],[5.693247,53.179637],[5.692993,53.179786],[5.692794,53.179903],[5.692742,53.179922],[5.692686,53.179932],[5.692626,53.179922],[5.692487,53.179852],[5.69243,53.179834],[5.692339,53.179837],[5.692197,53.17985],[5.691989,53.179864],[5.691781,53.179872],[5.691638,53.179883],[5.691522,53.179901],[5.691336,53.179938],[5.691077,53.180004],[5.690683,53.180096],[5.690567,53.180133],[5.690459,53.180169],[5.690358,53.180197],[5.690275,53.180207],[5.690193,53.18021],[5.689609,53.180186],[5.68944,53.180173],[5.689288,53.180152],[5.689093,53.180119],[5.688933,53.180088],[5.688772,53.180071],[5.688564,53.180064],[5.688278,53.180054],[5.687966,53.180055],[5.687759,53.180063],[5.687642,53.180058],[5.687247,53.180031],[5.687161,53.180028],[5.687096,53.180039],[5.687044,53.18006],[5.686993,53.180115],[5.686885,53.180224],[5.686786,53.18031],[5.686455,53.180555],[5.686386,53.180621],[5.686347,53.180673],[5.686335,53.180712],[5.686275,53.180902],[5.686164,53.181066],[5.685938,53.181599],[5.685915,53.181679],[5.685913,53.181686],[5.6859,53.18173],[5.685893,53.181744],[5.685813,53.181915],[5.68581,53.181922],[5.685732,53.181917],[5.685641,53.181911],[5.685542,53.181906],[5.685441,53.181903],[5.685341,53.181899],[5.685235,53.181898],[5.685134,53.181897],[5.685027,53.181895],[5.684935,53.181891],[5.684852,53.181884],[5.684786,53.181872],[5.684711,53.181851],[5.684642,53.181826],[5.684569,53.181796],[5.684499,53.181767],[5.684418,53.181736],[5.684241,53.181656],[5.684174,53.181629],[5.684108,53.1816],[5.68384,53.181468],[5.683473,53.181302],[5.683128,53.181144],[5.68267,53.180895],[5.682417,53.180741],[5.682129,53.180536],[5.681922,53.180382],[5.68186,53.180335],[5.681799,53.180286],[5.681728,53.180234],[5.681643,53.180176],[5.681561,53.180118],[5.681406,53.180012],[5.681327,53.179964],[5.681245,53.179913],[5.681171,53.179873],[5.681076,53.179827],[5.681008,53.179794],[5.680929,53.179762],[5.680834,53.179721],[5.680729,53.179675],[5.680627,53.179632],[5.68054,53.179596],[5.68044,53.179556],[5.680331,53.179521],[5.680223,53.179483],[5.680095,53.179432],[5.679967,53.179381],[5.679874,53.179345],[5.679776,53.179306],[5.679682,53.179268],[5.679573,53.179222],[5.679398,53.179133],[5.679339,53.179092],[5.679283,53.179052],[5.679233,53.179008],[5.679181,53.178957],[5.67914,53.178911],[5.679087,53.178858],[5.679043,53.178813],[5.678995,53.178763],[5.678959,53.178723],[5.67893,53.178683],[5.678897,53.178632],[5.678871,53.17858],[5.678853,53.178526],[5.678836,53.178475],[5.678818,53.178422],[5.678807,53.178367],[5.678806,53.178316],[5.678811,53.178263],[5.678816,53.17821],[5.67882,53.178159],[5.678829,53.178102],[5.678831,53.178047],[5.678818,53.177991],[5.678793,53.177936],[5.678764,53.177888],[5.678733,53.177847],[5.678675,53.177793],[5.678606,53.177743],[5.678526,53.177688],[5.678473,53.17765],[5.678419,53.177609],[5.678266,53.177496],[5.678135,53.177374],[5.677948,53.17714],[5.677801,53.176835],[5.677751,53.176672],[5.67773,53.176586],[5.677572,53.176513],[5.677572,53.176512],[5.677291,53.176393],[5.675977,53.176949],[5.675967,53.176954],[5.675622,53.177281],[5.675539,53.17736],[5.675172,53.177719],[5.675141,53.177753],[5.675078,53.177807],[5.674628,53.177818],[5.674586,53.177808],[5.67456,53.177793],[5.674499,53.177735],[5.67426,53.177445],[5.674157,53.177325],[5.674063,53.177234],[5.673986,53.177167],[5.673833,53.177062],[5.673552,53.176856],[5.673287,53.176669],[5.673134,53.176547],[5.673027,53.176455],[5.672867,53.176309],[5.672765,53.176209],[5.672413,53.175812],[5.672379,53.175778],[5.672363,53.175766],[5.672352,53.175758],[5.672315,53.175696],[5.672318,53.175678],[5.672331,53.175658],[5.672836,53.175326],[5.672525,53.17517],[5.671351,53.174587],[5.671004,53.174412],[5.670907,53.174357],[5.670838,53.174304],[5.670632,53.174203],[5.670225,53.173992],[5.669493,53.173596],[5.669196,53.173435],[5.669141,53.173394],[5.669006,53.173333],[5.66898,53.173332],[5.66894,53.173344],[5.668103,53.173668],[5.668117,53.173721],[5.668118,53.173753],[5.668104,53.173798],[5.668077,53.173847],[5.667947,53.174008],[5.667913,53.174044],[5.667904,53.174067],[5.667906,53.174079],[5.667923,53.174103],[5.668099,53.174303],[5.668109,53.174324],[5.668107,53.17434],[5.668092,53.17436],[5.668057,53.174378],[5.667906,53.17443],[5.667892,53.174444],[5.667895,53.174462],[5.668194,53.174952],[5.66824,53.175027],[5.668112,53.175064],[5.668038,53.175072],[5.667957,53.175069],[5.667816,53.175056],[5.667756,53.175066],[5.667589,53.175122],[5.667494,53.175141],[5.667242,53.175173],[5.667109,53.175193],[5.666925,53.17524],[5.666873,53.175261],[5.666824,53.175287],[5.66677,53.17533],[5.666707,53.175369],[5.666592,53.175425],[5.666463,53.175477],[5.666328,53.175512],[5.666264,53.175516],[5.666216,53.175511],[5.666057,53.175477],[5.66596,53.17547],[5.665898,53.175416],[5.665849,53.17538],[5.665831,53.175348],[5.665825,53.175318],[5.66583,53.175275],[5.665862,53.175183],[5.66587,53.175139],[5.665871,53.175107],[5.665828,53.175013],[5.665775,53.174927],[5.665744,53.174903],[5.665712,53.174893],[5.665493,53.174913],[5.665418,53.174911],[5.665336,53.1749],[5.665249,53.174878],[5.665176,53.174854],[5.665132,53.174836],[5.6651,53.174823],[5.665037,53.174785],[5.664969,53.174734],[5.664908,53.174682],[5.664874,53.174646],[5.66484,53.174612],[5.664811,53.174579],[5.664789,53.174527],[5.664775,53.174433],[5.664773,53.174416],[5.664745,53.174236],[5.664655,53.174075],[5.664567,53.174131],[5.664323,53.174124],[5.664193,53.174115],[5.664121,53.174101],[5.664044,53.17408],[5.663664,53.173988],[5.663593,53.173971],[5.663574,53.173929],[5.663534,53.173876],[5.66302,53.173289],[5.662448,53.172635],[5.662062,53.1722],[5.662042,53.172177],[5.66202,53.172152],[5.661912,53.171978],[5.662,53.171954],[5.662063,53.171942],[5.662624,53.171865],[5.66265,53.171852],[5.662648,53.171833],[5.662149,53.171404],[5.662081,53.171344],[5.662005,53.171277],[5.661965,53.17124],[5.661965,53.171211],[5.661976,53.171187],[5.662023,53.171151],[5.662253,53.170963],[5.662291,53.170923],[5.662276,53.170888],[5.662346,53.170855],[5.662384,53.170835],[5.66252,53.170769],[5.662536,53.170757],[5.662539,53.170749],[5.662539,53.170739],[5.662526,53.17072],[5.66241,53.170621],[5.662329,53.170564],[5.662228,53.170483],[5.662039,53.170369],[5.662003,53.170326],[5.661617,53.170032],[5.661261,53.169758],[5.661201,53.169718],[5.661173,53.169717],[5.661144,53.169725],[5.661113,53.169743],[5.660778,53.170069],[5.660747,53.170085],[5.660722,53.170084],[5.66068,53.170067],[5.660611,53.170007],[5.65922,53.168774],[5.65886,53.168459],[5.658811,53.168421],[5.6587,53.168316],[5.658596,53.168356],[5.658274,53.168476],[5.658165,53.168502],[5.658064,53.168427],[5.657962,53.168384],[5.657828,53.168349],[5.657667,53.168309],[5.657544,53.168279],[5.6574,53.168227],[5.657291,53.168191],[5.656678,53.168057],[5.656394,53.168],[5.656293,53.167961],[5.65613,53.167898],[5.656023,53.16783],[5.655752,53.1677],[5.65531,53.167475],[5.654481,53.167077],[5.653686,53.166664],[5.653535,53.166581],[5.65346,53.166541],[5.652983,53.166339],[5.652927,53.166315],[5.65284,53.166259],[5.652973,53.166188],[5.653537,53.165926],[5.653585,53.165905],[5.653759,53.165829],[5.654995,53.165219],[5.65514,53.165142],[5.655251,53.165176],[5.655619,53.16539],[5.656124,53.165666],[5.65635,53.165587],[5.656834,53.165419],[5.657003,53.165366],[5.657178,53.165312],[5.658028,53.165007],[5.658137,53.164964],[5.658511,53.164817],[5.658617,53.164781],[5.659007,53.164657],[5.65906,53.164636],[5.659233,53.164591],[5.659639,53.164461],[5.659742,53.164426],[5.659762,53.164458],[5.659901,53.164409],[5.65999,53.164378],[5.660066,53.164352],[5.660143,53.164327],[5.66022,53.164302],[5.660297,53.164278],[5.660331,53.164269],[5.660365,53.16426],[5.660399,53.164253],[5.660434,53.164245],[5.66047,53.164239],[5.660505,53.164232],[5.660581,53.164249],[5.660676,53.164223],[5.660663,53.164195],[5.660641,53.164151],[5.66052,53.163961],[5.66023,53.163454],[5.660224,53.163449],[5.66022,53.163443],[5.660216,53.163437],[5.660214,53.163431],[5.660174,53.16338],[5.660985,53.163113],[5.660927,53.163],[5.660684,53.162474],[5.660551,53.162196],[5.660443,53.162205],[5.660398,53.162201],[5.660368,53.162181],[5.660075,53.161878],[5.660041,53.161821],[5.660093,53.161732],[5.660086,53.161699],[5.659961,53.161524],[5.65993,53.161421],[5.659909,53.161398],[5.65987,53.161354],[5.659767,53.161266],[5.659711,53.161199],[5.659673,53.16114],[5.659645,53.161074],[5.659639,53.161003],[5.659679,53.160874],[5.65966,53.160815],[5.659822,53.160757],[5.659438,53.160449],[5.659221,53.160285],[5.658885,53.160025],[5.658502,53.159737],[5.658454,53.159692],[5.658403,53.159654],[5.658305,53.15958],[5.658232,53.159498],[5.658062,53.159295],[5.657681,53.158843],[5.657639,53.158791],[5.657503,53.158615],[5.657886,53.158722],[5.657951,53.158738],[5.65802,53.158759],[5.65805,53.158761],[5.658086,53.158736],[5.65936,53.157714],[5.659415,53.157667],[5.659453,53.157627],[5.659435,53.157624],[5.65918,53.15757],[5.658195,53.15736],[5.65766,53.157238],[5.657606,53.157222],[5.657635,53.157199],[5.657596,53.157169],[5.657549,53.157113],[5.657421,53.157107],[5.657423,53.156977],[5.657423,53.156911],[5.657424,53.156831],[5.657423,53.1567],[5.657416,53.156656],[5.657398,53.156622],[5.657328,53.156543],[5.65728,53.156489],[5.657247,53.156434],[5.657238,53.156409],[5.657224,53.156346],[5.657214,53.15631],[5.657108,53.156169],[5.657039,53.156037],[5.65698,53.155934],[5.656968,53.155886],[5.656959,53.15586],[5.656949,53.155835],[5.656933,53.155815],[5.656842,53.155781],[5.656727,53.155684],[5.656731,53.155677],[5.656731,53.155666],[5.656723,53.155651],[5.656707,53.155626],[5.6567,53.155616],[5.656693,53.155603],[5.656692,53.155584],[5.656696,53.155565],[5.656708,53.155541],[5.656727,53.155507],[5.656739,53.155489],[5.656752,53.155477],[5.656659,53.155434],[5.656704,53.155405],[5.656809,53.155291],[5.656961,53.155092],[5.657008,53.154829],[5.65691,53.154585],[5.656869,53.154497],[5.656853,53.154485],[5.656892,53.154497],[5.656934,53.154442],[5.657469,53.154601],[5.657571,53.154631],[5.657628,53.154564],[5.657754,53.154414],[5.657675,53.154392],[5.657635,53.154382],[5.657573,53.154353],[5.657584,53.154334],[5.657594,53.154318],[5.657618,53.154298],[5.657652,53.154278],[5.657682,53.154267],[5.657737,53.154258],[5.657795,53.154257],[5.65785,53.154264],[5.657901,53.154286],[5.657953,53.154321],[5.658014,53.154376],[5.658058,53.154395],[5.658482,53.154526],[5.658642,53.154576],[5.658688,53.15459],[5.65907,53.154702],[5.659099,53.154709],[5.659199,53.154733],[5.659569,53.154777],[5.659965,53.154806],[5.660244,53.154855],[5.660598,53.154897],[5.661182,53.154948],[5.661794,53.154972],[5.661851,53.154972],[5.661904,53.154968],[5.661935,53.15495],[5.661943,53.154932],[5.661732,53.154405],[5.66161,53.154107],[5.661591,53.154048],[5.661589,53.154026],[5.661605,53.15401],[5.661645,53.153991],[5.661754,53.153971],[5.661798,53.153959],[5.661821,53.153944],[5.661828,53.153924],[5.661761,53.1537],[5.661565,53.153161],[5.661559,53.153137],[5.661563,53.153125],[5.661564,53.153122],[5.661577,53.153104],[5.661894,53.152937],[5.662272,53.15273],[5.662555,53.152581],[5.662682,53.152507],[5.662714,53.152477],[5.662743,53.152416],[5.662749,53.152406],[5.662765,53.15238],[5.662769,53.152358],[5.662767,53.152336],[5.66276,53.152329],[5.662814,53.152324],[5.662744,53.152211],[5.662702,53.15215],[5.662648,53.152094],[5.662569,53.152008],[5.662536,53.151974],[5.662521,53.151961],[5.662372,53.151911],[5.662204,53.151844],[5.662084,53.151788],[5.661997,53.151741],[5.661961,53.151713],[5.661942,53.151683],[5.661944,53.151633],[5.661947,53.151538],[5.661933,53.151463],[5.661895,53.151359],[5.661841,53.151246],[5.661822,53.151184],[5.661824,53.151127],[5.661844,53.151068],[5.661888,53.150998],[5.661974,53.15092],[5.661989,53.150895],[5.662737,53.150477],[5.662759,53.150465],[5.662784,53.150444],[5.663039,53.150145],[5.663114,53.150029],[5.663152,53.149985],[5.663276,53.149879],[5.66332,53.149821],[5.663147,53.149812],[5.662972,53.149804],[5.662764,53.149786],[5.662523,53.149752],[5.662322,53.149724],[5.6621,53.149677],[5.661953,53.149644],[5.661665,53.149574],[5.661524,53.149543],[5.661407,53.149518],[5.66128,53.149506],[5.661178,53.149491],[5.661057,53.149456],[5.660995,53.149437],[5.660734,53.14936],[5.660691,53.149343],[5.660618,53.149309],[5.660599,53.149301],[5.66058,53.149293],[5.660559,53.149286],[5.660539,53.14928],[5.660518,53.149273],[5.660496,53.149268],[5.660475,53.149263],[5.660452,53.149258],[5.660429,53.149254],[5.660405,53.14925],[5.660381,53.149247],[5.660356,53.149244],[5.660332,53.149242],[5.660302,53.14924],[5.660271,53.149238],[5.660241,53.149236],[5.66021,53.149235],[5.66018,53.149235],[5.660156,53.149235],[5.660131,53.149236],[5.660106,53.149237],[5.660082,53.149239],[5.66004,53.149242],[5.659998,53.149246],[5.659956,53.14925],[5.659915,53.149255],[5.659878,53.14926],[5.659841,53.149265],[5.659804,53.149271],[5.659767,53.149277],[5.659731,53.149284],[5.659694,53.149291],[5.659658,53.149298],[5.659622,53.149306],[5.65906,53.149362],[5.65905,53.149363],[5.658877,53.14938],[5.658587,53.149426],[5.658511,53.149438],[5.658473,53.149444],[5.658471,53.149434],[5.658473,53.14943],[5.658474,53.149426],[5.658473,53.149422],[5.658472,53.149418],[5.658469,53.149415],[5.658466,53.149412],[5.657817,53.14892],[5.657779,53.148905],[5.657741,53.14889],[5.657703,53.148874],[5.657666,53.148858],[5.65763,53.148841],[5.657594,53.148824],[5.657559,53.148806],[5.657525,53.148788],[5.657495,53.148771],[5.657466,53.148754],[5.657438,53.148737],[5.65741,53.148719],[5.657401,53.148713],[5.657393,53.148707],[5.657386,53.1487],[5.65738,53.148693],[5.657375,53.148686],[5.65737,53.148678],[5.657366,53.14867],[5.657363,53.148662],[5.657361,53.148653],[5.65736,53.148645],[5.65736,53.148637],[5.657361,53.148629],[5.657374,53.148384],[5.657367,53.148377],[5.657359,53.148371],[5.657351,53.148365],[5.657341,53.14836],[5.657331,53.148356],[5.65732,53.148352],[5.657309,53.148348],[5.657297,53.148345],[5.657285,53.148343],[5.657272,53.148342],[5.65726,53.148341],[5.657247,53.148341],[5.657234,53.148341],[5.657222,53.148343],[5.657165,53.148341],[5.656701,53.148329],[5.656682,53.14833],[5.656663,53.14833],[5.656644,53.148329],[5.656626,53.148327],[5.656608,53.148325],[5.65659,53.148322],[5.656572,53.148319],[5.656555,53.148314],[5.656538,53.14831],[5.656522,53.148304],[5.656506,53.148298],[5.656241,53.148202],[5.656201,53.148187],[5.656103,53.148147],[5.656075,53.14813],[5.656045,53.148111],[5.655777,53.147929],[5.655742,53.147905],[5.65548,53.14773],[5.655448,53.147728],[5.655372,53.147756],[5.655109,53.147867],[5.654923,53.147931],[5.654416,53.148104],[5.653903,53.148271],[5.653859,53.148296],[5.653757,53.148331],[5.653683,53.148375],[5.653609,53.148422],[5.653461,53.148505],[5.653277,53.148608],[5.653124,53.148697],[5.653012,53.148766],[5.652951,53.1488],[5.652908,53.148833],[5.65283,53.148812],[5.652761,53.148802],[5.652203,53.148722],[5.652051,53.148701],[5.65203,53.14869],[5.652028,53.148672],[5.652153,53.148307],[5.652151,53.148283],[5.652132,53.148274],[5.651535,53.148166],[5.650742,53.148023],[5.650679,53.148001],[5.650595,53.147984],[5.650455,53.14794],[5.65012,53.147836],[5.650051,53.147819],[5.649909,53.147805],[5.649857,53.147782],[5.64975,53.147714],[5.64974,53.147699],[5.649743,53.14768],[5.649761,53.14765],[5.649863,53.14752],[5.649865,53.1475],[5.649853,53.147478],[5.649778,53.147421],[5.649454,53.147192],[5.64936,53.147138],[5.649344,53.147128],[5.64934,53.14713],[5.649214,53.147225],[5.649124,53.147286],[5.649067,53.147325],[5.648532,53.147075],[5.648541,53.147074],[5.64855,53.147074],[5.648565,53.147079],[5.648577,53.14708],[5.648589,53.14708],[5.648601,53.147074],[5.648616,53.14706],[5.64862,53.147049],[5.648615,53.14704],[5.648598,53.147032],[5.648569,53.147019],[5.648567,53.147018],[5.648744,53.146949],[5.648844,53.146923],[5.648932,53.146911],[5.649034,53.146898],[5.649101,53.146887],[5.649183,53.146863],[5.649264,53.146817],[5.649331,53.146782],[5.649437,53.146711],[5.649832,53.146435],[5.650129,53.146219],[5.650467,53.145979],[5.650519,53.145948],[5.650598,53.145889],[5.650715,53.145802],[5.650975,53.145601],[5.651301,53.145347],[5.651482,53.145201],[5.651647,53.145061],[5.65169,53.145026],[5.651713,53.145003],[5.651791,53.144925],[5.651902,53.14483],[5.652128,53.144614],[5.652214,53.144526],[5.652357,53.144379],[5.65245,53.14428],[5.652556,53.144163],[5.652622,53.144081],[5.652865,53.143789],[5.652901,53.143751],[5.653024,53.14359],[5.653137,53.143442],[5.653177,53.143383],[5.653275,53.143245],[5.653327,53.14317],[5.653511,53.142871],[5.653629,53.142673],[5.653715,53.142502],[5.653789,53.142352],[5.653849,53.142227],[5.653875,53.142228],[5.653887,53.142202],[5.653899,53.142178],[5.653873,53.142177],[5.653886,53.142151],[5.654066,53.141764],[5.654124,53.141639],[5.654156,53.141647],[5.654182,53.141583],[5.654157,53.141577],[5.654048,53.141547],[5.654006,53.141536],[5.65398,53.141531],[5.653946,53.141526],[5.653883,53.141515],[5.653811,53.141498],[5.653741,53.14148],[5.653683,53.141464],[5.653631,53.141446],[5.653558,53.141418],[5.653445,53.141377],[5.653329,53.141328],[5.653241,53.141283],[5.65309,53.141212],[5.652956,53.141149],[5.652775,53.141063],[5.652631,53.140989],[5.652476,53.140907],[5.652188,53.140742],[5.651882,53.140561],[5.651692,53.140456],[5.651484,53.140337],[5.651421,53.140309],[5.651289,53.140239],[5.651204,53.14019],[5.651112,53.140132],[5.650806,53.139961],[5.650527,53.139796],[5.650264,53.139654],[5.650151,53.139581],[5.650043,53.139521],[5.650007,53.139496],[5.649956,53.139449],[5.649944,53.139433],[5.649936,53.139429],[5.649894,53.139395],[5.649886,53.13939],[5.649825,53.139359],[5.649674,53.139276],[5.64954,53.139204],[5.64945,53.13915],[5.649306,53.139065],[5.649134,53.138965],[5.648894,53.138819],[5.648818,53.138782],[5.648714,53.138719],[5.648584,53.138644],[5.648457,53.138569],[5.648253,53.138453],[5.648157,53.138395],[5.648128,53.13838],[5.648107,53.138371],[5.648075,53.138359],[5.648058,53.138354],[5.648,53.13834],[5.647897,53.138314],[5.647798,53.138288],[5.647722,53.138273],[5.647567,53.138244],[5.647425,53.138222],[5.64722,53.138195],[5.647089,53.13818],[5.647022,53.138174],[5.647076,53.137989],[5.646978,53.137976],[5.646883,53.137963],[5.646853,53.137958],[5.646826,53.137955],[5.6468,53.137953],[5.646792,53.137952],[5.646788,53.137952],[5.646712,53.137947],[5.6467,53.137943],[5.646692,53.137941],[5.64668,53.137935],[5.646667,53.137928],[5.646647,53.137924],[5.646511,53.137912],[5.646293,53.137893],[5.646048,53.137867],[5.646031,53.137868],[5.646024,53.137872],[5.646013,53.137873],[5.645997,53.13787],[5.645979,53.137864],[5.64596,53.137856],[5.645945,53.137848],[5.645931,53.137837],[5.645918,53.137826],[5.645908,53.137812],[5.645902,53.137799],[5.645898,53.137785],[5.645899,53.137771],[5.645901,53.137768],[5.645747,53.137859],[5.645131,53.137826],[5.644827,53.13781],[5.644615,53.137771],[5.644477,53.137738],[5.644259,53.137667],[5.644251,53.13767],[5.644222,53.137674],[5.644197,53.137673],[5.64393,53.137595],[5.643982,53.137545],[5.643919,53.137522],[5.643886,53.137457],[5.643795,53.137438],[5.643493,53.137355],[5.641828,53.136887],[5.641228,53.136715],[5.64098,53.136644],[5.640105,53.136396],[5.640033,53.136373],[5.640018,53.136366],[5.63976,53.136297],[5.639438,53.13621],[5.639308,53.136183],[5.639179,53.136169],[5.639064,53.136172],[5.638949,53.136184],[5.638839,53.136211],[5.638743,53.136253],[5.638652,53.136308],[5.63856,53.136375],[5.638454,53.136467],[5.638355,53.136555],[5.638313,53.136569],[5.63826,53.136569],[5.638214,53.136564],[5.638152,53.136532],[5.637556,53.136179],[5.636328,53.13548],[5.635172,53.134821],[5.634933,53.134688],[5.634589,53.134495],[5.634187,53.134271],[5.633577,53.133936],[5.633046,53.13363],[5.633038,53.133626],[5.632927,53.133562],[5.631993,53.13302],[5.632028,53.133001],[5.632363,53.132816],[5.632492,53.132747],[5.632454,53.132724],[5.632577,53.132657],[5.632703,53.132586],[5.632768,53.132546],[5.632777,53.132541],[5.632864,53.132459],[5.633305,53.132214],[5.6335,53.13209],[5.633546,53.132081],[5.633592,53.132081],[5.633644,53.132074],[5.633731,53.132022],[5.63468,53.131487],[5.6349,53.13137],[5.635036,53.131297],[5.635408,53.131099],[5.635557,53.131009],[5.635563,53.131005],[5.635834,53.130839],[5.636183,53.130646],[5.636183,53.130557],[5.636177,53.13052],[5.636131,53.13048],[5.636032,53.13039],[5.635639,53.130004],[5.635635,53.13],[5.635432,53.129807],[5.635205,53.1296],[5.635197,53.129593],[5.635311,53.12951],[5.635496,53.129376],[5.636475,53.128668],[5.637166,53.128169],[5.6373,53.128079],[5.637318,53.128044],[5.637368,53.128048],[5.637487,53.128053],[5.637917,53.128071],[5.637987,53.128071],[5.638048,53.128059],[5.638281,53.127984],[5.638371,53.127969],[5.638265,53.127249],[5.638264,53.127204],[5.638277,53.127182],[5.638318,53.12717],[5.638276,53.127169],[5.637484,53.127144],[5.637409,53.125504],[5.637348,53.124149]]]},"properties":{"type":"boundary","gemeente":"Leeuwarden"}}]}