{
  "type": "FeatureCollection",
  "metadata": {
    "gemeente": "Ouder-Amstel",
    "slug": "ouder-amstel",
    "generated_at": "2026-05-04T05:54:03.565809Z",
    "total_points": 16,
    "providers": [
      "Amazon",
      "DHL",
      "DPD",
      "PostNL",
      "VintedGo",
      "GLS",
      "Budbee"
    ],
    "bounds": [
      4.90255,
      52.296897260545,
      4.94018,
      52.33270915
    ]
  },
  "features": [
    {
      "type": "Feature",
      "geometry": {
        "type": "Point",
        "coordinates": [
          4.92426901714494,
          52.329185055943
        ]
      },
      "properties": {
        "type": "pakketpunt",
        "locatieNaam": "Majuba Hair & Beauty Products",
        "straatNaam": "Pieter Braaijweg 95",
        "straatNr": "",
        "vervoerder": "Amazon",
        "puntType": "3p",
        "bezettingsgraad": 50,
        "latitude": 52.329185055943,
        "longitude": 4.92426901714494,
        "canPickup": true,
        "canDropoff": false
      }
    },
    {
      "type": "Feature",
      "geometry": {
        "type": "Point",
        "coordinates": [
          4.9025535,
          52.2973199
        ]
      },
      "properties": {
        "type": "pakketpunt",
        "locatieNaam": "Drogisterij Schumacher",
        "straatNaam": "dorpsstraat",
        "straatNr": "32-A",
        "vervoerder": "DHL",
        "puntType": "parcelShop",
        "bezettingsgraad": 50,
        "latitude": 52.2973199,
        "longitude": 4.9025535,
        "canPickup": true,
        "canDropoff": true
      }
    },
    {
      "type": "Feature",
      "geometry": {
        "type": "Point",
        "coordinates": [
          4.9320675,
          52.3305795
        ]
      },
      "properties": {
        "type": "pakketpunt",
        "locatieNaam": "Lavinnio Studios",
        "straatNaam": "Entrada",
        "straatNr": "400",
        "vervoerder": "DHL",
        "puntType": "parcelShop",
        "bezettingsgraad": 50,
        "latitude": 52.3305795,
        "longitude": 4.9320675,
        "canPickup": true,
        "canDropoff": true
      }
    },
    {
      "type": "Feature",
      "geometry": {
        "type": "Point",
        "coordinates": [
          4.939641301113025,
          52.33258678199825
        ]
      },
      "properties": {
        "type": "pakketpunt",
        "locatieNaam": "Pakketautomaat PLUS Kamminga",
        "straatNaam": "Dorpsplein",
        "straatNr": "10-PS/69",
        "vervoerder": "DHL",
        "puntType": "packStation",
        "bezettingsgraad": 50,
        "latitude": 52.33258678199825,
        "longitude": 4.939641301113025,
        "canPickup": true,
        "canDropoff": true
      }
    },
    {
      "type": "Feature",
      "geometry": {
        "type": "Point",
        "coordinates": [
          4.932067,
          52.33057
        ]
      },
      "properties": {
        "type": "pakketpunt",
        "locatieNaam": "Lavinnio",
        "straatNaam": "ENTRADA",
        "straatNr": "400",
        "vervoerder": "DPD",
        "puntType": "pickup_point",
        "bezettingsgraad": 50,
        "latitude": 52.33057,
        "longitude": 4.932067,
        "canPickup": true,
        "canDropoff": true
      }
    },
    {
      "type": "Feature",
      "geometry": {
        "type": "Point",
        "coordinates": [
          4.939701245,
          52.33270915
        ]
      },
      "properties": {
        "type": "pakketpunt",
        "locatieNaam": "UR768 Pakketautomaat Budbee",
        "straatNaam": "DORPSPLEIN",
        "straatNr": "10",
        "vervoerder": "DPD",
        "puntType": "dpd_box",
        "bezettingsgraad": 50,
        "latitude": 52.33270915,
        "longitude": 4.939701245,
        "canPickup": true,
        "canDropoff": false
      }
    },
    {
      "type": "Feature",
      "geometry": {
        "type": "Point",
        "coordinates": [
          4.90315860529086,
          52.296897260545
        ]
      },
      "properties": {
        "type": "pakketpunt",
        "locatieNaam": "Aytac",
        "straatNaam": "Dorpsstraat",
        "straatNr": "13",
        "vervoerder": "PostNL",
        "puntType": "servicepunt",
        "bezettingsgraad": 50,
        "latitude": 52.296897260545,
        "longitude": 4.90315860529086,
        "canPickup": true,
        "canDropoff": true
      }
    },
    {
      "type": "Feature",
      "geometry": {
        "type": "Point",
        "coordinates": [
          4.922996528,
          52.30495797
        ]
      },
      "properties": {
        "type": "pakketpunt",
        "locatieNaam": "Pakket- en briefautomaat",
        "straatNaam": "Burgemeester Stramanweg",
        "straatNr": "98PBA",
        "vervoerder": "PostNL",
        "puntType": "automaat",
        "bezettingsgraad": 50,
        "latitude": 52.30495797,
        "longitude": 4.922996528,
        "canPickup": true,
        "canDropoff": true
      }
    },
    {
      "type": "Feature",
      "geometry": {
        "type": "Point",
        "coordinates": [
          4.91824841,
          52.32557523
        ]
      },
      "properties": {
        "type": "pakketpunt",
        "locatieNaam": "ALLSAFE Mini Opslag Amsterdam Zuid",
        "straatNaam": "Joan Muyskenweg",
        "straatNr": "38",
        "vervoerder": "PostNL",
        "puntType": "servicepunt",
        "bezettingsgraad": 50,
        "latitude": 52.32557523,
        "longitude": 4.91824841,
        "canPickup": true,
        "canDropoff": true
      }
    },
    {
      "type": "Feature",
      "geometry": {
        "type": "Point",
        "coordinates": [
          4.92426901714494,
          52.329185055943
        ]
      },
      "properties": {
        "type": "pakketpunt",
        "locatieNaam": "Majuba Hair & Beauty Products",
        "straatNaam": "Pieter Braaijweg",
        "straatNr": "95",
        "vervoerder": "PostNL",
        "puntType": "servicepunt",
        "bezettingsgraad": 50,
        "latitude": 52.329185055943,
        "longitude": 4.92426901714494,
        "canPickup": true,
        "canDropoff": true
      }
    },
    {
      "type": "Feature",
      "geometry": {
        "type": "Point",
        "coordinates": [
          4.93971042557407,
          52.3327047468437
        ]
      },
      "properties": {
        "type": "pakketpunt",
        "locatieNaam": "Pakketautomaat",
        "straatNaam": "Dorpsplein",
        "straatNr": "10PBA",
        "vervoerder": "PostNL",
        "puntType": "automaat",
        "bezettingsgraad": 50,
        "latitude": 52.3327047468437,
        "longitude": 4.93971042557407,
        "canPickup": true,
        "canDropoff": true
      }
    },
    {
      "type": "Feature",
      "geometry": {
        "type": "Point",
        "coordinates": [
          4.90255,
          52.29732
        ]
      },
      "properties": {
        "type": "pakketpunt",
        "locatieNaam": "Drogisterij Schumacher ",
        "straatNaam": "Dorpsstraat 32A",
        "straatNr": "",
        "vervoerder": "VintedGo",
        "puntType": "parcel_shop",
        "bezettingsgraad": 50,
        "latitude": 52.29732,
        "longitude": 4.90255,
        "canPickup": true,
        "canDropoff": true
      }
    },
    {
      "type": "Feature",
      "geometry": {
        "type": "Point",
        "coordinates": [
          4.94018,
          52.33246
        ]
      },
      "properties": {
        "type": "pakketpunt",
        "locatieNaam": "Schaap Print + Sign",
        "straatNaam": "Dorpsplein 26",
        "straatNr": "",
        "vervoerder": "VintedGo",
        "puntType": "parcel_shop",
        "bezettingsgraad": 50,
        "latitude": 52.33246,
        "longitude": 4.94018,
        "canPickup": true,
        "canDropoff": true
      }
    },
    {
      "type": "Feature",
      "geometry": {
        "type": "Point",
        "coordinates": [
          4.9401094,
          52.3323504
        ]
      },
      "properties": {
        "type": "pakketpunt",
        "locatieNaam": "Schaap Print + Sign",
        "straatNaam": "Dorpsplein",
        "straatNr": "26",
        "vervoerder": "GLS",
        "puntType": "parcel_shop",
        "bezettingsgraad": 50,
        "latitude": 52.3323504,
        "longitude": 4.9401094,
        "canPickup": true,
        "canDropoff": true
      }
    },
    {
      "type": "Feature",
      "geometry": {
        "type": "Point",
        "coordinates": [
          4.92299652,
          52.3049579
        ]
      },
      "properties": {
        "type": "pakketpunt",
        "locatieNaam": "Pakketautomaat",
        "straatNaam": "Burgemeester Stramanweg",
        "straatNr": "98",
        "vervoerder": "GLS",
        "puntType": "locker",
        "bezettingsgraad": 50,
        "latitude": 52.3049579,
        "longitude": 4.92299652,
        "canPickup": true,
        "canDropoff": true
      }
    },
    {
      "type": "Feature",
      "geometry": {
        "type": "Point",
        "coordinates": [
          4.939701245,
          52.33270915
        ]
      },
      "properties": {
        "type": "pakketpunt",
        "locatieNaam": "UR768 Pakketautomaat Budbee",
        "straatNaam": "DORPSPLEIN",
        "straatNr": "10",
        "vervoerder": "Budbee",
        "puntType": "automaat",
        "bezettingsgraad": 50,
        "latitude": 52.33270915,
        "longitude": 4.939701245,
        "canPickup": true,
        "canDropoff": true
      }
    },
    {
      "type": "Feature",
      "geometry": {
        "type": "MultiPolygon",
        "coordinates": [
          [
            [
              [
                4.907232618771545,
                52.29588202032303
              ],
              [
                4.907050689727083,
                52.29564207961404
              ],
              [
                4.906831280955146,
                52.29541422729128
              ],
              [
                4.9065765058472035,
                52.295200657497155
              ],
              [
                4.906288818256363,
                52.29500342680776
              ],
              [
                4.905970988856606,
                52.294824434434986
              ],
              [
                4.905626078456406,
                52.29466540394514
              ],
              [
                4.905257408523885,
                52.294527866668574
              ],
              [
                4.904868529207224,
                52.2944131469608
              ],
              [
                4.904463185158065,
                52.294322349455804
              ],
              [
                4.904045279486461,
                52.294256348435056
              ],
              [
                4.9036188361938935,
                52.29421577941296
              ],
              [
                4.903187961445224,
                52.2942010330212
              ],
              [
                4.902756804051663,
                52.29421225124917
              ],
              [
                4.902329515544162,
                52.29424932607767
              ],
              [
                4.90191021022076,
                52.29431190051849
              ],
              [
                4.901502925551442,
                52.29439937204988
              ],
              [
                4.901111583320827,
                52.29451089841527
              ],
              [
                4.900739951881878,
                52.29464540572918
              ],
              [
                4.900391609883306,
                52.29480159881261
              ],
              [
                4.900069911819264,
                52.294977973658575
              ],
              [
                4.8997779557325565,
                52.29517283190831
              ],
              [
                4.899574693591338,
                52.29533853181298
              ],
              [
                4.899461303544308,
                52.295400697364826
              ],
              [
                4.899169342011109,
                52.295595554089026
              ],
              [
                4.898909934295237,
                52.29580701802003
              ],
              [
                4.8986855788421995,
                52.29603305286471
              ],
              [
                4.898498436662299,
                52.296271481987695
              ],
              [
                4.89835031050569,
                52.29652000936572
              ],
              [
                4.898242627482905,
                52.29677624169252
              ],
              [
                4.898176425298921,
                52.29703771142219
              ],
              [
                4.898152342234193,
                52.29730190052858
              ],
              [
                4.898170610970091,
                52.29756626475259
              ],
              [
                4.898231056319316,
                52.29782825810388
              ],
              [
                4.898333096884185,
                52.29808535738053
              ],
              [
                4.898475750627986,
                52.29833508647168
              ],
              [
                4.898657644306795,
                52.29857504020763
              ],
              [
                4.8988770266718875,
                52.29880290752822
              ],
              [
                4.89913178531652,
                52.29901649374667
              ],
              [
                4.899419467005505,
                52.29921374169302
              ],
              [
                4.8997373012923715,
                52.29939275153434
              ],
              [
                4.9000822271969895,
                52.29955179907975
              ],
              [
                4.9004509226868675,
                52.29968935239425
              ],
              [
                4.900839836678115,
                52.29980408656049
              ],
              [
                4.901245223247569,
                52.29989489644616
              ],
              [
                4.901663177726095,
                52.29996090735417
              ],
              [
                4.902089674324793,
                52.3000014834519
              ],
              [
                4.902520604930847,
                52.30001623389908
              ],
              [
                4.902951818698496,
                52.30000501661445
              ],
              [
                4.902951966088628,
                52.300005003826925
              ],
              [
                4.902955318909132,
                52.30000491660287
              ],
              [
                4.903382662259497,
                52.299967839620784
              ],
              [
                4.903802018920168,
                52.29990526008834
              ],
              [
                4.904209349587539,
                52.299817780784956
              ],
              [
                4.904600730855048,
                52.29970624432634
              ],
              [
                4.904972393020395,
                52.29957172504396
              ],
              [
                4.905320756408543,
                52.29941551863211
              ],
              [
                4.905642465859981,
                52.2992391296618
              ],
              [
                4.905934423051565,
                52.299044257082635
              ],
              [
                4.906144491685379,
                52.29887299165892
              ],
              [
                4.906247568017642,
                52.29881647454818
              ],
              [
                4.906539519777801,
                52.2986216004524
              ],
              [
                4.906798907715729,
                52.29841011987082
              ],
              [
                4.9070232339914535,
                52.298184069697356
              ],
              [
                4.907210338565238,
                52.29794562712244
              ],
              [
                4.9073584199866875,
                52.29769708865787
              ],
              [
                4.907466052725674,
                52.2974408480132
              ],
              [
                4.907532200878872,
                52.29717937303732
              ],
              [
                4.907556228120748,
                52.296915181947405
              ],
              [
                4.907537903804157,
                52.29665081907439
              ],
              [
                4.907477405152842,
                52.29638883035875
              ],
              [
                4.907375315525831,
                52.29613173883248
              ],
              [
                4.907232618771545,
                52.29588202032303
              ]
            ]
          ],
          [
            [
              [
                4.927070821887748,
                52.30394197809613
              ],
              [
                4.926888752765304,
                52.303702068128416
              ],
              [
                4.9266692024897845,
                52.303474252815214
              ],
              [
                4.926414285815154,
                52.303260725942444
              ],
              [
                4.926126457957528,
                52.303063543672614
              ],
              [
                4.925808490941297,
                52.30288460475139
              ],
              [
                4.92546344689976,
                52.30272563223023
              ],
              [
                4.925094648587534,
                52.30258815688119
              ],
              [
                4.924705647388605,
                52.3024735024635
              ],
              [
                4.924300189127837,
                52.30238277298238
              ],
              [
                4.923882178014655,
                52.30231684206426
              ],
              [
                4.923455639065497,
                52.302276344548595
              ],
              [
                4.923024679366011,
                52.30226167037857
              ],
              [
                4.922593448545158,
                52.302272960848136
              ],
              [
                4.922166098840764,
                52.30231010724263
              ],
              [
                4.9217467451400525,
                52.30237275188471
              ],
              [
                4.921339425378848,
                52.302460291576764
              ],
              [
                4.920948061679775,
                52.30257188340592
              ],
              [
                4.920576422602701,
                52.30270645285637
              ],
              [
                4.920228086870166,
                52.30286270415088
              ],
              [
                4.919906408916328,
                52.30303913272191
              ],
              [
                4.919614486590756,
                52.30323403969335
              ],
              [
                4.91935513132772,
                52.30344554823272
              ],
              [
                4.91913084106812,
                52.30367162161727
              ],
              [
                4.918943776194986,
                52.30391008284046
              ],
              [
                4.9187957387145325,
                52.30415863556974
              ],
              [
                4.918688154883835,
                52.30441488625468
              ],
              [
                4.918622061453099,
                52.30467636717243
              ],
              [
                4.918598095655852,
                52.30494056018887
              ],
              [
                4.918616489044475,
                52.305204921007174
              ],
              [
                4.91861649351132,
                52.3052049403257
              ],
              [
                4.91861649703762,
                52.30520499100749
              ],
              [
                4.9186770732247265,
                52.3054669736698
              ],
              [
                4.9187792495526805,
                52.30572405507722
              ],
              [
                4.918922042677335,
                52.30597375929065
              ],
              [
                4.919104078012378,
                52.30621368137974
              ],
              [
                4.919323602944684,
                52.30644151058908
              ],
              [
                4.919578503694221,
                52.306655052598835
              ],
              [
                4.919866325656881,
                52.30685225066462
              ],
              [
                4.920184297034825,
                52.30703120543385
              ],
              [
                4.920529355527156,
                52.307190193246065
              ],
              [
                4.920898177823935,
                52.30732768274146
              ],
              [
                4.921287211619481,
                52.30744234961733
              ],
              [
                4.92169270983628,
                52.30753308938956
              ],
              [
                4.922110766729432,
                52.307599028036286
              ],
              [
                4.922537355523225,
                52.30763953042102
              ],
              [
                4.9229683672165265,
                52.3076542064135
              ],
              [
                4.923399650182307,
                52.30764291464967
              ],
              [
                4.923827050178853,
                52.30760576389402
              ],
              [
                4.924246450386266,
                52.307543111991464
              ],
              [
                4.924653811081511,
                52.30745556241861
              ],
              [
                4.925045208568911,
                52.30734395846805
              ],
              [
                4.925416872990146,
                52.307209375121325
              ],
              [
                4.9257652246487345,
                52.307053108689885
              ],
              [
                4.926086908498502,
                52.30687666432281
              ],
              [
                4.926378826463317,
                52.30668174150331
              ],
              [
                4.926638167276503,
                52.30647021767289
              ],
              [
                4.9268624335524684,
                52.306244130141906
              ],
              [
                4.927049465829872,
                52.306005656460556
              ],
              [
                4.927197463355143,
                52.30575709344014
              ],
              [
                4.927305001406662,
                52.305500835026535
              ],
              [
                4.9273710449935,
                52.30523934923972
              ],
              [
                4.9273949587976045,
                52.30497515440079
              ],
              [
                4.927376513264659,
                52.304710794876684
              ],
              [
                4.927376508794055,
                52.304710775558455
              ],
              [
                4.927376505257799,
                52.30471072487693
              ],
              [
                4.927315878779345,
                52.30444874657571
              ],
              [
                4.927213655945549,
                52.304191672428765
              ],
              [
                4.927070821887748,
                52.30394197809613
              ]
            ]
          ],
          [
            [
              [
                4.922324713039643,
                52.324559478127824
              ],
              [
                4.922142585400809,
                52.32431956174224
              ],
              [
                4.921922957903269,
                52.32409173843577
              ],
              [
                4.921667946045173,
                52.32387820207124
              ],
              [
                4.921380005959656,
                52.323681008902525
              ],
              [
                4.921061910752127,
                52.323502057780146
              ],
              [
                4.920716723790485,
                52.32334307187288
              ],
              [
                4.920347769205632,
                52.32320558208164
              ],
              [
                4.919958599886276,
                52.32309091230457
              ],
              [
                4.919552963275965,
                52.323000166694825
              ],
              [
                4.919134765301185,
                52.32293421903391
              ],
              [
                4.918708032777304,
                52.322893704322595
              ],
              [
                4.918276874653467,
                52.32287901266941
              ],
              [
                4.917845442468783,
                52.32289028553685
              ],
              [
                4.917417890399514,
                52.3229274143796
              ],
              [
                4.916998335280959,
                52.32299004168934
              ],
              [
                4.91659081698794,
                52.32307756443538
              ],
              [
                4.9161992595543484,
                52.323189139868205
              ],
              [
                4.915827433405222,
                52.32332369362984
              ],
              [
                4.91547891906421,
                52.32347993009424
              ],
              [
                4.915157072685211,
                52.32365634483684
              ],
              [
                4.914864993739626,
                52.323851239114795
              ],
              [
                4.914605495170006,
                52.32406273621786
              ],
              [
                4.914381076297488,
                52.3242887995337
              ],
              [
                4.914193898743981,
                52.32452725215278
              ],
              [
                4.914045765601285,
                52.3247757978255
              ],
              [
                4.9139381040483014,
                52.32503204306952
              ],
              [
                4.913871951584383,
                52.325293520214444
              ],
              [
                4.913847946012316,
                52.32555771116259
              ],
              [
                4.9138663192683225,
                52.32582207163714
              ],
              [
                4.913926895159576,
                52.32608405568353
              ],
              [
                4.9140290910321625,
                52.326341140189484
              ],
              [
                4.914171923354484,
                52.326590849186104
              ],
              [
                4.914354017163435,
                52.32683077769696
              ],
              [
                4.914573619283355,
                52.327058614904786
              ],
              [
                4.914828615191353,
                52.327272166412484
              ],
              [
                4.915116549367238,
                52.32746937538423
              ],
              [
                4.9154346489327105,
                52.3276483423623
              ],
              [
                4.915779850352393,
                52.3278073435685
              ],
              [
                4.916148828939772,
                52.327944847514026
              ],
              [
                4.916538030883734,
                52.32805952975676
              ],
              [
                4.9169437074869915,
                52.32815028566452
              ],
              [
                4.917361951286144,
                52.328216241060005
              ],
              [
                4.917788733704824,
                52.328256760645324
              ],
              [
                4.918219943876453,
                52.328271454124476
              ],
              [
                4.918651428261759,
                52.32826017996494
              ],
              [
                4.919079030678441,
                52.328223046761714
              ],
              [
                4.919498632356367,
                52.328160412190506
              ],
              [
                4.9199061916314735,
                52.32807287956114
              ],
              [
                4.920297782894947,
                52.327961292003096
              ],
              [
                4.920373737916566,
                52.327933805146394
              ],
              [
                4.920214033778738,
                52.32813728465908
              ],
              [
                4.9200659222034755,
                52.328385837720916
              ],
              [
                4.919958286557149,
                52.328642088293805
              ],
              [
                4.919892164089816,
                52.328903568655875
              ],
              [
                4.919868192315557,
                52.3291677606786
              ],
              [
                4.919886602845257,
                52.32943212007457
              ],
              [
                4.919947219127253,
                52.32969410089973
              ],
              [
                4.9200494581187435,
                52.32995118007265
              ],
              [
                4.9201923358729305,
                52.330200881675836
              ],
              [
                4.9203744769891955,
                52.33044080080394
              ],
              [
                4.920594127836264,
                52.33066862672997
              ],
              [
                4.9208491734219155,
                52.33088216516557
              ],
              [
                4.921137157747445,
                52.33107935940072
              ],
              [
                4.921455307451458,
                52.331258310119566
              ],
              [
                4.921800558515557,
                52.331417293700476
              ],
              [
                4.92216958577495,
                52.33155477882435
              ],
              [
                4.922558834949593,
                52.331669441230474
              ],
              [
                4.9229645568871385,
                52.331760176477616
              ],
              [
                4.923382843687394,
                52.331826110587514
              ],
              [
                4.923809666359671,
                52.33186660846727
              ],
              [
                4.924240913649553,
                52.331881280029975
              ],
              [
                4.924672431660137,
                52.331869983954206
              ],
              [
                4.925100063885165,
                52.331832829046064
              ],
              [
                4.925519691267345,
                52.33177017319048
              ],
              [
                4.925927271894997,
                52.33168261990214
              ],
              [
                4.9263188799536595,
                52.33157101250959
              ],
              [
                4.926690743556501,
                52.33143642602757
              ],
              [
                4.927039281088385,
                52.33128015679783
              ],
              [
                4.927361135712814,
                52.33110370999656
              ],
              [
                4.927653207708924,
                52.33090878513049
              ],
              [
                4.927695903351981,
                52.33087397979933
              ],
              [
                4.9277456547347445,
                52.3310888296923
              ],
              [
                4.927847942090228,
                52.33134590210976
              ],
              [
                4.927990868198684,
                52.331595594280245
              ],
              [
                4.92817305719374,
                52.33183550138918
              ],
              [
                4.9283927549829185,
                52.332063312825305
              ],
              [
                4.928647846121781,
                52.332276834439675
              ],
              [
                4.928935874172764,
                52.332474009684354
              ],
              [
                4.929254065353184,
                52.33265293942626
              ],
              [
                4.929599355245019,
                52.33281190024589
              ],
              [
                4.92996841830935,
                52.332949361043305
              ],
              [
                4.930357699921119,
                52.33306399779204
              ],
              [
                4.930763450615413,
                52.333154706298075
              ],
              [
                4.931181762214932,
                52.33322061284067
              ],
              [
                4.93160860549002,
                52.333261082592465
              ],
              [
                4.932039868987734,
                52.33327572573756
              ],
              [
                4.932471398655009,
                52.33326440122824
              ],
              [
                4.932899037873283,
                52.33322721814444
              ],
              [
                4.933318667517916,
                52.33316453464257
              ],
              [
                4.933726245655477,
                52.333076954503625
              ],
              [
                4.93411784649556,
                52.33296532131474
              ],
              [
                4.93448969822096,
                52.33283071033924
              ],
              [
                4.934838219331062,
                52.33267441815469
              ],
              [
                4.935160053147678,
                52.33249795015838
              ],
              [
                4.935252210509074,
                52.3324364345244
              ],
              [
                4.9352401314047585,
                52.33257005827409
              ],
              [
                4.935258634824806,
                52.33283441520339
              ],
              [
                4.935319346426062,
                52.333096388081245
              ],
              [
                4.935421682247764,
                52.33335345390276
              ],
              [
                4.935458489010337,
                52.33341773124043
              ],
              [
                4.9354816155259105,
                52.33347582401207
              ],
              [
                4.935624591417997,
                52.33372550691053
              ],
              [
                4.935806830407488,
                52.33396540221798
              ],
              [
                4.936026577920339,
                52.334193199436754
              ],
              [
                4.93628171803313,
                52.33440670455482
              ],
              [
                4.936569793836499,
                52.334603861183
              ],
              [
                4.936888031087712,
                52.33478277036754
              ],
              [
                4.937233364924873,
                52.33494170888691
              ],
              [
                4.937602469385641,
                52.33507914585589
              ],
              [
                4.937991789446091,
                52.33519375747762
              ],
              [
                4.938397575270828,
                52.335284439799985
              ],
              [
                4.93881591834405,
                52.335350319354454
              ],
              [
                4.939242789132832,
                52.33539076157372
              ],
              [
                4.939674075919119,
                52.335405376907005
              ],
              [
                4.940105624425463,
                52.335394024574605
              ],
              [
                4.940533277851806,
                52.335356813924314
              ],
              [
                4.940952916936645,
                52.335294103378224
              ],
              [
                4.941360499655642,
                52.33520649697778
              ],
              [
                4.9417521001743205,
                52.335094838563094
              ],
              [
                4.942123946678657,
                52.33496020364047
              ],
              [
                4.942472457718434,
                52.33480388901812
              ],
              [
                4.942475316953025,
                52.33480232099579
              ],
              [
                4.942481638452118,
                52.33479948564877
              ],
              [
                4.942803457377888,
                52.33462299691498
              ],
              [
                4.942812553637443,
                52.334616924122415
              ],
              [
                4.94295121982549,
                52.334554727913186
              ],
              [
                4.943273035110919,
                52.33437823788928
              ],
              [
                4.943565058940694,
                52.334183273809145
              ],
              [
                4.943824479029097,
                52.33397171351179
              ],
              [
                4.944048797227769,
                52.33374559465882
              ],
              [
                4.944235853576182,
                52.333507095102156
              ],
              [
                4.944383847089938,
                52.333258511902336
              ],
              [
                4.944491353087138,
                52.33300223919958
              ],
              [
                4.944557336886691,
                52.332740745151334
              ],
              [
                4.944581163747477,
                52.33247654815826
              ],
              [
                4.944562604953608,
                52.33221219260785
              ],
              [
                4.944501839988284,
                52.331950224369784
              ],
              [
                4.944399454776366,
                52.33169316627836
              ],
              [
                4.944256436013754,
                52.331443493838805
              ],
              [
                4.944224630243702,
                52.3314016360175
              ],
              [
                4.9441858275519674,
                52.331333896240395
              ],
              [
                4.944003554007432,
                52.33109401367922
              ],
              [
                4.943783780813065,
                52.33086623111182
              ],
              [
                4.94352862486982,
                52.33065274200849
              ],
              [
                4.943240543698038,
                52.33045560216793
              ],
              [
                4.942922311761375,
                52.33027670992697
              ],
              [
                4.942576993743963,
                52.330117787887325
              ],
              [
                4.942207915038265,
                52.32998036633492
              ],
              [
                4.941818629727759,
                52.32986576851066
              ],
              [
                4.941412886372468,
                52.32977509787488
              ],
              [
                4.940994591926355,
                52.32970922748722
              ],
              [
                4.940567774133378,
                52.329668791604306
              ],
              [
                4.940136542763453,
                52.32965417957583
              ],
              [
                4.939705050060769,
                52.32966553209741
              ],
              [
                4.939277450784184,
                52.32970273985689
              ],
              [
                4.938857862223528,
                52.3297654445862
              ],
              [
                4.938450324575688,
                52.32985304250919
              ],
              [
                4.938058762061073,
                52.329964690152465
              ],
              [
                4.937686945153878,
                52.330099312462835
              ],
              [
                4.937338454289081,
                52.33025561315417
              ],
              [
                4.937073816111474,
                52.33040073598983
              ],
              [
                4.936870362802318,
                52.33049198429315
              ],
              [
                4.936548550335265,
                52.33066845703666
              ],
              [
                4.936456398444367,
                52.33072997370825
              ],
              [
                4.936468473370848,
                52.330596349781224
              ],
              [
                4.936467879895952,
                52.33058787379309
              ],
              [
                4.936467972428905,
                52.33058684979883
              ],
              [
                4.9364494627032744,
                52.33032249293471
              ],
              [
                4.936388748175013,
                52.330060520490676
              ],
              [
                4.936286414283234,
                52.329803455341604
              ],
              [
                4.936143447229614,
                52.32955377306067
              ],
              [
                4.93596122445498,
                52.329313878082345
              ],
              [
                4.9357415013511385,
                52.32908608055169
              ],
              [
                4.935486394336782,
                52.32887257408322
              ],
              [
                4.935198360461194,
                52.32867541464277
              ],
              [
                4.934880173732731,
                52.32849650075605
              ],
              [
                4.934534898400339,
                52.328337555233254
              ],
              [
                4.934165859445612,
                52.32820010858634
              ],
              [
                4.9337766105694,
                52.328085484298015
              ],
              [
                4.933370899981041,
                52.32799478608332
              ],
              [
                4.932952634319118,
                52.32792888726751
              ],
              [
                4.932525841050522,
                52.32788842238094
              ],
              [
                4.932094629709123,
                52.32787378105244
              ],
              [
                4.93166315234631,
                52.327885104259984
              ],
              [
                4.931235563573265,
                52.32792228297346
              ],
              [
                4.9308159805786715,
                52.3279849592045
              ],
              [
                4.930408443505798,
                52.328072529451404
              ],
              [
                4.930016876569435,
                52.32818415050716
              ],
              [
                4.929645050286273,
                52.328318747574684
              ],
              [
                4.929296545181441,
                52.32847502461083
              ],
              [
                4.928974717320152,
                52.32865147680042
              ],
              [
                4.928682665995771,
                52.32884640503991
              ],
              [
                4.92863854246351,
                52.328882377063245
              ],
              [
                4.928590719044689,
                52.32867586114953
              ],
              [
                4.928488433489696,
                52.32841878924168
              ],
              [
                4.928345514751985,
                52.328169097525276
              ],
              [
                4.928163339807149,
                52.32792919052568
              ],
              [
                4.927943663586468,
                52.32770137850377
              ],
              [
                4.927688602057265,
                52.32748785521365
              ],
              [
                4.927400611830941,
                52.327290676783264
              ],
              [
                4.92708246649566,
                52.32711174192111
              ],
              [
                4.926737229901927,
                52.32695277363942
              ],
              [
                4.926368226658448,
                52.32681530266938
              ],
              [
                4.92597901012235,
                52.32670065272778
              ],
              [
                4.925573328191696,
                52.32660992777683
              ],
              [
                4.92515508722924,
                52.32654400139917
              ],
              [
                4.924728314464145,
                52.326503508390545
              ],
              [
                4.924297119232928,
                52.32648883865058
              ],
              [
                4.9238656534319025,
                52.32650013343067
              ],
              [
                4.923438071560943,
                52.32653728397462
              ],
              [
                4.923018490742265,
                52.32659993256513
              ],
              [
                4.922610951098137,
                52.326687475966665
              ],
              [
                4.922219376868049,
                52.326799071230745
              ],
              [
                4.9221434249285565,
                52.3268265592823
              ],
              [
                4.922303115499544,
                52.326623077096414
              ],
              [
                4.922451208649295,
                52.326374521125665
              ],
              [
                4.922558824377908,
                52.326118268147006
              ],
              [
                4.9226249269470275,
                52.325856786128156
              ],
              [
                4.922648880471299,
                52.32559259335396
              ],
              [
                4.922630455014674,
                52.32532823417152
              ],
              [
                4.922569828776013,
                52.32506625448567
              ],
              [
                4.922467586344051,
                52.324809177241164
              ],
              [
                4.922324713039643,
                52.324559478127824
              ]
            ]
          ]
        ]
      },
      "properties": {
        "type": "buffer_union_300m",
        "buffer_m": 300
      }
    },
    {
      "type": "Feature",
      "geometry": {
        "type": "MultiPolygon",
        "coordinates": [
          [
            [
              [
                4.908590581573575,
                52.29554357425827
              ],
              [
                4.90834800200528,
                52.295223656004765
              ],
              [
                4.908055451341959,
                52.294919855994166
              ],
              [
                4.907715747655333,
                52.2946350996311
              ],
              [
                4.9073321628855995,
                52.29437212888773
              ],
              [
                4.906908391315203,
                52.294133475911856
              ],
              [
                4.906448513985067,
                52.293921438656504
              ],
              [
                4.9059569593962085,
                52.293738058765
              ],
              [
                4.905438460875046,
                52.29358510192378
              ],
              [
                4.904898011012435,
                52.29346404087192
              ],
              [
                4.9043408136143105,
                52.29337604123
              ],
              [
                4.90377223362544,
                52.2933219502846
              ],
              [
                4.903197745507066,
                52.29330228883627
              ],
              [
                4.90262288056382,
                52.29331724618858
              ],
              [
                4.90205317372533,
                52.2933666783269
              ],
              [
                4.90149411029308,
                52.293450109304
              ],
              [
                4.900951073163386,
                52.29356673581946
              ],
              [
                4.9004292910329,
                52.29371543494883
              ],
              [
                4.899933788083643,
                52.29389477494811
              ],
              [
                4.8994693356306405,
                52.29410302903059
              ],
              [
                4.899040406196495,
                52.294338191982845
              ],
              [
                4.898651130454256,
                52.29459799946126
              ],
              [
                4.898491310084777,
                52.29472828312807
              ],
              [
                4.898431796928319,
                52.29476091043952
              ],
              [
                4.898042513924289,
                52.29502071588389
              ],
              [
                4.897696633768919,
                52.295302664393745
              ],
              [
                4.897397487845801,
                52.295604041042225
              ],
              [
                4.897147957706326,
                52.29592194376964
              ],
              [
                4.896950447295238,
                52.29625331131806
              ],
              [
                4.896806859767326,
                52.29659495270053
              ],
              [
                4.896718579119776,
                52.296943577921816
              ],
              [
                4.896686456818519,
                52.29729582965557
              ],
              [
                4.896710803549167,
                52.297648315571884
              ],
              [
                4.896791386173822,
                52.29799764100608
              ],
              [
                4.896927429925033,
                52.298340441651966
              ],
              [
                4.897117625817763,
                52.29867341596645
              ],
              [
                4.8973601432098475,
                52.298993356972176
              ],
              [
                4.897652647391804,
                52.29929718315237
              ],
              [
                4.897992322038068,
                52.29958196813932
              ],
              [
                4.898375896304761,
                52.29984496891059
              ],
              [
                4.898799676314007,
                52.30008365222059
              ],
              [
                4.899259580722129,
                52.30029571901293
              ],
              [
                4.899751180029451,
                52.30047912657694
              ],
              [
                4.900269739252982,
                52.30063210823519
              ],
              [
                4.900810263550441,
                52.30075319037158
              ],
              [
                4.901367546355344,
                52.30084120663532
              ],
              [
                4.901936219558382,
                52.30089530918344
              ],
              [
                4.902510805250255,
                52.300914976853896
              ],
              [
                4.90308576852598,
                52.3009000201894
              ],
              [
                4.903085915919043,
                52.300900007401694
              ],
              [
                4.9030892688068315,
                52.30089992017395
              ],
              [
                4.90365907111592,
                52.30085048323127
              ],
              [
                4.9042182236656195,
                52.300767042243514
              ],
              [
                4.904761340320531,
                52.30065040097872
              ],
              [
                4.90528318952221,
                52.3005016830087
              ],
              [
                4.905778744712233,
                52.30032232087897
              ],
              [
                4.9062432327739565,
                52.30011404230045
              ],
              [
                4.906672180025191,
                52.29987885349712
              ],
              [
                4.907061455317888,
                52.2996190198701
              ],
              [
                4.907228081369252,
                52.29948316997465
              ],
              [
                4.907277281136978,
                52.299456193163984
              ],
              [
                4.907666549187574,
                52.29919635751474
              ],
              [
                4.90801239656693,
                52.29891438000792
              ],
              [
                4.908311492944974,
                52.29861297663251
              ],
              [
                4.908560958473375,
                52.298295050430035
              ],
              [
                4.908758391496464,
                52.29796366352259
              ],
              [
                4.908901891648431,
                52.29762200761085
              ],
              [
                4.908990078115602,
                52.29727337322606
              ],
              [
                4.909022102889406,
                52.296921118032685
              ],
              [
                4.908997658884141,
                52.29656863448768
              ],
              [
                4.908916982843256,
                52.29621931716737
              ],
              [
                4.908780853008098,
                52.29587653007711
              ],
              [
                4.908590581573575,
                52.29554357425827
              ]
            ]
          ],
          [
            [
              [
                4.928428880774686,
                52.30360330480382
              ],
              [
                4.9281861144382,
                52.303283427540826
              ],
              [
                4.927893375107485,
                52.302979676878095
              ],
              [
                4.927553482670765,
                52.302694977744835
              ],
              [
                4.927169710885373,
                52.30243207156188
              ],
              [
                4.926745755834039,
                52.302193489855156
              ],
              [
                4.926285700323829,
                52.3019815298913
              ],
              [
                4.925793974570758,
                52.30179823256925
              ],
              [
                4.925275313548652,
                52.30164536278039
              ],
              [
                4.924734711412327,
                52.301524392425506
              ],
              [
                4.924177373433225,
                52.30143648625189
              ],
              [
                4.923608665909092,
                52.30138249064621
              ],
              [
                4.923034064528614,
                52.301362925491084
              ],
              [
                4.922459101686542,
                52.30137797916301
              ],
              [
                4.9218893132548445,
                52.301427506719996
              ],
              [
                4.921330185320479,
                52.30151103129626
              ],
              [
                4.92078710140085,
                52.30162774869024
              ],
              [
                4.920265290643302,
                52.30177653510246
              ],
              [
                4.919769777505833,
                52.301955957948735
              ],
              [
                4.919305333402058,
                52.30216428964458
              ],
              [
                4.918876430774799,
                52.30239952422932
              ],
              [
                4.918487200039714,
                52.30265939666959
              ],
              [
                4.918141389812934,
                52.30294140465735
              ],
              [
                4.917842330805589,
                52.303242832693016
              ],
              [
                4.917592903733035,
                52.303560778221815
              ],
              [
                4.917395511548433,
                52.303892179573545
              ],
              [
                4.9172520562689614,
                52.304233845435455
              ],
              [
                4.917163920619056,
                52.30458248557646
              ],
              [
                4.917131954669016,
                52.30493474252612
              ],
              [
                4.917156467599331,
                52.30528722390414
              ],
              [
                4.91715647206555,
                52.30528724322273
              ],
              [
                4.917156475590189,
                52.305287293904584
              ],
              [
                4.917237232663011,
                52.30563660508955
              ],
              [
                4.91737345743103,
                52.305979381912294
              ],
              [
                4.917563839165989,
                52.30631232305882
              ],
              [
                4.917806545435839,
                52.306632221870956
              ],
              [
                4.91809923971178,
                52.30693599723798
              ],
              [
                4.918439103837027,
                52.30722072328134
              ],
              [
                4.918822865142263,
                52.307483657546115
              ],
              [
                4.919246827947518,
                52.30772226742714
              ],
              [
                4.919706909147777,
                52.307934254575
              ],
              [
                4.920198677539782,
                52.3081175770462
              ],
              [
                4.9207173965111455,
                52.30827046898286
              ],
              [
                4.9212580696801185,
                52.30839145763305
              ],
              [
                4.92181548904554,
                52.30847937754643
              ],
              [
                4.922384285182058,
                52.30853338180825
              ],
              [
                4.922958978995687,
                52.30855295020328
              ],
              [
                4.923534034539545,
                52.30853789423057
              ],
              [
                4.924103912379222,
                52.3084883589204
              ],
              [
                4.924663122991875,
                52.30840482143661
              ],
              [
                4.925206279682856,
                52.30828808647677
              ],
              [
                4.925728150508275,
                52.30813927851534
              ],
              [
                4.92622370870178,
                52.30795983096473
              ],
              [
                4.926688181118307,
                52.30775147235869
              ],
              [
                4.927117094227007,
                52.30751620969213
              ],
              [
                4.927506317209443,
                52.30725630907755
              ],
              [
                4.927852101747434,
                52.30697427390564
              ],
              [
                4.928151118117069,
                52.30667282072082
              ],
              [
                4.928400487241546,
                52.30635485304412
              ],
              [
                4.928597808394625,
                52.30602343339708
              ],
              [
                4.9287411822888405,
                52.30568175379537
              ],
              [
                4.928829229327346,
                52.30533310499818
              ],
              [
                4.928861102845134,
                52.30498084480857
              ],
              [
                4.928836497213833,
                52.30462836573135
              ],
              [
                4.928836492742604,
                52.304628346413196
              ],
              [
                4.928836489204689,
                52.30462829573172
              ],
              [
                4.92875564272497,
                52.304278992299786
              ],
              [
                4.9286193352798,
                52.30393622838451
              ],
              [
                4.928428880774686,
                52.30360330480382
              ]
            ]
          ],
          [
            [
              [
                4.923683438940762,
                52.32422086148707
              ],
              [
                4.92344059457306,
                52.32390097566777
              ],
              [
                4.923147752272098,
                52.32359721434848
              ],
              [
                4.922807732918632,
                52.323312502561016
              ],
              [
                4.922423811492902,
                52.32304958184772
              ],
              [
                4.921999685519123,
                52.32281098387444
              ],
              [
                4.921539439450508,
                52.322599006064216
              ],
              [
                4.921047505338065,
                52.32241568948764
              ],
              [
                4.920528620161754,
                52.32226279922132
              ],
              [
                4.919987780234385,
                52.32214180736306
              ],
              [
                4.919430193116499,
                52.322053878867095
              ],
              [
                4.9188612275040295,
                52.32199986033489
              ],
              [
                4.918286361569894,
                52.32198027186978
              ],
              [
                4.917711130255241,
                52.32199530207258
              ],
              [
                4.917141072016129,
                52.322044806227396
              ],
              [
                4.916581675536488,
                52.32212830769362
              ],
              [
                4.916038326918586,
                52.3222450024924
              ],
              [
                4.915516257857717,
                52.32239376704197
              ],
              [
                4.915020495298401,
                52.3225731689687
              ],
              [
                4.914555813055449,
                52.322781480889724
              ],
              [
                4.914126685864465,
                52.32301669703497
              ],
              [
                4.913737246303415,
                52.32327655254885
              ],
              [
                4.913391244999456,
                52.32355854528653
              ],
              [
                4.9130920145040955,
                52.32385995989545
              ],
              [
                4.912842437184684,
                52.324177893950434
              ],
              [
                4.912644917442083,
                52.3245092858919
              ],
              [
                4.912501358522877,
                52.324850944497946
              ],
              [
                4.912413144150768,
                52.32519957960743
              ],
              [
                4.9123811251554885,
                52.32555183379861
              ],
              [
                4.912405611229788,
                52.32590431471778
              ],
              [
                4.912486367895707,
                52.326253627748066
              ],
              [
                4.912622618711389,
                52.32659640870243
              ],
              [
                4.912813052699086,
                52.326929356227105
              ],
              [
                4.913055836924774,
                52.32724926360243
              ],
              [
                4.913348634109974,
                52.32755304963521
              ],
              [
                4.9136886251077065,
                52.32783778834395
              ],
              [
                4.914072536027425,
                52.328100737151566
              ],
              [
                4.914496669748656,
                52.32833936331269
              ],
              [
                4.914956941520454,
                52.328551368321044
              ],
              [
                4.915448918304054,
                52.32873471006076
              ],
              [
                4.915967861479668,
                52.3288876224882
              ],
              [
                4.916508772505604,
                52.32900863265402
              ],
              [
                4.917066441089042,
                52.32909657490038
              ],
              [
                4.917635495403375,
                52.32915060209741
              ],
              [
                4.918210453866926,
                52.32917019380879
              ],
              [
                4.918401477050821,
                52.32916520292329
              ],
              [
                4.918425786935495,
                52.329514437316206
              ],
              [
                4.918506597454258,
                52.32986374605226
              ],
              [
                4.918642905760895,
                52.3302065198968
              ],
              [
                4.918833400324089,
                52.330539457564285
              ],
              [
                4.919076247626487,
                52.330859352430046
              ],
              [
                4.919369109782106,
                52.33116312342109
              ],
              [
                4.9197091670181665,
                52.33144784470084
              ],
              [
                4.920093144806041,
                52.33171077385998
              ],
              [
                4.9205173453810565,
                52.33194937834237
              ],
              [
                4.920977683348151,
                52.332161359850375
              ],
              [
                4.921469725030744,
                52.33234467649455
              ],
              [
                4.921988731183696,
                52.33249756247292
              ],
              [
                4.9225297026584505,
                52.33261854509083
              ],
              [
                4.923087428579676,
                52.332706458955904
              ],
              [
                4.923656536568226,
                52.33276045721152
              ],
              [
                4.924231544525191,
                52.33278001970026
              ],
              [
                4.924806913476643,
                52.33276495797796
              ],
              [
                4.925377100968204,
                52.33271541713046
              ],
              [
                4.9259366144933185,
                52.33263187437491
              ],
              [
                4.926480064438648,
                52.332515134459776
              ],
              [
                4.926987177628566,
                52.33237060788073
              ],
              [
                4.927167785013566,
                52.332557890199105
              ],
              [
                4.9275079029897295,
                52.33284258905096
              ],
              [
                4.927891939080974,
                52.33310549288972
              ],
              [
                4.928316194960813,
                52.33334406940294
              ],
              [
                4.9287765847012235,
                52.333556020562355
              ],
              [
                4.929268674126683,
                52.333739304770845
              ],
              [
                4.929787723531919,
                52.333892156538866
              ],
              [
                4.930328733351507,
                52.334013103501285
              ],
              [
                4.930886492340553,
                52.334100980609136
              ],
              [
                4.931455627801197,
                52.334154941359905
              ],
              [
                4.932030657369769,
                52.334174465957474
              ],
              [
                4.932606041864073,
                52.33415936632277
              ],
              [
                4.933176238679976,
                52.33410978790678
              ],
              [
                4.933735755221121,
                52.334026208288606
              ],
              [
                4.934188206918418,
                52.33392898576316
              ],
              [
                4.934265665065522,
                52.33406425986119
              ],
              [
                4.934508642868534,
                52.33438412296755
              ],
              [
                4.934801633915823,
                52.334687855683434
              ],
              [
                4.935141817192855,
                52.33497253254066
              ],
              [
                4.935525916956608,
                52.33523541155768
              ],
              [
                4.935950234267089,
                52.335473960661176
              ],
              [
                4.9364106826043335,
                52.33568588208683
              ],
              [
                4.936902827228139,
                52.33586913452379
              ],
              [
                4.93742192790129,
                52.33602195278865
              ],
              [
                4.937962984564277,
                52.33614286483884
              ],
              [
                4.938520785520753,
                52.336230705961796
              ],
              [
                4.939089957668404,
                52.33628463000169
              ],
              [
                4.939665018290006,
                52.336304117515965
              ],
              [
                4.940240427904114,
                52.33628898078275
              ],
              [
                4.940810643664561,
                52.33623936561049
              ],
              [
                4.941370172792497,
                52.33615574993241
              ],
              [
                4.941913625524396,
                52.33603893919941
              ],
              [
                4.942435767064279,
                52.33589005861609
              ],
              [
                4.942931568037963,
                52.33571054229456
              ],
              [
                4.94339625296196,
                52.3355021194313
              ],
              [
                4.943399112209033,
                52.335500551386836
              ],
              [
                4.943405433748833,
                52.3354977159909
              ],
              [
                4.94374720590261,
                52.335310282807775
              ],
              [
                4.943875017437316,
                52.33525295462454
              ],
              [
                4.944304105789125,
                52.33501763107979
              ],
              [
                4.9446934699171345,
                52.334757675449026
              ],
              [
                4.945039360144736,
                52.33447559165302
              ],
              [
                4.945338445731407,
                52.33417409670457
              ],
              [
                4.94558784693527,
                52.33385609452714
              ],
              [
                4.9457851627229035,
                52.333524647974436
              ],
              [
                4.945928493860445,
                52.33318294932136
              ],
              [
                4.946016461164847,
                52.33283428951036
              ],
              [
                4.946048218741025,
                52.33248202645047
              ],
              [
                4.946023462079166,
                52.33212955267386
              ],
              [
                4.945942430936105,
                52.331780262662214
              ],
              [
                4.945805906974951,
                52.331437520157266
              ],
              [
                4.945615206187738,
                52.331104625770436
              ],
              [
                4.9455833993773375,
                52.33106276831053
              ],
              [
                4.945544594905712,
                52.33099502897259
              ],
              [
                4.945301556000602,
                52.33067518825474
              ],
              [
                4.945008519442287,
                52.33037148125604
              ],
              [
                4.944668307981741,
                52.33008683248484
              ],
              [
                4.9442841984485595,
                52.329823982876626
              ],
              [
                4.943859890177657,
                52.3295854634122
              ],
              [
                4.943399469376909,
                52.3293735707586
              ],
              [
                4.942907369779061,
                52.329190345166296
              ],
              [
                4.942388329956744,
                52.329037550835814
              ],
              [
                4.941847347711074,
                52.328916658941104
              ],
              [
                4.9412896319722375,
                52.328828833473935
              ],
              [
                4.940720552673989,
                52.328774920043834
              ],
              [
                4.940145589083376,
                52.328755437742174
              ],
              [
                4.939570277081456,
                52.32877057414773
              ],
              [
                4.939000155900963,
                52.328820183522055
              ],
              [
                4.938440714831787,
                52.32890378821167
              ],
              [
                4.937897340405624,
                52.32902058324388
              ],
              [
                4.93745117531864,
                52.32914779964926
              ],
              [
                4.937259249946494,
                52.32889514078986
              ],
              [
                4.9369662801734675,
                52.32859141383956
              ],
              [
                4.936626133948932,
                52.32830674191431
              ],
              [
                4.9362420874745085,
                52.328043866172706
              ],
              [
                4.935817839478157,
                52.32780531784725
              ],
              [
                4.935357475587617,
                52.32759339388285
              ],
              [
                4.934865428987928,
                52.327410134831645
              ],
              [
                4.9343464377416755,
                52.32725730521616
              ],
              [
                4.9338054991825135,
                52.327136376550285
              ],
              [
                4.933247821820207,
                52.327048513179726
              ],
              [
                4.932678775219215,
                52.326994561078976
              ],
              [
                4.932103838331897,
                52.32697503971174
              ],
              [
                4.9315285467823164,
                52.32699013703289
              ],
              [
                4.93095843960633,
                52.327039707680214
              ],
              [
                4.930399005958981,
                52.32712327437313
              ],
              [
                4.929855632300447,
                52.32724003250473
              ],
              [
                4.929341793008646,
                52.327386508306844
              ],
              [
                4.929168490784621,
                52.327206792458085
              ],
              [
                4.928828405204468,
                52.32692209810362
              ],
              [
                4.928444416926294,
                52.32665919704183
              ],
              [
                4.928020224117912,
                52.32642062074908
              ],
              [
                4.927559911875913,
                52.32620866643967
              ],
              [
                4.927067912888277,
                52.32602537495792
              ],
              [
                4.926548964759401,
                52.32587251113867
              ],
              [
                4.926008064408012,
                52.325751546825146
              ],
              [
                4.925450419976205,
                52.32566364670629
              ],
              [
                4.924881400711537,
                52.32560965711038
              ],
              [
                4.924306485303307,
                52.32559009786206
              ],
              [
                4.9241154781350165,
                52.325595098306145
              ],
              [
                4.924091125545829,
                52.32524586476482
              ],
              [
                4.924010279373405,
                52.32489655948664
              ],
              [
                4.923873945785505,
                52.324553791441495
              ],
              [
                4.923683438940762,
                52.32422086148707
              ]
            ]
          ]
        ]
      },
      "properties": {
        "type": "buffer_union_400m",
        "buffer_m": 400
      }
    },
    {
      "type": "Feature",
      "geometry": {
        "type": "Polygon",
        "coordinates": [
          [
            [
              4.870121,
              52.253282
            ],
            [
              4.870184,
              52.253224
            ],
            [
              4.87032,
              52.253097
            ],
            [
              4.87055,
              52.252883
            ],
            [
              4.870907,
              52.252555
            ],
            [
              4.871236,
              52.252267
            ],
            [
              4.871308,
              52.252201
            ],
            [
              4.87138,
              52.252116
            ],
            [
              4.871477,
              52.251994
            ],
            [
              4.8716,
              52.251827
            ],
            [
              4.871691,
              52.251705
            ],
            [
              4.871782,
              52.251606
            ],
            [
              4.871836,
              52.251551
            ],
            [
              4.87188,
              52.251507
            ],
            [
              4.872039,
              52.251377
            ],
            [
              4.872181,
              52.251264
            ],
            [
              4.87229,
              52.251182
            ],
            [
              4.872454,
              52.251075
            ],
            [
              4.872533,
              52.251033
            ],
            [
              4.87261,
              52.250995
            ],
            [
              4.872702,
              52.250966
            ],
            [
              4.87294,
              52.250912
            ],
            [
              4.873265,
              52.25084
            ],
            [
              4.873367,
              52.250818
            ],
            [
              4.873493,
              52.250791
            ],
            [
              4.873656,
              52.250763
            ],
            [
              4.87379,
              52.250746
            ],
            [
              4.873853,
              52.250743
            ],
            [
              4.873897,
              52.250754
            ],
            [
              4.874006,
              52.250796
            ],
            [
              4.874006,
              52.250816
            ],
            [
              4.87407,
              52.250831
            ],
            [
              4.874223,
              52.250886
            ],
            [
              4.874524,
              52.251022
            ],
            [
              4.874877,
              52.251265
            ],
            [
              4.874979,
              52.25134
            ],
            [
              4.875247,
              52.251512
            ],
            [
              4.875597,
              52.251712
            ],
            [
              4.875879,
              52.251885
            ],
            [
              4.876488,
              52.252207
            ],
            [
              4.876531,
              52.252231
            ],
            [
              4.87657,
              52.252252
            ],
            [
              4.876841,
              52.2524
            ],
            [
              4.877251,
              52.252607
            ],
            [
              4.877241,
              52.252613
            ],
            [
              4.877245,
              52.252615
            ],
            [
              4.877419,
              52.252702
            ],
            [
              4.877548,
              52.252753
            ],
            [
              4.877729,
              52.252816
            ],
            [
              4.877872,
              52.252862
            ],
            [
              4.877959,
              52.252884
            ],
            [
              4.878215,
              52.252935
            ],
            [
              4.87843,
              52.252975
            ],
            [
              4.878778,
              52.253033
            ],
            [
              4.879432,
              52.253135
            ],
            [
              4.879955,
              52.253216
            ],
            [
              4.88015,
              52.253248
            ],
            [
              4.880318,
              52.253278
            ],
            [
              4.880732,
              52.25337
            ],
            [
              4.881034,
              52.253442
            ],
            [
              4.881323,
              52.253501
            ],
            [
              4.881557,
              52.253536
            ],
            [
              4.881952,
              52.253597
            ],
            [
              4.8822,
              52.253645
            ],
            [
              4.882345,
              52.25367
            ],
            [
              4.882491,
              52.25369
            ],
            [
              4.88251,
              52.253692
            ],
            [
              4.882529,
              52.253695
            ],
            [
              4.882548,
              52.253697
            ],
            [
              4.882566,
              52.253699
            ],
            [
              4.882585,
              52.253701
            ],
            [
              4.882604,
              52.253703
            ],
            [
              4.882623,
              52.253705
            ],
            [
              4.882642,
              52.253706
            ],
            [
              4.882662,
              52.253708
            ],
            [
              4.882681,
              52.253709
            ],
            [
              4.8827,
              52.25371
            ],
            [
              4.882719,
              52.253712
            ],
            [
              4.882738,
              52.253712
            ],
            [
              4.882757,
              52.253713
            ],
            [
              4.882777,
              52.253714
            ],
            [
              4.882796,
              52.253714
            ],
            [
              4.882815,
              52.253715
            ],
            [
              4.882834,
              52.253715
            ],
            [
              4.882853,
              52.253715
            ],
            [
              4.882873,
              52.253715
            ],
            [
              4.882892,
              52.253715
            ],
            [
              4.882911,
              52.253715
            ],
            [
              4.882931,
              52.253714
            ],
            [
              4.882951,
              52.253714
            ],
            [
              4.88297,
              52.253713
            ],
            [
              4.88299,
              52.253712
            ],
            [
              4.88301,
              52.253711
            ],
            [
              4.883029,
              52.25371
            ],
            [
              4.883049,
              52.253709
            ],
            [
              4.883069,
              52.253707
            ],
            [
              4.883088,
              52.253706
            ],
            [
              4.883108,
              52.253704
            ],
            [
              4.883128,
              52.253703
            ],
            [
              4.883196,
              52.253696
            ],
            [
              4.883284,
              52.253682
            ],
            [
              4.883336,
              52.253672
            ],
            [
              4.883349,
              52.253669
            ],
            [
              4.883363,
              52.253666
            ],
            [
              4.883376,
              52.253663
            ],
            [
              4.88339,
              52.253659
            ],
            [
              4.883403,
              52.253656
            ],
            [
              4.883416,
              52.253652
            ],
            [
              4.883429,
              52.253649
            ],
            [
              4.883442,
              52.253645
            ],
            [
              4.883455,
              52.253641
            ],
            [
              4.883468,
              52.253637
            ],
            [
              4.883481,
              52.253633
            ],
            [
              4.8835,
              52.253627
            ],
            [
              4.883518,
              52.253621
            ],
            [
              4.883536,
              52.253614
            ],
            [
              4.883555,
              52.253608
            ],
            [
              4.883573,
              52.253601
            ],
            [
              4.883591,
              52.253595
            ],
            [
              4.883609,
              52.253588
            ],
            [
              4.883627,
              52.253581
            ],
            [
              4.883644,
              52.253574
            ],
            [
              4.883736,
              52.253537
            ],
            [
              4.883827,
              52.2535
            ],
            [
              4.883838,
              52.253495
            ],
            [
              4.883848,
              52.253491
            ],
            [
              4.883859,
              52.253486
            ],
            [
              4.883869,
              52.253481
            ],
            [
              4.88388,
              52.253476
            ],
            [
              4.88389,
              52.253471
            ],
            [
              4.8839,
              52.253466
            ],
            [
              4.88391,
              52.253461
            ],
            [
              4.883919,
              52.253456
            ],
            [
              4.883929,
              52.25345
            ],
            [
              4.883939,
              52.253445
            ],
            [
              4.883948,
              52.253439
            ],
            [
              4.883957,
              52.253433
            ],
            [
              4.884083,
              52.253352
            ],
            [
              4.884207,
              52.253271
            ],
            [
              4.884218,
              52.253263
            ],
            [
              4.88423,
              52.253255
            ],
            [
              4.884241,
              52.253248
            ],
            [
              4.884252,
              52.25324
            ],
            [
              4.884262,
              52.253232
            ],
            [
              4.884273,
              52.253224
            ],
            [
              4.884283,
              52.253216
            ],
            [
              4.884293,
              52.253208
            ],
            [
              4.884303,
              52.253199
            ],
            [
              4.884313,
              52.253191
            ],
            [
              4.884323,
              52.253183
            ],
            [
              4.884332,
              52.253174
            ],
            [
              4.884341,
              52.253165
            ],
            [
              4.884351,
              52.253157
            ],
            [
              4.884359,
              52.253148
            ],
            [
              4.884368,
              52.253139
            ],
            [
              4.884377,
              52.25313
            ],
            [
              4.884394,
              52.253112
            ],
            [
              4.884412,
              52.253094
            ],
            [
              4.884429,
              52.253076
            ],
            [
              4.884447,
              52.253058
            ],
            [
              4.884466,
              52.25304
            ],
            [
              4.884484,
              52.253022
            ],
            [
              4.884502,
              52.253005
            ],
            [
              4.884682,
              52.252801
            ],
            [
              4.884843,
              52.252616
            ],
            [
              4.885043,
              52.252339
            ],
            [
              4.885217,
              52.252099
            ],
            [
              4.885389,
              52.251854
            ],
            [
              4.88556,
              52.251622
            ],
            [
              4.885569,
              52.251611
            ],
            [
              4.885578,
              52.2516
            ],
            [
              4.885587,
              52.25159
            ],
            [
              4.885597,
              52.251579
            ],
            [
              4.885607,
              52.251569
            ],
            [
              4.885617,
              52.251558
            ],
            [
              4.885627,
              52.251548
            ],
            [
              4.885638,
              52.251538
            ],
            [
              4.885648,
              52.251528
            ],
            [
              4.885659,
              52.251517
            ],
            [
              4.88567,
              52.251507
            ],
            [
              4.885681,
              52.251497
            ],
            [
              4.885693,
              52.251488
            ],
            [
              4.885704,
              52.251478
            ],
            [
              4.885716,
              52.251468
            ],
            [
              4.885728,
              52.251458
            ],
            [
              4.88574,
              52.251449
            ],
            [
              4.885752,
              52.251439
            ],
            [
              4.885764,
              52.25143
            ],
            [
              4.885777,
              52.251421
            ],
            [
              4.88579,
              52.251411
            ],
            [
              4.885803,
              52.251402
            ],
            [
              4.885816,
              52.251393
            ],
            [
              4.886038,
              52.251267
            ],
            [
              4.886439,
              52.251041
            ],
            [
              4.88645,
              52.251035
            ],
            [
              4.886461,
              52.25103
            ],
            [
              4.886473,
              52.251024
            ],
            [
              4.886484,
              52.251018
            ],
            [
              4.886496,
              52.251013
            ],
            [
              4.886508,
              52.251008
            ],
            [
              4.88652,
              52.251003
            ],
            [
              4.886532,
              52.250997
            ],
            [
              4.886544,
              52.250993
            ],
            [
              4.886556,
              52.250988
            ],
            [
              4.886569,
              52.250983
            ],
            [
              4.886581,
              52.250979
            ],
            [
              4.886594,
              52.250974
            ],
            [
              4.886607,
              52.25097
            ],
            [
              4.88662,
              52.250965
            ],
            [
              4.886633,
              52.250962
            ],
            [
              4.886646,
              52.250957
            ],
            [
              4.886659,
              52.250954
            ],
            [
              4.886672,
              52.25095
            ],
            [
              4.886686,
              52.250946
            ],
            [
              4.886699,
              52.250943
            ],
            [
              4.886713,
              52.25094
            ],
            [
              4.886726,
              52.250936
            ],
            [
              4.88674,
              52.250933
            ],
            [
              4.886754,
              52.25093
            ],
            [
              4.886768,
              52.250928
            ],
            [
              4.886782,
              52.250925
            ],
            [
              4.886796,
              52.250922
            ],
            [
              4.88681,
              52.25092
            ],
            [
              4.886824,
              52.250918
            ],
            [
              4.886838,
              52.250916
            ],
            [
              4.886852,
              52.250914
            ],
            [
              4.886868,
              52.250912
            ],
            [
              4.886883,
              52.25091
            ],
            [
              4.886898,
              52.250908
            ],
            [
              4.886914,
              52.250906
            ],
            [
              4.886929,
              52.250905
            ],
            [
              4.886945,
              52.250903
            ],
            [
              4.88696,
              52.250902
            ],
            [
              4.886976,
              52.250901
            ],
            [
              4.886991,
              52.2509
            ],
            [
              4.887007,
              52.250899
            ],
            [
              4.887022,
              52.250899
            ],
            [
              4.887038,
              52.250898
            ],
            [
              4.887054,
              52.250898
            ],
            [
              4.887069,
              52.250897
            ],
            [
              4.887085,
              52.250897
            ],
            [
              4.8871,
              52.250897
            ],
            [
              4.887116,
              52.250897
            ],
            [
              4.887128,
              52.250897
            ],
            [
              4.887141,
              52.250897
            ],
            [
              4.887153,
              52.250898
            ],
            [
              4.887165,
              52.250898
            ],
            [
              4.887178,
              52.250899
            ],
            [
              4.88719,
              52.2509
            ],
            [
              4.887202,
              52.250901
            ],
            [
              4.887214,
              52.250902
            ],
            [
              4.887226,
              52.250903
            ],
            [
              4.887238,
              52.250905
            ],
            [
              4.887251,
              52.250906
            ],
            [
              4.887263,
              52.250908
            ],
            [
              4.887275,
              52.25091
            ],
            [
              4.887286,
              52.250912
            ],
            [
              4.887298,
              52.250914
            ],
            [
              4.88731,
              52.250916
            ],
            [
              4.887322,
              52.250918
            ],
            [
              4.887333,
              52.250921
            ],
            [
              4.887345,
              52.250924
            ],
            [
              4.887356,
              52.250926
            ],
            [
              4.887368,
              52.250929
            ],
            [
              4.887379,
              52.250932
            ],
            [
              4.887508,
              52.250967
            ],
            [
              4.887586,
              52.250989
            ],
            [
              4.887754,
              52.251024
            ],
            [
              4.887831,
              52.251041
            ],
            [
              4.887979,
              52.25108
            ],
            [
              4.888095,
              52.251116
            ],
            [
              4.88818,
              52.251151
            ],
            [
              4.888265,
              52.251196
            ],
            [
              4.888379,
              52.251271
            ],
            [
              4.888567,
              52.251418
            ],
            [
              4.888665,
              52.251516
            ],
            [
              4.888752,
              52.25159
            ],
            [
              4.888815,
              52.251639
            ],
            [
              4.88888,
              52.251678
            ],
            [
              4.888963,
              52.251726
            ],
            [
              4.889033,
              52.251764
            ],
            [
              4.889221,
              52.251847
            ],
            [
              4.889232,
              52.251851
            ],
            [
              4.889243,
              52.251854
            ],
            [
              4.889253,
              52.251858
            ],
            [
              4.889264,
              52.251863
            ],
            [
              4.889274,
              52.251867
            ],
            [
              4.889284,
              52.251871
            ],
            [
              4.889294,
              52.251876
            ],
            [
              4.889304,
              52.25188
            ],
            [
              4.889314,
              52.251885
            ],
            [
              4.889323,
              52.25189
            ],
            [
              4.889333,
              52.251895
            ],
            [
              4.889342,
              52.2519
            ],
            [
              4.889352,
              52.251905
            ],
            [
              4.889361,
              52.25191
            ],
            [
              4.889369,
              52.251915
            ],
            [
              4.889378,
              52.251921
            ],
            [
              4.889387,
              52.251926
            ],
            [
              4.889395,
              52.251932
            ],
            [
              4.889404,
              52.251938
            ],
            [
              4.889412,
              52.251943
            ],
            [
              4.88942,
              52.251949
            ],
            [
              4.889427,
              52.251955
            ],
            [
              4.889435,
              52.251961
            ],
            [
              4.889442,
              52.251967
            ],
            [
              4.88945,
              52.251973
            ],
            [
              4.889457,
              52.25198
            ],
            [
              4.889464,
              52.251986
            ],
            [
              4.889722,
              52.252219
            ],
            [
              4.889899,
              52.252374
            ],
            [
              4.890073,
              52.252505
            ],
            [
              4.890165,
              52.252577
            ],
            [
              4.890256,
              52.252656
            ],
            [
              4.89039,
              52.252781
            ],
            [
              4.890505,
              52.252901
            ],
            [
              4.890536,
              52.252929
            ],
            [
              4.890604,
              52.25299
            ],
            [
              4.890678,
              52.253053
            ],
            [
              4.890741,
              52.253105
            ],
            [
              4.890838,
              52.253154
            ],
            [
              4.890934,
              52.253202
            ],
            [
              4.890943,
              52.253207
            ],
            [
              4.890953,
              52.253212
            ],
            [
              4.890962,
              52.253216
            ],
            [
              4.890972,
              52.253221
            ],
            [
              4.890982,
              52.253225
            ],
            [
              4.890992,
              52.253229
            ],
            [
              4.891002,
              52.253233
            ],
            [
              4.891013,
              52.253237
            ],
            [
              4.891023,
              52.253241
            ],
            [
              4.891034,
              52.253245
            ],
            [
              4.891044,
              52.253249
            ],
            [
              4.891055,
              52.253252
            ],
            [
              4.891066,
              52.253256
            ],
            [
              4.891077,
              52.253259
            ],
            [
              4.891088,
              52.253262
            ],
            [
              4.891099,
              52.253265
            ],
            [
              4.89111,
              52.253268
            ],
            [
              4.891122,
              52.253271
            ],
            [
              4.891133,
              52.253274
            ],
            [
              4.891146,
              52.253277
            ],
            [
              4.891158,
              52.25328
            ],
            [
              4.891171,
              52.253282
            ],
            [
              4.891183,
              52.253285
            ],
            [
              4.891196,
              52.253287
            ],
            [
              4.891209,
              52.253289
            ],
            [
              4.891221,
              52.253291
            ],
            [
              4.891234,
              52.253293
            ],
            [
              4.891247,
              52.253295
            ],
            [
              4.89126,
              52.253297
            ],
            [
              4.891273,
              52.253298
            ],
            [
              4.891286,
              52.253299
            ],
            [
              4.891299,
              52.253301
            ],
            [
              4.891312,
              52.253302
            ],
            [
              4.891325,
              52.253303
            ],
            [
              4.891339,
              52.253304
            ],
            [
              4.891352,
              52.253304
            ],
            [
              4.891365,
              52.253305
            ],
            [
              4.891378,
              52.253306
            ],
            [
              4.891392,
              52.253306
            ],
            [
              4.891405,
              52.253306
            ],
            [
              4.891418,
              52.253306
            ],
            [
              4.891431,
              52.253306
            ],
            [
              4.891444,
              52.253306
            ],
            [
              4.891458,
              52.253306
            ],
            [
              4.891471,
              52.253305
            ],
            [
              4.891484,
              52.253304
            ],
            [
              4.891497,
              52.253304
            ],
            [
              4.89151,
              52.253303
            ],
            [
              4.891523,
              52.253302
            ],
            [
              4.891573,
              52.253295
            ],
            [
              4.89176,
              52.253268
            ],
            [
              4.891997,
              52.253231
            ],
            [
              4.892204,
              52.253193
            ],
            [
              4.892405,
              52.253154
            ],
            [
              4.892746,
              52.253081
            ],
            [
              4.892761,
              52.253079
            ],
            [
              4.892776,
              52.253076
            ],
            [
              4.892791,
              52.253073
            ],
            [
              4.892805,
              52.253071
            ],
            [
              4.89282,
              52.253068
            ],
            [
              4.892834,
              52.253065
            ],
            [
              4.892849,
              52.253061
            ],
            [
              4.892863,
              52.253058
            ],
            [
              4.892877,
              52.253055
            ],
            [
              4.892891,
              52.253051
            ],
            [
              4.892905,
              52.253047
            ],
            [
              4.892919,
              52.253043
            ],
            [
              4.892933,
              52.253039
            ],
            [
              4.892947,
              52.253035
            ],
            [
              4.892961,
              52.253031
            ],
            [
              4.892974,
              52.253027
            ],
            [
              4.892988,
              52.253022
            ],
            [
              4.893001,
              52.253018
            ],
            [
              4.893014,
              52.253013
            ],
            [
              4.893027,
              52.253008
            ],
            [
              4.89304,
              52.253003
            ],
            [
              4.893053,
              52.252998
            ],
            [
              4.893066,
              52.252993
            ],
            [
              4.893079,
              52.252988
            ],
            [
              4.893091,
              52.252982
            ],
            [
              4.893103,
              52.252977
            ],
            [
              4.893116,
              52.252971
            ],
            [
              4.893128,
              52.252965
            ],
            [
              4.89314,
              52.252959
            ],
            [
              4.893152,
              52.252953
            ],
            [
              4.893163,
              52.252947
            ],
            [
              4.893175,
              52.252941
            ],
            [
              4.893186,
              52.252935
            ],
            [
              4.893198,
              52.252928
            ],
            [
              4.893209,
              52.252922
            ],
            [
              4.89322,
              52.252915
            ],
            [
              4.89323,
              52.252909
            ],
            [
              4.893241,
              52.252902
            ],
            [
              4.893343,
              52.252837
            ],
            [
              4.893529,
              52.252736
            ],
            [
              4.893686,
              52.25266
            ],
            [
              4.893876,
              52.252582
            ],
            [
              4.894326,
              52.252414
            ],
            [
              4.89476,
              52.252228
            ],
            [
              4.895139,
              52.252075
            ],
            [
              4.89515,
              52.25207
            ],
            [
              4.895161,
              52.252066
            ],
            [
              4.895172,
              52.252062
            ],
            [
              4.895183,
              52.252057
            ],
            [
              4.895194,
              52.252052
            ],
            [
              4.895205,
              52.252048
            ],
            [
              4.895215,
              52.252043
            ],
            [
              4.895225,
              52.252038
            ],
            [
              4.895235,
              52.252033
            ],
            [
              4.895245,
              52.252027
            ],
            [
              4.895255,
              52.252022
            ],
            [
              4.895265,
              52.252017
            ],
            [
              4.895274,
              52.252011
            ],
            [
              4.895284,
              52.252005
            ],
            [
              4.895293,
              52.252
            ],
            [
              4.895302,
              52.251994
            ],
            [
              4.895311,
              52.251988
            ],
            [
              4.895319,
              52.251982
            ],
            [
              4.895328,
              52.251976
            ],
            [
              4.895336,
              52.251969
            ],
            [
              4.895344,
              52.251963
            ],
            [
              4.895352,
              52.251957
            ],
            [
              4.89536,
              52.25195
            ],
            [
              4.895368,
              52.251944
            ],
            [
              4.895375,
              52.251937
            ],
            [
              4.895382,
              52.25193
            ],
            [
              4.895389,
              52.251923
            ],
            [
              4.895396,
              52.251917
            ],
            [
              4.895403,
              52.251909
            ],
            [
              4.895409,
              52.251902
            ],
            [
              4.895415,
              52.251895
            ],
            [
              4.895421,
              52.251888
            ],
            [
              4.895427,
              52.251881
            ],
            [
              4.895432,
              52.251874
            ],
            [
              4.895438,
              52.251866
            ],
            [
              4.895443,
              52.251859
            ],
            [
              4.895448,
              52.251851
            ],
            [
              4.895507,
              52.251754
            ],
            [
              4.895512,
              52.251747
            ],
            [
              4.895517,
              52.251739
            ],
            [
              4.895522,
              52.251732
            ],
            [
              4.895528,
              52.251724
            ],
            [
              4.895533,
              52.251717
            ],
            [
              4.895539,
              52.251709
            ],
            [
              4.895545,
              52.251702
            ],
            [
              4.895552,
              52.251695
            ],
            [
              4.895558,
              52.251688
            ],
            [
              4.895565,
              52.251681
            ],
            [
              4.895572,
              52.251674
            ],
            [
              4.895579,
              52.251667
            ],
            [
              4.895586,
              52.25166
            ],
            [
              4.895594,
              52.251653
            ],
            [
              4.895601,
              52.251647
            ],
            [
              4.895609,
              52.25164
            ],
            [
              4.895617,
              52.251634
            ],
            [
              4.895626,
              52.251627
            ],
            [
              4.895634,
              52.251621
            ],
            [
              4.895642,
              52.251615
            ],
            [
              4.895651,
              52.251609
            ],
            [
              4.89566,
              52.251602
            ],
            [
              4.895669,
              52.251596
            ],
            [
              4.895678,
              52.251591
            ],
            [
              4.895688,
              52.251585
            ],
            [
              4.895697,
              52.251579
            ],
            [
              4.895707,
              52.251574
            ],
            [
              4.895717,
              52.251568
            ],
            [
              4.895853,
              52.251498
            ],
            [
              4.896054,
              52.251407
            ],
            [
              4.896251,
              52.251328
            ],
            [
              4.896268,
              52.251322
            ],
            [
              4.896284,
              52.251315
            ],
            [
              4.896301,
              52.251309
            ],
            [
              4.896318,
              52.251303
            ],
            [
              4.896335,
              52.251297
            ],
            [
              4.896351,
              52.251292
            ],
            [
              4.896369,
              52.251286
            ],
            [
              4.896386,
              52.251281
            ],
            [
              4.896403,
              52.251275
            ],
            [
              4.896421,
              52.25127
            ],
            [
              4.896438,
              52.251265
            ],
            [
              4.896456,
              52.25126
            ],
            [
              4.896473,
              52.251255
            ],
            [
              4.896491,
              52.25125
            ],
            [
              4.896502,
              52.251247
            ],
            [
              4.896513,
              52.251244
            ],
            [
              4.896524,
              52.251242
            ],
            [
              4.896535,
              52.251239
            ],
            [
              4.896546,
              52.251237
            ],
            [
              4.896557,
              52.251235
            ],
            [
              4.896568,
              52.251233
            ],
            [
              4.896579,
              52.251231
            ],
            [
              4.896591,
              52.251229
            ],
            [
              4.896602,
              52.251227
            ],
            [
              4.896613,
              52.251226
            ],
            [
              4.896625,
              52.251224
            ],
            [
              4.896636,
              52.251223
            ],
            [
              4.896674,
              52.251219
            ],
            [
              4.896711,
              52.251215
            ],
            [
              4.896748,
              52.251211
            ],
            [
              4.896786,
              52.251207
            ],
            [
              4.896823,
              52.251204
            ],
            [
              4.89686,
              52.2512
            ],
            [
              4.896898,
              52.251197
            ],
            [
              4.896935,
              52.251193
            ],
            [
              4.896968,
              52.25119
            ],
            [
              4.897,
              52.251188
            ],
            [
              4.897033,
              52.251184
            ],
            [
              4.897065,
              52.251181
            ],
            [
              4.897098,
              52.251178
            ],
            [
              4.89713,
              52.251174
            ],
            [
              4.897163,
              52.251171
            ],
            [
              4.897195,
              52.251167
            ],
            [
              4.897227,
              52.251163
            ],
            [
              4.897259,
              52.251159
            ],
            [
              4.897291,
              52.251154
            ],
            [
              4.897342,
              52.251148
            ],
            [
              4.897392,
              52.251141
            ],
            [
              4.897442,
              52.251134
            ],
            [
              4.897492,
              52.251127
            ],
            [
              4.897542,
              52.25112
            ],
            [
              4.897591,
              52.251112
            ],
            [
              4.897641,
              52.251105
            ],
            [
              4.897691,
              52.251097
            ],
            [
              4.897741,
              52.25109
            ],
            [
              4.89779,
              52.251082
            ],
            [
              4.89784,
              52.251074
            ],
            [
              4.897889,
              52.251066
            ],
            [
              4.898147,
              52.251011
            ],
            [
              4.898422,
              52.250953
            ],
            [
              4.898429,
              52.250951
            ],
            [
              4.898437,
              52.250948
            ],
            [
              4.898446,
              52.250947
            ],
            [
              4.898454,
              52.250945
            ],
            [
              4.898462,
              52.250943
            ],
            [
              4.89847,
              52.250942
            ],
            [
              4.898479,
              52.25094
            ],
            [
              4.898487,
              52.250939
            ],
            [
              4.898495,
              52.250938
            ],
            [
              4.898504,
              52.250937
            ],
            [
              4.898512,
              52.250936
            ],
            [
              4.898526,
              52.250935
            ],
            [
              4.898539,
              52.250934
            ],
            [
              4.898552,
              52.250933
            ],
            [
              4.898565,
              52.250932
            ],
            [
              4.898579,
              52.250932
            ],
            [
              4.898592,
              52.250931
            ],
            [
              4.898605,
              52.250931
            ],
            [
              4.898618,
              52.250931
            ],
            [
              4.898632,
              52.250931
            ],
            [
              4.898645,
              52.250931
            ],
            [
              4.898658,
              52.250931
            ],
            [
              4.898672,
              52.250932
            ],
            [
              4.898685,
              52.250932
            ],
            [
              4.898698,
              52.250933
            ],
            [
              4.898711,
              52.250934
            ],
            [
              4.898725,
              52.250935
            ],
            [
              4.898738,
              52.250936
            ],
            [
              4.898751,
              52.250937
            ],
            [
              4.898764,
              52.250939
            ],
            [
              4.898777,
              52.25094
            ],
            [
              4.89879,
              52.250942
            ],
            [
              4.898803,
              52.250944
            ],
            [
              4.898816,
              52.250946
            ],
            [
              4.898829,
              52.250948
            ],
            [
              4.898841,
              52.25095
            ],
            [
              4.898854,
              52.250952
            ],
            [
              4.898867,
              52.250955
            ],
            [
              4.898879,
              52.250957
            ],
            [
              4.898892,
              52.25096
            ],
            [
              4.898904,
              52.250963
            ],
            [
              4.898917,
              52.250966
            ],
            [
              4.898929,
              52.250969
            ],
            [
              4.898941,
              52.250972
            ],
            [
              4.898953,
              52.250976
            ],
            [
              4.899294,
              52.25107
            ],
            [
              4.899605,
              52.251154
            ],
            [
              4.899618,
              52.251157
            ],
            [
              4.899631,
              52.251162
            ],
            [
              4.899644,
              52.251166
            ],
            [
              4.899657,
              52.25117
            ],
            [
              4.89967,
              52.251174
            ],
            [
              4.899682,
              52.251179
            ],
            [
              4.899695,
              52.251183
            ],
            [
              4.899707,
              52.251188
            ],
            [
              4.89972,
              52.251193
            ],
            [
              4.899732,
              52.251198
            ],
            [
              4.899744,
              52.251202
            ],
            [
              4.899756,
              52.251208
            ],
            [
              4.899768,
              52.251213
            ],
            [
              4.89978,
              52.251218
            ],
            [
              4.899791,
              52.251224
            ],
            [
              4.899803,
              52.251229
            ],
            [
              4.899814,
              52.251235
            ],
            [
              4.899825,
              52.251241
            ],
            [
              4.899836,
              52.251246
            ],
            [
              4.899847,
              52.251252
            ],
            [
              4.899858,
              52.251258
            ],
            [
              4.899868,
              52.251265
            ],
            [
              4.899879,
              52.251271
            ],
            [
              4.899889,
              52.251277
            ],
            [
              4.900115,
              52.251443
            ],
            [
              4.900388,
              52.25165
            ],
            [
              4.900607,
              52.251827
            ],
            [
              4.901001,
              52.252148
            ],
            [
              4.901383,
              52.252453
            ],
            [
              4.901557,
              52.252585
            ],
            [
              4.901795,
              52.252755
            ],
            [
              4.901817,
              52.252767
            ],
            [
              4.901839,
              52.25278
            ],
            [
              4.90186,
              52.252792
            ],
            [
              4.901882,
              52.252805
            ],
            [
              4.901904,
              52.252817
            ],
            [
              4.901927,
              52.252829
            ],
            [
              4.901949,
              52.252841
            ],
            [
              4.901971,
              52.252853
            ],
            [
              4.901993,
              52.252864
            ],
            [
              4.902015,
              52.252876
            ],
            [
              4.902037,
              52.252887
            ],
            [
              4.90206,
              52.252898
            ],
            [
              4.902082,
              52.252909
            ],
            [
              4.902105,
              52.25292
            ],
            [
              4.902128,
              52.252931
            ],
            [
              4.902151,
              52.252942
            ],
            [
              4.902174,
              52.252953
            ],
            [
              4.902198,
              52.252963
            ],
            [
              4.902221,
              52.252974
            ],
            [
              4.902245,
              52.252984
            ],
            [
              4.902268,
              52.252994
            ],
            [
              4.902292,
              52.253004
            ],
            [
              4.902476,
              52.253073
            ],
            [
              4.902585,
              52.253113
            ],
            [
              4.902615,
              52.253119
            ],
            [
              4.902644,
              52.253126
            ],
            [
              4.902674,
              52.253132
            ],
            [
              4.902704,
              52.253139
            ],
            [
              4.902733,
              52.253145
            ],
            [
              4.902763,
              52.253151
            ],
            [
              4.902793,
              52.253157
            ],
            [
              4.902823,
              52.253162
            ],
            [
              4.902853,
              52.253168
            ],
            [
              4.902883,
              52.253173
            ],
            [
              4.902909,
              52.253178
            ],
            [
              4.902934,
              52.253182
            ],
            [
              4.90296,
              52.253187
            ],
            [
              4.902986,
              52.253191
            ],
            [
              4.903012,
              52.253195
            ],
            [
              4.903039,
              52.253199
            ],
            [
              4.903065,
              52.253203
            ],
            [
              4.903091,
              52.253207
            ],
            [
              4.903117,
              52.25321
            ],
            [
              4.903143,
              52.253214
            ],
            [
              4.903169,
              52.253217
            ],
            [
              4.903196,
              52.25322
            ],
            [
              4.903222,
              52.253223
            ],
            [
              4.903248,
              52.253226
            ],
            [
              4.903274,
              52.253229
            ],
            [
              4.9033,
              52.253231
            ],
            [
              4.903326,
              52.253234
            ],
            [
              4.903352,
              52.253236
            ],
            [
              4.903378,
              52.253238
            ],
            [
              4.903404,
              52.25324
            ],
            [
              4.90343,
              52.253242
            ],
            [
              4.903456,
              52.253244
            ],
            [
              4.903482,
              52.253246
            ],
            [
              4.903508,
              52.253247
            ],
            [
              4.903534,
              52.253248
            ],
            [
              4.903561,
              52.25325
            ],
            [
              4.903587,
              52.253251
            ],
            [
              4.903613,
              52.253252
            ],
            [
              4.903639,
              52.253253
            ],
            [
              4.903665,
              52.253253
            ],
            [
              4.903692,
              52.253254
            ],
            [
              4.903718,
              52.253254
            ],
            [
              4.903744,
              52.253254
            ],
            [
              4.90377,
              52.253254
            ],
            [
              4.903797,
              52.253254
            ],
            [
              4.903823,
              52.253254
            ],
            [
              4.903849,
              52.253254
            ],
            [
              4.903875,
              52.253253
            ],
            [
              4.903902,
              52.253253
            ],
            [
              4.903928,
              52.253252
            ],
            [
              4.903954,
              52.253251
            ],
            [
              4.90398,
              52.25325
            ],
            [
              4.90436,
              52.253247
            ],
            [
              4.904765,
              52.253234
            ],
            [
              4.904829,
              52.253231
            ],
            [
              4.904893,
              52.253227
            ],
            [
              4.904957,
              52.253224
            ],
            [
              4.905021,
              52.253221
            ],
            [
              4.905085,
              52.253217
            ],
            [
              4.905149,
              52.253213
            ],
            [
              4.905187,
              52.253211
            ],
            [
              4.905225,
              52.253208
            ],
            [
              4.905263,
              52.253206
            ],
            [
              4.905301,
              52.253203
            ],
            [
              4.905339,
              52.2532
            ],
            [
              4.905377,
              52.253197
            ],
            [
              4.905415,
              52.253194
            ],
            [
              4.905453,
              52.253191
            ],
            [
              4.90549,
              52.253187
            ],
            [
              4.905528,
              52.253183
            ],
            [
              4.905566,
              52.25318
            ],
            [
              4.905604,
              52.253176
            ],
            [
              4.905641,
              52.253172
            ],
            [
              4.905679,
              52.253168
            ],
            [
              4.905717,
              52.253163
            ],
            [
              4.905754,
              52.253159
            ],
            [
              4.905792,
              52.253155
            ],
            [
              4.905852,
              52.253147
            ],
            [
              4.905913,
              52.253139
            ],
            [
              4.905973,
              52.253132
            ],
            [
              4.906033,
              52.253124
            ],
            [
              4.906093,
              52.253116
            ],
            [
              4.906153,
              52.253108
            ],
            [
              4.906214,
              52.253099
            ],
            [
              4.906274,
              52.253091
            ],
            [
              4.906334,
              52.253082
            ],
            [
              4.906359,
              52.253079
            ],
            [
              4.906383,
              52.253075
            ],
            [
              4.906408,
              52.253071
            ],
            [
              4.906433,
              52.253067
            ],
            [
              4.906458,
              52.253063
            ],
            [
              4.906483,
              52.253059
            ],
            [
              4.906507,
              52.253054
            ],
            [
              4.906532,
              52.25305
            ],
            [
              4.906556,
              52.253045
            ],
            [
              4.906581,
              52.25304
            ],
            [
              4.906605,
              52.253036
            ],
            [
              4.906629,
              52.25303
            ],
            [
              4.906653,
              52.253025
            ],
            [
              4.906678,
              52.25302
            ],
            [
              4.906702,
              52.253015
            ],
            [
              4.906726,
              52.253009
            ],
            [
              4.90675,
              52.253003
            ],
            [
              4.906773,
              52.252998
            ],
            [
              4.906797,
              52.252992
            ],
            [
              4.906821,
              52.252986
            ],
            [
              4.906844,
              52.25298
            ],
            [
              4.906868,
              52.252973
            ],
            [
              4.906891,
              52.252967
            ],
            [
              4.906915,
              52.25296
            ],
            [
              4.906926,
              52.252956
            ],
            [
              4.906938,
              52.252952
            ],
            [
              4.90695,
              52.252947
            ],
            [
              4.906962,
              52.252944
            ],
            [
              4.906974,
              52.25294
            ],
            [
              4.906986,
              52.252936
            ],
            [
              4.906999,
              52.252932
            ],
            [
              4.907011,
              52.252929
            ],
            [
              4.907024,
              52.252925
            ],
            [
              4.907036,
              52.252922
            ],
            [
              4.907049,
              52.252919
            ],
            [
              4.907062,
              52.252916
            ],
            [
              4.907075,
              52.252913
            ],
            [
              4.907088,
              52.25291
            ],
            [
              4.907101,
              52.252907
            ],
            [
              4.907114,
              52.252905
            ],
            [
              4.907127,
              52.252902
            ],
            [
              4.90714,
              52.2529
            ],
            [
              4.907153,
              52.252898
            ],
            [
              4.907166,
              52.252896
            ],
            [
              4.90718,
              52.252894
            ],
            [
              4.907193,
              52.252893
            ],
            [
              4.907207,
              52.252891
            ],
            [
              4.90722,
              52.25289
            ],
            [
              4.907234,
              52.252888
            ],
            [
              4.907247,
              52.252887
            ],
            [
              4.907422,
              52.252879
            ],
            [
              4.907699,
              52.252869
            ],
            [
              4.907843,
              52.252856
            ],
            [
              4.907988,
              52.252833
            ],
            [
              4.908077,
              52.252814
            ],
            [
              4.908307,
              52.252749
            ],
            [
              4.908547,
              52.252683
            ],
            [
              4.9086,
              52.252668
            ],
            [
              4.908695,
              52.252638
            ],
            [
              4.908744,
              52.252622
            ],
            [
              4.908825,
              52.252595
            ],
            [
              4.908889,
              52.252574
            ],
            [
              4.908921,
              52.252564
            ],
            [
              4.908937,
              52.252558
            ],
            [
              4.908986,
              52.252543
            ],
            [
              4.909022,
              52.252534
            ],
            [
              4.909084,
              52.25252
            ],
            [
              4.909123,
              52.252512
            ],
            [
              4.909195,
              52.2525
            ],
            [
              4.909314,
              52.25248
            ],
            [
              4.909437,
              52.252468
            ],
            [
              4.909568,
              52.252457
            ],
            [
              4.909676,
              52.252449
            ],
            [
              4.909715,
              52.252446
            ],
            [
              4.909935,
              52.252435
            ],
            [
              4.909964,
              52.252436
            ],
            [
              4.910017,
              52.252438
            ],
            [
              4.91009,
              52.252443
            ],
            [
              4.910176,
              52.252454
            ],
            [
              4.910242,
              52.252462
            ],
            [
              4.910378,
              52.252493
            ],
            [
              4.910543,
              52.252533
            ],
            [
              4.910686,
              52.252575
            ],
            [
              4.910805,
              52.252614
            ],
            [
              4.910897,
              52.252649
            ],
            [
              4.91097,
              52.252682
            ],
            [
              4.911027,
              52.25271
            ],
            [
              4.911061,
              52.252734
            ],
            [
              4.911113,
              52.252771
            ],
            [
              4.911216,
              52.252846
            ],
            [
              4.911305,
              52.252919
            ],
            [
              4.911403,
              52.253
            ],
            [
              4.911469,
              52.253056
            ],
            [
              4.911495,
              52.25308
            ],
            [
              4.911633,
              52.25319
            ],
            [
              4.91171,
              52.253251
            ],
            [
              4.911899,
              52.25342
            ],
            [
              4.911984,
              52.253499
            ],
            [
              4.912219,
              52.253674
            ],
            [
              4.912312,
              52.253754
            ],
            [
              4.912443,
              52.253868
            ],
            [
              4.912487,
              52.253898
            ],
            [
              4.912513,
              52.253914
            ],
            [
              4.912572,
              52.253946
            ],
            [
              4.912706,
              52.254019
            ],
            [
              4.912749,
              52.254046
            ],
            [
              4.9128,
              52.25408
            ],
            [
              4.912843,
              52.254111
            ],
            [
              4.91287,
              52.254131
            ],
            [
              4.912899,
              52.254155
            ],
            [
              4.912923,
              52.254183
            ],
            [
              4.912947,
              52.254215
            ],
            [
              4.912976,
              52.254257
            ],
            [
              4.912987,
              52.254275
            ],
            [
              4.91301,
              52.25431
            ],
            [
              4.913041,
              52.254354
            ],
            [
              4.913072,
              52.254397
            ],
            [
              4.913085,
              52.254413
            ],
            [
              4.9131,
              52.254428
            ],
            [
              4.913117,
              52.254445
            ],
            [
              4.913158,
              52.254483
            ],
            [
              4.913202,
              52.254522
            ],
            [
              4.913257,
              52.25458
            ],
            [
              4.913303,
              52.254629
            ],
            [
              4.91334,
              52.254664
            ],
            [
              4.913365,
              52.254685
            ],
            [
              4.913387,
              52.254701
            ],
            [
              4.913421,
              52.254723
            ],
            [
              4.913469,
              52.254753
            ],
            [
              4.913575,
              52.254813
            ],
            [
              4.913627,
              52.254843
            ],
            [
              4.913654,
              52.254856
            ],
            [
              4.913709,
              52.254885
            ],
            [
              4.913735,
              52.2549
            ],
            [
              4.913789,
              52.254933
            ],
            [
              4.913883,
              52.254991
            ],
            [
              4.913967,
              52.255048
            ],
            [
              4.914027,
              52.255089
            ],
            [
              4.914047,
              52.255107
            ],
            [
              4.914092,
              52.255156
            ],
            [
              4.91413,
              52.255201
            ],
            [
              4.91415,
              52.255224
            ],
            [
              4.914163,
              52.255237
            ],
            [
              4.91418,
              52.255252
            ],
            [
              4.914203,
              52.25527
            ],
            [
              4.914251,
              52.255305
            ],
            [
              4.914309,
              52.255345
            ],
            [
              4.914398,
              52.255401
            ],
            [
              4.914493,
              52.255459
            ],
            [
              4.914535,
              52.255482
            ],
            [
              4.91459,
              52.25551
            ],
            [
              4.914647,
              52.25554
            ],
            [
              4.914776,
              52.255605
            ],
            [
              4.914986,
              52.255707
            ],
            [
              4.915141,
              52.255781
            ],
            [
              4.915261,
              52.255837
            ],
            [
              4.915338,
              52.255873
            ],
            [
              4.915462,
              52.255941
            ],
            [
              4.915526,
              52.255972
            ],
            [
              4.915618,
              52.256009
            ],
            [
              4.915798,
              52.256081
            ],
            [
              4.915928,
              52.256135
            ],
            [
              4.916052,
              52.25618
            ],
            [
              4.916308,
              52.25627
            ],
            [
              4.916506,
              52.256339
            ],
            [
              4.9166,
              52.256376
            ],
            [
              4.91663,
              52.256388
            ],
            [
              4.916671,
              52.256411
            ],
            [
              4.916796,
              52.25649
            ],
            [
              4.916986,
              52.256613
            ],
            [
              4.917204,
              52.256752
            ],
            [
              4.917303,
              52.256817
            ],
            [
              4.917396,
              52.256887
            ],
            [
              4.917472,
              52.256946
            ],
            [
              4.91755,
              52.257018
            ],
            [
              4.917601,
              52.257077
            ],
            [
              4.917651,
              52.257146
            ],
            [
              4.917676,
              52.257184
            ],
            [
              4.917702,
              52.257223
            ],
            [
              4.917761,
              52.257315
            ],
            [
              4.91782,
              52.257407
            ],
            [
              4.917943,
              52.257599
            ],
            [
              4.917998,
              52.257675
            ],
            [
              4.918057,
              52.257759
            ],
            [
              4.918099,
              52.257818
            ],
            [
              4.918154,
              52.257888
            ],
            [
              4.918188,
              52.257934
            ],
            [
              4.918238,
              52.257999
            ],
            [
              4.918299,
              52.258082
            ],
            [
              4.918342,
              52.25814
            ],
            [
              4.91837,
              52.258179
            ],
            [
              4.918407,
              52.258241
            ],
            [
              4.918447,
              52.258319
            ],
            [
              4.91849,
              52.258406
            ],
            [
              4.918516,
              52.258475
            ],
            [
              4.918554,
              52.258586
            ],
            [
              4.918588,
              52.258705
            ],
            [
              4.918618,
              52.258814
            ],
            [
              4.918637,
              52.258942
            ],
            [
              4.918641,
              52.259006
            ],
            [
              4.918638,
              52.259093
            ],
            [
              4.918633,
              52.25918
            ],
            [
              4.918624,
              52.259273
            ],
            [
              4.918619,
              52.259321
            ],
            [
              4.918603,
              52.259385
            ],
            [
              4.918579,
              52.259461
            ],
            [
              4.918541,
              52.259574
            ],
            [
              4.918501,
              52.259687
            ],
            [
              4.918435,
              52.259872
            ],
            [
              4.918362,
              52.260068
            ],
            [
              4.918345,
              52.260117
            ],
            [
              4.918288,
              52.260308
            ],
            [
              4.918242,
              52.260458
            ],
            [
              4.918198,
              52.260605
            ],
            [
              4.918119,
              52.260813
            ],
            [
              4.918065,
              52.260951
            ],
            [
              4.918026,
              52.261078
            ],
            [
              4.917987,
              52.261211
            ],
            [
              4.917975,
              52.261282
            ],
            [
              4.917971,
              52.261376
            ],
            [
              4.917973,
              52.261459
            ],
            [
              4.917987,
              52.261514
            ],
            [
              4.918,
              52.261552
            ],
            [
              4.918014,
              52.261575
            ],
            [
              4.918049,
              52.261622
            ],
            [
              4.918087,
              52.261665
            ],
            [
              4.918118,
              52.261695
            ],
            [
              4.918158,
              52.261726
            ],
            [
              4.918216,
              52.261764
            ],
            [
              4.918283,
              52.261804
            ],
            [
              4.918341,
              52.261835
            ],
            [
              4.918401,
              52.261865
            ],
            [
              4.918456,
              52.261889
            ],
            [
              4.918479,
              52.261899
            ],
            [
              4.918581,
              52.261935
            ],
            [
              4.918676,
              52.26197
            ],
            [
              4.918731,
              52.261988
            ],
            [
              4.918782,
              52.262003
            ],
            [
              4.918869,
              52.262027
            ],
            [
              4.918943,
              52.262046
            ],
            [
              4.919193,
              52.262102
            ],
            [
              4.919256,
              52.262115
            ],
            [
              4.919269,
              52.262118
            ],
            [
              4.919429,
              52.26215
            ],
            [
              4.919595,
              52.262188
            ],
            [
              4.91985,
              52.262245
            ],
            [
              4.919996,
              52.26228
            ],
            [
              4.920142,
              52.262313
            ],
            [
              4.920292,
              52.262347
            ],
            [
              4.920382,
              52.262367
            ],
            [
              4.920504,
              52.26239
            ],
            [
              4.920651,
              52.262412
            ],
            [
              4.920807,
              52.262433
            ],
            [
              4.92097,
              52.262452
            ],
            [
              4.920999,
              52.262455
            ],
            [
              4.921186,
              52.262473
            ],
            [
              4.921365,
              52.262491
            ],
            [
              4.921506,
              52.262507
            ],
            [
              4.921629,
              52.262525
            ],
            [
              4.921792,
              52.26255
            ],
            [
              4.9219,
              52.262571
            ],
            [
              4.922022,
              52.262602
            ],
            [
              4.922131,
              52.26263
            ],
            [
              4.922241,
              52.262664
            ],
            [
              4.92235,
              52.262701
            ],
            [
              4.922467,
              52.262741
            ],
            [
              4.922611,
              52.262794
            ],
            [
              4.922671,
              52.262815
            ],
            [
              4.922866,
              52.262899
            ],
            [
              4.922973,
              52.262945
            ],
            [
              4.923068,
              52.262989
            ],
            [
              4.923137,
              52.263023
            ],
            [
              4.923257,
              52.26309
            ],
            [
              4.923345,
              52.263147
            ],
            [
              4.923451,
              52.263215
            ],
            [
              4.923495,
              52.263251
            ],
            [
              4.923536,
              52.263291
            ],
            [
              4.923563,
              52.263318
            ],
            [
              4.923605,
              52.263367
            ],
            [
              4.923651,
              52.263425
            ],
            [
              4.923699,
              52.263489
            ],
            [
              4.923744,
              52.26355
            ],
            [
              4.923768,
              52.263584
            ],
            [
              4.923782,
              52.26361
            ],
            [
              4.923811,
              52.263673
            ],
            [
              4.923842,
              52.263745
            ],
            [
              4.923848,
              52.263762
            ],
            [
              4.923862,
              52.263832
            ],
            [
              4.923872,
              52.2639
            ],
            [
              4.923887,
              52.264006
            ],
            [
              4.923899,
              52.264103
            ],
            [
              4.923908,
              52.264191
            ],
            [
              4.923916,
              52.264289
            ],
            [
              4.923925,
              52.264417
            ],
            [
              4.923934,
              52.264521
            ],
            [
              4.923945,
              52.264638
            ],
            [
              4.923956,
              52.264772
            ],
            [
              4.923962,
              52.264839
            ],
            [
              4.923983,
              52.264954
            ],
            [
              4.924,
              52.265046
            ],
            [
              4.924021,
              52.265169
            ],
            [
              4.924046,
              52.265299
            ],
            [
              4.924072,
              52.265416
            ],
            [
              4.9241,
              52.265533
            ],
            [
              4.924137,
              52.265674
            ],
            [
              4.924166,
              52.265788
            ],
            [
              4.92421,
              52.265981
            ],
            [
              4.924235,
              52.266084
            ],
            [
              4.924243,
              52.266108
            ],
            [
              4.924268,
              52.26618
            ],
            [
              4.924296,
              52.266248
            ],
            [
              4.924323,
              52.266313
            ],
            [
              4.924356,
              52.266386
            ],
            [
              4.924396,
              52.266467
            ],
            [
              4.924438,
              52.266545
            ],
            [
              4.924477,
              52.266616
            ],
            [
              4.924519,
              52.266686
            ],
            [
              4.924571,
              52.266776
            ],
            [
              4.924604,
              52.26683
            ],
            [
              4.924633,
              52.266877
            ],
            [
              4.924659,
              52.266916
            ],
            [
              4.924686,
              52.266945
            ],
            [
              4.924712,
              52.266969
            ],
            [
              4.924748,
              52.267001
            ],
            [
              4.924765,
              52.267015
            ],
            [
              4.924819,
              52.267055
            ],
            [
              4.92487,
              52.267085
            ],
            [
              4.924947,
              52.267126
            ],
            [
              4.925063,
              52.26719
            ],
            [
              4.925168,
              52.267244
            ],
            [
              4.925252,
              52.267286
            ],
            [
              4.925329,
              52.267324
            ],
            [
              4.925422,
              52.267368
            ],
            [
              4.925469,
              52.26739
            ],
            [
              4.925535,
              52.267417
            ],
            [
              4.925584,
              52.267437
            ],
            [
              4.925626,
              52.267454
            ],
            [
              4.925688,
              52.267476
            ],
            [
              4.925818,
              52.267517
            ],
            [
              4.925885,
              52.267537
            ],
            [
              4.926034,
              52.267576
            ],
            [
              4.926123,
              52.267599
            ],
            [
              4.926208,
              52.267617
            ],
            [
              4.926333,
              52.267641
            ],
            [
              4.926475,
              52.267668
            ],
            [
              4.926691,
              52.267707
            ],
            [
              4.926919,
              52.267747
            ],
            [
              4.927136,
              52.267786
            ],
            [
              4.927412,
              52.267835
            ],
            [
              4.927853,
              52.267909
            ],
            [
              4.927988,
              52.267929
            ],
            [
              4.928142,
              52.267951
            ],
            [
              4.928197,
              52.26796
            ],
            [
              4.928254,
              52.267969
            ],
            [
              4.928318,
              52.267983
            ],
            [
              4.928367,
              52.267995
            ],
            [
              4.928439,
              52.268015
            ],
            [
              4.928515,
              52.268037
            ],
            [
              4.928549,
              52.268048
            ],
            [
              4.928624,
              52.268073
            ],
            [
              4.928697,
              52.2681
            ],
            [
              4.928783,
              52.268132
            ],
            [
              4.928924,
              52.268183
            ],
            [
              4.929001,
              52.268211
            ],
            [
              4.929092,
              52.268249
            ],
            [
              4.929186,
              52.268289
            ],
            [
              4.929238,
              52.26831
            ],
            [
              4.929277,
              52.268324
            ],
            [
              4.929317,
              52.268336
            ],
            [
              4.929358,
              52.268347
            ],
            [
              4.929391,
              52.268353
            ],
            [
              4.929405,
              52.268377
            ],
            [
              4.929422,
              52.268403
            ],
            [
              4.929432,
              52.268425
            ],
            [
              4.929456,
              52.268488
            ],
            [
              4.929478,
              52.268542
            ],
            [
              4.929552,
              52.268739
            ],
            [
              4.929595,
              52.268852
            ],
            [
              4.929605,
              52.268882
            ],
            [
              4.929621,
              52.268937
            ],
            [
              4.929626,
              52.268955
            ],
            [
              4.929622,
              52.268955
            ],
            [
              4.929623,
              52.26896
            ],
            [
              4.92963,
              52.26898
            ],
            [
              4.929634,
              52.269003
            ],
            [
              4.929659,
              52.269137
            ],
            [
              4.929656,
              52.269209
            ],
            [
              4.929655,
              52.269246
            ],
            [
              4.929644,
              52.269288
            ],
            [
              4.929592,
              52.269419
            ],
            [
              4.929428,
              52.26977
            ],
            [
              4.929412,
              52.269794
            ],
            [
              4.929354,
              52.269891
            ],
            [
              4.9293,
              52.269958
            ],
            [
              4.929186,
              52.270059
            ],
            [
              4.92912,
              52.270098
            ],
            [
              4.929054,
              52.270138
            ],
            [
              4.928871,
              52.270219
            ],
            [
              4.928736,
              52.270276
            ],
            [
              4.928684,
              52.270308
            ],
            [
              4.928608,
              52.270354
            ],
            [
              4.928559,
              52.2704
            ],
            [
              4.928507,
              52.270466
            ],
            [
              4.928395,
              52.270658
            ],
            [
              4.928294,
              52.270852
            ],
            [
              4.928228,
              52.270957
            ],
            [
              4.928119,
              52.271144
            ],
            [
              4.928046,
              52.271425
            ],
            [
              4.928043,
              52.271565
            ],
            [
              4.928044,
              52.271633
            ],
            [
              4.928033,
              52.271707
            ],
            [
              4.928015,
              52.271742
            ],
            [
              4.927981,
              52.271771
            ],
            [
              4.927853,
              52.27184
            ],
            [
              4.927759,
              52.271891
            ],
            [
              4.927663,
              52.271938
            ],
            [
              4.927382,
              52.272034
            ],
            [
              4.927097,
              52.272126
            ],
            [
              4.926992,
              52.272169
            ],
            [
              4.926781,
              52.272283
            ],
            [
              4.926652,
              52.272445
            ],
            [
              4.92664,
              52.272512
            ],
            [
              4.926632,
              52.272563
            ],
            [
              4.926667,
              52.272639
            ],
            [
              4.926714,
              52.272675
            ],
            [
              4.926991,
              52.272888
            ],
            [
              4.927289,
              52.273137
            ],
            [
              4.927459,
              52.273311
            ],
            [
              4.927537,
              52.273418
            ],
            [
              4.927612,
              52.273554
            ],
            [
              4.92765,
              52.273652
            ],
            [
              4.927661,
              52.273712
            ],
            [
              4.927655,
              52.273808
            ],
            [
              4.927616,
              52.273928
            ],
            [
              4.927599,
              52.273964
            ],
            [
              4.927441,
              52.274249
            ],
            [
              4.927324,
              52.274482
            ],
            [
              4.927257,
              52.274622
            ],
            [
              4.92723,
              52.274669
            ],
            [
              4.927117,
              52.274868
            ],
            [
              4.926995,
              52.275043
            ],
            [
              4.926876,
              52.275188
            ],
            [
              4.92679,
              52.275306
            ],
            [
              4.926754,
              52.275377
            ],
            [
              4.926735,
              52.275465
            ],
            [
              4.926735,
              52.275543
            ],
            [
              4.926735,
              52.275604
            ],
            [
              4.926762,
              52.275836
            ],
            [
              4.926782,
              52.275988
            ],
            [
              4.926791,
              52.276274
            ],
            [
              4.926789,
              52.276461
            ],
            [
              4.926796,
              52.276761
            ],
            [
              4.926785,
              52.276856
            ],
            [
              4.926689,
              52.277077
            ],
            [
              4.926675,
              52.277094
            ],
            [
              4.926445,
              52.277355
            ],
            [
              4.926384,
              52.277432
            ],
            [
              4.926152,
              52.277773
            ],
            [
              4.926033,
              52.277971
            ],
            [
              4.925986,
              52.278078
            ],
            [
              4.925958,
              52.278196
            ],
            [
              4.925958,
              52.2783
            ],
            [
              4.925991,
              52.27844
            ],
            [
              4.926032,
              52.278579
            ],
            [
              4.926057,
              52.278741
            ],
            [
              4.926075,
              52.278904
            ],
            [
              4.926121,
              52.279108
            ],
            [
              4.926223,
              52.279395
            ],
            [
              4.926225,
              52.2794
            ],
            [
              4.92624,
              52.279426
            ],
            [
              4.92624,
              52.279427
            ],
            [
              4.926434,
              52.279764
            ],
            [
              4.926444,
              52.27978
            ],
            [
              4.92658,
              52.279739
            ],
            [
              4.926671,
              52.279713
            ],
            [
              4.926672,
              52.279719
            ],
            [
              4.927006,
              52.279661
            ],
            [
              4.927252,
              52.279623
            ],
            [
              4.92737,
              52.279606
            ],
            [
              4.927467,
              52.279596
            ],
            [
              4.927606,
              52.279588
            ],
            [
              4.927979,
              52.279581
            ],
            [
              4.928178,
              52.279585
            ],
            [
              4.928293,
              52.27959
            ],
            [
              4.928473,
              52.279598
            ],
            [
              4.928587,
              52.279611
            ],
            [
              4.928779,
              52.279649
            ],
            [
              4.929033,
              52.279711
            ],
            [
              4.929137,
              52.279745
            ],
            [
              4.929301,
              52.279801
            ],
            [
              4.929572,
              52.279891
            ],
            [
              4.929906,
              52.280006
            ],
            [
              4.930236,
              52.28012
            ],
            [
              4.930571,
              52.280242
            ],
            [
              4.930779,
              52.280316
            ],
            [
              4.930915,
              52.280365
            ],
            [
              4.931044,
              52.280409
            ],
            [
              4.931079,
              52.280421
            ],
            [
              4.931143,
              52.28044
            ],
            [
              4.93125,
              52.28047
            ],
            [
              4.931388,
              52.280506
            ],
            [
              4.93151,
              52.280535
            ],
            [
              4.931567,
              52.280548
            ],
            [
              4.931597,
              52.280554
            ],
            [
              4.931721,
              52.280578
            ],
            [
              4.931779,
              52.280589
            ],
            [
              4.931839,
              52.280599
            ],
            [
              4.931921,
              52.280612
            ],
            [
              4.931966,
              52.280618
            ],
            [
              4.932028,
              52.280622
            ],
            [
              4.932097,
              52.280626
            ],
            [
              4.932173,
              52.280628
            ],
            [
              4.932255,
              52.280629
            ],
            [
              4.932322,
              52.280628
            ],
            [
              4.932372,
              52.280629
            ],
            [
              4.932444,
              52.280633
            ],
            [
              4.932512,
              52.280639
            ],
            [
              4.932563,
              52.280644
            ],
            [
              4.932647,
              52.280654
            ],
            [
              4.932758,
              52.28067
            ],
            [
              4.932854,
              52.280689
            ],
            [
              4.932933,
              52.280705
            ],
            [
              4.933064,
              52.280731
            ],
            [
              4.933178,
              52.280761
            ],
            [
              4.933238,
              52.280776
            ],
            [
              4.933293,
              52.280792
            ],
            [
              4.933363,
              52.280815
            ],
            [
              4.933389,
              52.280823
            ],
            [
              4.93345,
              52.280843
            ],
            [
              4.933484,
              52.280853
            ],
            [
              4.933534,
              52.280865
            ],
            [
              4.933605,
              52.28088
            ],
            [
              4.933664,
              52.280889
            ],
            [
              4.933715,
              52.280895
            ],
            [
              4.933755,
              52.280896
            ],
            [
              4.933801,
              52.280893
            ],
            [
              4.933836,
              52.280889
            ],
            [
              4.933864,
              52.280884
            ],
            [
              4.933892,
              52.280877
            ],
            [
              4.933976,
              52.280851
            ],
            [
              4.934027,
              52.280832
            ],
            [
              4.93407,
              52.280814
            ],
            [
              4.934282,
              52.280735
            ],
            [
              4.934351,
              52.280712
            ],
            [
              4.934438,
              52.280687
            ],
            [
              4.93455,
              52.280655
            ],
            [
              4.93469,
              52.280614
            ],
            [
              4.934839,
              52.280571
            ],
            [
              4.935013,
              52.280522
            ],
            [
              4.935178,
              52.280475
            ],
            [
              4.935245,
              52.280458
            ],
            [
              4.93532,
              52.280439
            ],
            [
              4.935399,
              52.28042
            ],
            [
              4.935504,
              52.280397
            ],
            [
              4.935656,
              52.280365
            ],
            [
              4.935781,
              52.280335
            ],
            [
              4.935889,
              52.28031
            ],
            [
              4.935963,
              52.28029
            ],
            [
              4.93606,
              52.280263
            ],
            [
              4.936175,
              52.280229
            ],
            [
              4.936272,
              52.280197
            ],
            [
              4.936349,
              52.28017
            ],
            [
              4.936411,
              52.280142
            ],
            [
              4.936447,
              52.280126
            ],
            [
              4.93648,
              52.280111
            ],
            [
              4.93652,
              52.28009
            ],
            [
              4.936622,
              52.280035
            ],
            [
              4.936688,
              52.279995
            ],
            [
              4.936727,
              52.279968
            ],
            [
              4.9368,
              52.279918
            ],
            [
              4.93702,
              52.279775
            ],
            [
              4.937117,
              52.279718
            ],
            [
              4.937233,
              52.279648
            ],
            [
              4.937284,
              52.279619
            ],
            [
              4.937339,
              52.279593
            ],
            [
              4.937415,
              52.279563
            ],
            [
              4.937463,
              52.279548
            ],
            [
              4.937518,
              52.279535
            ],
            [
              4.937637,
              52.279516
            ],
            [
              4.937687,
              52.27951
            ],
            [
              4.938216,
              52.279463
            ],
            [
              4.938417,
              52.279444
            ],
            [
              4.938493,
              52.279437
            ],
            [
              4.938566,
              52.279427
            ],
            [
              4.938638,
              52.279413
            ],
            [
              4.938709,
              52.279397
            ],
            [
              4.938771,
              52.279381
            ],
            [
              4.938793,
              52.279374
            ],
            [
              4.93883,
              52.279363
            ],
            [
              4.938832,
              52.279362
            ],
            [
              4.938827,
              52.279358
            ],
            [
              4.93884,
              52.279355
            ],
            [
              4.938922,
              52.279326
            ],
            [
              4.938978,
              52.279303
            ],
            [
              4.939124,
              52.279241
            ],
            [
              4.939186,
              52.279218
            ],
            [
              4.939216,
              52.279208
            ],
            [
              4.939268,
              52.279191
            ],
            [
              4.93931,
              52.279181
            ],
            [
              4.939392,
              52.27917
            ],
            [
              4.939454,
              52.279165
            ],
            [
              4.93953,
              52.279164
            ],
            [
              4.939685,
              52.279169
            ],
            [
              4.93983,
              52.279173
            ],
            [
              4.940032,
              52.279174
            ],
            [
              4.940093,
              52.279174
            ],
            [
              4.940154,
              52.279171
            ],
            [
              4.940226,
              52.279166
            ],
            [
              4.940301,
              52.279157
            ],
            [
              4.940371,
              52.279146
            ],
            [
              4.940435,
              52.279133
            ],
            [
              4.940506,
              52.279116
            ],
            [
              4.940642,
              52.279079
            ],
            [
              4.940717,
              52.279057
            ],
            [
              4.940812,
              52.279025
            ],
            [
              4.940887,
              52.278999
            ],
            [
              4.940981,
              52.27896
            ],
            [
              4.941129,
              52.278894
            ],
            [
              4.941277,
              52.278821
            ],
            [
              4.941403,
              52.278755
            ],
            [
              4.941569,
              52.278666
            ],
            [
              4.941758,
              52.278567
            ],
            [
              4.941948,
              52.278465
            ],
            [
              4.942152,
              52.278359
            ],
            [
              4.942203,
              52.278333
            ],
            [
              4.942265,
              52.278304
            ],
            [
              4.942311,
              52.278284
            ],
            [
              4.942374,
              52.278263
            ],
            [
              4.942505,
              52.278221
            ],
            [
              4.942615,
              52.278197
            ],
            [
              4.942692,
              52.278184
            ],
            [
              4.942794,
              52.278173
            ],
            [
              4.94287,
              52.278168
            ],
            [
              4.942924,
              52.278167
            ],
            [
              4.94296,
              52.278168
            ],
            [
              4.943022,
              52.278168
            ],
            [
              4.943417,
              52.278194
            ],
            [
              4.94379,
              52.278234
            ],
            [
              4.943939,
              52.278253
            ],
            [
              4.944036,
              52.278268
            ],
            [
              4.944113,
              52.278282
            ],
            [
              4.944171,
              52.278296
            ],
            [
              4.944241,
              52.278317
            ],
            [
              4.94426,
              52.278323
            ],
            [
              4.944438,
              52.278396
            ],
            [
              4.944797,
              52.278561
            ],
            [
              4.944967,
              52.278636
            ],
            [
              4.945042,
              52.278669
            ],
            [
              4.945127,
              52.278702
            ],
            [
              4.945188,
              52.278723
            ],
            [
              4.945249,
              52.278746
            ],
            [
              4.945327,
              52.27877
            ],
            [
              4.945391,
              52.278789
            ],
            [
              4.945469,
              52.27881
            ],
            [
              4.945536,
              52.278827
            ],
            [
              4.945701,
              52.278861
            ],
            [
              4.945775,
              52.278874
            ],
            [
              4.946031,
              52.278916
            ],
            [
              4.94626,
              52.278953
            ],
            [
              4.946307,
              52.27896
            ],
            [
              4.946374,
              52.278969
            ],
            [
              4.946456,
              52.278976
            ],
            [
              4.946535,
              52.278984
            ],
            [
              4.946595,
              52.278988
            ],
            [
              4.946668,
              52.278992
            ],
            [
              4.946714,
              52.278993
            ],
            [
              4.946836,
              52.278996
            ],
            [
              4.947004,
              52.279
            ],
            [
              4.947214,
              52.279004
            ],
            [
              4.947645,
              52.278994
            ],
            [
              4.947696,
              52.27899
            ],
            [
              4.947794,
              52.27898
            ],
            [
              4.947875,
              52.27897
            ],
            [
              4.947979,
              52.278953
            ],
            [
              4.948046,
              52.278938
            ],
            [
              4.948103,
              52.278922
            ],
            [
              4.948219,
              52.278887
            ],
            [
              4.948337,
              52.278849
            ],
            [
              4.948477,
              52.2788
            ],
            [
              4.948628,
              52.278746
            ],
            [
              4.948778,
              52.278696
            ],
            [
              4.94888,
              52.278664
            ],
            [
              4.949012,
              52.278627
            ],
            [
              4.949098,
              52.278605
            ],
            [
              4.949169,
              52.278588
            ],
            [
              4.949334,
              52.278551
            ],
            [
              4.94944,
              52.278528
            ],
            [
              4.949556,
              52.278504
            ],
            [
              4.949692,
              52.278479
            ],
            [
              4.949814,
              52.278458
            ],
            [
              4.949914,
              52.278443
            ],
            [
              4.949998,
              52.278432
            ],
            [
              4.95007,
              52.278422
            ],
            [
              4.95019,
              52.278407
            ],
            [
              4.950389,
              52.278385
            ],
            [
              4.951062,
              52.278308
            ],
            [
              4.951214,
              52.278293
            ],
            [
              4.951372,
              52.278275
            ],
            [
              4.951501,
              52.278264
            ],
            [
              4.951542,
              52.278262
            ],
            [
              4.951571,
              52.27826
            ],
            [
              4.951662,
              52.278255
            ],
            [
              4.951762,
              52.27825
            ],
            [
              4.951914,
              52.278245
            ],
            [
              4.952055,
              52.278244
            ],
            [
              4.952286,
              52.278244
            ],
            [
              4.952514,
              52.278242
            ],
            [
              4.952618,
              52.278242
            ],
            [
              4.952682,
              52.278241
            ],
            [
              4.952816,
              52.278235
            ],
            [
              4.952913,
              52.278228
            ],
            [
              4.952979,
              52.278221
            ],
            [
              4.953028,
              52.278214
            ],
            [
              4.953088,
              52.278203
            ],
            [
              4.953155,
              52.278189
            ],
            [
              4.953237,
              52.278169
            ],
            [
              4.953326,
              52.278146
            ],
            [
              4.953401,
              52.278124
            ],
            [
              4.953494,
              52.278095
            ],
            [
              4.953541,
              52.278079
            ],
            [
              4.953611,
              52.278058
            ],
            [
              4.953618,
              52.278056
            ],
            [
              4.953661,
              52.278044
            ],
            [
              4.953696,
              52.278037
            ],
            [
              4.953728,
              52.278032
            ],
            [
              4.953765,
              52.27803
            ],
            [
              4.953798,
              52.278027
            ],
            [
              4.95383,
              52.278027
            ],
            [
              4.953866,
              52.278029
            ],
            [
              4.954086,
              52.278064
            ],
            [
              4.954304,
              52.278107
            ],
            [
              4.954513,
              52.27815
            ],
            [
              4.954665,
              52.278183
            ],
            [
              4.954915,
              52.278235
            ],
            [
              4.955241,
              52.278305
            ],
            [
              4.955131,
              52.278443
            ],
            [
              4.955084,
              52.278501
            ],
            [
              4.95503,
              52.27857
            ],
            [
              4.954994,
              52.278615
            ],
            [
              4.954985,
              52.278626
            ],
            [
              4.954947,
              52.278674
            ],
            [
              4.954942,
              52.27868
            ],
            [
              4.954725,
              52.278953
            ],
            [
              4.95425,
              52.279556
            ],
            [
              4.953763,
              52.280171
            ],
            [
              4.953732,
              52.280208
            ],
            [
              4.953245,
              52.280785
            ],
            [
              4.95289,
              52.281202
            ],
            [
              4.952348,
              52.281844
            ],
            [
              4.95184,
              52.282443
            ],
            [
              4.952091,
              52.282534
            ],
            [
              4.950315,
              52.28442
            ],
            [
              4.950063,
              52.284688
            ],
            [
              4.949425,
              52.285366
            ],
            [
              4.948725,
              52.286107
            ],
            [
              4.948269,
              52.286594
            ],
            [
              4.947675,
              52.287223
            ],
            [
              4.947521,
              52.287389
            ],
            [
              4.946987,
              52.287966
            ],
            [
              4.946754,
              52.288198
            ],
            [
              4.946609,
              52.288346
            ],
            [
              4.946441,
              52.288525
            ],
            [
              4.946407,
              52.288562
            ],
            [
              4.946455,
              52.28858
            ],
            [
              4.946376,
              52.288674
            ],
            [
              4.946035,
              52.28907
            ],
            [
              4.945951,
              52.289167
            ],
            [
              4.944147,
              52.291258
            ],
            [
              4.943642,
              52.291843
            ],
            [
              4.943096,
              52.292475
            ],
            [
              4.942086,
              52.293646
            ],
            [
              4.941346,
              52.294503
            ],
            [
              4.941246,
              52.294619
            ],
            [
              4.940096,
              52.295952
            ],
            [
              4.93976,
              52.296341
            ],
            [
              4.938985,
              52.297239
            ],
            [
              4.93822,
              52.298125
            ],
            [
              4.937231,
              52.299271
            ],
            [
              4.937147,
              52.299368
            ],
            [
              4.93708,
              52.299446
            ],
            [
              4.937142,
              52.29947
            ],
            [
              4.937044,
              52.299583
            ],
            [
              4.937006,
              52.299626
            ],
            [
              4.936029,
              52.300726
            ],
            [
              4.934869,
              52.301943
            ],
            [
              4.934936,
              52.301969
            ],
            [
              4.934277,
              52.302604
            ],
            [
              4.934136,
              52.30274
            ],
            [
              4.934059,
              52.302802
            ],
            [
              4.933684,
              52.303104
            ],
            [
              4.933217,
              52.303553
            ],
            [
              4.933001,
              52.303862
            ],
            [
              4.932721,
              52.304263
            ],
            [
              4.932693,
              52.304288
            ],
            [
              4.932486,
              52.304475
            ],
            [
              4.931962,
              52.304834
            ],
            [
              4.931682,
              52.305025
            ],
            [
              4.931416,
              52.305281
            ],
            [
              4.930987,
              52.305686
            ],
            [
              4.930492,
              52.306163
            ],
            [
              4.930256,
              52.30643
            ],
            [
              4.929967,
              52.30679
            ],
            [
              4.929738,
              52.307081
            ],
            [
              4.929718,
              52.307106
            ],
            [
              4.929473,
              52.307414
            ],
            [
              4.929712,
              52.307536
            ],
            [
              4.929416,
              52.307829
            ],
            [
              4.929639,
              52.307956
            ],
            [
              4.92981,
              52.308047
            ],
            [
              4.929909,
              52.308104
            ],
            [
              4.929328,
              52.308532
            ],
            [
              4.929615,
              52.308813
            ],
            [
              4.929655,
              52.308833
            ],
            [
              4.929691,
              52.308851
            ],
            [
              4.929876,
              52.308944
            ],
            [
              4.929921,
              52.308967
            ],
            [
              4.92997,
              52.308992
            ],
            [
              4.930112,
              52.309074
            ],
            [
              4.930303,
              52.309182
            ],
            [
              4.930065,
              52.30934
            ],
            [
              4.93031,
              52.309476
            ],
            [
              4.930432,
              52.309544
            ],
            [
              4.930726,
              52.30972
            ],
            [
              4.931033,
              52.309898
            ],
            [
              4.931245,
              52.310022
            ],
            [
              4.931456,
              52.310144
            ],
            [
              4.931656,
              52.310267
            ],
            [
              4.931792,
              52.310354
            ],
            [
              4.931996,
              52.310482
            ],
            [
              4.9322,
              52.310614
            ],
            [
              4.9324,
              52.310745
            ],
            [
              4.932625,
              52.310893
            ],
            [
              4.932697,
              52.310941
            ],
            [
              4.933013,
              52.311155
            ],
            [
              4.933329,
              52.311366
            ],
            [
              4.933661,
              52.311585
            ],
            [
              4.933668,
              52.31159
            ],
            [
              4.933698,
              52.31161
            ],
            [
              4.933992,
              52.311808
            ],
            [
              4.934138,
              52.311903
            ],
            [
              4.935065,
              52.312221
            ],
            [
              4.935409,
              52.312339
            ],
            [
              4.936149,
              52.312593
            ],
            [
              4.936352,
              52.312663
            ],
            [
              4.936158,
              52.312874
            ],
            [
              4.93608,
              52.31296
            ],
            [
              4.935912,
              52.313143
            ],
            [
              4.935229,
              52.313889
            ],
            [
              4.936516,
              52.314331
            ],
            [
              4.93813,
              52.314887
            ],
            [
              4.938688,
              52.315079
            ],
            [
              4.938724,
              52.315091
            ],
            [
              4.938734,
              52.315491
            ],
            [
              4.938738,
              52.315635
            ],
            [
              4.938656,
              52.315792
            ],
            [
              4.938653,
              52.315798
            ],
            [
              4.938375,
              52.316102
            ],
            [
              4.938118,
              52.316382
            ],
            [
              4.938042,
              52.316505
            ],
            [
              4.939365,
              52.31696
            ],
            [
              4.93943,
              52.316982
            ],
            [
              4.939474,
              52.316997
            ],
            [
              4.93983,
              52.31712
            ],
            [
              4.939991,
              52.317471
            ],
            [
              4.940002,
              52.317498
            ],
            [
              4.940125,
              52.317809
            ],
            [
              4.940251,
              52.318102
            ],
            [
              4.940286,
              52.318163
            ],
            [
              4.940308,
              52.318202
            ],
            [
              4.940324,
              52.318245
            ],
            [
              4.94033,
              52.318289
            ],
            [
              4.940332,
              52.318302
            ],
            [
              4.939585,
              52.31912
            ],
            [
              4.939646,
              52.319141
            ],
            [
              4.940004,
              52.319263
            ],
            [
              4.940277,
              52.319357
            ],
            [
              4.940429,
              52.319409
            ],
            [
              4.940456,
              52.319418
            ],
            [
              4.94061,
              52.319471
            ],
            [
              4.940637,
              52.31948
            ],
            [
              4.941032,
              52.319616
            ],
            [
              4.941043,
              52.31962
            ],
            [
              4.941002,
              52.319673
            ],
            [
              4.940854,
              52.319861
            ],
            [
              4.940753,
              52.319988
            ],
            [
              4.940595,
              52.320193
            ],
            [
              4.940486,
              52.320346
            ],
            [
              4.94046,
              52.320383
            ],
            [
              4.940459,
              52.320385
            ],
            [
              4.940373,
              52.320507
            ],
            [
              4.940321,
              52.320603
            ],
            [
              4.940257,
              52.320721
            ],
            [
              4.940205,
              52.320815
            ],
            [
              4.940142,
              52.320972
            ],
            [
              4.940108,
              52.321054
            ],
            [
              4.940103,
              52.321068
            ],
            [
              4.94007,
              52.321153
            ],
            [
              4.93999,
              52.32145
            ],
            [
              4.939981,
              52.3215
            ],
            [
              4.939969,
              52.32159
            ],
            [
              4.939944,
              52.321758
            ],
            [
              4.939933,
              52.321833
            ],
            [
              4.939927,
              52.321936
            ],
            [
              4.939782,
              52.322016
            ],
            [
              4.939762,
              52.322029
            ],
            [
              4.939701,
              52.322054
            ],
            [
              4.939614,
              52.322092
            ],
            [
              4.939571,
              52.322112
            ],
            [
              4.939517,
              52.322138
            ],
            [
              4.939479,
              52.322159
            ],
            [
              4.939445,
              52.322179
            ],
            [
              4.939356,
              52.322239
            ],
            [
              4.939257,
              52.322307
            ],
            [
              4.939179,
              52.322361
            ],
            [
              4.939139,
              52.322389
            ],
            [
              4.939002,
              52.32247
            ],
            [
              4.938983,
              52.322481
            ],
            [
              4.938946,
              52.322504
            ],
            [
              4.938932,
              52.322515
            ],
            [
              4.938729,
              52.322666
            ],
            [
              4.938709,
              52.32268
            ],
            [
              4.938626,
              52.322739
            ],
            [
              4.938517,
              52.322803
            ],
            [
              4.938456,
              52.322817
            ],
            [
              4.938367,
              52.322839
            ],
            [
              4.938255,
              52.322901
            ],
            [
              4.938137,
              52.322973
            ],
            [
              4.938114,
              52.322988
            ],
            [
              4.938031,
              52.323039
            ],
            [
              4.937997,
              52.323062
            ],
            [
              4.937966,
              52.323086
            ],
            [
              4.937918,
              52.323124
            ],
            [
              4.937801,
              52.323235
            ],
            [
              4.937759,
              52.32325
            ],
            [
              4.937719,
              52.323264
            ],
            [
              4.937619,
              52.323299
            ],
            [
              4.937629,
              52.323329
            ],
            [
              4.937642,
              52.323355
            ],
            [
              4.937656,
              52.323383
            ],
            [
              4.937671,
              52.323411
            ],
            [
              4.937702,
              52.323465
            ],
            [
              4.937746,
              52.323542
            ],
            [
              4.937778,
              52.323604
            ],
            [
              4.937847,
              52.323734
            ],
            [
              4.937858,
              52.32376
            ],
            [
              4.937866,
              52.323783
            ],
            [
              4.937885,
              52.323854
            ],
            [
              4.937907,
              52.323936
            ],
            [
              4.937912,
              52.323954
            ],
            [
              4.937918,
              52.323972
            ],
            [
              4.93795,
              52.324085
            ],
            [
              4.937961,
              52.324122
            ],
            [
              4.938018,
              52.324126
            ],
            [
              4.938053,
              52.324128
            ],
            [
              4.938087,
              52.32413
            ],
            [
              4.938179,
              52.324135
            ],
            [
              4.938184,
              52.324135
            ],
            [
              4.9382,
              52.324137
            ],
            [
              4.938201,
              52.324137
            ],
            [
              4.938264,
              52.324144
            ],
            [
              4.938418,
              52.324167
            ],
            [
              4.938452,
              52.324172
            ],
            [
              4.938517,
              52.324183
            ],
            [
              4.938549,
              52.32419
            ],
            [
              4.938583,
              52.324202
            ],
            [
              4.938612,
              52.324216
            ],
            [
              4.93862,
              52.324222
            ],
            [
              4.938628,
              52.324227
            ],
            [
              4.938643,
              52.324242
            ],
            [
              4.938678,
              52.324274
            ],
            [
              4.93869,
              52.324286
            ],
            [
              4.938724,
              52.324313
            ],
            [
              4.938742,
              52.324326
            ],
            [
              4.938763,
              52.324342
            ],
            [
              4.938797,
              52.324368
            ],
            [
              4.938873,
              52.324426
            ],
            [
              4.938904,
              52.324449
            ],
            [
              4.938952,
              52.324489
            ],
            [
              4.939089,
              52.324601
            ],
            [
              4.939318,
              52.324776
            ],
            [
              4.939366,
              52.324836
            ],
            [
              4.939402,
              52.324867
            ],
            [
              4.939461,
              52.324913
            ],
            [
              4.939492,
              52.324938
            ],
            [
              4.939502,
              52.324944
            ],
            [
              4.939516,
              52.324956
            ],
            [
              4.939573,
              52.324997
            ],
            [
              4.939625,
              52.325033
            ],
            [
              4.939644,
              52.325047
            ],
            [
              4.939712,
              52.325094
            ],
            [
              4.939722,
              52.325102
            ],
            [
              4.939852,
              52.325192
            ],
            [
              4.939859,
              52.325188
            ],
            [
              4.939884,
              52.325207
            ],
            [
              4.939975,
              52.325287
            ],
            [
              4.939995,
              52.3253
            ],
            [
              4.940037,
              52.32533
            ],
            [
              4.940103,
              52.325374
            ],
            [
              4.940123,
              52.325389
            ],
            [
              4.940178,
              52.32543
            ],
            [
              4.940325,
              52.325539
            ],
            [
              4.940348,
              52.325556
            ],
            [
              4.940366,
              52.32557
            ],
            [
              4.940391,
              52.325591
            ],
            [
              4.940494,
              52.325678
            ],
            [
              4.940939,
              52.32583
            ],
            [
              4.941381,
              52.325982
            ],
            [
              4.941549,
              52.32604
            ],
            [
              4.941837,
              52.32614
            ],
            [
              4.942156,
              52.326248
            ],
            [
              4.943112,
              52.326577
            ],
            [
              4.943793,
              52.32681
            ],
            [
              4.944715,
              52.32713
            ],
            [
              4.94468,
              52.327168
            ],
            [
              4.944588,
              52.32727
            ],
            [
              4.944401,
              52.327475
            ],
            [
              4.944331,
              52.327551
            ],
            [
              4.943742,
              52.328192
            ],
            [
              4.943742,
              52.328192
            ],
            [
              4.942937,
              52.32907
            ],
            [
              4.942876,
              52.329138
            ],
            [
              4.942694,
              52.329334
            ],
            [
              4.942826,
              52.329376
            ],
            [
              4.943027,
              52.32945
            ],
            [
              4.943474,
              52.329605
            ],
            [
              4.943851,
              52.329731
            ],
            [
              4.944079,
              52.329812
            ],
            [
              4.944529,
              52.329972
            ],
            [
              4.944776,
              52.330058
            ],
            [
              4.945022,
              52.330139
            ],
            [
              4.945185,
              52.330194
            ],
            [
              4.945327,
              52.330241
            ],
            [
              4.945457,
              52.330284
            ],
            [
              4.945803,
              52.330401
            ],
            [
              4.945865,
              52.330425
            ],
            [
              4.946021,
              52.330479
            ],
            [
              4.946064,
              52.330494
            ],
            [
              4.946113,
              52.330511
            ],
            [
              4.946147,
              52.330522
            ],
            [
              4.946313,
              52.33058
            ],
            [
              4.946353,
              52.330594
            ],
            [
              4.946602,
              52.33068
            ],
            [
              4.946632,
              52.330689
            ],
            [
              4.946776,
              52.330739
            ],
            [
              4.946975,
              52.330808
            ],
            [
              4.947047,
              52.330832
            ],
            [
              4.947091,
              52.330847
            ],
            [
              4.947175,
              52.330877
            ],
            [
              4.9476,
              52.331018
            ],
            [
              4.948372,
              52.331282
            ],
            [
              4.948451,
              52.331309
            ],
            [
              4.948495,
              52.331324
            ],
            [
              4.948526,
              52.331334
            ],
            [
              4.948901,
              52.331463
            ],
            [
              4.948293,
              52.332126
            ],
            [
              4.947953,
              52.332468
            ],
            [
              4.947568,
              52.332794
            ],
            [
              4.947407,
              52.332909
            ],
            [
              4.947316,
              52.332975
            ],
            [
              4.947198,
              52.333061
            ],
            [
              4.947144,
              52.333099
            ],
            [
              4.947082,
              52.333137
            ],
            [
              4.947069,
              52.333145
            ],
            [
              4.94698,
              52.3332
            ],
            [
              4.946832,
              52.333292
            ],
            [
              4.946725,
              52.333358
            ],
            [
              4.946612,
              52.333424
            ],
            [
              4.946524,
              52.333476
            ],
            [
              4.946006,
              52.333768
            ],
            [
              4.946456,
              52.334133
            ],
            [
              4.947012,
              52.334488
            ],
            [
              4.947963,
              52.335071
            ],
            [
              4.94796,
              52.335083
            ],
            [
              4.947956,
              52.335095
            ],
            [
              4.947955,
              52.335107
            ],
            [
              4.947958,
              52.33512
            ],
            [
              4.947964,
              52.335132
            ],
            [
              4.947965,
              52.335135
            ],
            [
              4.94797,
              52.335143
            ],
            [
              4.947979,
              52.335154
            ],
            [
              4.94799,
              52.335164
            ],
            [
              4.948005,
              52.335174
            ],
            [
              4.948019,
              52.335184
            ],
            [
              4.948035,
              52.335191
            ],
            [
              4.948097,
              52.335211
            ],
            [
              4.948138,
              52.335225
            ],
            [
              4.948181,
              52.335239
            ],
            [
              4.948231,
              52.335256
            ],
            [
              4.948254,
              52.335264
            ],
            [
              4.948264,
              52.335268
            ],
            [
              4.948277,
              52.335277
            ],
            [
              4.948291,
              52.335288
            ],
            [
              4.948304,
              52.3353
            ],
            [
              4.948311,
              52.33531
            ],
            [
              4.948318,
              52.335322
            ],
            [
              4.948321,
              52.335335
            ],
            [
              4.94834,
              52.335353
            ],
            [
              4.948349,
              52.335369
            ],
            [
              4.948362,
              52.335384
            ],
            [
              4.948371,
              52.335398
            ],
            [
              4.948383,
              52.335414
            ],
            [
              4.948395,
              52.335433
            ],
            [
              4.94841,
              52.335452
            ],
            [
              4.948417,
              52.335463
            ],
            [
              4.948424,
              52.335472
            ],
            [
              4.948442,
              52.335499
            ],
            [
              4.948455,
              52.33552
            ],
            [
              4.948474,
              52.335544
            ],
            [
              4.948483,
              52.335558
            ],
            [
              4.9485,
              52.335573
            ],
            [
              4.94852,
              52.335597
            ],
            [
              4.948548,
              52.335626
            ],
            [
              4.948567,
              52.335647
            ],
            [
              4.948587,
              52.335667
            ],
            [
              4.94861,
              52.335693
            ],
            [
              4.948634,
              52.335719
            ],
            [
              4.948657,
              52.335744
            ],
            [
              4.948675,
              52.335768
            ],
            [
              4.948696,
              52.335792
            ],
            [
              4.94871,
              52.33581
            ],
            [
              4.948714,
              52.335815
            ],
            [
              4.948729,
              52.335831
            ],
            [
              4.948756,
              52.335861
            ],
            [
              4.948777,
              52.335882
            ],
            [
              4.948804,
              52.335914
            ],
            [
              4.948832,
              52.335939
            ],
            [
              4.948858,
              52.335963
            ],
            [
              4.948884,
              52.33599
            ],
            [
              4.948902,
              52.336007
            ],
            [
              4.948921,
              52.336027
            ],
            [
              4.948939,
              52.336041
            ],
            [
              4.948958,
              52.336059
            ],
            [
              4.948977,
              52.336074
            ],
            [
              4.949007,
              52.336095
            ],
            [
              4.949038,
              52.336116
            ],
            [
              4.949061,
              52.336133
            ],
            [
              4.949089,
              52.336156
            ],
            [
              4.949119,
              52.336177
            ],
            [
              4.949149,
              52.336201
            ],
            [
              4.949169,
              52.336218
            ],
            [
              4.949182,
              52.33623
            ],
            [
              4.9492,
              52.336252
            ],
            [
              4.949222,
              52.336278
            ],
            [
              4.949239,
              52.3363
            ],
            [
              4.949257,
              52.336324
            ],
            [
              4.949273,
              52.336345
            ],
            [
              4.949304,
              52.336392
            ],
            [
              4.949317,
              52.336414
            ],
            [
              4.949328,
              52.336441
            ],
            [
              4.949336,
              52.336462
            ],
            [
              4.949345,
              52.33649
            ],
            [
              4.94935,
              52.336515
            ],
            [
              4.949357,
              52.336542
            ],
            [
              4.949366,
              52.336595
            ],
            [
              4.949373,
              52.336623
            ],
            [
              4.949377,
              52.336643
            ],
            [
              4.949384,
              52.336664
            ],
            [
              4.949391,
              52.336679
            ],
            [
              4.949403,
              52.336689
            ],
            [
              4.949415,
              52.336699
            ],
            [
              4.949431,
              52.336707
            ],
            [
              4.949444,
              52.336716
            ],
            [
              4.949459,
              52.336726
            ],
            [
              4.94947,
              52.336734
            ],
            [
              4.949484,
              52.336745
            ],
            [
              4.949493,
              52.336754
            ],
            [
              4.949507,
              52.336763
            ],
            [
              4.949516,
              52.336774
            ],
            [
              4.949528,
              52.336787
            ],
            [
              4.949536,
              52.336797
            ],
            [
              4.949543,
              52.336805
            ],
            [
              4.949557,
              52.336824
            ],
            [
              4.949564,
              52.336837
            ],
            [
              4.949577,
              52.336847
            ],
            [
              4.949589,
              52.336859
            ],
            [
              4.949605,
              52.336869
            ],
            [
              4.949615,
              52.336882
            ],
            [
              4.949627,
              52.336892
            ],
            [
              4.949644,
              52.336905
            ],
            [
              4.94967,
              52.33693
            ],
            [
              4.94969,
              52.336946
            ],
            [
              4.949713,
              52.33696
            ],
            [
              4.949748,
              52.336981
            ],
            [
              4.949785,
              52.337002
            ],
            [
              4.949828,
              52.337028
            ],
            [
              4.949867,
              52.337051
            ],
            [
              4.949921,
              52.337084
            ],
            [
              4.949957,
              52.337109
            ],
            [
              4.949986,
              52.337128
            ],
            [
              4.95,
              52.337141
            ],
            [
              4.950015,
              52.337156
            ],
            [
              4.950028,
              52.337178
            ],
            [
              4.95004,
              52.337198
            ],
            [
              4.950055,
              52.337223
            ],
            [
              4.950071,
              52.337247
            ],
            [
              4.950083,
              52.337266
            ],
            [
              4.950093,
              52.337278
            ],
            [
              4.950117,
              52.337293
            ],
            [
              4.950135,
              52.337307
            ],
            [
              4.950161,
              52.337325
            ],
            [
              4.950178,
              52.33734
            ],
            [
              4.950189,
              52.337354
            ],
            [
              4.950199,
              52.337372
            ],
            [
              4.950207,
              52.337394
            ],
            [
              4.950215,
              52.337441
            ],
            [
              4.950214,
              52.337466
            ],
            [
              4.950213,
              52.337483
            ],
            [
              4.950216,
              52.337502
            ],
            [
              4.950219,
              52.337514
            ],
            [
              4.950227,
              52.33753
            ],
            [
              4.950243,
              52.337551
            ],
            [
              4.950264,
              52.33758
            ],
            [
              4.950285,
              52.337606
            ],
            [
              4.950343,
              52.337669
            ],
            [
              4.950375,
              52.337699
            ],
            [
              4.950411,
              52.337736
            ],
            [
              4.950456,
              52.337781
            ],
            [
              4.95047,
              52.337794
            ],
            [
              4.950494,
              52.337818
            ],
            [
              4.950521,
              52.337848
            ],
            [
              4.950541,
              52.337875
            ],
            [
              4.95056,
              52.337895
            ],
            [
              4.95058,
              52.337921
            ],
            [
              4.950613,
              52.337955
            ],
            [
              4.950603,
              52.338053
            ],
            [
              4.950527,
              52.338198
            ],
            [
              4.950514,
              52.338225
            ],
            [
              4.950513,
              52.338226
            ],
            [
              4.950483,
              52.338291
            ],
            [
              4.950458,
              52.338298
            ],
            [
              4.950454,
              52.338298
            ],
            [
              4.950449,
              52.338304
            ],
            [
              4.950452,
              52.338306
            ],
            [
              4.950441,
              52.338329
            ],
            [
              4.950437,
              52.338329
            ],
            [
              4.950433,
              52.338337
            ],
            [
              4.950438,
              52.338338
            ],
            [
              4.950449,
              52.338347
            ],
            [
              4.950453,
              52.338351
            ],
            [
              4.950333,
              52.338616
            ],
            [
              4.950323,
              52.338638
            ],
            [
              4.950233,
              52.338615
            ],
            [
              4.950176,
              52.338597
            ],
            [
              4.949892,
              52.338538
            ],
            [
              4.94986,
              52.338528
            ],
            [
              4.94958,
              52.338438
            ],
            [
              4.949529,
              52.338408
            ],
            [
              4.949548,
              52.338379
            ],
            [
              4.949347,
              52.338326
            ],
            [
              4.949083,
              52.338245
            ],
            [
              4.949056,
              52.338239
            ],
            [
              4.948669,
              52.338131
            ],
            [
              4.948644,
              52.338131
            ],
            [
              4.948614,
              52.338122
            ],
            [
              4.948568,
              52.338107
            ],
            [
              4.948342,
              52.338028
            ],
            [
              4.947912,
              52.337916
            ],
            [
              4.947377,
              52.337789
            ],
            [
              4.947096,
              52.33772
            ],
            [
              4.947025,
              52.337703
            ],
            [
              4.947023,
              52.337703
            ],
            [
              4.94688,
              52.337688
            ],
            [
              4.946832,
              52.337675
            ],
            [
              4.946767,
              52.337659
            ],
            [
              4.946749,
              52.337653
            ],
            [
              4.946562,
              52.337594
            ],
            [
              4.946484,
              52.337571
            ],
            [
              4.946405,
              52.337548
            ],
            [
              4.946309,
              52.33752
            ],
            [
              4.946271,
              52.337509
            ],
            [
              4.946227,
              52.337496
            ],
            [
              4.946148,
              52.337472
            ],
            [
              4.94611,
              52.337461
            ],
            [
              4.94605,
              52.337444
            ],
            [
              4.945954,
              52.337414
            ],
            [
              4.945873,
              52.33739
            ],
            [
              4.945777,
              52.337362
            ],
            [
              4.945534,
              52.33729
            ],
            [
              4.945484,
              52.337276
            ],
            [
              4.94526,
              52.337214
            ],
            [
              4.94525,
              52.337211
            ],
            [
              4.945149,
              52.33718
            ],
            [
              4.945044,
              52.337149
            ],
            [
              4.945035,
              52.337146
            ],
            [
              4.944976,
              52.337128
            ],
            [
              4.944906,
              52.337106
            ],
            [
              4.944838,
              52.337085
            ],
            [
              4.944813,
              52.337077
            ],
            [
              4.944767,
              52.337063
            ],
            [
              4.944618,
              52.337018
            ],
            [
              4.944588,
              52.337008
            ],
            [
              4.944226,
              52.336895
            ],
            [
              4.944209,
              52.33689
            ],
            [
              4.94399,
              52.336818
            ],
            [
              4.943948,
              52.3368
            ],
            [
              4.943935,
              52.336794
            ],
            [
              4.943923,
              52.336792
            ],
            [
              4.943748,
              52.336741
            ],
            [
              4.943798,
              52.336712
            ],
            [
              4.943515,
              52.336673
            ],
            [
              4.943491,
              52.33667
            ],
            [
              4.943125,
              52.33659
            ],
            [
              4.942227,
              52.336473
            ],
            [
              4.942192,
              52.336469
            ],
            [
              4.941759,
              52.336413
            ],
            [
              4.94172,
              52.336407
            ],
            [
              4.941712,
              52.336165
            ],
            [
              4.941715,
              52.336039
            ],
            [
              4.941714,
              52.336005
            ],
            [
              4.941709,
              52.335719
            ],
            [
              4.941708,
              52.335696
            ],
            [
              4.941706,
              52.335533
            ],
            [
              4.941576,
              52.33554
            ],
            [
              4.941539,
              52.335542
            ],
            [
              4.940366,
              52.335604
            ],
            [
              4.939958,
              52.335617
            ],
            [
              4.939806,
              52.335612
            ],
            [
              4.939675,
              52.335608
            ],
            [
              4.939528,
              52.335593
            ],
            [
              4.939395,
              52.335567
            ],
            [
              4.939029,
              52.335473
            ],
            [
              4.938824,
              52.335398
            ],
            [
              4.9385,
              52.335307
            ],
            [
              4.938327,
              52.335289
            ],
            [
              4.938148,
              52.335239
            ],
            [
              4.93806,
              52.335184
            ],
            [
              4.937973,
              52.33513
            ],
            [
              4.937932,
              52.335106
            ],
            [
              4.937911,
              52.335093
            ],
            [
              4.937833,
              52.335057
            ],
            [
              4.937704,
              52.335003
            ],
            [
              4.937337,
              52.334871
            ],
            [
              4.936758,
              52.334675
            ],
            [
              4.936731,
              52.334666
            ],
            [
              4.936512,
              52.334592
            ],
            [
              4.936396,
              52.334712
            ],
            [
              4.936025,
              52.335098
            ],
            [
              4.935968,
              52.335157
            ],
            [
              4.935908,
              52.335219
            ],
            [
              4.935624,
              52.335514
            ],
            [
              4.934221,
              52.335496
            ],
            [
              4.933414,
              52.335644
            ],
            [
              4.932688,
              52.335778
            ],
            [
              4.93237,
              52.335836
            ],
            [
              4.930796,
              52.336128
            ],
            [
              4.928859,
              52.336503
            ],
            [
              4.928788,
              52.336525
            ],
            [
              4.928747,
              52.336544
            ],
            [
              4.92867,
              52.336601
            ],
            [
              4.928579,
              52.336604
            ],
            [
              4.928497,
              52.336576
            ],
            [
              4.928425,
              52.336531
            ],
            [
              4.92677,
              52.335965
            ],
            [
              4.926942,
              52.335777
            ],
            [
              4.926384,
              52.335583
            ],
            [
              4.925999,
              52.33545
            ],
            [
              4.92589,
              52.335413
            ],
            [
              4.925773,
              52.335373
            ],
            [
              4.925708,
              52.335375
            ],
            [
              4.925638,
              52.335378
            ],
            [
              4.925612,
              52.335379
            ],
            [
              4.925493,
              52.335383
            ],
            [
              4.9248,
              52.335385
            ],
            [
              4.924565,
              52.335403
            ],
            [
              4.924522,
              52.335405
            ],
            [
              4.92448,
              52.335407
            ],
            [
              4.924144,
              52.335424
            ],
            [
              4.923887,
              52.335437
            ],
            [
              4.923765,
              52.335443
            ],
            [
              4.923769,
              52.335268
            ],
            [
              4.923752,
              52.334955
            ],
            [
              4.923727,
              52.334811
            ],
            [
              4.923677,
              52.334631
            ],
            [
              4.923629,
              52.334508
            ],
            [
              4.923593,
              52.334415
            ],
            [
              4.923512,
              52.334257
            ],
            [
              4.923407,
              52.334089
            ],
            [
              4.923353,
              52.334019
            ],
            [
              4.923291,
              52.333939
            ],
            [
              4.923157,
              52.333787
            ],
            [
              4.923114,
              52.333743
            ],
            [
              4.923083,
              52.333712
            ],
            [
              4.923052,
              52.333682
            ],
            [
              4.923036,
              52.333667
            ],
            [
              4.923007,
              52.33364
            ],
            [
              4.92298,
              52.333615
            ],
            [
              4.92288,
              52.333529
            ],
            [
              4.922792,
              52.333459
            ],
            [
              4.922612,
              52.333328
            ],
            [
              4.922438,
              52.333216
            ],
            [
              4.92255,
              52.333084
            ],
            [
              4.921674,
              52.332761
            ],
            [
              4.920372,
              52.33236
            ],
            [
              4.919962,
              52.332258
            ],
            [
              4.919594,
              52.332168
            ],
            [
              4.91924,
              52.332063
            ],
            [
              4.918668,
              52.33189
            ],
            [
              4.918089,
              52.331716
            ],
            [
              4.917742,
              52.331613
            ],
            [
              4.917505,
              52.331543
            ],
            [
              4.916866,
              52.331344
            ],
            [
              4.915162,
              52.330915
            ],
            [
              4.914569,
              52.330763
            ],
            [
              4.914175,
              52.330678
            ],
            [
              4.913813,
              52.330615
            ],
            [
              4.913554,
              52.330579
            ],
            [
              4.913536,
              52.330577
            ],
            [
              4.913514,
              52.330574
            ],
            [
              4.913465,
              52.330568
            ],
            [
              4.913398,
              52.33056
            ],
            [
              4.913383,
              52.330559
            ],
            [
              4.913294,
              52.330548
            ],
            [
              4.913264,
              52.330545
            ],
            [
              4.913263,
              52.330545
            ],
            [
              4.913134,
              52.330531
            ],
            [
              4.913127,
              52.33053
            ],
            [
              4.913014,
              52.330518
            ],
            [
              4.912966,
              52.330514
            ],
            [
              4.912932,
              52.33051
            ],
            [
              4.912983,
              52.330188
            ],
            [
              4.913097,
              52.329485
            ],
            [
              4.913119,
              52.329344
            ],
            [
              4.91324,
              52.328572
            ],
            [
              4.913268,
              52.328387
            ],
            [
              4.913319,
              52.32806
            ],
            [
              4.913528,
              52.326743
            ],
            [
              4.913602,
              52.326275
            ],
            [
              4.913604,
              52.32626
            ],
            [
              4.91362,
              52.326148
            ],
            [
              4.913627,
              52.326099
            ],
            [
              4.913687,
              52.325732
            ],
            [
              4.913809,
              52.324994
            ],
            [
              4.913881,
              52.324551
            ],
            [
              4.913778,
              52.324534
            ],
            [
              4.9128,
              52.324368
            ],
            [
              4.912554,
              52.324328
            ],
            [
              4.912121,
              52.324257
            ],
            [
              4.911588,
              52.324207
            ],
            [
              4.911288,
              52.324162
            ],
            [
              4.9111,
              52.324098
            ],
            [
              4.91095,
              52.324014
            ],
            [
              4.910728,
              52.323853
            ],
            [
              4.91055,
              52.323723
            ],
            [
              4.910334,
              52.323566
            ],
            [
              4.910513,
              52.323465
            ],
            [
              4.910779,
              52.323308
            ],
            [
              4.911226,
              52.323011
            ],
            [
              4.911351,
              52.322899
            ],
            [
              4.911344,
              52.322884
            ],
            [
              4.911342,
              52.322878
            ],
            [
              4.911324,
              52.322825
            ],
            [
              4.911118,
              52.322503
            ],
            [
              4.910962,
              52.322268
            ],
            [
              4.910958,
              52.322261
            ],
            [
              4.910832,
              52.322073
            ],
            [
              4.910762,
              52.321984
            ],
            [
              4.910731,
              52.321914
            ],
            [
              4.910774,
              52.321888
            ],
            [
              4.910802,
              52.321884
            ],
            [
              4.910807,
              52.321883
            ],
            [
              4.911232,
              52.321733
            ],
            [
              4.911596,
              52.321593
            ],
            [
              4.912324,
              52.321313
            ],
            [
              4.912427,
              52.321276
            ],
            [
              4.912488,
              52.321254
            ],
            [
              4.912545,
              52.32122
            ],
            [
              4.912543,
              52.321205
            ],
            [
              4.912539,
              52.321175
            ],
            [
              4.91254,
              52.321174
            ],
            [
              4.912558,
              52.321139
            ],
            [
              4.91256,
              52.321135
            ],
            [
              4.912576,
              52.321125
            ],
            [
              4.91261,
              52.321104
            ],
            [
              4.912699,
              52.321086
            ],
            [
              4.912978,
              52.320948
            ],
            [
              4.913569,
              52.320701
            ],
            [
              4.914056,
              52.320501
            ],
            [
              4.914104,
              52.320481
            ],
            [
              4.914282,
              52.320408
            ],
            [
              4.914269,
              52.320394
            ],
            [
              4.914157,
              52.320234
            ],
            [
              4.913538,
              52.319553
            ],
            [
              4.91348,
              52.319471
            ],
            [
              4.913473,
              52.319462
            ],
            [
              4.913357,
              52.319318
            ],
            [
              4.913333,
              52.319288
            ],
            [
              4.913187,
              52.319131
            ],
            [
              4.913004,
              52.318935
            ],
            [
              4.912734,
              52.318641
            ],
            [
              4.912606,
              52.318503
            ],
            [
              4.912504,
              52.31839
            ],
            [
              4.912376,
              52.318248
            ],
            [
              4.91232,
              52.318249
            ],
            [
              4.912249,
              52.318249
            ],
            [
              4.912178,
              52.318249
            ],
            [
              4.91192,
              52.318257
            ],
            [
              4.911869,
              52.318258
            ],
            [
              4.911773,
              52.31826
            ],
            [
              4.911533,
              52.318263
            ],
            [
              4.911211,
              52.318266
            ],
            [
              4.911116,
              52.318266
            ],
            [
              4.910893,
              52.318275
            ],
            [
              4.910785,
              52.318278
            ],
            [
              4.910742,
              52.318279
            ],
            [
              4.910649,
              52.318277
            ],
            [
              4.910557,
              52.31827
            ],
            [
              4.910434,
              52.318269
            ],
            [
              4.910205,
              52.318266
            ],
            [
              4.910205,
              52.318266
            ],
            [
              4.910195,
              52.318266
            ],
            [
              4.910115,
              52.318265
            ],
            [
              4.910114,
              52.318265
            ],
            [
              4.909813,
              52.318261
            ],
            [
              4.909135,
              52.318253
            ],
            [
              4.909151,
              52.318145
            ],
            [
              4.908735,
              52.317695
            ],
            [
              4.907998,
              52.317323
            ],
            [
              4.906682,
              52.316895
            ],
            [
              4.905722,
              52.316389
            ],
            [
              4.90571,
              52.316381
            ],
            [
              4.905699,
              52.316373
            ],
            [
              4.905688,
              52.316365
            ],
            [
              4.905677,
              52.316357
            ],
            [
              4.905667,
              52.316348
            ],
            [
              4.905656,
              52.31634
            ],
            [
              4.905646,
              52.316331
            ],
            [
              4.905636,
              52.316323
            ],
            [
              4.905626,
              52.316314
            ],
            [
              4.905616,
              52.316305
            ],
            [
              4.905607,
              52.316296
            ],
            [
              4.905597,
              52.316287
            ],
            [
              4.905588,
              52.316278
            ],
            [
              4.905578,
              52.316269
            ],
            [
              4.905569,
              52.316259
            ],
            [
              4.90556,
              52.31625
            ],
            [
              4.905552,
              52.31624
            ],
            [
              4.905543,
              52.316231
            ],
            [
              4.905535,
              52.316221
            ],
            [
              4.905527,
              52.316212
            ],
            [
              4.905519,
              52.316202
            ],
            [
              4.905512,
              52.316192
            ],
            [
              4.905505,
              52.316182
            ],
            [
              4.905497,
              52.316172
            ],
            [
              4.90549,
              52.316162
            ],
            [
              4.905484,
              52.316152
            ],
            [
              4.905477,
              52.316142
            ],
            [
              4.905471,
              52.316132
            ],
            [
              4.905465,
              52.316122
            ],
            [
              4.905459,
              52.316111
            ],
            [
              4.905453,
              52.316101
            ],
            [
              4.905448,
              52.316091
            ],
            [
              4.905443,
              52.31608
            ],
            [
              4.905438,
              52.31607
            ],
            [
              4.905433,
              52.316059
            ],
            [
              4.905428,
              52.316049
            ],
            [
              4.905424,
              52.316038
            ],
            [
              4.90542,
              52.316028
            ],
            [
              4.905416,
              52.316017
            ],
            [
              4.905412,
              52.316006
            ],
            [
              4.905409,
              52.315996
            ],
            [
              4.905406,
              52.315985
            ],
            [
              4.905403,
              52.315974
            ],
            [
              4.9054,
              52.315964
            ],
            [
              4.905398,
              52.315953
            ],
            [
              4.905396,
              52.315942
            ],
            [
              4.905394,
              52.315931
            ],
            [
              4.905392,
              52.31592
            ],
            [
              4.90539,
              52.315909
            ],
            [
              4.905389,
              52.315899
            ],
            [
              4.905388,
              52.315888
            ],
            [
              4.905387,
              52.315877
            ],
            [
              4.905386,
              52.315866
            ],
            [
              4.905386,
              52.315863
            ],
            [
              4.905386,
              52.315852
            ],
            [
              4.905386,
              52.315841
            ],
            [
              4.905386,
              52.315831
            ],
            [
              4.905386,
              52.31582
            ],
            [
              4.905387,
              52.31581
            ],
            [
              4.905388,
              52.315799
            ],
            [
              4.905389,
              52.315788
            ],
            [
              4.90539,
              52.315778
            ],
            [
              4.905391,
              52.315767
            ],
            [
              4.905393,
              52.315757
            ],
            [
              4.905395,
              52.315746
            ],
            [
              4.905397,
              52.315736
            ],
            [
              4.905399,
              52.315725
            ],
            [
              4.905402,
              52.315715
            ],
            [
              4.905405,
              52.315704
            ],
            [
              4.905408,
              52.315694
            ],
            [
              4.905411,
              52.315683
            ],
            [
              4.905415,
              52.315673
            ],
            [
              4.905418,
              52.315663
            ],
            [
              4.905422,
              52.315652
            ],
            [
              4.905426,
              52.315642
            ],
            [
              4.90543,
              52.315632
            ],
            [
              4.905435,
              52.315621
            ],
            [
              4.90544,
              52.315611
            ],
            [
              4.905445,
              52.315601
            ],
            [
              4.90545,
              52.315591
            ],
            [
              4.905455,
              52.315581
            ],
            [
              4.905461,
              52.315571
            ],
            [
              4.905467,
              52.315561
            ],
            [
              4.905473,
              52.315551
            ],
            [
              4.905479,
              52.315541
            ],
            [
              4.905485,
              52.315531
            ],
            [
              4.905492,
              52.315521
            ],
            [
              4.905499,
              52.315511
            ],
            [
              4.905506,
              52.315502
            ],
            [
              4.905513,
              52.315492
            ],
            [
              4.905824,
              52.314915
            ],
            [
              4.905977,
              52.314461
            ],
            [
              4.906067,
              52.313914
            ],
            [
              4.905914,
              52.313453
            ],
            [
              4.905651,
              52.312907
            ],
            [
              4.905625,
              52.312853
            ],
            [
              4.905366,
              52.312434
            ],
            [
              4.905347,
              52.312402
            ],
            [
              4.90522,
              52.311917
            ],
            [
              4.905152,
              52.311434
            ],
            [
              4.905151,
              52.311429
            ],
            [
              4.905136,
              52.311318
            ],
            [
              4.905255,
              52.310684
            ],
            [
              4.905364,
              52.310337
            ],
            [
              4.905467,
              52.310102
            ],
            [
              4.905572,
              52.309923
            ],
            [
              4.905869,
              52.309493
            ],
            [
              4.906233,
              52.30901
            ],
            [
              4.906869,
              52.308407
            ],
            [
              4.907416,
              52.307866
            ],
            [
              4.907632,
              52.307576
            ],
            [
              4.907812,
              52.307003
            ],
            [
              4.907704,
              52.306656
            ],
            [
              4.907684,
              52.30659
            ],
            [
              4.907678,
              52.306572
            ],
            [
              4.907512,
              52.306306
            ],
            [
              4.907188,
              52.305974
            ],
            [
              4.906696,
              52.305571
            ],
            [
              4.906659,
              52.305546
            ],
            [
              4.906376,
              52.305354
            ],
            [
              4.906129,
              52.305166
            ],
            [
              4.905075,
              52.304335
            ],
            [
              4.905066,
              52.304328
            ],
            [
              4.905066,
              52.304328
            ],
            [
              4.904879,
              52.304203
            ],
            [
              4.903927,
              52.30361
            ],
            [
              4.903803,
              52.303529
            ],
            [
              4.903374,
              52.303222
            ],
            [
              4.902218,
              52.302589
            ],
            [
              4.899918,
              52.301189
            ],
            [
              4.899392,
              52.300838
            ],
            [
              4.899067,
              52.300588
            ],
            [
              4.89884,
              52.300364
            ],
            [
              4.898629,
              52.300078
            ],
            [
              4.898528,
              52.299858
            ],
            [
              4.898504,
              52.299668
            ],
            [
              4.898506,
              52.299644
            ],
            [
              4.898517,
              52.299597
            ],
            [
              4.898566,
              52.299342
            ],
            [
              4.898642,
              52.299142
            ],
            [
              4.898718,
              52.299016
            ],
            [
              4.898842,
              52.298877
            ],
            [
              4.898977,
              52.298706
            ],
            [
              4.899185,
              52.298566
            ],
            [
              4.899185,
              52.298566
            ],
            [
              4.899192,
              52.29856
            ],
            [
              4.89914,
              52.29854
            ],
            [
              4.899315,
              52.29836
            ],
            [
              4.899397,
              52.298284
            ],
            [
              4.899491,
              52.298205
            ],
            [
              4.89954,
              52.298167
            ],
            [
              4.899634,
              52.298097
            ],
            [
              4.89973,
              52.298032
            ],
            [
              4.899841,
              52.297964
            ],
            [
              4.900283,
              52.297712
            ],
            [
              4.900363,
              52.297665
            ],
            [
              4.900421,
              52.297626
            ],
            [
              4.900628,
              52.29748
            ],
            [
              4.90069,
              52.297435
            ],
            [
              4.90076,
              52.297382
            ],
            [
              4.900877,
              52.297288
            ],
            [
              4.901001,
              52.297174
            ],
            [
              4.901087,
              52.297094
            ],
            [
              4.901123,
              52.297055
            ],
            [
              4.901176,
              52.296986
            ],
            [
              4.901206,
              52.296943
            ],
            [
              4.901242,
              52.296854
            ],
            [
              4.901257,
              52.296809
            ],
            [
              4.901267,
              52.296766
            ],
            [
              4.901271,
              52.296709
            ],
            [
              4.901271,
              52.296656
            ],
            [
              4.901268,
              52.296599
            ],
            [
              4.901254,
              52.296468
            ],
            [
              4.901244,
              52.296432
            ],
            [
              4.901226,
              52.296383
            ],
            [
              4.901205,
              52.296337
            ],
            [
              4.901155,
              52.296247
            ],
            [
              4.901094,
              52.29616
            ],
            [
              4.901058,
              52.296115
            ],
            [
              4.901018,
              52.296076
            ],
            [
              4.900848,
              52.29594
            ],
            [
              4.900793,
              52.295897
            ],
            [
              4.900749,
              52.295873
            ],
            [
              4.900703,
              52.29585
            ],
            [
              4.900629,
              52.29582
            ],
            [
              4.900541,
              52.295791
            ],
            [
              4.900421,
              52.295756
            ],
            [
              4.90033,
              52.295731
            ],
            [
              4.900246,
              52.295711
            ],
            [
              4.900159,
              52.295695
            ],
            [
              4.900044,
              52.295681
            ],
            [
              4.899927,
              52.295675
            ],
            [
              4.899792,
              52.295671
            ],
            [
              4.899514,
              52.295669
            ],
            [
              4.899283,
              52.295671
            ],
            [
              4.899074,
              52.295665
            ],
            [
              4.898835,
              52.29565
            ],
            [
              4.898667,
              52.295629
            ],
            [
              4.898259,
              52.295601
            ],
            [
              4.898105,
              52.295588
            ],
            [
              4.897505,
              52.295527
            ],
            [
              4.896676,
              52.295444
            ],
            [
              4.895376,
              52.295366
            ],
            [
              4.89498,
              52.295359
            ],
            [
              4.894371,
              52.295344
            ],
            [
              4.89414,
              52.29533
            ],
            [
              4.893844,
              52.295311
            ],
            [
              4.893108,
              52.295232
            ],
            [
              4.892972,
              52.295224
            ],
            [
              4.892954,
              52.295223
            ],
            [
              4.892864,
              52.295211
            ],
            [
              4.892528,
              52.295123
            ],
            [
              4.892128,
              52.294954
            ],
            [
              4.892096,
              52.294939
            ],
            [
              4.89208,
              52.294932
            ],
            [
              4.891798,
              52.294717
            ],
            [
              4.891249,
              52.294298
            ],
            [
              4.891151,
              52.294159
            ],
            [
              4.891045,
              52.293971
            ],
            [
              4.890939,
              52.293718
            ],
            [
              4.890902,
              52.293553
            ],
            [
              4.890901,
              52.293405
            ],
            [
              4.890936,
              52.293136
            ],
            [
              4.890937,
              52.293133
            ],
            [
              4.890937,
              52.293132
            ],
            [
              4.890975,
              52.292762
            ],
            [
              4.891033,
              52.292394
            ],
            [
              4.891099,
              52.292041
            ],
            [
              4.891099,
              52.291832
            ],
            [
              4.891036,
              52.291638
            ],
            [
              4.890913,
              52.291494
            ],
            [
              4.890832,
              52.291439
            ],
            [
              4.890649,
              52.291348
            ],
            [
              4.890416,
              52.291248
            ],
            [
              4.890296,
              52.291201
            ],
            [
              4.889383,
              52.290926
            ],
            [
              4.888799,
              52.290773
            ],
            [
              4.888498,
              52.290686
            ],
            [
              4.887939,
              52.290466
            ],
            [
              4.887716,
              52.29034
            ],
            [
              4.887411,
              52.29012
            ],
            [
              4.887215,
              52.289946
            ],
            [
              4.887119,
              52.289828
            ],
            [
              4.887075,
              52.289738
            ],
            [
              4.887033,
              52.289574
            ],
            [
              4.887034,
              52.289362
            ],
            [
              4.887096,
              52.28923
            ],
            [
              4.887169,
              52.28916
            ],
            [
              4.887334,
              52.28905
            ],
            [
              4.887572,
              52.288916
            ],
            [
              4.887632,
              52.288888
            ],
            [
              4.888439,
              52.288615
            ],
            [
              4.889353,
              52.288297
            ],
            [
              4.889621,
              52.288135
            ],
            [
              4.889699,
              52.28805
            ],
            [
              4.889771,
              52.287918
            ],
            [
              4.88981,
              52.287768
            ],
            [
              4.889804,
              52.287647
            ],
            [
              4.889731,
              52.287485
            ],
            [
              4.889588,
              52.287327
            ],
            [
              4.889351,
              52.287163
            ],
            [
              4.88903,
              52.287016
            ],
            [
              4.888672,
              52.286898
            ],
            [
              4.888382,
              52.286832
            ],
            [
              4.887985,
              52.286776
            ],
            [
              4.887496,
              52.286738
            ],
            [
              4.886875,
              52.286699
            ],
            [
              4.886581,
              52.286679
            ],
            [
              4.886167,
              52.286636
            ],
            [
              4.885961,
              52.286586
            ],
            [
              4.88576,
              52.286489
            ],
            [
              4.885492,
              52.286276
            ],
            [
              4.885439,
              52.286228
            ],
            [
              4.885365,
              52.286159
            ],
            [
              4.88516,
              52.285937
            ],
            [
              4.88503,
              52.285738
            ],
            [
              4.884918,
              52.285485
            ],
            [
              4.884882,
              52.285331
            ],
            [
              4.884801,
              52.284661
            ],
            [
              4.884787,
              52.28463
            ],
            [
              4.884725,
              52.284534
            ],
            [
              4.884542,
              52.28418
            ],
            [
              4.884365,
              52.283933
            ],
            [
              4.884016,
              52.283569
            ],
            [
              4.883447,
              52.283084
            ],
            [
              4.882187,
              52.282118
            ],
            [
              4.881895,
              52.281896
            ],
            [
              4.880077,
              52.280514
            ],
            [
              4.879317,
              52.279768
            ],
            [
              4.879062,
              52.279467
            ],
            [
              4.87891,
              52.27924
            ],
            [
              4.878783,
              52.278903
            ],
            [
              4.878772,
              52.278758
            ],
            [
              4.878787,
              52.278558
            ],
            [
              4.878829,
              52.278345
            ],
            [
              4.878881,
              52.278178
            ],
            [
              4.878971,
              52.277974
            ],
            [
              4.879153,
              52.277653
            ],
            [
              4.87937,
              52.277333
            ],
            [
              4.879543,
              52.277129
            ],
            [
              4.879588,
              52.277085
            ],
            [
              4.879657,
              52.277023
            ],
            [
              4.87967,
              52.277011
            ],
            [
              4.879991,
              52.276714
            ],
            [
              4.880826,
              52.276029
            ],
            [
              4.881365,
              52.275433
            ],
            [
              4.881565,
              52.274952
            ],
            [
              4.88163,
              52.274463
            ],
            [
              4.881627,
              52.274455
            ],
            [
              4.881618,
              52.274399
            ],
            [
              4.881591,
              52.274299
            ],
            [
              4.881487,
              52.274009
            ],
            [
              4.881256,
              52.273555
            ],
            [
              4.881171,
              52.27321
            ],
            [
              4.881174,
              52.273023
            ],
            [
              4.881204,
              52.272884
            ],
            [
              4.881242,
              52.272794
            ],
            [
              4.881476,
              52.272341
            ],
            [
              4.881578,
              52.272081
            ],
            [
              4.8816,
              52.271853
            ],
            [
              4.881573,
              52.271716
            ],
            [
              4.881486,
              52.271526
            ],
            [
              4.881474,
              52.271504
            ],
            [
              4.881467,
              52.271492
            ],
            [
              4.881297,
              52.271179
            ],
            [
              4.881214,
              52.271042
            ],
            [
              4.881059,
              52.270814
            ],
            [
              4.880778,
              52.270388
            ],
            [
              4.880623,
              52.270116
            ],
            [
              4.880547,
              52.269934
            ],
            [
              4.880535,
              52.269878
            ],
            [
              4.880407,
              52.269244
            ],
            [
              4.880092,
              52.268355
            ],
            [
              4.87976,
              52.267836
            ],
            [
              4.879685,
              52.267719
            ],
            [
              4.879486,
              52.267391
            ],
            [
              4.879443,
              52.267217
            ],
            [
              4.87947,
              52.267076
            ],
            [
              4.879595,
              52.266855
            ],
            [
              4.879924,
              52.266494
            ],
            [
              4.880229,
              52.266241
            ],
            [
              4.880431,
              52.266098
            ],
            [
              4.880868,
              52.265828
            ],
            [
              4.881651,
              52.265324
            ],
            [
              4.882218,
              52.2648
            ],
            [
              4.882298,
              52.264675
            ],
            [
              4.882369,
              52.264547
            ],
            [
              4.88245,
              52.264373
            ],
            [
              4.88246,
              52.264276
            ],
            [
              4.882452,
              52.264249
            ],
            [
              4.882423,
              52.264199
            ],
            [
              4.882403,
              52.264153
            ],
            [
              4.882345,
              52.26404
            ],
            [
              4.882024,
              52.263694
            ],
            [
              4.881015,
              52.263008
            ],
            [
              4.880019,
              52.262279
            ],
            [
              4.879305,
              52.261848
            ],
            [
              4.87908,
              52.261713
            ],
            [
              4.878463,
              52.261474
            ],
            [
              4.877933,
              52.261345
            ],
            [
              4.876929,
              52.261232
            ],
            [
              4.876162,
              52.261174
            ],
            [
              4.875336,
              52.261116
            ],
            [
              4.874656,
              52.261095
            ],
            [
              4.874096,
              52.261038
            ],
            [
              4.873625,
              52.260891
            ],
            [
              4.873274,
              52.2606
            ],
            [
              4.873071,
              52.260255
            ],
            [
              4.872987,
              52.259837
            ],
            [
              4.87323,
              52.259276
            ],
            [
              4.873609,
              52.258633
            ],
            [
              4.873646,
              52.258053
            ],
            [
              4.873472,
              52.257708
            ],
            [
              4.873065,
              52.25718
            ],
            [
              4.873061,
              52.257176
            ],
            [
              4.87306,
              52.257175
            ],
            [
              4.873057,
              52.257173
            ],
            [
              4.872978,
              52.257089
            ],
            [
              4.87255,
              52.256639
            ],
            [
              4.87251,
              52.256598
            ],
            [
              4.871897,
              52.255979
            ],
            [
              4.871196,
              52.255305
            ],
            [
              4.87067,
              52.25485
            ],
            [
              4.870439,
              52.254414
            ],
            [
              4.870327,
              52.253869
            ],
            [
              4.870121,
              52.253282
            ]
          ]
        ]
      },
      "properties": {
        "type": "boundary",
        "gemeente": "Ouder-Amstel"
      }
    }
  ]
}