{
  "type": "FeatureCollection",
  "metadata": {
    "gemeente": "Staphorst",
    "slug": "staphorst",
    "generated_at": "2026-06-01T07:28:59.049955Z",
    "total_points": 27,
    "providers": [
      "Amazon",
      "DHL",
      "DPD",
      "PostNL",
      "VintedGo",
      "GLS",
      "ViaTim",
      "InPost"
    ],
    "bounds": [
      6.18875,
      52.6133546,
      6.294154,
      52.67648593
    ]
  },
  "features": [
    {
      "type": "Feature",
      "geometry": {
        "type": "Point",
        "coordinates": [
          6.189560875,
          52.67648593
        ]
      },
      "properties": {
        "type": "pakketpunt",
        "locatieNaam": "Intratuin Meppel",
        "straatNaam": "Berggiersweg 1",
        "straatNr": "",
        "vervoerder": "Amazon",
        "puntType": "3p",
        "bezettingsgraad": 50,
        "latitude": 52.67648593,
        "longitude": 6.189560875,
        "canPickup": true,
        "canDropoff": false
      }
    },
    {
      "type": "Feature",
      "geometry": {
        "type": "Point",
        "coordinates": [
          6.209528087,
          52.64519026
        ]
      },
      "properties": {
        "type": "pakketpunt",
        "locatieNaam": "The Readshop Express",
        "straatNaam": "Markt 2",
        "straatNr": "",
        "vervoerder": "Amazon",
        "puntType": "3p",
        "bezettingsgraad": 50,
        "latitude": 52.64519026,
        "longitude": 6.209528087,
        "canPickup": true,
        "canDropoff": false
      }
    },
    {
      "type": "Feature",
      "geometry": {
        "type": "Point",
        "coordinates": [
          6.188772,
          52.613361
        ]
      },
      "properties": {
        "type": "pakketpunt",
        "locatieNaam": "Total Krale Rouveen",
        "straatNaam": "Oude Rijksweg",
        "straatNr": "465-SP/60",
        "vervoerder": "DHL",
        "puntType": "parcelShop",
        "bezettingsgraad": 50,
        "latitude": 52.613361,
        "longitude": 6.188772,
        "canPickup": true,
        "canDropoff": true
      }
    },
    {
      "type": "Feature",
      "geometry": {
        "type": "Point",
        "coordinates": [
          6.209025,
          52.6355159
        ]
      },
      "properties": {
        "type": "pakketpunt",
        "locatieNaam": "Boer Staphorst",
        "straatNaam": "Achthoevenweg",
        "straatNr": "2",
        "vervoerder": "DHL",
        "puntType": "parcelShop",
        "bezettingsgraad": 50,
        "latitude": 52.6355159,
        "longitude": 6.209025,
        "canPickup": true,
        "canDropoff": true
      }
    },
    {
      "type": "Feature",
      "geometry": {
        "type": "Point",
        "coordinates": [
          6.207474,
          52.637236
        ]
      },
      "properties": {
        "type": "pakketpunt",
        "locatieNaam": "Pakketautomaat Total De Esch",
        "straatNaam": "Achthoevenweg",
        "straatNr": "2",
        "vervoerder": "DHL",
        "puntType": "packStation",
        "bezettingsgraad": 50,
        "latitude": 52.637236,
        "longitude": 6.207474,
        "canPickup": true,
        "canDropoff": true
      }
    },
    {
      "type": "Feature",
      "geometry": {
        "type": "Point",
        "coordinates": [
          6.2081002,
          52.6463925
        ]
      },
      "properties": {
        "type": "pakketpunt",
        "locatieNaam": "Pakketautomaat terStal Staphorst",
        "straatNaam": "Gemeenteweg",
        "straatNr": "73",
        "vervoerder": "DHL",
        "puntType": "packStation",
        "bezettingsgraad": 50,
        "latitude": 52.6463925,
        "longitude": 6.2081002,
        "canPickup": true,
        "canDropoff": true
      }
    },
    {
      "type": "Feature",
      "geometry": {
        "type": "Point",
        "coordinates": [
          6.294154,
          52.660701
        ]
      },
      "properties": {
        "type": "pakketpunt",
        "locatieNaam": "DHL Buurtpunt ViaTim & Kroko",
        "straatNaam": "Heerenweg",
        "straatNr": "42",
        "vervoerder": "DHL",
        "puntType": "parcelShop",
        "bezettingsgraad": 50,
        "latitude": 52.660701,
        "longitude": 6.294154,
        "canPickup": true,
        "canDropoff": true
      }
    },
    {
      "type": "Feature",
      "geometry": {
        "type": "Point",
        "coordinates": [
          6.20847,
          52.64541
        ]
      },
      "properties": {
        "type": "pakketpunt",
        "locatieNaam": "De Staphorster Schoenmaker",
        "straatNaam": "MARKT",
        "straatNr": "12",
        "vervoerder": "DPD",
        "puntType": "pickup_point",
        "bezettingsgraad": 50,
        "latitude": 52.64541,
        "longitude": 6.20847,
        "canPickup": true,
        "canDropoff": true
      }
    },
    {
      "type": "Feature",
      "geometry": {
        "type": "Point",
        "coordinates": [
          6.188772,
          52.6133611
        ]
      },
      "properties": {
        "type": "pakketpunt",
        "locatieNaam": "Total Krale",
        "straatNaam": "OUDE RIJKSWEG",
        "straatNr": "465",
        "vervoerder": "DPD",
        "puntType": "pickup_point",
        "bezettingsgraad": 50,
        "latitude": 52.6133611,
        "longitude": 6.188772,
        "canPickup": true,
        "canDropoff": true
      }
    },
    {
      "type": "Feature",
      "geometry": {
        "type": "Point",
        "coordinates": [
          6.207719,
          52.637422
        ]
      },
      "properties": {
        "type": "pakketpunt",
        "locatieNaam": "Pakketautomaat",
        "straatNaam": "Achthoevenweg",
        "straatNr": "2PBA",
        "vervoerder": "PostNL",
        "puntType": "automaat",
        "bezettingsgraad": 50,
        "latitude": 52.637422,
        "longitude": 6.207719,
        "canPickup": true,
        "canDropoff": true
      }
    },
    {
      "type": "Feature",
      "geometry": {
        "type": "Point",
        "coordinates": [
          6.208771934,
          52.64505169
        ]
      },
      "properties": {
        "type": "pakketpunt",
        "locatieNaam": "Poiesz Supermarkt (157)",
        "straatNaam": "Markt",
        "straatNr": "10",
        "vervoerder": "PostNL",
        "puntType": "servicepunt",
        "bezettingsgraad": 50,
        "latitude": 52.64505169,
        "longitude": 6.208771934,
        "canPickup": true,
        "canDropoff": true
      }
    },
    {
      "type": "Feature",
      "geometry": {
        "type": "Point",
        "coordinates": [
          6.209528087,
          52.64519026
        ]
      },
      "properties": {
        "type": "pakketpunt",
        "locatieNaam": "The Readshop Express",
        "straatNaam": "Markt",
        "straatNr": "2",
        "vervoerder": "PostNL",
        "puntType": "servicepunt",
        "bezettingsgraad": 50,
        "latitude": 52.64519026,
        "longitude": 6.209528087,
        "canPickup": true,
        "canDropoff": true
      }
    },
    {
      "type": "Feature",
      "geometry": {
        "type": "Point",
        "coordinates": [
          6.18877895660254,
          52.6133546912585
        ]
      },
      "properties": {
        "type": "pakketpunt",
        "locatieNaam": "Pakket- en briefautomaat",
        "straatNaam": "Oude Rijksweg",
        "straatNr": "465PBA",
        "vervoerder": "PostNL",
        "puntType": "automaat",
        "bezettingsgraad": 50,
        "latitude": 52.6133546912585,
        "longitude": 6.18877895660254,
        "canPickup": true,
        "canDropoff": true
      }
    },
    {
      "type": "Feature",
      "geometry": {
        "type": "Point",
        "coordinates": [
          6.189560875,
          52.67648593
        ]
      },
      "properties": {
        "type": "pakketpunt",
        "locatieNaam": "Intratuin Meppel",
        "straatNaam": "Berggiersweg",
        "straatNr": "1",
        "vervoerder": "PostNL",
        "puntType": "servicepunt",
        "bezettingsgraad": 50,
        "latitude": 52.67648593,
        "longitude": 6.189560875,
        "canPickup": true,
        "canDropoff": true
      }
    },
    {
      "type": "Feature",
      "geometry": {
        "type": "Point",
        "coordinates": [
          6.2083376,
          52.6452635
        ]
      },
      "properties": {
        "type": "pakketpunt",
        "locatieNaam": "Portiek",
        "straatNaam": "Markt 12",
        "straatNr": "",
        "vervoerder": "VintedGo",
        "puntType": "parcel_shop",
        "bezettingsgraad": 50,
        "latitude": 52.6452635,
        "longitude": 6.2083376,
        "canPickup": true,
        "canDropoff": true
      }
    },
    {
      "type": "Feature",
      "geometry": {
        "type": "Point",
        "coordinates": [
          6.18877,
          52.61336
        ]
      },
      "properties": {
        "type": "pakketpunt",
        "locatieNaam": "TotalEnergies Krale",
        "straatNaam": "Oude Rijksweg 465",
        "straatNr": "",
        "vervoerder": "VintedGo",
        "puntType": "parcel_shop",
        "bezettingsgraad": 50,
        "latitude": 52.61336,
        "longitude": 6.18877,
        "canPickup": true,
        "canDropoff": true
      }
    },
    {
      "type": "Feature",
      "geometry": {
        "type": "Point",
        "coordinates": [
          6.218,
          52.64944
        ]
      },
      "properties": {
        "type": "pakketpunt",
        "locatieNaam": "Hofstede Bos & Tuin",
        "straatNaam": "Gemeenteweg 180",
        "straatNr": "",
        "vervoerder": "VintedGo",
        "puntType": "parcel_shop",
        "bezettingsgraad": 50,
        "latitude": 52.64944,
        "longitude": 6.218,
        "canPickup": true,
        "canDropoff": true
      }
    },
    {
      "type": "Feature",
      "geometry": {
        "type": "Point",
        "coordinates": [
          6.20749,
          52.63741
        ]
      },
      "properties": {
        "type": "pakketpunt",
        "locatieNaam": "Totalenergies De Esch",
        "straatNaam": "Achthoevenweg 2a",
        "straatNr": "",
        "vervoerder": "VintedGo",
        "puntType": "locker",
        "bezettingsgraad": 50,
        "latitude": 52.63741,
        "longitude": 6.20749,
        "canPickup": true,
        "canDropoff": true
      }
    },
    {
      "type": "Feature",
      "geometry": {
        "type": "Point",
        "coordinates": [
          6.217813,
          52.6495659
        ]
      },
      "properties": {
        "type": "pakketpunt",
        "locatieNaam": "Hofstede Bos En Tuin",
        "straatNaam": "Gemeenteweg 180",
        "straatNr": "",
        "vervoerder": "VintedGo",
        "puntType": "locker",
        "bezettingsgraad": 50,
        "latitude": 52.6495659,
        "longitude": 6.217813,
        "canPickup": true,
        "canDropoff": true
      }
    },
    {
      "type": "Feature",
      "geometry": {
        "type": "Point",
        "coordinates": [
          6.2235093,
          52.6402163
        ]
      },
      "properties": {
        "type": "pakketpunt",
        "locatieNaam": "Noggus & Noggus - Staphorst",
        "straatNaam": "JC Van Andelweg 7",
        "straatNr": "",
        "vervoerder": "VintedGo",
        "puntType": "parcel_shop",
        "bezettingsgraad": 50,
        "latitude": 52.6402163,
        "longitude": 6.2235093,
        "canPickup": true,
        "canDropoff": true
      }
    },
    {
      "type": "Feature",
      "geometry": {
        "type": "Point",
        "coordinates": [
          6.1887531,
          52.6133609
        ]
      },
      "properties": {
        "type": "pakketpunt",
        "locatieNaam": "TotalEnergies Krale",
        "straatNaam": "Oude Rijksweg",
        "straatNr": "465",
        "vervoerder": "GLS",
        "puntType": "parcel_shop",
        "bezettingsgraad": 50,
        "latitude": 52.6133609,
        "longitude": 6.1887531,
        "canPickup": true,
        "canDropoff": true
      }
    },
    {
      "type": "Feature",
      "geometry": {
        "type": "Point",
        "coordinates": [
          6.18877895,
          52.6133546
        ]
      },
      "properties": {
        "type": "pakketpunt",
        "locatieNaam": "Pakketautomaat",
        "straatNaam": "Oude Rijksweg",
        "straatNr": "465",
        "vervoerder": "GLS",
        "puntType": "locker",
        "bezettingsgraad": 50,
        "latitude": 52.6133546,
        "longitude": 6.18877895,
        "canPickup": true,
        "canDropoff": true
      }
    },
    {
      "type": "Feature",
      "geometry": {
        "type": "Point",
        "coordinates": [
          6.207719,
          52.637422
        ]
      },
      "properties": {
        "type": "pakketpunt",
        "locatieNaam": "Pakketautomaat",
        "straatNaam": "Achthoevenweg",
        "straatNr": "2",
        "vervoerder": "GLS",
        "puntType": "locker",
        "bezettingsgraad": 50,
        "latitude": 52.637422,
        "longitude": 6.207719,
        "canPickup": true,
        "canDropoff": true
      }
    },
    {
      "type": "Feature",
      "geometry": {
        "type": "Point",
        "coordinates": [
          6.2083651,
          52.645371
        ]
      },
      "properties": {
        "type": "pakketpunt",
        "locatieNaam": "De Staphorster Schoenmaker",
        "straatNaam": "Markt",
        "straatNr": "12",
        "vervoerder": "GLS",
        "puntType": "parcel_shop",
        "bezettingsgraad": 50,
        "latitude": 52.645371,
        "longitude": 6.2083651,
        "canPickup": true,
        "canDropoff": true
      }
    },
    {
      "type": "Feature",
      "geometry": {
        "type": "Point",
        "coordinates": [
          6.29221823676094,
          52.6606437215064
        ]
      },
      "properties": {
        "type": "pakketpunt",
        "locatieNaam": "ViaTim & Kroko",
        "straatNaam": "Heerenweg",
        "straatNr": "42",
        "vervoerder": "ViaTim",
        "puntType": "servicepunt",
        "bezettingsgraad": 50,
        "latitude": 52.6606437215064,
        "longitude": 6.29221823676094,
        "canPickup": true,
        "canDropoff": true
      }
    },
    {
      "type": "Feature",
      "geometry": {
        "type": "Point",
        "coordinates": [
          6.20837,
          52.64537
        ]
      },
      "properties": {
        "type": "pakketpunt",
        "locatieNaam": "DE STAPHORSTER SCHOENMAKER JAN PORTIEK",
        "straatNaam": "MARKT 12",
        "straatNr": "",
        "vervoerder": "InPost",
        "puntType": "servicepunt",
        "bezettingsgraad": 50,
        "latitude": 52.64537,
        "longitude": 6.20837,
        "canPickup": true,
        "canDropoff": true
      }
    },
    {
      "type": "Feature",
      "geometry": {
        "type": "Point",
        "coordinates": [
          6.18875,
          52.6134
        ]
      },
      "properties": {
        "type": "pakketpunt",
        "locatieNaam": "TOTAL ENERGIES KRALE",
        "straatNaam": "OUDE RIJKSWEG 465",
        "straatNr": "",
        "vervoerder": "InPost",
        "puntType": "servicepunt",
        "bezettingsgraad": 50,
        "latitude": 52.6134,
        "longitude": 6.18875,
        "canPickup": true,
        "canDropoff": true
      }
    },
    {
      "type": "Feature",
      "geometry": {
        "type": "MultiPolygon",
        "coordinates": [
          [
            [
              [
                6.192851900164078,
                52.61229524512545
              ],
              [
                6.192661696614823,
                52.61205734221066
              ],
              [
                6.192434103419145,
                52.61183193286168
              ],
              [
                6.192171312767405,
                52.611621187687454
              ],
              [
                6.191875855680624,
                52.61142713605672
              ],
              [
                6.191550577627571,
                52.61125164656272
              ],
              [
                6.191198611119207,
                52.61109640903656
              ],
              [
                6.19082334554453,
                52.610962918281935
              ],
              [
                6.190428394538168,
                52.61085245968756
              ],
              [
                6.19001756119362,
                52.61076609685626
              ],
              [
                6.189594801456639,
                52.61070466136823
              ],
              [
                6.189164186050494,
                52.610668744778074
              ],
              [
                6.188729861298985,
                52.61065869292161
              ],
              [
                6.188296009223417,
                52.61067460258778
              ],
              [
                6.1878668072967935,
                52.610716320586974
              ],
              [
                6.187446388241639,
                52.61078344522532
              ],
              [
                6.187038800257561,
                52.61087533017035
              ],
              [
                6.187032123505122,
                52.610877307772036
              ],
              [
                6.1870129514601775,
                52.61088162979305
              ],
              [
                6.186622119138805,
                52.61099739020887
              ],
              [
                6.186251806051248,
                52.611135911530354
              ],
              [
                6.185905578171356,
                52.611295859927765
              ],
              [
                6.185586769659293,
                52.61147569523308
              ],
              [
                6.185298450759607,
                52.61167368576403
              ],
              [
                6.185043398235215,
                52.61188792499224
              ],
              [
                6.184824068622054,
                52.61211634989543
              ],
              [
                6.18464257456205,
                52.61235676081707
              ],
              [
                6.184500664442712,
                52.61260684264252
              ],
              [
                6.184399705539964,
                52.61286418708818
              ],
              [
                6.184340670827349,
                52.61312631588916
              ],
              [
                6.184338477562081,
                52.613161372350774
              ],
              [
                6.184337566923475,
                52.613165415783996
              ],
              [
                6.184321025643514,
                52.61342980455442
              ],
              [
                6.184347137931042,
                52.613693907105734
              ],
              [
                6.184415653070281,
                52.61395517995681
              ],
              [
                6.184525911949827,
                52.614211106834034
              ],
              [
                6.18467685338232,
                52.61445922290721
              ],
              [
                6.184867024298674,
                52.614697138531604
              ],
              [
                6.185094593719631,
                52.61492256226727
              ],
              [
                6.1853573703710225,
                52.61513332295401
              ],
              [
                6.185652823773706,
                52.615327390628714
              ],
              [
                6.185978108605631,
                52.61550289608353
              ],
              [
                6.186330092101707,
                52.61565814887623
              ],
              [
                6.186705384227655,
                52.61579165361892
              ],
              [
                6.187100370337153,
                52.61590212438776
              ],
              [
                6.187511245997376,
                52.61598849711489
              ],
              [
                6.187934053647005,
                52.61604993984264
              ],
              [
                6.188364720732924,
                52.6160858607411
              ],
              [
                6.188799098957445,
                52.61609591381185
              ],
              [
                6.189233004257049,
                52.61608000222235
              ],
              [
                6.189662257126566,
                52.61603827923907
              ],
              [
                6.190082722899306,
                52.61597114675051
              ],
              [
                6.1904903515940966,
                52.61587925139376
              ],
              [
                6.190881216944416,
                52.61576347832261
              ],
              [
                6.191251554232753,
                52.61562494267757
              ],
              [
                6.191597796564976,
                52.61546497883903
              ],
              [
                6.191916609234675,
                52.61528512756867
              ],
              [
                6.192204921846031,
                52.61508712116262
              ],
              [
                6.192459957885528,
                52.614872866759555
              ],
              [
                6.192679261457667,
                52.61464442796515
              ],
              [
                6.192860720927299,
                52.61440400496996
              ],
              [
                6.192876589083403,
                52.614376032045655
              ],
              [
                6.192889673948594,
                52.61435869524488
              ],
              [
                6.193031541953343,
                52.614108603591106
              ],
              [
                6.193132453174667,
                52.6138512519853
              ],
              [
                6.193191436466647,
                52.61358911896679
              ],
              [
                6.1932079245260825,
                52.61332472908038
              ],
              [
                6.193207916975835,
                52.61332465287185
              ],
              [
                6.193207917914367,
                52.61332463782214
              ],
              [
                6.193181752715964,
                52.613060537302935
              ],
              [
                6.1931131870046485,
                52.612799269554074
              ],
              [
                6.193002881832408,
                52.612543350653446
              ],
              [
                6.192851900164078,
                52.61229524512545
              ]
            ]
          ],
          [
            [
              [
                6.204624050950628,
                52.63517142540812
              ],
              [
                6.2043051467712464,
                52.63535131009762
              ],
              [
                6.204016756496407,
                52.63554934505488
              ],
              [
                6.203761657576983,
                52.63576362332383
              ],
              [
                6.203542306996453,
                52.63599208150628
              ],
              [
                6.203360817599542,
                52.63623251962524
              ],
              [
                6.203218937729815,
                52.63648262230411
              ],
              [
                6.203118034372913,
                52.63673998105843
              ],
              [
                6.203059079968496,
                52.6370021174854
              ],
              [
                6.203042643018787,
                52.63726650712847
              ],
              [
                6.203059127969028,
                52.63743242565998
              ],
              [
                6.2030586255079285,
                52.637440507759266
              ],
              [
                6.203084865279779,
                52.63770460440239
              ],
              [
                6.203153529793752,
                52.63796586463018
              ],
              [
                6.20326395850065,
                52.63822177229037
              ],
              [
                6.203415088578192,
                52.63846986273766
              ],
              [
                6.20360546514096,
                52.63870774657387
              ],
              [
                6.203833255229445,
                52.63893313266506
              ],
              [
                6.2040962654443454,
                52.63914385021331
              ],
              [
                6.204391963056987,
                52.639337869670854
              ],
              [
                6.204717500393067,
                52.63951332229408
              ],
              [
                6.20506974225516,
                52.63966851814938
              ],
              [
                6.205445296120054,
                52.639801962397215
              ],
              [
                6.205840544819862,
                52.639912369696226
              ],
              [
                6.206251681391896,
                52.63999867658982
              ],
              [
                6.206674745761069,
                52.64006005175438
              ],
              [
                6.20710566290087,
                52.640095904010835
              ],
              [
                6.207222767909447,
                52.640098594287444
              ],
              [
                6.207334676785804,
                52.64010790471495
              ],
              [
                6.207769296155234,
                52.64011788788831
              ],
              [
                6.208203431067774,
                52.64010190665022
              ],
              [
                6.208632899806068,
                52.640060114938144
              ],
              [
                6.2090535656237185,
                52.63999291530259
              ],
              [
                6.209461376612413,
                52.63990095502752
              ],
              [
                6.20985240474961,
                52.63978511989216
              ],
              [
                6.2102228837498465,
                52.639646525634916
              ],
              [
                6.210569245354213,
                52.639486507200765
              ],
              [
                6.210888153707836,
                52.63930660587745
              ],
              [
                6.211176537493796,
                52.63910855444322
              ],
              [
                6.211431619513707,
                52.63889426047051
              ],
              [
                6.211650943429998,
                52.63866578794612
              ],
              [
                6.211832397412468,
                52.638425337385485
              ],
              [
                6.211974234461826,
                52.63817522463295
              ],
              [
                6.212075089214934,
                52.637917858552015
              ],
              [
                6.212133991070751,
                52.63765571782143
              ],
              [
                6.212148203438091,
                52.63742634932715
              ],
              [
                6.212194071700443,
                52.63740047209765
              ],
              [
                6.212482437143203,
                52.637202417441806
              ],
              [
                6.2127375017867745,
                52.636988120603824
              ],
              [
                6.212956809460929,
                52.63675964559816
              ],
              [
                6.213138248491885,
                52.636519192964194
              ],
              [
                6.213280072024313,
                52.63626907856606
              ],
              [
                6.213380914825208,
                52.63601171128321
              ],
              [
                6.213439806408584,
                52.63574956980588
              ],
              [
                6.2134561803554345,
                52.63548517876024
              ],
              [
                6.213429879740257,
                52.63522108439235
              ],
              [
                6.2133611586129325,
                52.634959830045865
              ],
              [
                6.213250679522885,
                52.63470393166955
              ],
              [
                6.213099507110394,
                52.634455853589884
              ],
              [
                6.212909097827939,
                52.63421798478275
              ],
              [
                6.212681285891506,
                52.63399261587228
              ],
              [
                6.2124182655979965,
                52.63378191707775
              ],
              [
                6.212122570179775,
                52.633587917321
              ],
              [
                6.211797047400436,
                52.63341248469565
              ],
              [
                6.211444832127198,
                52.633257308485014
              ],
              [
                6.211069316144044,
                52.633123882902126
              ],
              [
                6.210674115496313,
                52.63301349270824
              ],
              [
                6.210263035680734,
                52.63292720084729
              ],
              [
                6.209840035015704,
                52.63286583821619
              ],
              [
                6.209409186543752,
                52.632829995667855
              ],
              [
                6.208974638832242,
                52.63282001832528
              ],
              [
                6.208540576048788,
                52.6328360022599
              ],
              [
                6.208111177694807,
                52.63287779356704
              ],
              [
                6.207690578383849,
                52.63294498984703
              ],
              [
                6.207282828050945,
                52.63303694407772
              ],
              [
                6.206891852975138,
                52.63315277084104
              ],
              [
                6.2065214179895225,
                52.63329135484452
              ],
              [
                6.206175090241934,
                52.63345136165497
              ],
              [
                6.205856204854561,
                52.63363125054196
              ],
              [
                6.205567832812731,
                52.633829289307336
              ],
              [
                6.2053127513917445,
                52.6340435709583
              ],
              [
                6.205093417406582,
                52.63427203206405
              ],
              [
                6.204911943542139,
                52.634512472619434
              ],
              [
                6.204770077992375,
                52.6347625772244
              ],
              [
                6.204669187605004,
                52.635019937375944
              ],
              [
                6.204636408481501,
                52.635165716623504
              ],
              [
                6.204624050950628,
                52.63517142540812
              ]
            ]
          ],
          [
            [
              [
                6.203844240486144,
                52.64563914821969
              ],
              [
                6.203743320081157,
                52.64589650696778
              ],
              [
                6.203684357433196,
                52.646158643139145
              ],
              [
                6.203667921124232,
                52.64642303227973
              ],
              [
                6.203694170209857,
                52.64668712819331
              ],
              [
                6.203762852658102,
                52.64694838746263
              ],
              [
                6.203873307747394,
                52.64720429394464
              ],
              [
                6.20402447240168,
                52.64745238300524
              ],
              [
                6.204214891402807,
                52.6476902652597
              ],
              [
                6.204442731382773,
                52.64791564958915
              ],
              [
                6.204705798461947,
                52.64812636521274
              ],
              [
                6.205001559364093,
                52.64832038260106
              ],
              [
                6.205327165805407,
                52.648495833030424
              ],
              [
                6.205679481922894,
                52.648651026588304
              ],
              [
                6.206055114478083,
                52.64878446845725
              ],
              [
                6.206450445545064,
                52.64889487331872
              ],
              [
                6.20686166736767,
                52.648981177739685
              ],
              [
                6.207284819049509,
                52.64904255042021
              ],
              [
                6.207715824722866,
                52.649078400205184
              ],
              [
                6.208150532827864,
                52.64908838178101
              ],
              [
                6.208584756122709,
                52.649072399003956
              ],
              [
                6.20901431203851,
                52.64903060582619
              ],
              [
                6.2094350629889705,
                52.64896340481241
              ],
              [
                6.2098429562455895,
                52.64887144325982
              ],
              [
                6.210234062993279,
                52.648755606960115
              ],
              [
                6.210604616189304,
                52.64861701166286
              ],
              [
                6.2109510468600515,
                52.64845699232312
              ],
              [
                6.211270018485415,
                52.64827709023736
              ],
              [
                6.21155845913912,
                52.648079038191256
              ],
              [
                6.211813591075168,
                52.64786474376319
              ],
              [
                6.212032957475387,
                52.64763627094433
              ],
              [
                6.212214446100618,
                52.647395820253124
              ],
              [
                6.2122644982240836,
                52.64730757611501
              ],
              [
                6.212378922452518,
                52.64725471871102
              ],
              [
                6.2126978795242,
                52.64707481277185
              ],
              [
                6.212986305874507,
                52.646876757233194
              ],
              [
                6.2132414238952185,
                52.646662459707045
              ],
              [
                6.213460776902193,
                52.646433984214504
              ],
              [
                6.2136422527852675,
                52.646193531299666
              ],
              [
                6.213784104334469,
                52.64594341682943
              ],
              [
                6.213884966047294,
                52.64568604968396
              ],
              [
                6.213943867255974,
                52.6454239085522
              ],
              [
                6.213960241449183,
                52.645159518056985
              ],
              [
                6.213933931699428,
                52.644895424439056
              ],
              [
                6.213865192144953,
                52.6446341710349
              ],
              [
                6.213754685512999,
                52.6443782737841
              ],
              [
                6.213603476709426,
                52.64413019700229
              ],
              [
                6.213413022537464,
                52.643892329652864
              ],
              [
                6.2131851576456345,
                52.643666962345925
              ],
              [
                6.212922076840995,
                52.643456265285046
              ],
              [
                6.212626313938749,
                52.64326226737553
              ],
              [
                6.21230071735242,
                52.64308683669306
              ],
              [
                6.211948422659959,
                52.642931662502185
              ],
              [
                6.211572822410079,
                52.64279823899651
              ],
              [
                6.211177533459441,
                52.64268785091717
              ],
              [
                6.21076636215492,
                52.64260156118776
              ],
              [
                6.2104381315710135,
                52.6425539587397
              ],
              [
                6.210438131571012,
                52.6425539587397
              ],
              [
                6.210421418381233,
                52.64254929124594
              ],
              [
                6.210010249842083,
                52.6424629988928
              ],
              [
                6.2095871577564346,
                52.642401635691655
              ],
              [
                6.209156216046916,
                52.64236579250098
              ],
              [
                6.20872157417845,
                52.64235581444997
              ],
              [
                6.208287417225053,
                52.64237179761677
              ],
              [
                6.207857925594671,
                52.64241358810418
              ],
              [
                6.207437234798791,
                52.64248078352047
              ],
              [
                6.207029395653166,
                52.64257273685168
              ],
              [
                6.2066383352918555,
                52.642688562688626
              ],
              [
                6.20626781936906,
                52.64282714574765
              ],
              [
                6.2059214158119085,
                52.6429871516048
              ],
              [
                6.205811863536483,
                52.64304893836256
              ],
              [
                6.205487088358556,
                52.64319895128371
              ],
              [
                6.205168129705619,
                52.64337883804996
              ],
              [
                6.204879690898281,
                52.643576874814826
              ],
              [
                6.204624549854863,
                52.64379115460474
              ],
              [
                6.2044051639646485,
                52.64401961400697
              ],
              [
                6.204223646412589,
                52.644260053032795
              ],
              [
                6.204081745813626,
                52.644510156296874
              ],
              [
                6.203980829353299,
                52.6447675153092
              ],
              [
                6.203921869597765,
                52.64502965166447
              ],
              [
                6.203905435101089,
                52.64529404090678
              ],
              [
                6.203925501716438,
                52.64549592889036
              ],
              [
                6.203844240486144,
                52.64563914821969
              ]
            ]
          ],
          [
            [
              [
                6.193449164904055,
                52.67518865537234
              ],
              [
                6.193221239036641,
                52.67496325166021
              ],
              [
                6.192958065544168,
                52.674752512230654
              ],
              [
                6.192662179135277,
                52.6745584663969
              ],
              [
                6.192336429413502,
                52.67438298269595
              ],
              [
                6.191983953431899,
                52.674227750902816
              ],
              [
                6.191608145485152,
                52.67409426576559
              ],
              [
                6.191212624429972,
                52.67398381261871
              ],
              [
                6.190801198848063,
                52.67389745501229
              ],
              [
                6.190377830386736,
                52.673836024475925
              ],
              [
                6.189946595629346,
                52.67380011251642
              ],
              [
                6.189511646861936,
                52.67379006492493
              ],
              [
                6.189077172112912,
                52.673805978449295
              ],
              [
                6.188647354849444,
                52.67384769986282
              ],
              [
                6.188226333717703,
                52.67391482743887
              ],
              [
                6.187818162713435,
                52.67400671481678
              ],
              [
                6.187426772165419,
                52.67412247722246
              ],
              [
                6.187055930906588,
                52.674260999983275
              ],
              [
                6.186709209996257,
                52.67442094925601
              ],
              [
                6.186389948342096,
                52.67460078486449
              ],
              [
                6.18610122055249,
                52.6747987751238
              ],
              [
                6.185845807328523,
                52.67501301350853
              ],
              [
                6.185626168680687,
                52.67524143700495
              ],
              [
                6.185444420228345,
                52.67548184597023
              ],
              [
                6.18530231281061,
                52.675731925308845
              ],
              [
                6.185201215605515,
                52.6759892667614
              ],
              [
                6.185142102920787,
                52.67625139209195
              ],
              [
                6.185125544784378,
                52.676515776950886
              ],
              [
                6.185151701426316,
                52.67677987518356
              ],
              [
                6.185220321706174,
                52.677041143350415
              ],
              [
                6.185330745502377,
                52.6772970652228
              ],
              [
                6.185481910041517,
                52.67754517601853
              ],
              [
                6.1856723601077634,
                52.67778308614344
              ],
              [
                6.185900262035026,
                52.67800850421042
              ],
              [
                6.186163421348036,
                52.67821925911341
              ],
              [
                6.186459303883059,
                52.678413320944735
              ],
              [
                6.186785060185433,
                52.67858882055249
              ],
              [
                6.187137552949208,
                52.67874406755045
              ],
              [
                6.187513387234771,
                52.678877566606175
              ],
              [
                6.187908943173237,
                52.678988031850345
              ],
              [
                6.188320410842344,
                52.67907439926799
              ],
              [
                6.188743826977397,
                52.679135836952426
              ],
              [
                6.1891751131629675,
                52.679171753122176
              ],
              [
                6.189610115136655,
                52.679181801824285
              ],
              [
                6.190044642825369,
                52.67916588626824
              ],
              [
                6.190474510727496,
                52.67912415975878
              ],
              [
                6.190895578250842,
                52.67905702421847
              ],
              [
                6.191303789616872,
                52.67896512631389
              ],
              [
                6.191695212945716,
                52.67884935122373
              ],
              [
                6.192066078144693,
                52.67871081410812
              ],
              [
                6.192412813234486,
                52.67855084936189
              ],
              [
                6.192732078762517,
                52.67837099775592
              ],
              [
                6.193020799971528,
                52.67817299158975
              ],
              [
                6.193276196413317,
                52.67795873800018
              ],
              [
                6.193495808722334,
                52.67773030058529
              ],
              [
                6.19367752229139,
                52.67748987952269
              ],
              [
                6.193819587621928,
                52.67723979037285
              ],
              [
                6.193920637153299,
                52.67698244177225
              ],
              [
                6.193979698409847,
                52.67672031223147
              ],
              [
                6.1939962033399745,
                52.676455926261895
              ],
              [
                6.193969993758348,
                52.676191830060915
              ],
              [
                6.193901322839836,
                52.67593056698997
              ],
              [
                6.193790852652024,
                52.675674653081906
              ],
              [
                6.193639647751124,
                52.67542655281278
              ],
              [
                6.193449164904055,
                52.67518865537234
              ]
            ]
          ],
          [
            [
              [
                6.227393381972649,
                52.63891791302043
              ],
              [
                6.227165471525796,
                52.638692572336424
              ],
              [
                6.226902353824951,
                52.63848190603926
              ],
              [
                6.226606563040269,
                52.638287942737755
              ],
              [
                6.226280947853444,
                52.638112550174434
              ],
              [
                6.225928644021243,
                52.637957417246774
              ],
              [
                6.225553044180143,
                52.637824037751024
              ],
              [
                6.225157765182666,
                52.63771369600457
              ],
              [
                6.224746613279713,
                52.63762745448487
              ],
              [
                6.224323547483551,
                52.637566143604055
              ],
              [
                6.223892641463636,
                52.63753035371682
              ],
              [
                6.223458044341273,
                52.637520429439085
              ],
              [
                6.223023940759717,
                52.63753646633132
              ],
              [
                6.222594510613151,
                52.63757830997905
              ],
              [
                6.222173888821234,
                52.63764555747861
              ],
              [
                6.22176612553552,
                52.637737561314616
              ],
              [
                6.221375147159883,
                52.63785343559154
              ],
              [
                6.22100471855935,
                52.63799206455931
              ],
              [
                6.2206584068205055,
                52.63815211335179
              ],
              [
                6.220339546911656,
                52.63833204083436
              ],
              [
                6.220051209573085,
                52.63853011443712
              ],
              [
                6.219796171746267,
                52.6387444268318
              ],
              [
                6.219576889826732,
                52.638972914291536
              ],
              [
                6.219395475998362,
                52.63921337655736
              ],
              [
                6.219253677877327,
                52.639463498019985
              ],
              [
                6.219152861662316,
                52.63972087001401
              ],
              [
                6.219093998954049,
                52.63998301400909
              ],
              [
                6.219077657371879,
                52.6402474054755
              ],
              [
                6.219103995058914,
                52.64051149819465
              ],
              [
                6.219172759129608,
                52.64077274877983
              ],
              [
                6.219283288075966,
                52.64102864117151
              ],
              [
                6.219434518110248,
                52.64127671087129
              ],
              [
                6.219624993384233,
                52.64151456868068
              ],
              [
                6.219852879987523,
                52.6417399237163
              ],
              [
                6.2201159835910325,
                52.64195060547928
              ],
              [
                6.220411770566357,
                52.64214458476643
              ],
              [
                6.220737392378193,
                52.64231999322089
              ],
              [
                6.221089713015179,
                52.64247514133454
              ],
              [
                6.221465339195041,
                52.642608534727586
              ],
              [
                6.22186065305307,
                52.64271888854844
              ],
              [
                6.2222718469987,
                52.64280513985575
              ],
              [
                6.222694960403978,
                52.64286645786118
              ],
              [
                6.223125917769867,
                52.6429022519363
              ],
              [
                6.22356056800186,
                52.64291217730422
              ],
              [
                6.223994724415722,
                52.642896138362545
              ],
              [
                6.224424205086966,
                52.64285428960458
              ],
              [
                6.224844873154288,
                52.64278703413033
              ],
              [
                6.225252676687801,
                52.64269501976163
              ],
              [
                6.225643687736934,
                52.64257913279883
              ],
              [
                6.226014140181026,
                52.642440489479455
              ],
              [
                6.226360466017208,
                52.64228042522115
              ],
              [
                6.226679329735418,
                52.642100481752934
              ],
              [
                6.226967660448976,
                52.641902392259034
              ],
              [
                6.227222681471007,
                52.641688064678355
              ],
              [
                6.227441937051779,
                52.64145956332135
              ],
              [
                6.227623316019597,
                52.6412190889811
              ],
              [
                6.227765072097958,
                52.64096895773087
              ],
              [
                6.227865840703848,
                52.64071157861221
              ],
              [
                6.227924652066144,
                52.64044943042924
              ],
              [
                6.227940940538686,
                52.64018503787269
              ],
              [
                6.227914550019344,
                52.63992094720294
              ],
              [
                6.227845735423975,
                52.63965970172802
              ],
              [
                6.2277351602022115,
                52.63940381731102
              ],
              [
                6.227583889920128,
                52.639155758143936
              ],
              [
                6.227393381972649,
                52.63891791302043
              ]
            ]
          ],
          [
            [
              [
                6.221885058624905,
                52.64814179389919
              ],
              [
                6.2216571282764646,
                52.6479164432013
              ],
              [
                6.2213939814614685,
                52.64770576524492
              ],
              [
                6.2210981526306774,
                52.64751178875118
              ],
              [
                6.2207724908323545,
                52.64733638158966
              ],
              [
                6.220420132272249,
                52.64718123279822
              ],
              [
                6.220044470113903,
                52.647047836325854
              ],
              [
                6.219649121809925,
                52.64693747665346
              ],
              [
                6.219237894278537,
                52.64685121643107
              ],
              [
                6.218814747260132,
                52.646789886250765
              ],
              [
                6.218383755206116,
                52.64675407665314
              ],
              [
                6.217949068066024,
                52.64674413244382
              ],
              [
                6.2175148713496755,
                52.646760149375226
              ],
              [
                6.217085345847812,
                52.646801973224996
              ],
              [
                6.216664627398015,
                52.6468692012802
              ],
              [
                6.216256767082327,
                52.646961186212664
              ],
              [
                6.215865692238702,
                52.647077042308844
              ],
              [
                6.215495168660881,
                52.6472156539938
              ],
              [
                6.215148764349836,
                52.647375686567976
              ],
              [
                6.214829815165174,
                52.64755559905284
              ],
              [
                6.21466335609605,
                52.647669906953766
              ],
              [
                6.214642814044244,
                52.64768149412684
              ],
              [
                6.2143543899187925,
                52.64787955364072
              ],
              [
                6.214099270307581,
                52.64809385349485
              ],
              [
                6.213879912393748,
                52.648322330083204
              ],
              [
                6.213698429093108,
                52.64856278325146
              ],
              [
                6.21355656869103,
                52.64881289747816
              ],
              [
                6.213455697986218,
                52.649070264167555
              ],
              [
                6.213396789104423,
                52.64933240484048
              ],
              [
                6.213380410110008,
                52.64959679499928
              ],
              [
                6.213406719506734,
                52.64986088843802
              ],
              [
                6.213475464681904,
                52.65012214176306
              ],
              [
                6.213585984309894,
                52.65037803888854
              ],
              [
                6.213737214693101,
                52.650626115270505
              ],
              [
                6.2139276999803075,
                52.65086398164603
              ],
              [
                6.214155606165036,
                52.65108934704933
              ],
              [
                6.214418738729903,
                52.65130004088164
              ],
              [
                6.214714563767829,
                52.65149403382342
              ],
              [
                6.215040232377108,
                52.65166945738636
              ],
              [
                6.215392608095785,
                52.65182462191678
              ],
              [
                6.215768297111134,
                52.65195803287661
              ],
              [
                6.216163680953239,
                52.65206840524522
              ],
              [
                6.2165749513574085,
                52.65215467590231
              ],
              [
                6.216998146959145,
                52.65221601387336
              ],
              [
                6.2174291914675335,
                52.65225182833745
              ],
              [
                6.217863932948519,
                52.65226177432131
              ],
              [
                6.218298183838726,
                52.65224575602398
              ],
              [
                6.218727761303414,
                52.65220392773989
              ],
              [
                6.219148527548713,
                52.65213669237184
              ],
              [
                6.219556429698827,
                52.652044697548014
              ],
              [
                6.2199475388530825,
                52.65192882938054
              ],
              [
                6.220318087945676,
                52.65179020392594
              ],
              [
                6.220664508042667,
                52.65163015642986
              ],
              [
                6.220983462725973,
                52.65145022845987
              ],
              [
                6.2211499195710696,
                52.651335911820496
              ],
              [
                6.221170461603578,
                52.6513243235335
              ],
              [
                6.221458877442975,
                52.651126247668394
              ],
              [
                6.221713978609873,
                52.6509119322196
              ],
              [
                6.221933308582687,
                52.65068344138077
              ],
              [
                6.222114755473352,
                52.65044297584376
              ],
              [
                6.222256572351374,
                52.65019285159714
              ],
              [
                6.222357394048413,
                52.64993547761501
              ],
              [
                6.222416250282322,
                52.64967333265224
              ],
              [
                6.222432574975122,
                52.64940894136838
              ],
              [
                6.222406211676222,
                52.649144850011766
              ],
              [
                6.222337415039713,
                52.64888360189701
              ],
              [
                6.22222684834267,
                52.648627712912734
              ],
              [
                6.222075577069455,
                52.64837964729483
              ],
              [
                6.221885058624905,
                52.64814179389919
              ]
            ]
          ],
          [
            [
              [
                6.291298896673573,
                52.6580062844876
              ],
              [
                6.290878186345318,
                52.65807377493873
              ],
              [
                6.290470379192931,
                52.65816601406189
              ],
              [
                6.290079402043222,
                52.65828211369605
              ],
              [
                6.289709019750247,
                52.658420955921315
              ],
              [
                6.289362798955747,
                52.65858120381814
              ],
              [
                6.289044073753586,
                52.658761314334576
              ],
              [
                6.288755913588368,
                52.65895955313826
              ],
              [
                6.288501093697049,
                52.65917401130991
              ],
              [
                6.288282068378171,
                52.65940262371871
              ],
              [
                6.288100947346271,
                52.65964318890213
              ],
              [
                6.287959475399526,
                52.659893390259484
              ],
              [
                6.287859015597067,
                52.66015081835556
              ],
              [
                6.287800536108637,
                52.66041299411918
              ],
              [
                6.287784600864212,
                52.660677392714206
              ],
              [
                6.287811364094573,
                52.66094146785285
              ],
              [
                6.287880568816558,
                52.661202676317146
              ],
              [
                6.287991549278705,
                52.66145850245256
              ],
              [
                6.2881432373448165,
                52.66170648239829
              ],
              [
                6.28833417275508,
                52.661944227819724
              ],
              [
                6.288562517166924,
                52.66216944891532
              ],
              [
                6.288826071841179,
                52.66237997647594
              ],
              [
                6.289122298803973,
                52.662573782783
              ],
              [
                6.289448345281081,
                52.66274900114552
              ],
              [
                6.289801071169612,
                52.66290394388599
              ],
              [
                6.2901770792826515,
                52.6630371186025
              ],
              [
                6.290572748075403,
                52.6631472425498
              ],
              [
                6.290984266537282,
                52.66323325500041
              ],
              [
                6.291407670913403,
                52.66329432746686
              ],
              [
                6.2918388829010325,
                52.66332987168581
              ],
              [
                6.2922737489522875,
                52.663339545287165
              ],
              [
                6.292708080303553,
                52.663323255093694
              ],
              [
                6.292969364844264,
                52.66329765244612
              ],
              [
                6.293343549914447,
                52.66335161885539
              ],
              [
                6.293774763986433,
                52.66338715604944
              ],
              [
                6.2942096309869005,
                52.663396822569375
              ],
              [
                6.294643962143091,
                52.66338052530616
              ],
              [
                6.295073573847041,
                52.663338421241484
              ],
              [
                6.295494327975309,
                52.66327091593468
              ],
              [
                6.295902171769333,
                52.66317865961422
              ],
              [
                6.2962931768913215,
                52.66306254091102
              ],
              [
                6.2966635772785535,
                52.6629236782949
              ],
              [
                6.297009805430676,
                52.662763409295735
              ],
              [
                6.297328526779824,
                52.66258327761465
              ],
              [
                6.297616671812065,
                52.662385018248585
              ],
              [
                6.297871465630557,
                52.662170540772394
              ],
              [
                6.298090454675547,
                52.66194191094009
              ],
              [
                6.298271530344135,
                52.66170133078183
              ],
              [
                6.298412949282587,
                52.6614511173896
              ],
              [
                6.298513350156438,
                52.661193680595694
              ],
              [
                6.298571766737524,
                52.6609314997592
              ],
              [
                6.29858763718289,
                52.66066709988469
              ],
              [
                6.298560809417173,
                52.66040302730255
              ],
              [
                6.298491542567747,
                52.66014182514596
              ],
              [
                6.298380504439928,
                52.65988600886026
              ],
              [
                6.2982287650576865,
                52.659638041980735
              ],
              [
                6.298037786333134,
                52.6594003124118
              ],
              [
                6.29780940796526,
                52.65917510943603
              ],
              [
                6.297545829704616,
                52.65896460167414
              ],
              [
                6.29724959015535,
                52.658770816208026
              ],
              [
                6.296923542319342,
                52.65859561906735
              ],
              [
                6.296570826118203,
                52.6584406972676
              ],
              [
                6.296194838157847,
                52.658307542571734
              ],
              [
                6.295799199026703,
                52.65819743713241
              ],
              [
                6.295387718442114,
                52.65811144115169
              ],
              [
                6.294964358580031,
                52.65805038267738
              ],
              [
                6.29453319594042,
                52.65801484963383
              ],
              [
                6.294098382114731,
                52.658005184164004
              ],
              [
                6.293664103832258,
                52.658021479336405
              ],
              [
                6.293402851041382,
                52.65804708347171
              ],
              [
                6.293028711083786,
                52.65799311707679
              ],
              [
                6.2925975505275185,
                52.657957577009476
              ],
              [
                6.292162737650662,
                52.657947904459284
              ],
              [
                6.291728459173372,
                52.657964192563085
              ],
              [
                6.291298896673573,
                52.6580062844876
              ]
            ]
          ]
        ]
      },
      "properties": {
        "type": "buffer_union_300m",
        "buffer_m": 300
      }
    },
    {
      "type": "Feature",
      "geometry": {
        "type": "MultiPolygon",
        "coordinates": [
          [
            [
              [
                6.194209505681615,
                52.61194209441976
              ],
              [
                6.193955893690257,
                52.61162489334825
              ],
              [
                6.193652430795129,
                52.611324350735046
              ],
              [
                6.19330204012033,
                52.61104336060299
              ],
              [
                6.192908096481108,
                52.610784628645035
              ],
              [
                6.192474393868676,
                52.61055064618259
              ],
              [
                6.1920051089082175,
                52.610343666188065
              ],
              [
                6.191504760642188,
                52.61016568160341
              ],
              [
                6.190978167025902,
                52.61001840616171
              ],
              [
                6.190430398553839,
                52.60990325789689
              ],
              [
                6.189866729462187,
                52.609821345498894
              ],
              [
                6.189292586976324,
                52.60977345764615
              ],
              [
                6.188713499090395,
                52.60976005541738
              ],
              [
                6.188135041380093,
                52.60978126785494
              ],
              [
                6.187562783358973,
                52.609836890723344
              ],
              [
                6.18700223489286,
                52.60992638847421
              ],
              [
                6.186458793186467,
                52.61004889939875
              ],
              [
                6.186452116532917,
                52.61005087696807
              ],
              [
                6.186432944789944,
                52.61005519889576
              ],
              [
                6.185911842288637,
                52.61020954330256
              ],
              [
                6.185418096808225,
                52.61039423521287
              ],
              [
                6.184956462776703,
                52.61060749630949
              ],
              [
                6.184531385620201,
                52.61084727316697
              ],
              [
                6.1841469589650115,
                52.611111257011906
              ],
              [
                6.183806885217561,
                52.6113969059421
              ],
              [
                6.183514439901772,
                52.611701469390994
              ],
              [
                6.18327244009756,
                52.61202201460169
              ],
              [
                6.183083217285011,
                52.61235545485798
              ],
              [
                6.182948594856792,
                52.61269857919875
              ],
              [
                6.18286987051662,
                52.613048083331726
              ],
              [
                6.182867676083647,
                52.61308313976917
              ],
              [
                6.1828667653114815,
                52.61308718319148
              ],
              [
                6.182844698487045,
                52.613439701304806
              ],
              [
                6.182879503144341,
                52.61379183848996
              ],
              [
                6.182970845446304,
                52.61414020342152
              ],
              [
                6.183117847008838,
                52.61448144102452
              ],
              [
                6.18331909331047,
                52.61481226479084
              ],
              [
                6.1835726472694414,
                52.615129488437674
              ],
              [
                6.183876067859283,
                52.6154300566037
              ],
              [
                6.184226433585051,
                52.61571107428629
              ],
              [
                6.184620370595413,
                52.61596983473593
              ],
              [
                6.185054085160756,
                52.616203845539026
              ],
              [
                6.185523400205049,
                52.616410852636974
              ],
              [
                6.186023795539813,
                52.61658886204948
              ],
              [
                6.186550451412435,
                52.61673615909276
              ],
              [
                6.187098294948857,
                52.616851324906484
              ],
              [
                6.187662049042336,
                52.61693325012996
              ],
              [
                6.188236283216142,
                52.61698114559574
              ],
              [
                6.188815465968794,
                52.61699454993667
              ],
              [
                6.189394018095891,
                52.616973334033204
              ],
              [
                6.189966366473093,
                52.616917702258
              ],
              [
                6.1905269977803,
                52.61682819050575
              ],
              [
                6.191070511647622,
                52.61670566102725
              ],
              [
                6.191591672709388,
                52.61655129411743
              ],
              [
                6.192085461063175,
                52.616366576738365
              ],
              [
                6.192547120646378,
                52.61615328818643
              ],
              [
                6.192972205063136,
                52.615913482942545
              ],
              [
                6.193356620419475,
                52.61564947087124
              ],
              [
                6.193696664753514,
                52.615363794959876
              ],
              [
                6.19398906368091,
                52.61505920681225
              ],
              [
                6.194231001912478,
                52.614738640134526
              ],
              [
                6.194246869316381,
                52.61471066703102
              ],
              [
                6.1942599537398815,
                52.61469333008156
              ],
              [
                6.1944491017562004,
                52.61435987236648
              ],
              [
                6.194583639490917,
                52.61401673530633
              ],
              [
                6.194662272488682,
                52.61366722368127
              ],
              [
                6.194684244783046,
                52.613314703586866
              ],
              [
                6.194684237230245,
                52.61331462737843
              ],
              [
                6.194684238168274,
                52.61331461232868
              ],
              [
                6.194649339511734,
                52.6129624787545
              ],
              [
                6.194557907348105,
                52.61261412288727
              ],
              [
                6.194410823510996,
                52.612272899454204
              ],
              [
                6.194209505681615,
                52.61194209441976
              ]
            ]
          ],
          [
            [
              [
                6.203248921837284,
                52.63472305962053
              ],
              [
                6.202864400006416,
                52.63498710269896
              ],
              [
                6.202524264387604,
                52.63527280368242
              ],
              [
                6.202231791101926,
                52.635577411503114
              ],
              [
                6.2019897975002065,
                52.63589799297702
              ],
              [
                6.201800615004527,
                52.63623146103863
              ],
              [
                6.201666066621109,
                52.636574604458815
              ],
              [
                6.201587449342467,
                52.636924118761655
              ],
              [
                6.201565521609856,
                52.63727663804075
              ],
              [
                6.201582000994587,
                52.637442556788024
              ],
              [
                6.2015814982619935,
                52.6374506388816
              ],
              [
                6.201616472884558,
                52.637802768191776
              ],
              [
                6.201708014340994,
                52.63815111629511
              ],
              [
                6.2018552423306,
                52.63849232827845
              ],
              [
                6.202056740152365,
                52.63882311787999
              ],
              [
                6.202310568303021,
                52.639140299145666
              ],
              [
                6.202614283115888,
                52.63944081712187
              ],
              [
                6.202964960262529,
                52.63972177728901
              ],
              [
                6.203359222892135,
                52.63998047345121
              ],
              [
                6.203793274138511,
                52.640214413813815
              ],
              [
                6.204262933682192,
                52.640421344996355
              ],
              [
                6.204763678015666,
                52.640599273749494
              ],
              [
                6.205290684023723,
                52.64074648616627
              ],
              [
                6.205838875458584,
                52.64086156420123
              ],
              [
                6.2064029718612,
                52.64094339933925
              ],
              [
                6.206977539456335,
                52.64099120328052
              ],
              [
                6.207094646841402,
                52.64099389367789
              ],
              [
                6.207206557969931,
                52.64100320421935
              ],
              [
                6.207786062264429,
                52.641016515361486
              ],
              [
                6.208364920555933,
                52.64099520659062
              ],
              [
                6.20893755676999,
                52.64093948317405
              ],
              [
                6.209498454813109,
                52.64084988188939
              ],
              [
                6.210042211745505,
                52.640727265850025
              ],
              [
                6.210563589859906,
                52.64057281618487
              ],
              [
                6.21105756716316,
                52.640388020653376
              ],
              [
                6.211519385772936,
                52.640174659304805
              ],
              [
                6.211944597762206,
                52.6399347873215
              ],
              [
                6.212329108009097,
                52.639670715211025
              ],
              [
                6.212669213638911,
                52.639384986539
              ],
              [
                6.21296163967831,
                52.63908035341758
              ],
              [
                6.213203570578567,
                52.638759749986036
              ],
              [
                6.213392677304937,
                52.638426264139916
              ],
              [
                6.21352713973223,
                52.638083107780936
              ],
              [
                6.2135920863271865,
                52.63779402277796
              ],
              [
                6.213634974201478,
                52.63776456587674
              ],
              [
                6.213975056662743,
                52.637478833384606
              ],
              [
                6.21426746104612,
                52.637174196955065
              ],
              [
                6.214509372011426,
                52.63685359075922
              ],
              [
                6.2146984607158515,
                52.63652010271927
              ],
              [
                6.214832907207692,
                52.63617694475791
              ],
              [
                6.214911417912124,
                52.63582742185648
              ],
              [
                6.214933238042192,
                52.63547490021884
              ],
              [
                6.2148981588173315,
                52.63512277484915
              ],
              [
                6.21480651942179,
                52.63477443685489
              ],
              [
                6.21465920368615,
                52.63443324079065
              ],
              [
                6.214457631525866,
                52.63410247235707
              ],
              [
                6.214203745221195,
                52.63378531676552
              ],
              [
                6.213899990672408,
                52.63348482807313
              ],
              [
                6.213549293812302,
                52.63320389978304
              ],
              [
                6.213155032404436,
                52.63294523699245
              ],
              [
                6.212721003499539,
                52.63271133035631
              ],
              [
                6.212251386864115,
                52.63250443211667
              ],
              [
                6.2117507047334914,
                52.63232653442802
              ],
              [
                6.211223778276747,
                52.632179350186576
              ],
              [
                6.2106756811921,
                52.632064296547945
              ],
              [
                6.210111690878679,
                52.631982481290976
              ],
              [
                6.209537237653606,
                52.63193469215868
              ],
              [
                6.208957852501857,
                52.63192138927931
              ],
              [
                6.208379113860331,
                52.63194270073866
              ],
              [
                6.20780659394664,
                52.63199842134799
              ],
              [
                6.207245805147572,
                52.63208801461789
              ],
              [
                6.206702146981431,
                52.63221061792019
              ],
              [
                6.2061808541432555,
                52.63236505078729
              ],
              [
                6.205686946131414,
                52.63254982627086
              ],
              [
                6.205225178939243,
                52.63276316524915
              ],
              [
                6.204799999275711,
                52.63300301354682
              ],
              [
                6.204415501755075,
                52.63326706170286
              ],
              [
                6.204075389467296,
                52.63355276719587
              ],
              [
                6.203782938308793,
                52.63385737891453
              ],
              [
                6.203540965417284,
                52.63417796363727
              ],
              [
                6.2033518020153755,
                52.63451143426718
              ],
              [
                6.203274487593797,
                52.63470863901308
              ],
              [
                6.203248921837284,
                52.63472305962053
              ]
            ]
          ],
          [
            [
              [
                6.20242561869372,
                52.64538799558153
              ],
              [
                6.2022910475743585,
                52.64573113899314
              ],
              [
                6.202212419298805,
                52.64608065295506
              ],
              [
                6.202190492414861,
                52.64643317156417
              ],
              [
                6.20222547945031,
                52.646785299901886
              ],
              [
                6.202317044813914,
                52.64713364672761
              ],
              [
                6.202464307975337,
                52.647474857140445
              ],
              [
                6.202665851895376,
                52.647805644893644
              ],
              [
                6.202919736627291,
                52.64812282405088
              ],
              [
                6.203223517959857,
                52.64842333967886
              ],
              [
                6.20357427092428,
                52.64870429728047
              ],
              [
                6.203968617939726,
                52.648962990684424
              ],
              [
                6.204402761327338,
                52.649196928122535
              ],
              [
                6.204872519880178,
                52.649403856242536
              ],
              [
                6.205373369136992,
                52.64958178182448
              ],
              [
                6.205900484971763,
                52.64972899099172
              ],
              [
                6.206448790078578,
                52.64984406573019
              ],
              [
                6.207013002903149,
                52.649925897556415
              ],
              [
                6.207587688548441,
                52.64997369820251
              ],
              [
                6.208167311162572,
                52.64998700721459
              ],
              [
                6.208746287302633,
                52.649965696391554
              ],
              [
                6.2093190397585785,
                52.64990997102046
              ],
              [
                6.209880051316856,
                52.64982036789779
              ],
              [
                6.210423917943916,
                52.64969775015461
              ],
              [
                6.210945400875594,
                52.64954329893636
              ],
              [
                6.211439477108915,
                52.64935850201746
              ],
              [
                6.211901387808522,
                52.649145139460714
              ],
              [
                6.211956273142746,
                52.64911418360903
              ],
              [
                6.211924728173871,
                52.64925453521857
              ],
              [
                6.2119028777071055,
                52.64960705518662
              ],
              [
                6.211937945155868,
                52.649959180225714
              ],
              [
                6.212029594154664,
                52.650307519127
              ],
              [
                6.212176943367783,
                52.650648717065685
              ],
              [
                6.212378574927302,
                52.650979487915066
              ],
              [
                6.212632548042337,
                52.65129664590147
              ],
              [
                6.212936417650304,
                52.6515971362953
              ],
              [
                6.213287257931994,
                52.65187806484243
              ],
              [
                6.213681690465314,
                52.65213672565136
              ],
              [
                6.214115916747416,
                52.65237062726777
              ],
              [
                6.214585754772597,
                52.65257751668426
              ],
              [
                6.215086679313773,
                52.652755401053696
              ],
              [
                6.215613865519415,
                52.65290256689644
              ],
              [
                6.2161622354054415,
                52.653017596615605
              ],
              [
                6.21672650679326,
                52.65309938216151
              ],
              [
                6.217301244221456,
                52.65314713571195
              ],
              [
                6.217880911339118,
                52.65316039726689
              ],
              [
                6.2184599242744865,
                52.65313903908226
              ],
              [
                6.219032705462987,
                52.65308326690149
              ],
              [
                6.219593737414278,
                52.65299361797191
              ],
              [
                6.220137615898422,
                52.65287095586592
              ],
              [
                6.220659102037174,
                52.652716462156356
              ],
              [
                6.2211531727968605,
                52.65253162502693
              ],
              [
                6.22161506939512,
                52.65231822492776
              ],
              [
                6.222040343154047,
                52.6520783174145
              ],
              [
                6.2222067996116195,
                52.6519639993138
              ],
              [
                6.222227341657053,
                52.65195241084601
              ],
              [
                6.222611894637097,
                52.651688306160196
              ],
              [
                6.222952025790204,
                52.65140254885293
              ],
              [
                6.223244459897929,
                52.65109789131201
              ],
              [
                6.2234863813346575,
                52.65077726791213
              ],
              [
                6.223675461157679,
                52.650443766741
              ],
              [
                6.223809879501839,
                52.65010059984786
              ],
              [
                6.223888343064456,
                52.649751072299885
              ],
              [
                6.223910097513631,
                52.64939855034573
              ],
              [
                6.22387493470236,
                52.64904642899238
              ],
              [
                6.223783194620812,
                52.64869809930854
              ],
              [
                6.223635762070043,
                52.648356915768574
              ],
              [
                6.223434058091171,
                52.64802616395233
              ],
              [
                6.223180026234433,
                52.64770902891103
              ],
              [
                6.222876113802143,
                52.647408564503586
              ],
              [
                6.2225252482477025,
                52.64712766399914
              ],
              [
                6.222130808959168,
                52.64686903222708
              ],
              [
                6.22169659470005,
                52.64663515954362
              ],
              [
                6.221226787021396,
                52.646428297863686
              ],
              [
                6.220725909997705,
                52.646250438989505
              ],
              [
                6.220198786674155,
                52.64610329544349
              ],
              [
                6.219650492643956,
                52.645988283989325
              ],
              [
                6.219086307201909,
                52.64590651199959
              ],
              [
                6.218511662543268,
                52.64585876680076
              ],
              [
                6.217932091495564,
                52.64584550809798
              ],
              [
                6.2173531742849555,
                52.64586686355174
              ],
              [
                6.216780484847852,
                52.64592262754979
              ],
              [
                6.216219537202809,
                52.6460122631851
              ],
              [
                6.215675732397246,
                52.64613490742148
              ],
              [
                6.215154306537918,
                52.646289379397466
              ],
              [
                6.215147524513137,
                52.64629191653912
              ],
              [
                6.21520280814458,
                52.64619443372534
              ],
              [
                6.215337279846896,
                52.645851275946924
              ],
              [
                6.21541580337925,
                52.64550175350605
              ],
              [
                6.215437623831816,
                52.64514923260235
              ],
              [
                6.215402532421616,
                52.644797108232765
              ],
              [
                6.215310868450927,
                52.6444487714952
              ],
              [
                6.215163515987648,
                52.64410757693211
              ],
              [
                6.21496189530153,
                52.643776810229625
              ],
              [
                6.214707949140666,
                52.64345965658238
              ],
              [
                6.21440412398218,
                52.64315917002865
              ],
              [
                6.2140533464391705,
                52.64287824405093
              ],
              [
                6.213658995052368,
                52.64261958372408
              ],
              [
                6.213224867739091,
                52.64238567967924
              ],
              [
                6.212755145213443,
                52.64217878413338
              ],
              [
                6.212254350730305,
                52.642000889214955
              ],
              [
                6.211727306540413,
                52.64185370779347
              ],
              [
                6.211179087475347,
                52.64173865699732
              ],
              [
                6.210868751572609,
                52.64169365002859
              ],
              [
                6.21042298872415,
                52.641600097270484
              ],
              [
                6.209858876521802,
                52.641518281253795
              ],
              [
                6.209284298985629,
                52.641470491265366
              ],
              [
                6.20870478829714,
                52.64145718744141
              ],
              [
                6.208125924101544,
                52.64147849787699
              ],
              [
                6.20755327982494,
                52.64153421739312
              ],
              [
                6.206992369051141,
                52.641623809511024
              ],
              [
                6.2064485924725545,
                52.641746411613596
              ],
              [
                6.205927185924059,
                52.64190084324489
              ],
              [
                6.205433169998697,
                52.64208561746857
              ],
              [
                6.204971301728759,
                52.64229895517499
              ],
              [
                6.204861749822551,
                52.64236074106678
              ],
              [
                6.204536976458282,
                52.64251075141367
              ],
              [
                6.204111699108017,
                52.64275059688294
              ],
              [
                6.203727112566206,
                52.64301464237079
              ],
              [
                6.2033869207801935,
                52.64330034538167
              ],
              [
                6.203094400412201,
                52.6436049548282
              ],
              [
                6.202852369266791,
                52.643925537510825
              ],
              [
                6.202663159128013,
                52.64425900635239
              ],
              [
                6.2025285932687835,
                52.64460215011639
              ],
              [
                6.202449968850444,
                52.644951664323514
              ],
              [
                6.202428044383572,
                52.64530418306842
              ],
              [
                6.202434769652485,
                52.64537186840407
              ],
              [
                6.20242561869372,
                52.64538799558153
              ]
            ]
          ],
          [
            [
              [
                6.194745209572613,
                52.67475620083024
              ],
              [
                6.1944413030979675,
                52.674455665737476
              ],
              [
                6.194090401958815,
                52.67417468327002
              ],
              [
                6.193695885887618,
                52.67391595904649
              ],
              [
                6.193261554388705,
                52.67368198431319
              ],
              [
                6.192791590143192,
                52.67347501196754
              ],
              [
                6.192290518733963,
                52.67329703487722
              ],
              [
                6.191763165078347,
                52.673149766702686
              ],
              [
                6.191214606987451,
                52.67303462540735
              ],
              [
                6.190650126298355,
                52.672952719613754
              ],
              [
                6.190075158048532,
                52.672904837936535
              ],
              [
                6.189495238180338,
                52.67289144139464
              ],
              [
                6.188915950277432,
                52.672912658975726
              ],
              [
                6.188342871844118,
                52.672968286394834
              ],
              [
                6.187781520642987,
                52.67305778805995
              ],
              [
                6.187237301605636,
                52.673180302224914
              ],
              [
                6.186715454825841,
                52.67333464928081
              ],
              [
                6.1862210051342705,
                52.67351934310558
              ],
              [
                6.185758713738876,
                52.67373260536431
              ],
              [
                6.185333032395402,
                52.67397238262083
              ],
              [
                6.18494806054851,
                52.67423636609852
              ],
              [
                6.1846075058557055,
                52.6745220138993
              ],
              [
                6.184314648474132,
                52.674826575467975
              ],
              [
                6.184072309454371,
                52.67514711806642
              ],
              [
                6.183882823546312,
                52.675480555003915
              ],
              [
                6.183748016679937,
                52.67582367535158
              ],
              [
                6.183669188339249,
                52.67617317485608
              ],
              [
                6.183647099000632,
                52.6765256877539
              ],
              [
                6.183681962758486,
                52.67687781918165
              ],
              [
                6.18377344521103,
                52.67722617786924
              ],
              [
                6.183920666628694,
                52.677567408801764
              ],
              [
                6.184122210376565,
                52.6778982255349
              ],
              [
                6.18437613651169,
                52.6782154418533
              ],
              [
                6.184680000426073,
                52.67851600246572
              ],
              [
                6.185030876357289,
                52.67879701244161
              ],
              [
                6.185425385541611,
                52.67905576510519
              ],
              [
                6.185859728739363,
                52.67928976811729
              ],
              [
                6.186329722819852,
                52.67949676749378
              ],
              [
                6.186830841053651,
                52.67967476932809
              ],
              [
                6.187358256723988,
                52.679822059008934
              ],
              [
                6.187906889636569,
                52.67993721774641
              ],
              [
                6.1884714550789575,
                52.68001913624767
              ],
              [
                6.189046514756658,
                52.680067025409805
              ],
              [
                6.189626529213789,
                52.680080423926064
              ],
              [
                6.190205911231701,
                52.68005920273315
              ],
              [
                6.190779079689293,
                52.68000356625462
              ],
              [
                6.191340513364396,
                52.679914050430696
              ],
              [
                6.191884804155981,
                52.6797915175517
              ],
              [
                6.192406709212805,
                52.679637147945705
              ],
              [
                6.19290120146464,
                52.67945242860126
              ],
              [
                6.193363518067965,
                52.67923913883413
              ],
              [
                6.193789206298316,
                52.678999333137575
              ],
              [
                6.194174166446368,
                52.67873532138107
              ],
              [
                6.194514691304197,
                52.67844964654947
              ],
              [
                6.194807501861199,
                52.678145060236794
              ],
              [
                6.195049778866238,
                52.67782449613202
              ],
              [
                6.195239189952609,
                52.67749104175242
              ],
              [
                6.195373912065693,
                52.677147908697
              ],
              [
                6.195452648978508,
                52.676798401707664
              ],
              [
                6.195474643728186,
                52.67644588683543
              ],
              [
                6.195439685855331,
                52.676093759019565
              ],
              [
                6.195348113378509,
                52.67574540939136
              ],
              [
                6.195200809486873,
                52.67540419261762
              ],
              [
                6.194999193984768,
                52.675073394598506
              ],
              [
                6.194745209572613,
                52.67475620083024
              ]
            ]
          ],
          [
            [
              [
                6.228688024048676,
                52.63848508775233
              ],
              [
                6.228384138156234,
                52.63818463669635
              ],
              [
                6.2280333114241655,
                52.63790375173689
              ],
              [
                6.227638922866241,
                52.63764513755385
              ],
              [
                6.227204770757126,
                52.63741128433389
              ],
              [
                6.2267350360491704,
                52.63720444380466
              ],
              [
                6.226234242114114,
                52.637026607564906
              ],
              [
                6.225707211197057,
                52.63687948791914
              ],
              [
                6.225159018001541,
                52.63676450140095
              ],
              [
                6.224594940851643,
                52.63668275514284
              ],
              [
                6.224020410900188,
                52.6366350362237
              ],
              [
                6.223440959870581,
                52.63662180409558
              ],
              [
                6.222862166833781,
                52.63664318616322
              ],
              [
                6.222289604531014,
                52.63669897655813
              ],
              [
                6.221728785757162,
                52.636788638118986
              ],
              [
                6.221185110319237,
                52.63691130756008
              ],
              [
                6.220663813078761,
                52.637065803777205
              ],
              [
                6.220169913576797,
                52.63725063921196
              ],
              [
                6.219708167725135,
                52.637464034165426
              ],
              [
                6.21928302202774,
                52.637703933923355
              ],
              [
                6.218898570772356,
                52.63796802852909
              ],
              [
                6.218558516604053,
                52.638253775014014
              ],
              [
                6.2182661348602215,
                52.63855842187189
              ],
              [
                6.218024242010798,
                52.63887903554275
              ],
              [
                6.2178351685082225,
                52.63921252865085
              ],
              [
                6.217700736309651,
                52.63955568972575
              ],
              [
                6.217622241289174,
                52.63990521412122
              ],
              [
                6.217600440711018,
                52.64025773583352
              ],
              [
                6.217635545886191,
                52.64060985991384
              ],
              [
                6.21772722008518,
                52.64095819516241
              ],
              [
                6.217874581728872,
                52.64129938678961
              ],
              [
                6.2180762128289295,
                52.64163014872946
              ],
              [
                6.218330172598234,
                52.641947295294145
              ],
              [
                6.218634016102119,
                52.6422477718641
              ],
              [
                6.218984817772258,
                52.6425286843183
              ],
              [
                6.219379199557986,
                52.64278732692032
              ],
              [
                6.2198133634449,
                52.64302120839125
              ],
              [
                6.220283128028029,
                52.64322807591776
              ],
              [
                6.220783968787553,
                52.64340593686372
              ],
              [
                6.221311061678925,
                52.64355307797515
              ],
              [
                6.221859329616974,
                52.64366808189353
              ],
              [
                6.222423491405307,
                52.64374984081765
              ],
              [
                6.222998112638491,
                52.64379756718188
              ],
              [
                6.223577658085212,
                52.643810801248115
              ],
              [
                6.224156545046119,
                52.643789415537015
              ],
              [
                6.224729197170532,
                52.64373361605731
              ],
              [
                6.225290098211771,
                52.643643940319215
              ],
              [
                6.225833845201346,
                52.643521252153334
              ],
              [
                6.226355200528028,
                52.64336673338349
              ],
              [
                6.2268491424185495,
                52.643181872434724
              ],
              [
                6.2273109133321425,
                52.64296844998653
              ],
              [
                6.2277360658017304,
                52.642728521809666
              ],
              [
                6.228120505279313,
                52.642464398952946
              ],
              [
                6.228460529572439,
                52.64217862547075
              ],
              [
                6.228752864491808,
                52.64187395390666
              ],
              [
                6.22899469536691,
                52.64155331877009
              ],
              [
                6.229183694126953,
                52.64121980826185
              ],
              [
                6.229318041687091,
                52.64087663452091
              ],
              [
                6.229396445425844,
                52.640527102680366
              ],
              [
                6.2294181515868825,
                52.64017457902995
              ],
              [
                6.229382952487606,
                52.639822458593045
              ],
              [
                6.229291188466975,
                52.639474132429385
              ],
              [
                6.229143744555891,
                52.63913295497941
              ],
              [
                6.228942041904191,
                52.63880221176429
              ],
              [
                6.228688024048676,
                52.63848508775233
              ]
            ]
          ],
          [
            [
              [
                6.290992473815106,
                52.65712713537374
              ],
              [
                6.290431536990937,
                52.657217120861525
              ],
              [
                6.2898878030566845,
                52.657340104011126
              ],
              [
                6.289366507438085,
                52.65749490069786
              ],
              [
                6.288872669662034,
                52.65768002047057
              ],
              [
                6.288411045047891,
                52.657893680892535
              ],
              [
                6.28798607893452,
                52.658133824693394
              ],
              [
                6.2876018638830455,
                52.65839813956647
              ],
              [
                6.287262100266897,
                52.65868408042189
              ],
              [
                6.286970060628578,
                52.65898889388145
              ],
              [
                6.286728558146659,
                52.65930964478034
              ],
              [
                6.286539919517337,
                52.659643244420685
              ],
              [
                6.286405962512671,
                52.65998648030542
              ],
              [
                6.286327978432996,
                52.66033604706704
              ],
              [
                6.286306719624099,
                52.660688578292834
              ],
              [
                6.286342392181105,
                52.661040678941426
              ],
              [
                6.286434653911373,
                52.66138895803765
              ],
              [
                6.286582617577982,
                52.6617300613317
              ],
              [
                6.286784859394566,
                52.662060703607224
              ],
              [
                6.287039432691619,
                52.662377700327944
              ],
              [
                6.287343886624402,
                52.662677998316646
              ],
              [
                6.28769528974381,
                52.66295870517151
              ],
              [
                6.2880902582044085,
                52.663217117135716
              ],
              [
                6.288524988338918,
                52.66345074515127
              ],
              [
                6.288995293285961,
                52.663657338845645
              ],
              [
                6.289496643318428,
                52.66383490822005
              ],
              [
                6.290024209483889,
                52.66398174282877
              ],
              [
                6.2905729101360865,
                52.66409642826567
              ],
              [
                6.291137459908373,
                52.6641778597973
              ],
              [
                6.291712420656194,
                52.664225253011956
              ],
              [
                6.292292253876334,
                52.66423815138072
              ],
              [
                6.292871374096366,
                52.664216430658314
              ],
              [
                6.292914347680243,
                52.66421221984494
              ],
              [
                6.293073377499517,
                52.664235155484576
              ],
              [
                6.293648341026702,
                52.66428253933248
              ],
              [
                6.294228175512545,
                52.66429542825911
              ],
              [
                6.29480729547242,
                52.66427369811014
              ],
              [
                6.295380122310682,
                52.66421755821232
              ],
              [
                6.295941138097647,
                52.6641275493555
              ],
              [
                6.296484938760012,
                52.6640045385793
              ],
              [
                6.297006286170568,
                52.66384971081544
              ],
              [
                6.297500158633803,
                52.663664557465445
              ],
              [
                6.297961799279669,
                52.66345086202553
              ],
              [
                6.298386761898203,
                52.66321068289585
              ],
              [
                6.298770953772736,
                52.66294633354241
              ],
              [
                6.299110675098586,
                52.66266036020086
              ],
              [
                6.2994026546075546,
                52.66235551733938
              ],
              [
                6.299644081055325,
                52.662034741116834
              ],
              [
                6.299832630269217,
                52.66170112109212
              ],
              [
                6.299966487496786,
                52.66135787045818
              ],
              [
                6.300044364841393,
                52.661008295087846
              ],
              [
                6.300065513618394,
                52.66065576168915
              ],
              [
                6.300029731514757,
                52.66030366537822
              ],
              [
                6.299937364485153,
                52.659955396981424
              ],
              [
                6.299789303368201,
                52.659614310381876
              ],
              [
                6.299586975257513,
                52.659283690224754
              ],
              [
                6.299332329712497,
                52.65896672029236
              ],
              [
                6.299027819943501,
                52.658666452852884
              ],
              [
                6.298676379154007,
                52.65838577927787
              ],
              [
                6.298281392268933,
                52.65812740221093
              ],
              [
                6.297846663322196,
                52.65789380955499
              ],
              [
                6.297376378818202,
                52.65768725052832
              ],
              [
                6.296875067420151,
                52.6575097140187
              ],
              [
                6.296347556353222,
                52.65736290944448
              ],
              [
                6.295798924941794,
                52.657248250305386
              ],
              [
                6.295234455727177,
                52.65716684058194
              ],
              [
                6.294659583635322,
                52.657119464112746
              ],
              [
                6.2940798436824235,
                52.65710657705289
              ],
              [
                6.293500817720268,
                52.65712830348495
              ],
              [
                6.293457851113374,
                52.657132514501775
              ],
              [
                6.2932988468090985,
                52.65710957927855
              ],
              [
                6.292723977494809,
                52.65706219344456
              ],
              [
                6.292144238806934,
                52.657049296944564
              ],
              [
                6.291565212585082,
                52.657071013951985
              ],
              [
                6.290992473815106,
                52.65712713537374
              ]
            ]
          ]
        ]
      },
      "properties": {
        "type": "buffer_union_400m",
        "buffer_m": 400
      }
    },
    {
      "type": "Feature",
      "geometry": {
        "type": "Polygon",
        "coordinates": [
          [
            [
              6.102142,
              52.641407
            ],
            [
              6.10216,
              52.641473
            ],
            [
              6.102599,
              52.643114
            ],
            [
              6.102612,
              52.643236
            ],
            [
              6.102657,
              52.643676
            ],
            [
              6.102861,
              52.645445
            ],
            [
              6.102864,
              52.645467
            ],
            [
              6.102864,
              52.64547
            ],
            [
              6.102902,
              52.645811
            ],
            [
              6.102906,
              52.646539
            ],
            [
              6.102999,
              52.646745
            ],
            [
              6.103831,
              52.646818
            ],
            [
              6.104106,
              52.646845
            ],
            [
              6.104201,
              52.647105
            ],
            [
              6.104272,
              52.647321
            ],
            [
              6.104471,
              52.647926
            ],
            [
              6.104533,
              52.648372
            ],
            [
              6.104535,
              52.64892
            ],
            [
              6.104542,
              52.64938
            ],
            [
              6.104545,
              52.649454
            ],
            [
              6.104514,
              52.649804
            ],
            [
              6.10452,
              52.650474
            ],
            [
              6.104527,
              52.651176
            ],
            [
              6.104532,
              52.651618
            ],
            [
              6.104537,
              52.652174
            ],
            [
              6.104508,
              52.652874
            ],
            [
              6.104365,
              52.653072
            ],
            [
              6.104149,
              52.653372
            ],
            [
              6.104131,
              52.653397
            ],
            [
              6.104126,
              52.653404
            ],
            [
              6.103847,
              52.653795
            ],
            [
              6.103773,
              52.653898
            ],
            [
              6.103743,
              52.653987
            ],
            [
              6.103512,
              52.654662
            ],
            [
              6.10348,
              52.654757
            ],
            [
              6.103417,
              52.655104
            ],
            [
              6.103429,
              52.655225
            ],
            [
              6.103449,
              52.65527
            ],
            [
              6.10353,
              52.65545
            ],
            [
              6.103726,
              52.655896
            ],
            [
              6.103834,
              52.656143
            ],
            [
              6.103855,
              52.656191
            ],
            [
              6.103856,
              52.656193
            ],
            [
              6.103867,
              52.656215
            ],
            [
              6.103889,
              52.656256
            ],
            [
              6.103898,
              52.656272
            ],
            [
              6.10392,
              52.65631
            ],
            [
              6.104102,
              52.656633
            ],
            [
              6.104291,
              52.65712
            ],
            [
              6.104399,
              52.657103
            ],
            [
              6.106389,
              52.656795
            ],
            [
              6.106396,
              52.656794
            ],
            [
              6.106632,
              52.656758
            ],
            [
              6.106824,
              52.657165
            ],
            [
              6.107045,
              52.657632
            ],
            [
              6.107111,
              52.657698
            ],
            [
              6.108083,
              52.658451
            ],
            [
              6.108415,
              52.658651
            ],
            [
              6.108777,
              52.658856
            ],
            [
              6.109276,
              52.659139
            ],
            [
              6.109436,
              52.659258
            ],
            [
              6.109633,
              52.659388
            ],
            [
              6.109828,
              52.659516
            ],
            [
              6.11003,
              52.659648
            ],
            [
              6.111443,
              52.660364
            ],
            [
              6.114956,
              52.662141
            ],
            [
              6.119823,
              52.664844
            ],
            [
              6.119885,
              52.664878
            ],
            [
              6.119991,
              52.664913
            ],
            [
              6.119972,
              52.664925
            ],
            [
              6.120169,
              52.665031
            ],
            [
              6.120232,
              52.665067
            ],
            [
              6.120271,
              52.66509
            ],
            [
              6.12022,
              52.665124
            ],
            [
              6.120114,
              52.665196
            ],
            [
              6.12011,
              52.665199
            ],
            [
              6.120077,
              52.665223
            ],
            [
              6.119757,
              52.665433
            ],
            [
              6.11947,
              52.665625
            ],
            [
              6.11967,
              52.665731
            ],
            [
              6.119687,
              52.665744
            ],
            [
              6.119676,
              52.666104
            ],
            [
              6.119643,
              52.666671
            ],
            [
              6.119612,
              52.667157
            ],
            [
              6.119587,
              52.667507
            ],
            [
              6.119585,
              52.667564
            ],
            [
              6.11958,
              52.6676
            ],
            [
              6.11958,
              52.667603
            ],
            [
              6.119566,
              52.667935
            ],
            [
              6.119566,
              52.667937
            ],
            [
              6.119554,
              52.668093
            ],
            [
              6.119541,
              52.668204
            ],
            [
              6.119632,
              52.668188
            ],
            [
              6.119723,
              52.668172
            ],
            [
              6.119757,
              52.668168
            ],
            [
              6.119791,
              52.668163
            ],
            [
              6.119904,
              52.66815
            ],
            [
              6.120018,
              52.668138
            ],
            [
              6.120126,
              52.668128
            ],
            [
              6.120234,
              52.668118
            ],
            [
              6.120316,
              52.668109
            ],
            [
              6.120397,
              52.668101
            ],
            [
              6.120506,
              52.66809
            ],
            [
              6.120551,
              52.668087
            ],
            [
              6.120595,
              52.668084
            ],
            [
              6.120656,
              52.668083
            ],
            [
              6.120717,
              52.668082
            ],
            [
              6.120776,
              52.668083
            ],
            [
              6.120835,
              52.668084
            ],
            [
              6.120893,
              52.668091
            ],
            [
              6.120951,
              52.668098
            ],
            [
              6.121086,
              52.668117
            ],
            [
              6.121221,
              52.668136
            ],
            [
              6.121268,
              52.668144
            ],
            [
              6.121381,
              52.668165
            ],
            [
              6.121494,
              52.668186
            ],
            [
              6.12162,
              52.668216
            ],
            [
              6.121746,
              52.668246
            ],
            [
              6.121814,
              52.668265
            ],
            [
              6.121882,
              52.668285
            ],
            [
              6.121908,
              52.668293
            ],
            [
              6.121934,
              52.668301
            ],
            [
              6.122027,
              52.668337
            ],
            [
              6.122121,
              52.668374
            ],
            [
              6.122267,
              52.668432
            ],
            [
              6.122305,
              52.668449
            ],
            [
              6.122373,
              52.668493
            ],
            [
              6.122434,
              52.668551
            ],
            [
              6.122491,
              52.668647
            ],
            [
              6.122512,
              52.668686
            ],
            [
              6.122534,
              52.668725
            ],
            [
              6.122562,
              52.668818
            ],
            [
              6.122588,
              52.668914
            ],
            [
              6.122604,
              52.66896
            ],
            [
              6.122605,
              52.668962
            ],
            [
              6.12266,
              52.669129
            ],
            [
              6.122661,
              52.66913
            ],
            [
              6.122675,
              52.669166
            ],
            [
              6.122708,
              52.669219
            ],
            [
              6.122731,
              52.669251
            ],
            [
              6.122756,
              52.669279
            ],
            [
              6.122786,
              52.669321
            ],
            [
              6.122808,
              52.669345
            ],
            [
              6.122829,
              52.669369
            ],
            [
              6.122851,
              52.669392
            ],
            [
              6.122878,
              52.669415
            ],
            [
              6.122904,
              52.669438
            ],
            [
              6.122948,
              52.669477
            ],
            [
              6.123012,
              52.669522
            ],
            [
              6.123103,
              52.669563
            ],
            [
              6.12317,
              52.669588
            ],
            [
              6.123237,
              52.669606
            ],
            [
              6.123304,
              52.669624
            ],
            [
              6.123363,
              52.669637
            ],
            [
              6.123422,
              52.669651
            ],
            [
              6.123478,
              52.669663
            ],
            [
              6.123533,
              52.669674
            ],
            [
              6.123684,
              52.669708
            ],
            [
              6.123685,
              52.669708
            ],
            [
              6.123734,
              52.669719
            ],
            [
              6.123791,
              52.669731
            ],
            [
              6.123836,
              52.669741
            ],
            [
              6.123848,
              52.669744
            ],
            [
              6.12385,
              52.669744
            ],
            [
              6.123865,
              52.669748
            ],
            [
              6.123874,
              52.66975
            ],
            [
              6.123891,
              52.669754
            ],
            [
              6.123898,
              52.669756
            ],
            [
              6.123906,
              52.669758
            ],
            [
              6.123917,
              52.66976
            ],
            [
              6.123931,
              52.669763
            ],
            [
              6.124009,
              52.669781
            ],
            [
              6.124026,
              52.669786
            ],
            [
              6.124108,
              52.669805
            ],
            [
              6.124113,
              52.669806
            ],
            [
              6.124278,
              52.669846
            ],
            [
              6.124467,
              52.669897
            ],
            [
              6.124656,
              52.669947
            ],
            [
              6.124791,
              52.669984
            ],
            [
              6.124935,
              52.670029
            ],
            [
              6.124977,
              52.670047
            ],
            [
              6.125019,
              52.670065
            ],
            [
              6.12509,
              52.6701
            ],
            [
              6.125162,
              52.670134
            ],
            [
              6.125233,
              52.670174
            ],
            [
              6.125304,
              52.670213
            ],
            [
              6.125352,
              52.670243
            ],
            [
              6.1254,
              52.670274
            ],
            [
              6.125492,
              52.670343
            ],
            [
              6.125535,
              52.670379
            ],
            [
              6.125578,
              52.670415
            ],
            [
              6.125614,
              52.670462
            ],
            [
              6.125649,
              52.670508
            ],
            [
              6.125697,
              52.670565
            ],
            [
              6.125744,
              52.670623
            ],
            [
              6.125872,
              52.670756
            ],
            [
              6.125988,
              52.670896
            ],
            [
              6.126149,
              52.671056
            ],
            [
              6.126267,
              52.671157
            ],
            [
              6.126269,
              52.671158
            ],
            [
              6.126385,
              52.671257
            ],
            [
              6.126512,
              52.671365
            ],
            [
              6.126513,
              52.671366
            ],
            [
              6.126641,
              52.671475
            ],
            [
              6.126731,
              52.671547
            ],
            [
              6.126867,
              52.671647
            ],
            [
              6.126963,
              52.67171
            ],
            [
              6.127073,
              52.67178
            ],
            [
              6.127201,
              52.671845
            ],
            [
              6.127326,
              52.671895
            ],
            [
              6.12745,
              52.671945
            ],
            [
              6.127525,
              52.671972
            ],
            [
              6.1276,
              52.672
            ],
            [
              6.127615,
              52.672005
            ],
            [
              6.127757,
              52.672056
            ],
            [
              6.128042,
              52.672023
            ],
            [
              6.128052,
              52.672022
            ],
            [
              6.128118,
              52.672016
            ],
            [
              6.128228,
              52.671996
            ],
            [
              6.128603,
              52.671923
            ],
            [
              6.128751,
              52.671893
            ],
            [
              6.129057,
              52.671833
            ],
            [
              6.129344,
              52.671776
            ],
            [
              6.12936,
              52.671773
            ],
            [
              6.129362,
              52.671773
            ],
            [
              6.129365,
              52.671772
            ],
            [
              6.129367,
              52.671772
            ],
            [
              6.129732,
              52.671702
            ],
            [
              6.129871,
              52.671675
            ],
            [
              6.129871,
              52.671675
            ],
            [
              6.130006,
              52.671648
            ],
            [
              6.130173,
              52.671616
            ],
            [
              6.130339,
              52.671642
            ],
            [
              6.130581,
              52.671681
            ],
            [
              6.130833,
              52.671721
            ],
            [
              6.130842,
              52.671723
            ],
            [
              6.130843,
              52.671723
            ],
            [
              6.130917,
              52.671736
            ],
            [
              6.131084,
              52.671804
            ],
            [
              6.131183,
              52.671842
            ],
            [
              6.131207,
              52.671851
            ],
            [
              6.131328,
              52.6719
            ],
            [
              6.131455,
              52.671997
            ],
            [
              6.131562,
              52.672081
            ],
            [
              6.131673,
              52.672169
            ],
            [
              6.13173,
              52.672217
            ],
            [
              6.131836,
              52.672336
            ],
            [
              6.131948,
              52.672465
            ],
            [
              6.131987,
              52.672508
            ],
            [
              6.131991,
              52.672513
            ],
            [
              6.132123,
              52.672662
            ],
            [
              6.132256,
              52.672811
            ],
            [
              6.132431,
              52.673008
            ],
            [
              6.132436,
              52.673014
            ],
            [
              6.132617,
              52.673216
            ],
            [
              6.132784,
              52.673403
            ],
            [
              6.132834,
              52.673424
            ],
            [
              6.132835,
              52.673425
            ],
            [
              6.133217,
              52.673581
            ],
            [
              6.13345,
              52.673672
            ],
            [
              6.133695,
              52.673749
            ],
            [
              6.133883,
              52.673808
            ],
            [
              6.134071,
              52.673866
            ],
            [
              6.134245,
              52.673922
            ],
            [
              6.134317,
              52.673945
            ],
            [
              6.134496,
              52.674001
            ],
            [
              6.134675,
              52.674057
            ],
            [
              6.134793,
              52.674094
            ],
            [
              6.134797,
              52.674095
            ],
            [
              6.134911,
              52.674131
            ],
            [
              6.13499,
              52.674155
            ],
            [
              6.135152,
              52.674184
            ],
            [
              6.135313,
              52.674213
            ],
            [
              6.135347,
              52.674222
            ],
            [
              6.135637,
              52.674363
            ],
            [
              6.135765,
              52.674423
            ],
            [
              6.135892,
              52.674483
            ],
            [
              6.135988,
              52.674634
            ],
            [
              6.135992,
              52.674641
            ],
            [
              6.136066,
              52.674763
            ],
            [
              6.136099,
              52.67495
            ],
            [
              6.136109,
              52.675032
            ],
            [
              6.136119,
              52.675113
            ],
            [
              6.13612,
              52.675126
            ],
            [
              6.136131,
              52.675202
            ],
            [
              6.136132,
              52.675207
            ],
            [
              6.136141,
              52.675298
            ],
            [
              6.136071,
              52.675507
            ],
            [
              6.136031,
              52.675628
            ],
            [
              6.135885,
              52.675849
            ],
            [
              6.135734,
              52.676066
            ],
            [
              6.135728,
              52.676075
            ],
            [
              6.135463,
              52.676468
            ],
            [
              6.135431,
              52.676517
            ],
            [
              6.135408,
              52.676543
            ],
            [
              6.135381,
              52.676586
            ],
            [
              6.135368,
              52.676617
            ],
            [
              6.135361,
              52.676669
            ],
            [
              6.135363,
              52.676712
            ],
            [
              6.135369,
              52.676739
            ],
            [
              6.135374,
              52.676765
            ],
            [
              6.135428,
              52.676837
            ],
            [
              6.135494,
              52.67691
            ],
            [
              6.135584,
              52.676977
            ],
            [
              6.135738,
              52.677072
            ],
            [
              6.135836,
              52.677122
            ],
            [
              6.135934,
              52.677171
            ],
            [
              6.13613,
              52.677257
            ],
            [
              6.136203,
              52.677286
            ],
            [
              6.136277,
              52.677315
            ],
            [
              6.13638,
              52.677351
            ],
            [
              6.13638,
              52.677351
            ],
            [
              6.136482,
              52.677388
            ],
            [
              6.136623,
              52.677437
            ],
            [
              6.136764,
              52.677486
            ],
            [
              6.13686,
              52.677518
            ],
            [
              6.136957,
              52.677551
            ],
            [
              6.137174,
              52.677613
            ],
            [
              6.13738,
              52.677666
            ],
            [
              6.137484,
              52.677694
            ],
            [
              6.137581,
              52.67772
            ],
            [
              6.137596,
              52.677724
            ],
            [
              6.137703,
              52.67775
            ],
            [
              6.137876,
              52.677792
            ],
            [
              6.138187,
              52.677852
            ],
            [
              6.13832,
              52.677878
            ],
            [
              6.138453,
              52.677906
            ],
            [
              6.138783,
              52.677977
            ],
            [
              6.139113,
              52.678049
            ],
            [
              6.139483,
              52.678145
            ],
            [
              6.139853,
              52.678241
            ],
            [
              6.13998,
              52.678276
            ],
            [
              6.140107,
              52.678311
            ],
            [
              6.140224,
              52.678343
            ],
            [
              6.140341,
              52.678376
            ],
            [
              6.140523,
              52.678426
            ],
            [
              6.140527,
              52.678427
            ],
            [
              6.140712,
              52.678478
            ],
            [
              6.141041,
              52.678571
            ],
            [
              6.141318,
              52.67865
            ],
            [
              6.141388,
              52.67867
            ],
            [
              6.141564,
              52.678721
            ],
            [
              6.141847,
              52.678821
            ],
            [
              6.142163,
              52.678945
            ],
            [
              6.14239,
              52.679032
            ],
            [
              6.142617,
              52.679118
            ],
            [
              6.142784,
              52.679193
            ],
            [
              6.142961,
              52.679272
            ],
            [
              6.143138,
              52.679351
            ],
            [
              6.143306,
              52.679428
            ],
            [
              6.143474,
              52.679505
            ],
            [
              6.143715,
              52.679613
            ],
            [
              6.143957,
              52.67972
            ],
            [
              6.144106,
              52.679786
            ],
            [
              6.144254,
              52.679852
            ],
            [
              6.144356,
              52.679893
            ],
            [
              6.14445,
              52.679929
            ],
            [
              6.144543,
              52.679965
            ],
            [
              6.144692,
              52.680019
            ],
            [
              6.14484,
              52.680073
            ],
            [
              6.145037,
              52.680143
            ],
            [
              6.145234,
              52.680214
            ],
            [
              6.145387,
              52.68027
            ],
            [
              6.145539,
              52.680326
            ],
            [
              6.145646,
              52.680369
            ],
            [
              6.145756,
              52.68042
            ],
            [
              6.145849,
              52.680473
            ],
            [
              6.145963,
              52.680545
            ],
            [
              6.146077,
              52.680617
            ],
            [
              6.14618,
              52.680681
            ],
            [
              6.146438,
              52.680841
            ],
            [
              6.146798,
              52.681066
            ],
            [
              6.146936,
              52.681149
            ],
            [
              6.147074,
              52.681233
            ],
            [
              6.147273,
              52.681342
            ],
            [
              6.147331,
              52.681377
            ],
            [
              6.14752,
              52.68148
            ],
            [
              6.147708,
              52.681584
            ],
            [
              6.147806,
              52.681638
            ],
            [
              6.147904,
              52.681693
            ],
            [
              6.148088,
              52.681796
            ],
            [
              6.148104,
              52.681806
            ],
            [
              6.148304,
              52.681918
            ],
            [
              6.148363,
              52.681951
            ],
            [
              6.148542,
              52.682052
            ],
            [
              6.14872,
              52.682152
            ],
            [
              6.148914,
              52.68226
            ],
            [
              6.149108,
              52.682368
            ],
            [
              6.149161,
              52.682399
            ],
            [
              6.149165,
              52.682402
            ],
            [
              6.149215,
              52.68243
            ],
            [
              6.149302,
              52.68248
            ],
            [
              6.14947,
              52.682584
            ],
            [
              6.14965,
              52.682691
            ],
            [
              6.149831,
              52.682798
            ],
            [
              6.149916,
              52.682851
            ],
            [
              6.150002,
              52.682904
            ],
            [
              6.150045,
              52.682936
            ],
            [
              6.150089,
              52.682968
            ],
            [
              6.150109,
              52.682985
            ],
            [
              6.150125,
              52.682999
            ],
            [
              6.150161,
              52.68303
            ],
            [
              6.150198,
              52.683064
            ],
            [
              6.150235,
              52.683097
            ],
            [
              6.1503,
              52.683164
            ],
            [
              6.15033,
              52.683202
            ],
            [
              6.150361,
              52.683239
            ],
            [
              6.150387,
              52.683273
            ],
            [
              6.150414,
              52.683307
            ],
            [
              6.150473,
              52.683381
            ],
            [
              6.150535,
              52.683448
            ],
            [
              6.150567,
              52.683483
            ],
            [
              6.15061,
              52.683513
            ],
            [
              6.15065,
              52.68354
            ],
            [
              6.150691,
              52.683568
            ],
            [
              6.150727,
              52.68359
            ],
            [
              6.150764,
              52.683612
            ],
            [
              6.150786,
              52.683621
            ],
            [
              6.150871,
              52.683658
            ],
            [
              6.150955,
              52.683695
            ],
            [
              6.151021,
              52.683723
            ],
            [
              6.151086,
              52.68375
            ],
            [
              6.151139,
              52.683772
            ],
            [
              6.151192,
              52.683794
            ],
            [
              6.151238,
              52.683813
            ],
            [
              6.151283,
              52.683833
            ],
            [
              6.151286,
              52.683834
            ],
            [
              6.151287,
              52.683835
            ],
            [
              6.15132,
              52.683848
            ],
            [
              6.151338,
              52.683856
            ],
            [
              6.151392,
              52.683879
            ],
            [
              6.151443,
              52.683901
            ],
            [
              6.151494,
              52.683923
            ],
            [
              6.151546,
              52.683946
            ],
            [
              6.151597,
              52.683969
            ],
            [
              6.151644,
              52.683991
            ],
            [
              6.151692,
              52.684014
            ],
            [
              6.151742,
              52.684038
            ],
            [
              6.151788,
              52.684059
            ],
            [
              6.151811,
              52.684069
            ],
            [
              6.151834,
              52.684079
            ],
            [
              6.151835,
              52.684079
            ],
            [
              6.151844,
              52.684086
            ],
            [
              6.151851,
              52.68409
            ],
            [
              6.151856,
              52.684093
            ],
            [
              6.151867,
              52.684101
            ],
            [
              6.151872,
              52.684104
            ],
            [
              6.151879,
              52.684109
            ],
            [
              6.151887,
              52.684114
            ],
            [
              6.151887,
              52.684114
            ],
            [
              6.151891,
              52.684117
            ],
            [
              6.151909,
              52.684128
            ],
            [
              6.15191,
              52.68413
            ],
            [
              6.151957,
              52.68416
            ],
            [
              6.151959,
              52.684161
            ],
            [
              6.151961,
              52.684163
            ],
            [
              6.151975,
              52.684172
            ],
            [
              6.151993,
              52.684184
            ],
            [
              6.151996,
              52.684186
            ],
            [
              6.151999,
              52.684188
            ],
            [
              6.152006,
              52.684192
            ],
            [
              6.152017,
              52.684199
            ],
            [
              6.152022,
              52.684203
            ],
            [
              6.152033,
              52.68421
            ],
            [
              6.152034,
              52.684211
            ],
            [
              6.152035,
              52.684211
            ],
            [
              6.152044,
              52.684217
            ],
            [
              6.152089,
              52.684245
            ],
            [
              6.152108,
              52.684261
            ],
            [
              6.152127,
              52.684276
            ],
            [
              6.152129,
              52.684278
            ],
            [
              6.152253,
              52.684406
            ],
            [
              6.152382,
              52.684541
            ],
            [
              6.152526,
              52.684699
            ],
            [
              6.152634,
              52.684837
            ],
            [
              6.15274,
              52.684974
            ],
            [
              6.152904,
              52.685179
            ],
            [
              6.153009,
              52.685316
            ],
            [
              6.153128,
              52.685469
            ],
            [
              6.153181,
              52.685538
            ],
            [
              6.153285,
              52.685672
            ],
            [
              6.153338,
              52.685749
            ],
            [
              6.153443,
              52.685894
            ],
            [
              6.153493,
              52.685966
            ],
            [
              6.153493,
              52.685966
            ],
            [
              6.153543,
              52.686038
            ],
            [
              6.153562,
              52.686064
            ],
            [
              6.15365,
              52.686186
            ],
            [
              6.153692,
              52.686249
            ],
            [
              6.153728,
              52.686322
            ],
            [
              6.153755,
              52.686377
            ],
            [
              6.153763,
              52.686392
            ],
            [
              6.153802,
              52.68647
            ],
            [
              6.153841,
              52.686547
            ],
            [
              6.153913,
              52.686701
            ],
            [
              6.153942,
              52.68676
            ],
            [
              6.153949,
              52.686776
            ],
            [
              6.153986,
              52.686851
            ],
            [
              6.154064,
              52.687007
            ],
            [
              6.15414,
              52.687152
            ],
            [
              6.154184,
              52.687229
            ],
            [
              6.154229,
              52.687306
            ],
            [
              6.154293,
              52.687411
            ],
            [
              6.154316,
              52.687449
            ],
            [
              6.154344,
              52.687492
            ],
            [
              6.154344,
              52.687492
            ],
            [
              6.154372,
              52.687534
            ],
            [
              6.154429,
              52.687611
            ],
            [
              6.154487,
              52.687688
            ],
            [
              6.154547,
              52.687772
            ],
            [
              6.154606,
              52.687855
            ],
            [
              6.154656,
              52.687935
            ],
            [
              6.154706,
              52.688014
            ],
            [
              6.154729,
              52.688049
            ],
            [
              6.15479,
              52.688206
            ],
            [
              6.154791,
              52.688231
            ],
            [
              6.154792,
              52.688251
            ],
            [
              6.154795,
              52.688294
            ],
            [
              6.154793,
              52.68835
            ],
            [
              6.154787,
              52.688415
            ],
            [
              6.154786,
              52.688423
            ],
            [
              6.154778,
              52.688489
            ],
            [
              6.154775,
              52.688524
            ],
            [
              6.154769,
              52.688572
            ],
            [
              6.154763,
              52.688601
            ],
            [
              6.154757,
              52.68863
            ],
            [
              6.154745,
              52.68871
            ],
            [
              6.154717,
              52.688797
            ],
            [
              6.154709,
              52.688883
            ],
            [
              6.154683,
              52.688991
            ],
            [
              6.154668,
              52.689101
            ],
            [
              6.154651,
              52.68925
            ],
            [
              6.154633,
              52.689302
            ],
            [
              6.154584,
              52.689455
            ],
            [
              6.154535,
              52.689609
            ],
            [
              6.15449,
              52.689747
            ],
            [
              6.154445,
              52.689886
            ],
            [
              6.154429,
              52.68995
            ],
            [
              6.1544,
              52.690064
            ],
            [
              6.154393,
              52.690111
            ],
            [
              6.154392,
              52.690155
            ],
            [
              6.154401,
              52.690197
            ],
            [
              6.154409,
              52.690239
            ],
            [
              6.154418,
              52.690263
            ],
            [
              6.154439,
              52.690318
            ],
            [
              6.154453,
              52.69035
            ],
            [
              6.154454,
              52.690353
            ],
            [
              6.154476,
              52.690382
            ],
            [
              6.154498,
              52.690411
            ],
            [
              6.154515,
              52.690425
            ],
            [
              6.154515,
              52.690426
            ],
            [
              6.154532,
              52.69044
            ],
            [
              6.154573,
              52.690476
            ],
            [
              6.154612,
              52.690506
            ],
            [
              6.15466,
              52.690539
            ],
            [
              6.154707,
              52.690572
            ],
            [
              6.154758,
              52.690604
            ],
            [
              6.154808,
              52.690636
            ],
            [
              6.15489,
              52.690684
            ],
            [
              6.154979,
              52.690728
            ],
            [
              6.155073,
              52.69077
            ],
            [
              6.155168,
              52.690808
            ],
            [
              6.155263,
              52.690847
            ],
            [
              6.155348,
              52.690883
            ],
            [
              6.155368,
              52.690891
            ],
            [
              6.155562,
              52.69097
            ],
            [
              6.155777,
              52.691057
            ],
            [
              6.156012,
              52.691152
            ],
            [
              6.156092,
              52.691185
            ],
            [
              6.156139,
              52.691205
            ],
            [
              6.156155,
              52.691211
            ],
            [
              6.156219,
              52.691234
            ],
            [
              6.156353,
              52.691284
            ],
            [
              6.156391,
              52.691298
            ],
            [
              6.15648,
              52.69133
            ],
            [
              6.156531,
              52.691348
            ],
            [
              6.156712,
              52.691415
            ],
            [
              6.156978,
              52.691511
            ],
            [
              6.157247,
              52.691607
            ],
            [
              6.157374,
              52.691651
            ],
            [
              6.1575,
              52.691695
            ],
            [
              6.157537,
              52.691708
            ],
            [
              6.157636,
              52.691744
            ],
            [
              6.15778,
              52.691795
            ],
            [
              6.157941,
              52.691854
            ],
            [
              6.157943,
              52.691854
            ],
            [
              6.157952,
              52.691857
            ],
            [
              6.158138,
              52.691918
            ],
            [
              6.158145,
              52.691921
            ],
            [
              6.158171,
              52.691929
            ],
            [
              6.158204,
              52.691939
            ],
            [
              6.158391,
              52.691997
            ],
            [
              6.158534,
              52.692042
            ],
            [
              6.158608,
              52.692065
            ],
            [
              6.158611,
              52.692065
            ],
            [
              6.158687,
              52.692089
            ],
            [
              6.158842,
              52.69213
            ],
            [
              6.158892,
              52.69214
            ],
            [
              6.158892,
              52.69214
            ],
            [
              6.158942,
              52.69215
            ],
            [
              6.158976,
              52.692154
            ],
            [
              6.159027,
              52.69216
            ],
            [
              6.159095,
              52.692172
            ],
            [
              6.159206,
              52.692177
            ],
            [
              6.159309,
              52.692181
            ],
            [
              6.159441,
              52.692183
            ],
            [
              6.159515,
              52.692178
            ],
            [
              6.159616,
              52.692161
            ],
            [
              6.159835,
              52.692111
            ],
            [
              6.159912,
              52.692083
            ],
            [
              6.160672,
              52.691794
            ],
            [
              6.161227,
              52.691586
            ],
            [
              6.162185,
              52.691279
            ],
            [
              6.162822,
              52.690928
            ],
            [
              6.162893,
              52.690895
            ],
            [
              6.164925,
              52.68889
            ],
            [
              6.165151,
              52.688927
            ],
            [
              6.165534,
              52.688928
            ],
            [
              6.166198,
              52.688951
            ],
            [
              6.166254,
              52.68895
            ],
            [
              6.166296,
              52.68895
            ],
            [
              6.166352,
              52.688945
            ],
            [
              6.166391,
              52.688937
            ],
            [
              6.166473,
              52.688907
            ],
            [
              6.166861,
              52.688733
            ],
            [
              6.167114,
              52.68862
            ],
            [
              6.168196,
              52.688136
            ],
            [
              6.168225,
              52.688096
            ],
            [
              6.168921,
              52.687132
            ],
            [
              6.169651,
              52.686121
            ],
            [
              6.169637,
              52.686109
            ],
            [
              6.169586,
              52.68607
            ],
            [
              6.169555,
              52.686038
            ],
            [
              6.169425,
              52.685946
            ],
            [
              6.168975,
              52.685535
            ],
            [
              6.168729,
              52.685361
            ],
            [
              6.168275,
              52.685009
            ],
            [
              6.16779,
              52.684542
            ],
            [
              6.16747,
              52.684262
            ],
            [
              6.16735,
              52.684151
            ],
            [
              6.167343,
              52.684145
            ],
            [
              6.166652,
              52.683508
            ],
            [
              6.165396,
              52.682351
            ],
            [
              6.164121,
              52.681171
            ],
            [
              6.163929,
              52.68098
            ],
            [
              6.163665,
              52.680747
            ],
            [
              6.163301,
              52.680398
            ],
            [
              6.162996,
              52.680062
            ],
            [
              6.163432,
              52.679938
            ],
            [
              6.16348,
              52.67992
            ],
            [
              6.163591,
              52.679874
            ],
            [
              6.163635,
              52.679851
            ],
            [
              6.163671,
              52.679827
            ],
            [
              6.163698,
              52.679794
            ],
            [
              6.163831,
              52.679553
            ],
            [
              6.163847,
              52.679534
            ],
            [
              6.163863,
              52.67952
            ],
            [
              6.163885,
              52.679506
            ],
            [
              6.163921,
              52.679489
            ],
            [
              6.163955,
              52.679475
            ],
            [
              6.168621,
              52.678387
            ],
            [
              6.168824,
              52.678244
            ],
            [
              6.170852,
              52.677766
            ],
            [
              6.171797,
              52.67754
            ],
            [
              6.178532,
              52.675925
            ],
            [
              6.178773,
              52.675871
            ],
            [
              6.179903,
              52.675606
            ],
            [
              6.180396,
              52.675501
            ],
            [
              6.180848,
              52.675412
            ],
            [
              6.181303,
              52.675329
            ],
            [
              6.181767,
              52.675246
            ],
            [
              6.182215,
              52.675179
            ],
            [
              6.182685,
              52.67512
            ],
            [
              6.183147,
              52.675063
            ],
            [
              6.18305,
              52.675211
            ],
            [
              6.183077,
              52.675212
            ],
            [
              6.182045,
              52.676732
            ],
            [
              6.181933,
              52.676868
            ],
            [
              6.184208,
              52.677208
            ],
            [
              6.182619,
              52.679517
            ],
            [
              6.182018,
              52.67945
            ],
            [
              6.181323,
              52.680461
            ],
            [
              6.180548,
              52.681588
            ],
            [
              6.181065,
              52.681709
            ],
            [
              6.18129,
              52.68175
            ],
            [
              6.18145,
              52.681775
            ],
            [
              6.181937,
              52.681861
            ],
            [
              6.182303,
              52.68192
            ],
            [
              6.18296,
              52.682028
            ],
            [
              6.183442,
              52.682106
            ],
            [
              6.183506,
              52.682117
            ],
            [
              6.18445,
              52.682271
            ],
            [
              6.18503,
              52.682366
            ],
            [
              6.185705,
              52.682478
            ],
            [
              6.185871,
              52.682504
            ],
            [
              6.186068,
              52.682217
            ],
            [
              6.186619,
              52.681417
            ],
            [
              6.1872,
              52.680568
            ],
            [
              6.187862,
              52.679614
            ],
            [
              6.188107,
              52.679651
            ],
            [
              6.188149,
              52.679548
            ],
            [
              6.189225,
              52.679705
            ],
            [
              6.18931,
              52.67943
            ],
            [
              6.189383,
              52.679234
            ],
            [
              6.191445,
              52.67932
            ],
            [
              6.191497,
              52.679088
            ],
            [
              6.191674,
              52.678322
            ],
            [
              6.191926,
              52.676934
            ],
            [
              6.192055,
              52.676426
            ],
            [
              6.19423,
              52.67663
            ],
            [
              6.194184,
              52.676836
            ],
            [
              6.194169,
              52.676941
            ],
            [
              6.194131,
              52.67722
            ],
            [
              6.194127,
              52.677443
            ],
            [
              6.19415,
              52.677707
            ],
            [
              6.194194,
              52.677973
            ],
            [
              6.194271,
              52.678244
            ],
            [
              6.194347,
              52.678458
            ],
            [
              6.194297,
              52.678466
            ],
            [
              6.194342,
              52.678567
            ],
            [
              6.194386,
              52.678657
            ],
            [
              6.194427,
              52.678732
            ],
            [
              6.194475,
              52.678825
            ],
            [
              6.194539,
              52.678927
            ],
            [
              6.194708,
              52.679185
            ],
            [
              6.194829,
              52.679338
            ],
            [
              6.194941,
              52.679471
            ],
            [
              6.195036,
              52.679573
            ],
            [
              6.195113,
              52.679648
            ],
            [
              6.195202,
              52.679738
            ],
            [
              6.195317,
              52.679847
            ],
            [
              6.195409,
              52.679929
            ],
            [
              6.19549,
              52.679998
            ],
            [
              6.195676,
              52.680149
            ],
            [
              6.195777,
              52.680229
            ],
            [
              6.195861,
              52.680291
            ],
            [
              6.196364,
              52.680239
            ],
            [
              6.196221,
              52.680621
            ],
            [
              6.196351,
              52.680722
            ],
            [
              6.19636,
              52.680724
            ],
            [
              6.196352,
              52.680746
            ],
            [
              6.196371,
              52.680772
            ],
            [
              6.196406,
              52.680786
            ],
            [
              6.196401,
              52.680794
            ],
            [
              6.196406,
              52.680813
            ],
            [
              6.196493,
              52.680877
            ],
            [
              6.19653,
              52.680888
            ],
            [
              6.196551,
              52.680885
            ],
            [
              6.19657,
              52.68087
            ],
            [
              6.196625,
              52.680909
            ],
            [
              6.196686,
              52.680909
            ],
            [
              6.19866,
              52.682381
            ],
            [
              6.199228,
              52.682809
            ],
            [
              6.200793,
              52.68397
            ],
            [
              6.201442,
              52.684446
            ],
            [
              6.201682,
              52.68462
            ],
            [
              6.201883,
              52.684561
            ],
            [
              6.202069,
              52.684528
            ],
            [
              6.202152,
              52.684513
            ],
            [
              6.202299,
              52.68452
            ],
            [
              6.202338,
              52.684542
            ],
            [
              6.202621,
              52.684592
            ],
            [
              6.202727,
              52.68461
            ],
            [
              6.20283,
              52.684624
            ],
            [
              6.202906,
              52.684635
            ],
            [
              6.202988,
              52.684643
            ],
            [
              6.203071,
              52.684649
            ],
            [
              6.2036,
              52.684688
            ],
            [
              6.203666,
              52.684696
            ],
            [
              6.203702,
              52.6847
            ],
            [
              6.203747,
              52.684701
            ],
            [
              6.203797,
              52.684696
            ],
            [
              6.203843,
              52.684687
            ],
            [
              6.203882,
              52.684679
            ],
            [
              6.203925,
              52.684665
            ],
            [
              6.203964,
              52.684651
            ],
            [
              6.204003,
              52.68463
            ],
            [
              6.204062,
              52.684602
            ],
            [
              6.204117,
              52.684568
            ],
            [
              6.204173,
              52.684538
            ],
            [
              6.20421,
              52.684514
            ],
            [
              6.204262,
              52.684486
            ],
            [
              6.204358,
              52.684415
            ],
            [
              6.204523,
              52.684284
            ],
            [
              6.204622,
              52.684222
            ],
            [
              6.204722,
              52.68418
            ],
            [
              6.204863,
              52.684154
            ],
            [
              6.204985,
              52.684161
            ],
            [
              6.205138,
              52.684249
            ],
            [
              6.205229,
              52.684315
            ],
            [
              6.205266,
              52.684345
            ],
            [
              6.205295,
              52.684377
            ],
            [
              6.205327,
              52.68441
            ],
            [
              6.20535,
              52.68444
            ],
            [
              6.205369,
              52.684472
            ],
            [
              6.205381,
              52.684561
            ],
            [
              6.205387,
              52.68458
            ],
            [
              6.205401,
              52.684598
            ],
            [
              6.205418,
              52.684612
            ],
            [
              6.205446,
              52.684626
            ],
            [
              6.205692,
              52.684697
            ],
            [
              6.20582,
              52.684724
            ],
            [
              6.206138,
              52.684786
            ],
            [
              6.206353,
              52.684845
            ],
            [
              6.206406,
              52.684853
            ],
            [
              6.206463,
              52.684858
            ],
            [
              6.206507,
              52.684863
            ],
            [
              6.20655,
              52.684862
            ],
            [
              6.20682,
              52.684855
            ],
            [
              6.207264,
              52.684799
            ],
            [
              6.207315,
              52.684801
            ],
            [
              6.207349,
              52.684799
            ],
            [
              6.207507,
              52.684779
            ],
            [
              6.207651,
              52.684768
            ],
            [
              6.207897,
              52.684742
            ],
            [
              6.208041,
              52.684745
            ],
            [
              6.20832,
              52.684756
            ],
            [
              6.208603,
              52.684772
            ],
            [
              6.209093,
              52.684829
            ],
            [
              6.209407,
              52.684903
            ],
            [
              6.210035,
              52.685153
            ],
            [
              6.210077,
              52.685195
            ],
            [
              6.210093,
              52.685211
            ],
            [
              6.210108,
              52.68522
            ],
            [
              6.21013,
              52.685225
            ],
            [
              6.210153,
              52.685225
            ],
            [
              6.210178,
              52.685225
            ],
            [
              6.210454,
              52.685168
            ],
            [
              6.211012,
              52.684961
            ],
            [
              6.211225,
              52.68489
            ],
            [
              6.211775,
              52.684793
            ],
            [
              6.211928,
              52.68477
            ],
            [
              6.212295,
              52.684657
            ],
            [
              6.212375,
              52.684643
            ],
            [
              6.212442,
              52.684635
            ],
            [
              6.2125,
              52.684633
            ],
            [
              6.212536,
              52.684634
            ],
            [
              6.212574,
              52.684644
            ],
            [
              6.212605,
              52.684658
            ],
            [
              6.212637,
              52.684675
            ],
            [
              6.212659,
              52.6847
            ],
            [
              6.212671,
              52.684736
            ],
            [
              6.212671,
              52.684775
            ],
            [
              6.212661,
              52.68479
            ],
            [
              6.21265,
              52.684814
            ],
            [
              6.212634,
              52.684847
            ],
            [
              6.2126,
              52.684874
            ],
            [
              6.212567,
              52.684906
            ],
            [
              6.21253,
              52.684929
            ],
            [
              6.212499,
              52.684948
            ],
            [
              6.212463,
              52.684974
            ],
            [
              6.212407,
              52.685
            ],
            [
              6.212359,
              52.685026
            ],
            [
              6.212307,
              52.685057
            ],
            [
              6.21226,
              52.685082
            ],
            [
              6.212204,
              52.685115
            ],
            [
              6.212086,
              52.685193
            ],
            [
              6.212067,
              52.685222
            ],
            [
              6.212056,
              52.685235
            ],
            [
              6.212063,
              52.685257
            ],
            [
              6.212086,
              52.685287
            ],
            [
              6.212114,
              52.685308
            ],
            [
              6.212172,
              52.685347
            ],
            [
              6.212539,
              52.685528
            ],
            [
              6.212632,
              52.685585
            ],
            [
              6.212666,
              52.685607
            ],
            [
              6.212688,
              52.685617
            ],
            [
              6.212719,
              52.685619
            ],
            [
              6.212834,
              52.685589
            ],
            [
              6.212974,
              52.685521
            ],
            [
              6.213013,
              52.685504
            ],
            [
              6.213065,
              52.685488
            ],
            [
              6.213112,
              52.685477
            ],
            [
              6.213152,
              52.685481
            ],
            [
              6.213606,
              52.685608
            ],
            [
              6.213715,
              52.685636
            ],
            [
              6.213744,
              52.685653
            ],
            [
              6.213769,
              52.685671
            ],
            [
              6.21379,
              52.685692
            ],
            [
              6.213812,
              52.685715
            ],
            [
              6.213832,
              52.685744
            ],
            [
              6.213847,
              52.685771
            ],
            [
              6.213956,
              52.68601
            ],
            [
              6.213968,
              52.686073
            ],
            [
              6.213985,
              52.686128
            ],
            [
              6.21402,
              52.686202
            ],
            [
              6.214053,
              52.686273
            ],
            [
              6.214067,
              52.686295
            ],
            [
              6.214096,
              52.686316
            ],
            [
              6.214332,
              52.686404
            ],
            [
              6.214345,
              52.686406
            ],
            [
              6.214617,
              52.686451
            ],
            [
              6.214724,
              52.686464
            ],
            [
              6.214937,
              52.686487
            ],
            [
              6.214979,
              52.686486
            ],
            [
              6.215021,
              52.686482
            ],
            [
              6.215049,
              52.686471
            ],
            [
              6.215415,
              52.686345
            ],
            [
              6.215488,
              52.686282
            ],
            [
              6.215509,
              52.686241
            ],
            [
              6.215498,
              52.686177
            ],
            [
              6.215494,
              52.686151
            ],
            [
              6.215502,
              52.686129
            ],
            [
              6.215517,
              52.686112
            ],
            [
              6.215554,
              52.6861
            ],
            [
              6.215801,
              52.68609
            ],
            [
              6.216356,
              52.686188
            ],
            [
              6.216402,
              52.686206
            ],
            [
              6.216442,
              52.686215
            ],
            [
              6.21647,
              52.686235
            ],
            [
              6.21649,
              52.686256
            ],
            [
              6.21654,
              52.686336
            ],
            [
              6.216563,
              52.68637
            ],
            [
              6.216584,
              52.686393
            ],
            [
              6.216608,
              52.686403
            ],
            [
              6.21665,
              52.686406
            ],
            [
              6.216729,
              52.686393
            ],
            [
              6.216846,
              52.686362
            ],
            [
              6.216982,
              52.686311
            ],
            [
              6.217117,
              52.686228
            ],
            [
              6.217188,
              52.686158
            ],
            [
              6.217248,
              52.686114
            ],
            [
              6.217336,
              52.686057
            ],
            [
              6.217449,
              52.685936
            ],
            [
              6.217479,
              52.685785
            ],
            [
              6.217472,
              52.685748
            ],
            [
              6.217459,
              52.685717
            ],
            [
              6.217415,
              52.685606
            ],
            [
              6.217402,
              52.685567
            ],
            [
              6.2174,
              52.685546
            ],
            [
              6.217409,
              52.685533
            ],
            [
              6.217426,
              52.685516
            ],
            [
              6.217453,
              52.685499
            ],
            [
              6.217497,
              52.68549
            ],
            [
              6.217826,
              52.685594
            ],
            [
              6.218159,
              52.685787
            ],
            [
              6.218316,
              52.685924
            ],
            [
              6.218339,
              52.685943
            ],
            [
              6.218367,
              52.685949
            ],
            [
              6.218608,
              52.685951
            ],
            [
              6.218667,
              52.685946
            ],
            [
              6.218719,
              52.685934
            ],
            [
              6.21889,
              52.685883
            ],
            [
              6.218959,
              52.685872
            ],
            [
              6.21922,
              52.685819
            ],
            [
              6.219528,
              52.685775
            ],
            [
              6.219711,
              52.685725
            ],
            [
              6.219807,
              52.685704
            ],
            [
              6.21984,
              52.685677
            ],
            [
              6.219843,
              52.685605
            ],
            [
              6.219805,
              52.685532
            ],
            [
              6.219749,
              52.685483
            ],
            [
              6.219585,
              52.685282
            ],
            [
              6.219437,
              52.685074
            ],
            [
              6.219366,
              52.685027
            ],
            [
              6.219207,
              52.684996
            ],
            [
              6.21916,
              52.684996
            ],
            [
              6.219119,
              52.685003
            ],
            [
              6.219096,
              52.684997
            ],
            [
              6.219068,
              52.68497
            ],
            [
              6.21905,
              52.684932
            ],
            [
              6.219035,
              52.684845
            ],
            [
              6.219026,
              52.684781
            ],
            [
              6.219032,
              52.684711
            ],
            [
              6.219042,
              52.684666
            ],
            [
              6.219064,
              52.684627
            ],
            [
              6.219069,
              52.684537
            ],
            [
              6.219022,
              52.684495
            ],
            [
              6.218989,
              52.684482
            ],
            [
              6.218917,
              52.684458
            ],
            [
              6.218769,
              52.684432
            ],
            [
              6.218744,
              52.684427
            ],
            [
              6.218727,
              52.684414
            ],
            [
              6.218717,
              52.684389
            ],
            [
              6.218711,
              52.684354
            ],
            [
              6.218708,
              52.684327
            ],
            [
              6.218737,
              52.684311
            ],
            [
              6.218758,
              52.684302
            ],
            [
              6.218979,
              52.684241
            ],
            [
              6.219119,
              52.684218
            ],
            [
              6.219162,
              52.68421
            ],
            [
              6.219204,
              52.684208
            ],
            [
              6.219436,
              52.684191
            ],
            [
              6.219477,
              52.68419
            ],
            [
              6.219536,
              52.684179
            ],
            [
              6.219672,
              52.68414
            ],
            [
              6.219888,
              52.684065
            ],
            [
              6.219957,
              52.684023
            ],
            [
              6.220016,
              52.683977
            ],
            [
              6.220082,
              52.683917
            ],
            [
              6.220239,
              52.68376
            ],
            [
              6.220536,
              52.683641
            ],
            [
              6.220584,
              52.683621
            ],
            [
              6.220626,
              52.68361
            ],
            [
              6.220683,
              52.6836
            ],
            [
              6.221139,
              52.683539
            ],
            [
              6.221165,
              52.683536
            ],
            [
              6.22118,
              52.683526
            ],
            [
              6.221183,
              52.683511
            ],
            [
              6.221178,
              52.68349
            ],
            [
              6.22117,
              52.683476
            ],
            [
              6.221089,
              52.683413
            ],
            [
              6.221045,
              52.683347
            ],
            [
              6.220973,
              52.683269
            ],
            [
              6.220951,
              52.683244
            ],
            [
              6.220941,
              52.683221
            ],
            [
              6.220939,
              52.683186
            ],
            [
              6.220994,
              52.682828
            ],
            [
              6.221026,
              52.682804
            ],
            [
              6.221091,
              52.682779
            ],
            [
              6.221145,
              52.68277
            ],
            [
              6.221329,
              52.682742
            ],
            [
              6.221389,
              52.682731
            ],
            [
              6.221413,
              52.682729
            ],
            [
              6.221442,
              52.682731
            ],
            [
              6.22146,
              52.682735
            ],
            [
              6.221473,
              52.682742
            ],
            [
              6.221487,
              52.682753
            ],
            [
              6.221493,
              52.68277
            ],
            [
              6.221499,
              52.682849
            ],
            [
              6.221532,
              52.682963
            ],
            [
              6.221546,
              52.682994
            ],
            [
              6.22156,
              52.683014
            ],
            [
              6.221582,
              52.683036
            ],
            [
              6.221617,
              52.683057
            ],
            [
              6.221652,
              52.683061
            ],
            [
              6.222128,
              52.682989
            ],
            [
              6.222174,
              52.682975
            ],
            [
              6.222222,
              52.682951
            ],
            [
              6.222286,
              52.682927
            ],
            [
              6.222335,
              52.682908
            ],
            [
              6.222431,
              52.682887
            ],
            [
              6.222495,
              52.682862
            ],
            [
              6.222548,
              52.682823
            ],
            [
              6.222592,
              52.682786
            ],
            [
              6.222662,
              52.682738
            ],
            [
              6.222721,
              52.682683
            ],
            [
              6.222759,
              52.682646
            ],
            [
              6.222809,
              52.6826
            ],
            [
              6.222838,
              52.682588
            ],
            [
              6.222886,
              52.682585
            ],
            [
              6.223007,
              52.682605
            ],
            [
              6.223104,
              52.682639
            ],
            [
              6.223206,
              52.682674
            ],
            [
              6.223324,
              52.68272
            ],
            [
              6.22338,
              52.682744
            ],
            [
              6.223436,
              52.68276
            ],
            [
              6.223488,
              52.682768
            ],
            [
              6.223553,
              52.682765
            ],
            [
              6.223657,
              52.682744
            ],
            [
              6.22374,
              52.682721
            ],
            [
              6.223743,
              52.68272
            ],
            [
              6.224038,
              52.682609
            ],
            [
              6.224043,
              52.682607
            ],
            [
              6.224163,
              52.682572
            ],
            [
              6.224192,
              52.682563
            ],
            [
              6.224361,
              52.682509
            ],
            [
              6.224466,
              52.682485
            ],
            [
              6.224493,
              52.682479
            ],
            [
              6.224521,
              52.682472
            ],
            [
              6.224523,
              52.682472
            ],
            [
              6.224841,
              52.682435
            ],
            [
              6.224905,
              52.682431
            ],
            [
              6.224944,
              52.682413
            ],
            [
              6.224945,
              52.682411
            ],
            [
              6.224971,
              52.68236
            ],
            [
              6.225035,
              52.68213
            ],
            [
              6.225033,
              52.682
            ],
            [
              6.225033,
              52.681995
            ],
            [
              6.225049,
              52.681985
            ],
            [
              6.225075,
              52.681975
            ],
            [
              6.225105,
              52.681973
            ],
            [
              6.225142,
              52.681975
            ],
            [
              6.225196,
              52.68199
            ],
            [
              6.225225,
              52.682001
            ],
            [
              6.225277,
              52.682022
            ],
            [
              6.225435,
              52.682107
            ],
            [
              6.22546,
              52.682124
            ],
            [
              6.225475,
              52.682136
            ],
            [
              6.225483,
              52.682144
            ],
            [
              6.225521,
              52.682184
            ],
            [
              6.225541,
              52.682202
            ],
            [
              6.225563,
              52.682218
            ],
            [
              6.225587,
              52.682223
            ],
            [
              6.225615,
              52.682223
            ],
            [
              6.225657,
              52.682215
            ],
            [
              6.225723,
              52.68219
            ],
            [
              6.226158,
              52.681989
            ],
            [
              6.226506,
              52.681872
            ],
            [
              6.226544,
              52.681869
            ],
            [
              6.226609,
              52.681868
            ],
            [
              6.22664,
              52.681865
            ],
            [
              6.226671,
              52.681851
            ],
            [
              6.226848,
              52.681684
            ],
            [
              6.226851,
              52.681654
            ],
            [
              6.226836,
              52.681622
            ],
            [
              6.226797,
              52.681594
            ],
            [
              6.226776,
              52.68158
            ],
            [
              6.22674,
              52.681561
            ],
            [
              6.226707,
              52.681538
            ],
            [
              6.226686,
              52.681515
            ],
            [
              6.226684,
              52.681511
            ],
            [
              6.226677,
              52.6815
            ],
            [
              6.22668,
              52.681484
            ],
            [
              6.226688,
              52.681461
            ],
            [
              6.226704,
              52.681432
            ],
            [
              6.226729,
              52.681401
            ],
            [
              6.226772,
              52.681358
            ],
            [
              6.226854,
              52.681312
            ],
            [
              6.226897,
              52.681294
            ],
            [
              6.226933,
              52.681282
            ],
            [
              6.226952,
              52.681276
            ],
            [
              6.226989,
              52.681267
            ],
            [
              6.227144,
              52.681242
            ],
            [
              6.227182,
              52.681253
            ],
            [
              6.227403,
              52.681317
            ],
            [
              6.227459,
              52.681378
            ],
            [
              6.227484,
              52.68142
            ],
            [
              6.227535,
              52.681478
            ],
            [
              6.227558,
              52.681509
            ],
            [
              6.227585,
              52.681579
            ],
            [
              6.227636,
              52.681645
            ],
            [
              6.227668,
              52.681698
            ],
            [
              6.227671,
              52.681703
            ],
            [
              6.227698,
              52.681726
            ],
            [
              6.227722,
              52.681728
            ],
            [
              6.22775,
              52.681722
            ],
            [
              6.22781,
              52.681687
            ],
            [
              6.227892,
              52.68163
            ],
            [
              6.227978,
              52.681559
            ],
            [
              6.228047,
              52.681491
            ],
            [
              6.228094,
              52.681435
            ],
            [
              6.228148,
              52.681355
            ],
            [
              6.228172,
              52.68132
            ],
            [
              6.228189,
              52.681302
            ],
            [
              6.228231,
              52.681286
            ],
            [
              6.228279,
              52.681277
            ],
            [
              6.228338,
              52.681283
            ],
            [
              6.228397,
              52.681299
            ],
            [
              6.22847,
              52.681354
            ],
            [
              6.228486,
              52.681366
            ],
            [
              6.228543,
              52.681413
            ],
            [
              6.228571,
              52.681452
            ],
            [
              6.228613,
              52.681512
            ],
            [
              6.22867,
              52.681631
            ],
            [
              6.228692,
              52.681649
            ],
            [
              6.228725,
              52.681662
            ],
            [
              6.22877,
              52.681662
            ],
            [
              6.228941,
              52.681604
            ],
            [
              6.22903,
              52.681572
            ],
            [
              6.229036,
              52.681568
            ],
            [
              6.229102,
              52.681524
            ],
            [
              6.229155,
              52.681494
            ],
            [
              6.229196,
              52.681482
            ],
            [
              6.229237,
              52.681481
            ],
            [
              6.229305,
              52.681505
            ],
            [
              6.229378,
              52.68153
            ],
            [
              6.22949,
              52.68159
            ],
            [
              6.229551,
              52.681621
            ],
            [
              6.22961,
              52.681634
            ],
            [
              6.229637,
              52.681633
            ],
            [
              6.229698,
              52.681615
            ],
            [
              6.229771,
              52.681573
            ],
            [
              6.229871,
              52.681516
            ],
            [
              6.229981,
              52.68148
            ],
            [
              6.230094,
              52.681437
            ],
            [
              6.230101,
              52.681434
            ],
            [
              6.23021,
              52.681397
            ],
            [
              6.230264,
              52.681377
            ],
            [
              6.230325,
              52.681351
            ],
            [
              6.230377,
              52.681328
            ],
            [
              6.230385,
              52.681325
            ],
            [
              6.230421,
              52.681306
            ],
            [
              6.230453,
              52.681291
            ],
            [
              6.230486,
              52.681279
            ],
            [
              6.230511,
              52.681271
            ],
            [
              6.230543,
              52.681259
            ],
            [
              6.23057,
              52.681242
            ],
            [
              6.230582,
              52.681223
            ],
            [
              6.230604,
              52.681203
            ],
            [
              6.230615,
              52.681197
            ],
            [
              6.230623,
              52.681193
            ],
            [
              6.230663,
              52.681185
            ],
            [
              6.230718,
              52.681176
            ],
            [
              6.230763,
              52.681175
            ],
            [
              6.230825,
              52.681174
            ],
            [
              6.23094,
              52.681172
            ],
            [
              6.231062,
              52.681171
            ],
            [
              6.23114,
              52.681172
            ],
            [
              6.231148,
              52.681172
            ],
            [
              6.231184,
              52.681174
            ],
            [
              6.231186,
              52.681174
            ],
            [
              6.231405,
              52.681179
            ],
            [
              6.231466,
              52.681182
            ],
            [
              6.23151,
              52.681183
            ],
            [
              6.231537,
              52.681182
            ],
            [
              6.231583,
              52.681183
            ],
            [
              6.23159,
              52.681184
            ],
            [
              6.231619,
              52.681186
            ],
            [
              6.231652,
              52.681187
            ],
            [
              6.23169,
              52.68119
            ],
            [
              6.231747,
              52.6812
            ],
            [
              6.231798,
              52.681213
            ],
            [
              6.231841,
              52.681233
            ],
            [
              6.231891,
              52.681257
            ],
            [
              6.231927,
              52.681291
            ],
            [
              6.231981,
              52.681339
            ],
            [
              6.232025,
              52.681373
            ],
            [
              6.232045,
              52.681391
            ],
            [
              6.232054,
              52.681396
            ],
            [
              6.232081,
              52.681411
            ],
            [
              6.232115,
              52.681435
            ],
            [
              6.232131,
              52.681442
            ],
            [
              6.232179,
              52.681453
            ],
            [
              6.23221,
              52.681458
            ],
            [
              6.232248,
              52.681463
            ],
            [
              6.232279,
              52.681467
            ],
            [
              6.232346,
              52.68147
            ],
            [
              6.232486,
              52.681484
            ],
            [
              6.232523,
              52.68149
            ],
            [
              6.232568,
              52.681496
            ],
            [
              6.232598,
              52.681495
            ],
            [
              6.232621,
              52.681491
            ],
            [
              6.232651,
              52.681486
            ],
            [
              6.232676,
              52.681478
            ],
            [
              6.232741,
              52.681455
            ],
            [
              6.232778,
              52.681437
            ],
            [
              6.232807,
              52.68142
            ],
            [
              6.232842,
              52.681401
            ],
            [
              6.232868,
              52.68138
            ],
            [
              6.232899,
              52.681355
            ],
            [
              6.232926,
              52.681329
            ],
            [
              6.232964,
              52.681297
            ],
            [
              6.23301,
              52.681253
            ],
            [
              6.233032,
              52.681226
            ],
            [
              6.233046,
              52.681209
            ],
            [
              6.233071,
              52.681177
            ],
            [
              6.233085,
              52.681162
            ],
            [
              6.233099,
              52.681119
            ],
            [
              6.233115,
              52.681076
            ],
            [
              6.233117,
              52.681068
            ],
            [
              6.233121,
              52.681059
            ],
            [
              6.233137,
              52.681018
            ],
            [
              6.233142,
              52.68092
            ],
            [
              6.233147,
              52.680892
            ],
            [
              6.233152,
              52.680858
            ],
            [
              6.233166,
              52.680763
            ],
            [
              6.233177,
              52.680728
            ],
            [
              6.233183,
              52.6807
            ],
            [
              6.233175,
              52.680666
            ],
            [
              6.233167,
              52.68063
            ],
            [
              6.233168,
              52.6806
            ],
            [
              6.233168,
              52.680559
            ],
            [
              6.233196,
              52.68052
            ],
            [
              6.233238,
              52.68047
            ],
            [
              6.233257,
              52.680456
            ],
            [
              6.233268,
              52.680452
            ],
            [
              6.233286,
              52.680444
            ],
            [
              6.233384,
              52.680416
            ],
            [
              6.233473,
              52.680394
            ],
            [
              6.233512,
              52.680405
            ],
            [
              6.233571,
              52.680413
            ],
            [
              6.233639,
              52.680421
            ],
            [
              6.233689,
              52.680424
            ],
            [
              6.233733,
              52.680422
            ],
            [
              6.23379,
              52.680411
            ],
            [
              6.233842,
              52.680393
            ],
            [
              6.233859,
              52.680385
            ],
            [
              6.23391,
              52.680371
            ],
            [
              6.233932,
              52.680366
            ],
            [
              6.233965,
              52.680334
            ],
            [
              6.23399,
              52.680314
            ],
            [
              6.234008,
              52.680298
            ],
            [
              6.234046,
              52.680266
            ],
            [
              6.234061,
              52.680238
            ],
            [
              6.234065,
              52.680222
            ],
            [
              6.234048,
              52.680196
            ],
            [
              6.234052,
              52.680175
            ],
            [
              6.234053,
              52.680162
            ],
            [
              6.23404,
              52.680142
            ],
            [
              6.234025,
              52.68013
            ],
            [
              6.234011,
              52.680126
            ],
            [
              6.233978,
              52.680116
            ],
            [
              6.233895,
              52.680087
            ],
            [
              6.233725,
              52.68003
            ],
            [
              6.233683,
              52.680017
            ],
            [
              6.233634,
              52.680003
            ],
            [
              6.233513,
              52.679971
            ],
            [
              6.233438,
              52.679958
            ],
            [
              6.233312,
              52.679932
            ],
            [
              6.233242,
              52.679918
            ],
            [
              6.233222,
              52.679916
            ],
            [
              6.233185,
              52.679919
            ],
            [
              6.233141,
              52.679921
            ],
            [
              6.233108,
              52.679923
            ],
            [
              6.233088,
              52.679923
            ],
            [
              6.233078,
              52.679923
            ],
            [
              6.233017,
              52.679906
            ],
            [
              6.232982,
              52.679894
            ],
            [
              6.232952,
              52.679881
            ],
            [
              6.232925,
              52.67987
            ],
            [
              6.232926,
              52.679844
            ],
            [
              6.232921,
              52.679828
            ],
            [
              6.232917,
              52.679818
            ],
            [
              6.232901,
              52.679778
            ],
            [
              6.232887,
              52.679747
            ],
            [
              6.232883,
              52.679721
            ],
            [
              6.232877,
              52.679689
            ],
            [
              6.232868,
              52.679629
            ],
            [
              6.232864,
              52.679612
            ],
            [
              6.232855,
              52.679594
            ],
            [
              6.232856,
              52.679526
            ],
            [
              6.232846,
              52.679504
            ],
            [
              6.232826,
              52.679431
            ],
            [
              6.232822,
              52.679415
            ],
            [
              6.232821,
              52.679396
            ],
            [
              6.232787,
              52.679357
            ],
            [
              6.232787,
              52.679313
            ],
            [
              6.23278,
              52.679295
            ],
            [
              6.232782,
              52.679275
            ],
            [
              6.232787,
              52.679199
            ],
            [
              6.232794,
              52.67918
            ],
            [
              6.232843,
              52.679109
            ],
            [
              6.233019,
              52.679083
            ],
            [
              6.233069,
              52.67909
            ],
            [
              6.233119,
              52.679091
            ],
            [
              6.233163,
              52.679097
            ],
            [
              6.233203,
              52.679104
            ],
            [
              6.233274,
              52.679127
            ],
            [
              6.233358,
              52.679151
            ],
            [
              6.233384,
              52.679156
            ],
            [
              6.233438,
              52.679164
            ],
            [
              6.23346,
              52.679119
            ],
            [
              6.233472,
              52.679079
            ],
            [
              6.23348,
              52.679041
            ],
            [
              6.23348,
              52.679
            ],
            [
              6.233473,
              52.678971
            ],
            [
              6.233469,
              52.678939
            ],
            [
              6.233467,
              52.67893
            ],
            [
              6.23346,
              52.678914
            ],
            [
              6.233434,
              52.678903
            ],
            [
              6.233395,
              52.678874
            ],
            [
              6.233373,
              52.678849
            ],
            [
              6.233368,
              52.678833
            ],
            [
              6.233397,
              52.678806
            ],
            [
              6.233484,
              52.678766
            ],
            [
              6.233551,
              52.678733
            ],
            [
              6.23357,
              52.678729
            ],
            [
              6.233637,
              52.678729
            ],
            [
              6.233697,
              52.678762
            ],
            [
              6.233865,
              52.678824
            ],
            [
              6.233876,
              52.678828
            ],
            [
              6.233941,
              52.678852
            ],
            [
              6.233963,
              52.678867
            ],
            [
              6.233987,
              52.678882
            ],
            [
              6.234007,
              52.678893
            ],
            [
              6.234028,
              52.678897
            ],
            [
              6.234052,
              52.6789
            ],
            [
              6.234082,
              52.678903
            ],
            [
              6.23411,
              52.678899
            ],
            [
              6.234128,
              52.678892
            ],
            [
              6.234164,
              52.678876
            ],
            [
              6.234218,
              52.678848
            ],
            [
              6.234251,
              52.678827
            ],
            [
              6.234279,
              52.678807
            ],
            [
              6.234347,
              52.678754
            ],
            [
              6.234385,
              52.678723
            ],
            [
              6.23442,
              52.678691
            ],
            [
              6.234435,
              52.678675
            ],
            [
              6.234455,
              52.678655
            ],
            [
              6.234494,
              52.678619
            ],
            [
              6.234499,
              52.678615
            ],
            [
              6.234517,
              52.6786
            ],
            [
              6.234549,
              52.678578
            ],
            [
              6.234626,
              52.678532
            ],
            [
              6.23469,
              52.678494
            ],
            [
              6.23477,
              52.678448
            ],
            [
              6.234833,
              52.678416
            ],
            [
              6.234881,
              52.678388
            ],
            [
              6.234957,
              52.678354
            ],
            [
              6.235026,
              52.678326
            ],
            [
              6.235099,
              52.6783
            ],
            [
              6.235168,
              52.678282
            ],
            [
              6.235255,
              52.678261
            ],
            [
              6.235324,
              52.678245
            ],
            [
              6.235388,
              52.678221
            ],
            [
              6.235451,
              52.678198
            ],
            [
              6.235501,
              52.678183
            ],
            [
              6.235534,
              52.678174
            ],
            [
              6.235616,
              52.678155
            ],
            [
              6.235693,
              52.678141
            ],
            [
              6.235879,
              52.678121
            ],
            [
              6.23602,
              52.678111
            ],
            [
              6.236144,
              52.678107
            ],
            [
              6.236282,
              52.67811
            ],
            [
              6.236352,
              52.67811
            ],
            [
              6.236417,
              52.678108
            ],
            [
              6.236516,
              52.678097
            ],
            [
              6.236571,
              52.678091
            ],
            [
              6.236588,
              52.678089
            ],
            [
              6.236627,
              52.678083
            ],
            [
              6.236685,
              52.678073
            ],
            [
              6.236726,
              52.678061
            ],
            [
              6.236778,
              52.678045
            ],
            [
              6.236808,
              52.678029
            ],
            [
              6.23683,
              52.67801
            ],
            [
              6.23684,
              52.677985
            ],
            [
              6.236844,
              52.677963
            ],
            [
              6.236846,
              52.677954
            ],
            [
              6.236858,
              52.677862
            ],
            [
              6.236864,
              52.677812
            ],
            [
              6.236866,
              52.677793
            ],
            [
              6.236857,
              52.677768
            ],
            [
              6.236836,
              52.677726
            ],
            [
              6.23683,
              52.677701
            ],
            [
              6.236823,
              52.677664
            ],
            [
              6.236874,
              52.67763
            ],
            [
              6.236915,
              52.677603
            ],
            [
              6.236956,
              52.677583
            ],
            [
              6.236985,
              52.677574
            ],
            [
              6.237041,
              52.67756
            ],
            [
              6.237075,
              52.677548
            ],
            [
              6.237134,
              52.67754
            ],
            [
              6.237197,
              52.677534
            ],
            [
              6.237242,
              52.677529
            ],
            [
              6.237307,
              52.677519
            ],
            [
              6.237354,
              52.677513
            ],
            [
              6.237376,
              52.677507
            ],
            [
              6.237463,
              52.67749
            ],
            [
              6.237556,
              52.677471
            ],
            [
              6.237637,
              52.67745
            ],
            [
              6.237732,
              52.677427
            ],
            [
              6.237779,
              52.677416
            ],
            [
              6.237879,
              52.677404
            ],
            [
              6.237938,
              52.677397
            ],
            [
              6.23799,
              52.67739
            ],
            [
              6.238039,
              52.67739
            ],
            [
              6.238098,
              52.677395
            ],
            [
              6.238185,
              52.677412
            ],
            [
              6.238237,
              52.677428
            ],
            [
              6.238328,
              52.677455
            ],
            [
              6.238429,
              52.677484
            ],
            [
              6.238509,
              52.677512
            ],
            [
              6.238573,
              52.677543
            ],
            [
              6.238639,
              52.677578
            ],
            [
              6.2387,
              52.677615
            ],
            [
              6.238719,
              52.677628
            ],
            [
              6.23873,
              52.677635
            ],
            [
              6.238754,
              52.677651
            ],
            [
              6.238793,
              52.677666
            ],
            [
              6.238838,
              52.677687
            ],
            [
              6.238873,
              52.677701
            ],
            [
              6.238908,
              52.677711
            ],
            [
              6.238943,
              52.677718
            ],
            [
              6.238984,
              52.677724
            ],
            [
              6.239024,
              52.677729
            ],
            [
              6.239101,
              52.677725
            ],
            [
              6.239235,
              52.677723
            ],
            [
              6.23928,
              52.677722
            ],
            [
              6.239729,
              52.677702
            ],
            [
              6.239891,
              52.677696
            ],
            [
              6.239939,
              52.677695
            ],
            [
              6.239979,
              52.677694
            ],
            [
              6.24004,
              52.677699
            ],
            [
              6.240089,
              52.677702
            ],
            [
              6.240123,
              52.677709
            ],
            [
              6.240149,
              52.677713
            ],
            [
              6.240196,
              52.677716
            ],
            [
              6.240284,
              52.677722
            ],
            [
              6.240369,
              52.677726
            ],
            [
              6.240401,
              52.677726
            ],
            [
              6.240504,
              52.677729
            ],
            [
              6.240564,
              52.67774
            ],
            [
              6.240606,
              52.677753
            ],
            [
              6.24067,
              52.67778
            ],
            [
              6.240692,
              52.677795
            ],
            [
              6.24072,
              52.677815
            ],
            [
              6.240907,
              52.677946
            ],
            [
              6.241015,
              52.678023
            ],
            [
              6.2411,
              52.678086
            ],
            [
              6.241149,
              52.678131
            ],
            [
              6.241173,
              52.678154
            ],
            [
              6.241202,
              52.67818
            ],
            [
              6.241232,
              52.678201
            ],
            [
              6.241264,
              52.678218
            ],
            [
              6.241286,
              52.67823
            ],
            [
              6.241302,
              52.678242
            ],
            [
              6.241322,
              52.678247
            ],
            [
              6.241363,
              52.678262
            ],
            [
              6.241399,
              52.67828
            ],
            [
              6.241443,
              52.678301
            ],
            [
              6.241469,
              52.678317
            ],
            [
              6.241495,
              52.678332
            ],
            [
              6.241528,
              52.678342
            ],
            [
              6.241616,
              52.678361
            ],
            [
              6.241645,
              52.678366
            ],
            [
              6.241688,
              52.678371
            ],
            [
              6.241738,
              52.678369
            ],
            [
              6.241774,
              52.678361
            ],
            [
              6.241812,
              52.678354
            ],
            [
              6.241885,
              52.678336
            ],
            [
              6.241943,
              52.67832
            ],
            [
              6.242016,
              52.678296
            ],
            [
              6.242059,
              52.678277
            ],
            [
              6.242062,
              52.678276
            ],
            [
              6.24212,
              52.678249
            ],
            [
              6.242217,
              52.678203
            ],
            [
              6.242258,
              52.678187
            ],
            [
              6.242295,
              52.67818
            ],
            [
              6.24234,
              52.678177
            ],
            [
              6.24237,
              52.678175
            ],
            [
              6.242402,
              52.67817
            ],
            [
              6.242423,
              52.678171
            ],
            [
              6.242445,
              52.678189
            ],
            [
              6.242469,
              52.678212
            ],
            [
              6.242522,
              52.678259
            ],
            [
              6.242565,
              52.678307
            ],
            [
              6.242592,
              52.67834
            ],
            [
              6.242618,
              52.67838
            ],
            [
              6.242664,
              52.678454
            ],
            [
              6.242682,
              52.678479
            ],
            [
              6.242698,
              52.678498
            ],
            [
              6.242702,
              52.678504
            ],
            [
              6.242734,
              52.678552
            ],
            [
              6.242748,
              52.678571
            ],
            [
              6.242782,
              52.678596
            ],
            [
              6.242818,
              52.678617
            ],
            [
              6.242857,
              52.678635
            ],
            [
              6.242903,
              52.678649
            ],
            [
              6.242949,
              52.678658
            ],
            [
              6.243049,
              52.678675
            ],
            [
              6.243101,
              52.678682
            ],
            [
              6.243217,
              52.678698
            ],
            [
              6.243249,
              52.678708
            ],
            [
              6.243292,
              52.678723
            ],
            [
              6.243337,
              52.678744
            ],
            [
              6.243365,
              52.678756
            ],
            [
              6.243369,
              52.678758
            ],
            [
              6.243402,
              52.678768
            ],
            [
              6.243424,
              52.678773
            ],
            [
              6.243499,
              52.678785
            ],
            [
              6.243576,
              52.678769
            ],
            [
              6.24364,
              52.678759
            ],
            [
              6.243674,
              52.678752
            ],
            [
              6.243709,
              52.678737
            ],
            [
              6.243761,
              52.678718
            ],
            [
              6.243795,
              52.678703
            ],
            [
              6.243815,
              52.678689
            ],
            [
              6.243862,
              52.678657
            ],
            [
              6.243948,
              52.678593
            ],
            [
              6.243954,
              52.678588
            ],
            [
              6.244098,
              52.678501
            ],
            [
              6.244238,
              52.678418
            ],
            [
              6.244363,
              52.678349
            ],
            [
              6.24441,
              52.678327
            ],
            [
              6.24449,
              52.67829
            ],
            [
              6.244545,
              52.678237
            ],
            [
              6.244605,
              52.67822
            ],
            [
              6.244647,
              52.67821
            ],
            [
              6.24467,
              52.678197
            ],
            [
              6.244699,
              52.678169
            ],
            [
              6.244759,
              52.678114
            ],
            [
              6.244797,
              52.678064
            ],
            [
              6.244821,
              52.67803
            ],
            [
              6.244842,
              52.677989
            ],
            [
              6.244862,
              52.677947
            ],
            [
              6.244872,
              52.677917
            ],
            [
              6.244878,
              52.677888
            ],
            [
              6.244883,
              52.677861
            ],
            [
              6.244884,
              52.67782
            ],
            [
              6.244889,
              52.677804
            ],
            [
              6.244931,
              52.677771
            ],
            [
              6.244958,
              52.677754
            ],
            [
              6.245006,
              52.677733
            ],
            [
              6.245087,
              52.677689
            ],
            [
              6.245105,
              52.677681
            ],
            [
              6.245137,
              52.677673
            ],
            [
              6.245234,
              52.677655
            ],
            [
              6.245235,
              52.677655
            ],
            [
              6.245266,
              52.677646
            ],
            [
              6.245287,
              52.677633
            ],
            [
              6.245329,
              52.677604
            ],
            [
              6.24535,
              52.67758
            ],
            [
              6.245365,
              52.677563
            ],
            [
              6.245362,
              52.677545
            ],
            [
              6.245334,
              52.677474
            ],
            [
              6.24533,
              52.677426
            ],
            [
              6.245321,
              52.677353
            ],
            [
              6.245319,
              52.677311
            ],
            [
              6.245306,
              52.677251
            ],
            [
              6.245294,
              52.677222
            ],
            [
              6.245311,
              52.677192
            ],
            [
              6.245353,
              52.677169
            ],
            [
              6.245379,
              52.677166
            ],
            [
              6.245409,
              52.677168
            ],
            [
              6.245519,
              52.677206
            ],
            [
              6.245562,
              52.677225
            ],
            [
              6.245648,
              52.677265
            ],
            [
              6.245691,
              52.677286
            ],
            [
              6.245733,
              52.677305
            ],
            [
              6.245754,
              52.677318
            ],
            [
              6.245768,
              52.677326
            ],
            [
              6.245808,
              52.677342
            ],
            [
              6.24588,
              52.677354
            ],
            [
              6.245906,
              52.677348
            ],
            [
              6.245928,
              52.677336
            ],
            [
              6.245959,
              52.677318
            ],
            [
              6.246008,
              52.677275
            ],
            [
              6.24604,
              52.677243
            ],
            [
              6.24608,
              52.677196
            ],
            [
              6.246111,
              52.67715
            ],
            [
              6.246144,
              52.677094
            ],
            [
              6.246165,
              52.677049
            ],
            [
              6.246171,
              52.677037
            ],
            [
              6.246182,
              52.676988
            ],
            [
              6.246183,
              52.676931
            ],
            [
              6.246179,
              52.676871
            ],
            [
              6.246145,
              52.676841
            ],
            [
              6.246133,
              52.67682
            ],
            [
              6.246127,
              52.676796
            ],
            [
              6.246127,
              52.676771
            ],
            [
              6.246136,
              52.676738
            ],
            [
              6.246145,
              52.676712
            ],
            [
              6.246158,
              52.676696
            ],
            [
              6.246178,
              52.676681
            ],
            [
              6.246212,
              52.67666
            ],
            [
              6.246248,
              52.676648
            ],
            [
              6.246286,
              52.676641
            ],
            [
              6.246333,
              52.676632
            ],
            [
              6.246372,
              52.67663
            ],
            [
              6.246419,
              52.676635
            ],
            [
              6.24656,
              52.676651
            ],
            [
              6.246599,
              52.676659
            ],
            [
              6.24664,
              52.676667
            ],
            [
              6.246694,
              52.67669
            ],
            [
              6.246708,
              52.676696
            ],
            [
              6.246721,
              52.676702
            ],
            [
              6.246746,
              52.67671
            ],
            [
              6.246793,
              52.676723
            ],
            [
              6.246824,
              52.676724
            ],
            [
              6.246856,
              52.676721
            ],
            [
              6.246894,
              52.676717
            ],
            [
              6.246927,
              52.676706
            ],
            [
              6.246963,
              52.676682
            ],
            [
              6.246986,
              52.676665
            ],
            [
              6.247007,
              52.676645
            ],
            [
              6.247061,
              52.676586
            ],
            [
              6.247082,
              52.67656
            ],
            [
              6.247091,
              52.676528
            ],
            [
              6.2471,
              52.676492
            ],
            [
              6.247111,
              52.676469
            ],
            [
              6.247128,
              52.676446
            ],
            [
              6.247161,
              52.676408
            ],
            [
              6.247193,
              52.67638
            ],
            [
              6.247194,
              52.67638
            ],
            [
              6.247223,
              52.676358
            ],
            [
              6.247256,
              52.676339
            ],
            [
              6.247256,
              52.676339
            ],
            [
              6.247289,
              52.676324
            ],
            [
              6.247326,
              52.676308
            ],
            [
              6.247364,
              52.676296
            ],
            [
              6.247411,
              52.676288
            ],
            [
              6.247443,
              52.676284
            ],
            [
              6.247472,
              52.676282
            ],
            [
              6.247519,
              52.67625
            ],
            [
              6.247552,
              52.676223
            ],
            [
              6.247636,
              52.676165
            ],
            [
              6.247669,
              52.676133
            ],
            [
              6.247708,
              52.676094
            ],
            [
              6.247728,
              52.676067
            ],
            [
              6.24775,
              52.676026
            ],
            [
              6.247769,
              52.676005
            ],
            [
              6.247777,
              52.675996
            ],
            [
              6.247782,
              52.675978
            ],
            [
              6.247781,
              52.675961
            ],
            [
              6.247782,
              52.675896
            ],
            [
              6.247791,
              52.675881
            ],
            [
              6.247809,
              52.675862
            ],
            [
              6.24783,
              52.675843
            ],
            [
              6.247897,
              52.675813
            ],
            [
              6.247965,
              52.675792
            ],
            [
              6.248059,
              52.675755
            ],
            [
              6.248094,
              52.675745
            ],
            [
              6.248151,
              52.675728
            ],
            [
              6.248232,
              52.675694
            ],
            [
              6.248272,
              52.675678
            ],
            [
              6.248288,
              52.675671
            ],
            [
              6.248331,
              52.675646
            ],
            [
              6.248354,
              52.675633
            ],
            [
              6.248365,
              52.675617
            ],
            [
              6.248373,
              52.675603
            ],
            [
              6.248388,
              52.675572
            ],
            [
              6.248385,
              52.67556
            ],
            [
              6.248384,
              52.675556
            ],
            [
              6.248378,
              52.675529
            ],
            [
              6.248363,
              52.675492
            ],
            [
              6.248349,
              52.675459
            ],
            [
              6.248336,
              52.67542
            ],
            [
              6.248318,
              52.675388
            ],
            [
              6.248307,
              52.675361
            ],
            [
              6.248287,
              52.675331
            ],
            [
              6.248276,
              52.675305
            ],
            [
              6.248271,
              52.675271
            ],
            [
              6.248279,
              52.675234
            ],
            [
              6.248289,
              52.6752
            ],
            [
              6.248303,
              52.675164
            ],
            [
              6.248322,
              52.675117
            ],
            [
              6.248342,
              52.675076
            ],
            [
              6.248347,
              52.675052
            ],
            [
              6.248352,
              52.675008
            ],
            [
              6.248353,
              52.675001
            ],
            [
              6.248358,
              52.674975
            ],
            [
              6.24836,
              52.674944
            ],
            [
              6.248361,
              52.674932
            ],
            [
              6.248363,
              52.674889
            ],
            [
              6.248359,
              52.674801
            ],
            [
              6.248371,
              52.674784
            ],
            [
              6.248396,
              52.674746
            ],
            [
              6.248436,
              52.674691
            ],
            [
              6.248493,
              52.67461
            ],
            [
              6.248543,
              52.674541
            ],
            [
              6.248561,
              52.674519
            ],
            [
              6.248588,
              52.674491
            ],
            [
              6.24862,
              52.674464
            ],
            [
              6.248653,
              52.674436
            ],
            [
              6.248698,
              52.674397
            ],
            [
              6.248728,
              52.674365
            ],
            [
              6.248769,
              52.674315
            ],
            [
              6.248833,
              52.674238
            ],
            [
              6.248863,
              52.674196
            ],
            [
              6.248865,
              52.674193
            ],
            [
              6.248875,
              52.674163
            ],
            [
              6.248878,
              52.674155
            ],
            [
              6.248881,
              52.67415
            ],
            [
              6.248894,
              52.674119
            ],
            [
              6.248911,
              52.674058
            ],
            [
              6.248912,
              52.674054
            ],
            [
              6.248922,
              52.674023
            ],
            [
              6.248929,
              52.674006
            ],
            [
              6.248932,
              52.673997
            ],
            [
              6.248954,
              52.673966
            ],
            [
              6.248967,
              52.673944
            ],
            [
              6.248966,
              52.673901
            ],
            [
              6.248957,
              52.673862
            ],
            [
              6.248946,
              52.673844
            ],
            [
              6.248905,
              52.673816
            ],
            [
              6.248873,
              52.673796
            ],
            [
              6.248851,
              52.673786
            ],
            [
              6.248818,
              52.673781
            ],
            [
              6.248787,
              52.673778
            ],
            [
              6.248771,
              52.673775
            ],
            [
              6.248765,
              52.673775
            ],
            [
              6.248692,
              52.673774
            ],
            [
              6.248609,
              52.673771
            ],
            [
              6.248578,
              52.673755
            ],
            [
              6.248543,
              52.673734
            ],
            [
              6.248509,
              52.673696
            ],
            [
              6.248495,
              52.67367
            ],
            [
              6.248495,
              52.673654
            ],
            [
              6.248491,
              52.673628
            ],
            [
              6.248474,
              52.673599
            ],
            [
              6.248441,
              52.673569
            ],
            [
              6.248424,
              52.673533
            ],
            [
              6.248422,
              52.673525
            ],
            [
              6.248411,
              52.673491
            ],
            [
              6.248397,
              52.67345
            ],
            [
              6.248379,
              52.673422
            ],
            [
              6.248363,
              52.673396
            ],
            [
              6.248337,
              52.673358
            ],
            [
              6.248307,
              52.67333
            ],
            [
              6.248304,
              52.673327
            ],
            [
              6.248283,
              52.673304
            ],
            [
              6.248245,
              52.673281
            ],
            [
              6.2482,
              52.673255
            ],
            [
              6.248153,
              52.67323
            ],
            [
              6.248104,
              52.673208
            ],
            [
              6.24803,
              52.67318
            ],
            [
              6.247975,
              52.673163
            ],
            [
              6.247939,
              52.673155
            ],
            [
              6.24791,
              52.673151
            ],
            [
              6.247867,
              52.673141
            ],
            [
              6.247863,
              52.673141
            ],
            [
              6.247826,
              52.673134
            ],
            [
              6.247787,
              52.673136
            ],
            [
              6.247751,
              52.673139
            ],
            [
              6.247713,
              52.673142
            ],
            [
              6.247679,
              52.673144
            ],
            [
              6.247649,
              52.673137
            ],
            [
              6.247617,
              52.67312
            ],
            [
              6.247576,
              52.673094
            ],
            [
              6.247543,
              52.673073
            ],
            [
              6.247514,
              52.673042
            ],
            [
              6.247482,
              52.673013
            ],
            [
              6.247446,
              52.672981
            ],
            [
              6.247419,
              52.672958
            ],
            [
              6.247383,
              52.672938
            ],
            [
              6.247351,
              52.672918
            ],
            [
              6.247316,
              52.672895
            ],
            [
              6.247293,
              52.672877
            ],
            [
              6.247287,
              52.67286
            ],
            [
              6.247284,
              52.672843
            ],
            [
              6.247286,
              52.672811
            ],
            [
              6.247338,
              52.672776
            ],
            [
              6.247406,
              52.672736
            ],
            [
              6.247489,
              52.672724
            ],
            [
              6.247601,
              52.672719
            ],
            [
              6.247699,
              52.6727
            ],
            [
              6.247891,
              52.672669
            ],
            [
              6.247992,
              52.672656
            ],
            [
              6.248033,
              52.672643
            ],
            [
              6.248057,
              52.672629
            ],
            [
              6.248082,
              52.672618
            ],
            [
              6.248128,
              52.672597
            ],
            [
              6.248206,
              52.672568
            ],
            [
              6.248227,
              52.672553
            ],
            [
              6.248247,
              52.672531
            ],
            [
              6.248261,
              52.67251
            ],
            [
              6.248258,
              52.672481
            ],
            [
              6.248248,
              52.672428
            ],
            [
              6.248243,
              52.672382
            ],
            [
              6.24823,
              52.67233
            ],
            [
              6.248223,
              52.672292
            ],
            [
              6.248225,
              52.672244
            ],
            [
              6.248232,
              52.672174
            ],
            [
              6.24823,
              52.672143
            ],
            [
              6.248228,
              52.672117
            ],
            [
              6.248227,
              52.672103
            ],
            [
              6.248211,
              52.672071
            ],
            [
              6.248206,
              52.672035
            ],
            [
              6.248204,
              52.671998
            ],
            [
              6.248214,
              52.671974
            ],
            [
              6.248227,
              52.671956
            ],
            [
              6.248253,
              52.671936
            ],
            [
              6.248304,
              52.671906
            ],
            [
              6.248352,
              52.671882
            ],
            [
              6.2484,
              52.671862
            ],
            [
              6.248507,
              52.671827
            ],
            [
              6.248531,
              52.671816
            ],
            [
              6.248574,
              52.671802
            ],
            [
              6.248637,
              52.671792
            ],
            [
              6.248674,
              52.671787
            ],
            [
              6.248734,
              52.671778
            ],
            [
              6.248838,
              52.671768
            ],
            [
              6.248942,
              52.671757
            ],
            [
              6.248971,
              52.671751
            ],
            [
              6.249028,
              52.671742
            ],
            [
              6.249069,
              52.671755
            ],
            [
              6.24911,
              52.671756
            ],
            [
              6.249135,
              52.671753
            ],
            [
              6.249166,
              52.671738
            ],
            [
              6.249184,
              52.671725
            ],
            [
              6.249191,
              52.671705
            ],
            [
              6.249193,
              52.671676
            ],
            [
              6.249202,
              52.671625
            ],
            [
              6.249201,
              52.671604
            ],
            [
              6.249208,
              52.67158
            ],
            [
              6.249197,
              52.671545
            ],
            [
              6.249177,
              52.671489
            ],
            [
              6.249168,
              52.671467
            ],
            [
              6.249179,
              52.671438
            ],
            [
              6.249185,
              52.671419
            ],
            [
              6.249201,
              52.671397
            ],
            [
              6.249238,
              52.671371
            ],
            [
              6.249303,
              52.671358
            ],
            [
              6.24937,
              52.671363
            ],
            [
              6.249555,
              52.671385
            ],
            [
              6.249713,
              52.671399
            ],
            [
              6.249765,
              52.671412
            ],
            [
              6.249813,
              52.671432
            ],
            [
              6.249874,
              52.671513
            ],
            [
              6.24987,
              52.671541
            ],
            [
              6.249856,
              52.671561
            ],
            [
              6.249842,
              52.671588
            ],
            [
              6.249856,
              52.671613
            ],
            [
              6.24986,
              52.671616
            ],
            [
              6.249878,
              52.671636
            ],
            [
              6.249939,
              52.671645
            ],
            [
              6.249948,
              52.671646
            ],
            [
              6.249977,
              52.671648
            ],
            [
              6.250029,
              52.671639
            ],
            [
              6.250106,
              52.671623
            ],
            [
              6.250178,
              52.671611
            ],
            [
              6.250237,
              52.671605
            ],
            [
              6.250302,
              52.671601
            ],
            [
              6.25036,
              52.671603
            ],
            [
              6.250386,
              52.671607
            ],
            [
              6.250418,
              52.671633
            ],
            [
              6.250444,
              52.671661
            ],
            [
              6.250425,
              52.671706
            ],
            [
              6.250398,
              52.671763
            ],
            [
              6.250416,
              52.671802
            ],
            [
              6.250443,
              52.671856
            ],
            [
              6.25048,
              52.671871
            ],
            [
              6.250524,
              52.671878
            ],
            [
              6.250566,
              52.671878
            ],
            [
              6.250612,
              52.671867
            ],
            [
              6.250651,
              52.671852
            ],
            [
              6.250694,
              52.671828
            ],
            [
              6.250771,
              52.671782
            ],
            [
              6.250862,
              52.67173
            ],
            [
              6.250894,
              52.671698
            ],
            [
              6.250927,
              52.671674
            ],
            [
              6.250965,
              52.671642
            ],
            [
              6.250976,
              52.671618
            ],
            [
              6.250988,
              52.671589
            ],
            [
              6.250993,
              52.671564
            ],
            [
              6.250981,
              52.671527
            ],
            [
              6.250969,
              52.671494
            ],
            [
              6.250948,
              52.671458
            ],
            [
              6.250925,
              52.671421
            ],
            [
              6.250897,
              52.671384
            ],
            [
              6.250875,
              52.671362
            ],
            [
              6.250837,
              52.671332
            ],
            [
              6.2508,
              52.671308
            ],
            [
              6.250768,
              52.671286
            ],
            [
              6.250713,
              52.671262
            ],
            [
              6.250648,
              52.67124
            ],
            [
              6.25058,
              52.671215
            ],
            [
              6.2505,
              52.671185
            ],
            [
              6.250451,
              52.671171
            ],
            [
              6.250384,
              52.671152
            ],
            [
              6.250339,
              52.671141
            ],
            [
              6.250297,
              52.671123
            ],
            [
              6.250276,
              52.671109
            ],
            [
              6.250274,
              52.671108
            ],
            [
              6.25027,
              52.671096
            ],
            [
              6.250276,
              52.671074
            ],
            [
              6.250298,
              52.671028
            ],
            [
              6.250355,
              52.670958
            ],
            [
              6.250422,
              52.670897
            ],
            [
              6.250488,
              52.670832
            ],
            [
              6.250532,
              52.670781
            ],
            [
              6.25058,
              52.670721
            ],
            [
              6.250605,
              52.670683
            ],
            [
              6.250656,
              52.670648
            ],
            [
              6.250712,
              52.670604
            ],
            [
              6.250755,
              52.670583
            ],
            [
              6.250792,
              52.670562
            ],
            [
              6.250852,
              52.670539
            ],
            [
              6.25091,
              52.670524
            ],
            [
              6.250974,
              52.670511
            ],
            [
              6.251034,
              52.670497
            ],
            [
              6.251085,
              52.670479
            ],
            [
              6.251127,
              52.670455
            ],
            [
              6.251188,
              52.670417
            ],
            [
              6.251242,
              52.670374
            ],
            [
              6.251327,
              52.670303
            ],
            [
              6.25145,
              52.670246
            ],
            [
              6.251546,
              52.670189
            ],
            [
              6.251626,
              52.670145
            ],
            [
              6.251707,
              52.6701
            ],
            [
              6.251766,
              52.670066
            ],
            [
              6.251813,
              52.670022
            ],
            [
              6.251842,
              52.669993
            ],
            [
              6.251855,
              52.66998
            ],
            [
              6.251899,
              52.669944
            ],
            [
              6.251949,
              52.669911
            ],
            [
              6.252002,
              52.669881
            ],
            [
              6.252029,
              52.669887
            ],
            [
              6.252116,
              52.669949
            ],
            [
              6.252141,
              52.669967
            ],
            [
              6.25231,
              52.670029
            ],
            [
              6.252337,
              52.670037
            ],
            [
              6.252425,
              52.670046
            ],
            [
              6.252499,
              52.670043
            ],
            [
              6.252578,
              52.670038
            ],
            [
              6.252688,
              52.670025
            ],
            [
              6.252784,
              52.670026
            ],
            [
              6.252898,
              52.670026
            ],
            [
              6.252956,
              52.670034
            ],
            [
              6.253119,
              52.670062
            ],
            [
              6.253149,
              52.670067
            ],
            [
              6.253196,
              52.670101
            ],
            [
              6.253308,
              52.670069
            ],
            [
              6.253317,
              52.670066
            ],
            [
              6.253424,
              52.670029
            ],
            [
              6.253521,
              52.670006
            ],
            [
              6.253677,
              52.669998
            ],
            [
              6.25376,
              52.670021
            ],
            [
              6.253791,
              52.670035
            ],
            [
              6.253864,
              52.670089
            ],
            [
              6.253955,
              52.670151
            ],
            [
              6.253961,
              52.670156
            ],
            [
              6.253995,
              52.670182
            ],
            [
              6.254046,
              52.670205
            ],
            [
              6.254096,
              52.670222
            ],
            [
              6.254121,
              52.670224
            ],
            [
              6.254173,
              52.670221
            ],
            [
              6.254221,
              52.670208
            ],
            [
              6.254256,
              52.670198
            ],
            [
              6.254336,
              52.670141
            ],
            [
              6.254359,
              52.670116
            ],
            [
              6.254466,
              52.669927
            ],
            [
              6.254481,
              52.6699
            ],
            [
              6.254482,
              52.669867
            ],
            [
              6.25448,
              52.669841
            ],
            [
              6.25448,
              52.669814
            ],
            [
              6.254494,
              52.669778
            ],
            [
              6.254511,
              52.669736
            ],
            [
              6.254533,
              52.669704
            ],
            [
              6.254561,
              52.669668
            ],
            [
              6.254591,
              52.669641
            ],
            [
              6.254622,
              52.669618
            ],
            [
              6.254736,
              52.669579
            ],
            [
              6.254818,
              52.669623
            ],
            [
              6.254836,
              52.669702
            ],
            [
              6.254843,
              52.669733
            ],
            [
              6.254849,
              52.669761
            ],
            [
              6.25486,
              52.6698
            ],
            [
              6.254861,
              52.669856
            ],
            [
              6.254872,
              52.669913
            ],
            [
              6.254895,
              52.669973
            ],
            [
              6.254888,
              52.67002
            ],
            [
              6.254907,
              52.670053
            ],
            [
              6.254925,
              52.670066
            ],
            [
              6.254945,
              52.670079
            ],
            [
              6.254972,
              52.670092
            ],
            [
              6.255011,
              52.670094
            ],
            [
              6.255042,
              52.670088
            ],
            [
              6.255079,
              52.670072
            ],
            [
              6.255088,
              52.670055
            ],
            [
              6.255057,
              52.66998
            ],
            [
              6.255096,
              52.66986
            ],
            [
              6.255144,
              52.66977
            ],
            [
              6.255239,
              52.669736
            ],
            [
              6.255329,
              52.669762
            ],
            [
              6.255382,
              52.669795
            ],
            [
              6.255463,
              52.669855
            ],
            [
              6.255489,
              52.669875
            ],
            [
              6.255584,
              52.669935
            ],
            [
              6.255597,
              52.669944
            ],
            [
              6.255695,
              52.669924
            ],
            [
              6.255778,
              52.66984
            ],
            [
              6.255802,
              52.669768
            ],
            [
              6.255817,
              52.669716
            ],
            [
              6.255816,
              52.669671
            ],
            [
              6.255825,
              52.66965
            ],
            [
              6.255838,
              52.669622
            ],
            [
              6.255845,
              52.66962
            ],
            [
              6.255912,
              52.669602
            ],
            [
              6.256003,
              52.669634
            ],
            [
              6.25601,
              52.669654
            ],
            [
              6.256011,
              52.669655
            ],
            [
              6.256065,
              52.669812
            ],
            [
              6.256192,
              52.669914
            ],
            [
              6.256266,
              52.669949
            ],
            [
              6.256355,
              52.669972
            ],
            [
              6.256415,
              52.669981
            ],
            [
              6.256467,
              52.669985
            ],
            [
              6.256628,
              52.669984
            ],
            [
              6.256812,
              52.669984
            ],
            [
              6.256878,
              52.669967
            ],
            [
              6.257116,
              52.669958
            ],
            [
              6.257142,
              52.669981
            ],
            [
              6.257191,
              52.670017
            ],
            [
              6.257231,
              52.670072
            ],
            [
              6.257232,
              52.670075
            ],
            [
              6.257263,
              52.670135
            ],
            [
              6.257309,
              52.670191
            ],
            [
              6.257324,
              52.670225
            ],
            [
              6.257332,
              52.670346
            ],
            [
              6.25742,
              52.670408
            ],
            [
              6.257607,
              52.670398
            ],
            [
              6.257775,
              52.670295
            ],
            [
              6.257828,
              52.670248
            ],
            [
              6.257883,
              52.670208
            ],
            [
              6.257975,
              52.67011
            ],
            [
              6.258004,
              52.670071
            ],
            [
              6.258028,
              52.670032
            ],
            [
              6.258042,
              52.669995
            ],
            [
              6.25803,
              52.669932
            ],
            [
              6.258026,
              52.66991
            ],
            [
              6.258042,
              52.669845
            ],
            [
              6.258116,
              52.669817
            ],
            [
              6.258176,
              52.669818
            ],
            [
              6.258354,
              52.669854
            ],
            [
              6.258464,
              52.669874
            ],
            [
              6.258707,
              52.669911
            ],
            [
              6.258889,
              52.66992
            ],
            [
              6.258949,
              52.669921
            ],
            [
              6.259181,
              52.669914
            ],
            [
              6.259255,
              52.669896
            ],
            [
              6.259427,
              52.669864
            ],
            [
              6.25944,
              52.669869
            ],
            [
              6.259532,
              52.6699
            ],
            [
              6.259592,
              52.669967
            ],
            [
              6.259681,
              52.670102
            ],
            [
              6.259751,
              52.670259
            ],
            [
              6.259796,
              52.670359
            ],
            [
              6.259895,
              52.670402
            ],
            [
              6.259944,
              52.670397
            ],
            [
              6.260044,
              52.670429
            ],
            [
              6.260148,
              52.670443
            ],
            [
              6.260308,
              52.670451
            ],
            [
              6.260535,
              52.670478
            ],
            [
              6.260621,
              52.670453
            ],
            [
              6.260672,
              52.670424
            ],
            [
              6.26076,
              52.670367
            ],
            [
              6.260838,
              52.670301
            ],
            [
              6.260881,
              52.670273
            ],
            [
              6.26091,
              52.670254
            ],
            [
              6.261037,
              52.670199
            ],
            [
              6.261111,
              52.670187
            ],
            [
              6.26121,
              52.670158
            ],
            [
              6.261324,
              52.670128
            ],
            [
              6.261501,
              52.670122
            ],
            [
              6.261625,
              52.670138
            ],
            [
              6.261703,
              52.670138
            ],
            [
              6.261779,
              52.67011
            ],
            [
              6.261792,
              52.670102
            ],
            [
              6.261795,
              52.670101
            ],
            [
              6.261854,
              52.670068
            ],
            [
              6.261873,
              52.670057
            ],
            [
              6.26192,
              52.67001
            ],
            [
              6.261961,
              52.669973
            ],
            [
              6.262028,
              52.669895
            ],
            [
              6.262179,
              52.669731
            ],
            [
              6.262313,
              52.669681
            ],
            [
              6.262389,
              52.66968
            ],
            [
              6.262534,
              52.669686
            ],
            [
              6.262586,
              52.66969
            ],
            [
              6.262706,
              52.669739
            ],
            [
              6.262887,
              52.66979
            ],
            [
              6.262989,
              52.669806
            ],
            [
              6.263012,
              52.669809
            ],
            [
              6.263078,
              52.669815
            ],
            [
              6.263165,
              52.669798
            ],
            [
              6.263222,
              52.669778
            ],
            [
              6.263262,
              52.669741
            ],
            [
              6.26328,
              52.669724
            ],
            [
              6.263289,
              52.669696
            ],
            [
              6.263299,
              52.66964
            ],
            [
              6.263351,
              52.669553
            ],
            [
              6.263353,
              52.669552
            ],
            [
              6.263452,
              52.66947
            ],
            [
              6.263503,
              52.669448
            ],
            [
              6.26378,
              52.669402
            ],
            [
              6.26403,
              52.669379
            ],
            [
              6.264081,
              52.669353
            ],
            [
              6.264567,
              52.66928
            ],
            [
              6.264765,
              52.669278
            ],
            [
              6.264902,
              52.669298
            ],
            [
              6.264913,
              52.669299
            ],
            [
              6.265401,
              52.669179
            ],
            [
              6.26545,
              52.669165
            ],
            [
              6.265489,
              52.669139
            ],
            [
              6.265487,
              52.66905
            ],
            [
              6.265336,
              52.668855
            ],
            [
              6.265287,
              52.668763
            ],
            [
              6.265281,
              52.668736
            ],
            [
              6.265231,
              52.668579
            ],
            [
              6.265214,
              52.668433
            ],
            [
              6.265237,
              52.668335
            ],
            [
              6.265368,
              52.668165
            ],
            [
              6.26549,
              52.668037
            ],
            [
              6.265489,
              52.668032
            ],
            [
              6.265489,
              52.668013
            ],
            [
              6.265501,
              52.667988
            ],
            [
              6.265521,
              52.667947
            ],
            [
              6.265536,
              52.667914
            ],
            [
              6.265567,
              52.667849
            ],
            [
              6.265576,
              52.667758
            ],
            [
              6.265579,
              52.667733
            ],
            [
              6.265574,
              52.667637
            ],
            [
              6.265552,
              52.667407
            ],
            [
              6.265574,
              52.667264
            ],
            [
              6.265583,
              52.667206
            ],
            [
              6.265613,
              52.667112
            ],
            [
              6.265694,
              52.666987
            ],
            [
              6.265794,
              52.666865
            ],
            [
              6.265896,
              52.66678
            ],
            [
              6.26604,
              52.666699
            ],
            [
              6.266044,
              52.666698
            ],
            [
              6.266151,
              52.666659
            ],
            [
              6.266242,
              52.666625
            ],
            [
              6.266563,
              52.666516
            ],
            [
              6.266894,
              52.666408
            ],
            [
              6.267159,
              52.666322
            ],
            [
              6.267183,
              52.666314
            ],
            [
              6.267968,
              52.666003
            ],
            [
              6.268586,
              52.66575
            ],
            [
              6.268667,
              52.665709
            ],
            [
              6.268709,
              52.665678
            ],
            [
              6.268746,
              52.665646
            ],
            [
              6.268808,
              52.665588
            ],
            [
              6.268901,
              52.665501
            ],
            [
              6.269112,
              52.665326
            ],
            [
              6.269215,
              52.66524
            ],
            [
              6.269348,
              52.665137
            ],
            [
              6.269449,
              52.665058
            ],
            [
              6.269526,
              52.664997
            ],
            [
              6.269627,
              52.664942
            ],
            [
              6.269767,
              52.664876
            ],
            [
              6.269915,
              52.664826
            ],
            [
              6.270067,
              52.664794
            ],
            [
              6.270118,
              52.664799
            ],
            [
              6.270121,
              52.664799
            ],
            [
              6.270222,
              52.664808
            ],
            [
              6.270292,
              52.664826
            ],
            [
              6.270388,
              52.664854
            ],
            [
              6.270467,
              52.66489
            ],
            [
              6.270563,
              52.664935
            ],
            [
              6.270636,
              52.66495
            ],
            [
              6.270698,
              52.664945
            ],
            [
              6.271076,
              52.664869
            ],
            [
              6.271196,
              52.664845
            ],
            [
              6.271241,
              52.664836
            ],
            [
              6.27137,
              52.664809
            ],
            [
              6.271477,
              52.664772
            ],
            [
              6.271593,
              52.664755
            ],
            [
              6.271703,
              52.66475
            ],
            [
              6.271791,
              52.664767
            ],
            [
              6.27191,
              52.664788
            ],
            [
              6.272257,
              52.664856
            ],
            [
              6.272328,
              52.664854
            ],
            [
              6.272406,
              52.664837
            ],
            [
              6.272468,
              52.664803
            ],
            [
              6.272529,
              52.664761
            ],
            [
              6.272626,
              52.66474
            ],
            [
              6.272712,
              52.664741
            ],
            [
              6.272827,
              52.664767
            ],
            [
              6.272954,
              52.664797
            ],
            [
              6.273064,
              52.66481
            ],
            [
              6.273134,
              52.664818
            ],
            [
              6.273174,
              52.664829
            ],
            [
              6.2732,
              52.664837
            ],
            [
              6.273269,
              52.664873
            ],
            [
              6.273339,
              52.66491
            ],
            [
              6.273403,
              52.664969
            ],
            [
              6.273503,
              52.665117
            ],
            [
              6.273655,
              52.665379
            ],
            [
              6.273645,
              52.665428
            ],
            [
              6.273634,
              52.665483
            ],
            [
              6.273635,
              52.665504
            ],
            [
              6.273637,
              52.665557
            ],
            [
              6.273679,
              52.665631
            ],
            [
              6.273794,
              52.665713
            ],
            [
              6.273826,
              52.665734
            ],
            [
              6.273947,
              52.665814
            ],
            [
              6.274103,
              52.665924
            ],
            [
              6.27423,
              52.665995
            ],
            [
              6.274374,
              52.666105
            ],
            [
              6.274478,
              52.666236
            ],
            [
              6.274509,
              52.666342
            ],
            [
              6.274529,
              52.666555
            ],
            [
              6.274495,
              52.666764
            ],
            [
              6.274495,
              52.666765
            ],
            [
              6.274492,
              52.666784
            ],
            [
              6.274489,
              52.666801
            ],
            [
              6.274485,
              52.666827
            ],
            [
              6.274492,
              52.666861
            ],
            [
              6.274494,
              52.666873
            ],
            [
              6.274513,
              52.666898
            ],
            [
              6.27454,
              52.66691
            ],
            [
              6.274558,
              52.666918
            ],
            [
              6.274627,
              52.666946
            ],
            [
              6.274683,
              52.666981
            ],
            [
              6.274752,
              52.667046
            ],
            [
              6.274804,
              52.667114
            ],
            [
              6.27485,
              52.667185
            ],
            [
              6.274906,
              52.667225
            ],
            [
              6.274984,
              52.66725
            ],
            [
              6.275078,
              52.667261
            ],
            [
              6.275336,
              52.667265
            ],
            [
              6.275361,
              52.667265
            ],
            [
              6.27549,
              52.667281
            ],
            [
              6.275598,
              52.667307
            ],
            [
              6.275701,
              52.667333
            ],
            [
              6.275764,
              52.667342
            ],
            [
              6.275844,
              52.667333
            ],
            [
              6.275919,
              52.667314
            ],
            [
              6.27598,
              52.667292
            ],
            [
              6.276037,
              52.667261
            ],
            [
              6.276048,
              52.667255
            ],
            [
              6.276112,
              52.667236
            ],
            [
              6.276163,
              52.667239
            ],
            [
              6.276199,
              52.667252
            ],
            [
              6.276226,
              52.667271
            ],
            [
              6.276254,
              52.667313
            ],
            [
              6.276369,
              52.667533
            ],
            [
              6.276473,
              52.667717
            ],
            [
              6.276511,
              52.667765
            ],
            [
              6.276562,
              52.667799
            ],
            [
              6.276597,
              52.667867
            ],
            [
              6.276608,
              52.667931
            ],
            [
              6.276615,
              52.668013
            ],
            [
              6.27664,
              52.66827
            ],
            [
              6.276698,
              52.668537
            ],
            [
              6.276732,
              52.668659
            ],
            [
              6.276769,
              52.668712
            ],
            [
              6.276816,
              52.668746
            ],
            [
              6.27688,
              52.668779
            ],
            [
              6.276958,
              52.66881
            ],
            [
              6.277184,
              52.668872
            ],
            [
              6.277293,
              52.66892
            ],
            [
              6.27735,
              52.668931
            ],
            [
              6.277387,
              52.668937
            ],
            [
              6.277448,
              52.66894
            ],
            [
              6.277491,
              52.668931
            ],
            [
              6.277526,
              52.668917
            ],
            [
              6.277556,
              52.668898
            ],
            [
              6.277574,
              52.668871
            ],
            [
              6.277565,
              52.668779
            ],
            [
              6.277565,
              52.668777
            ],
            [
              6.277555,
              52.668728
            ],
            [
              6.277583,
              52.668695
            ],
            [
              6.27776,
              52.668568
            ],
            [
              6.277823,
              52.668543
            ],
            [
              6.277905,
              52.668539
            ],
            [
              6.277991,
              52.668559
            ],
            [
              6.278255,
              52.668625
            ],
            [
              6.278278,
              52.668631
            ],
            [
              6.278383,
              52.668657
            ],
            [
              6.278708,
              52.668751
            ],
            [
              6.278847,
              52.668844
            ],
            [
              6.279019,
              52.66903
            ],
            [
              6.279056,
              52.669051
            ],
            [
              6.279107,
              52.669058
            ],
            [
              6.279163,
              52.669053
            ],
            [
              6.279299,
              52.669001
            ],
            [
              6.27932,
              52.668991
            ],
            [
              6.27944,
              52.668934
            ],
            [
              6.279676,
              52.668855
            ],
            [
              6.279923,
              52.668797
            ],
            [
              6.280063,
              52.668766
            ],
            [
              6.280188,
              52.668732
            ],
            [
              6.280362,
              52.668723
            ],
            [
              6.280483,
              52.668726
            ],
            [
              6.280541,
              52.668727
            ],
            [
              6.280659,
              52.668719
            ],
            [
              6.280743,
              52.668694
            ],
            [
              6.28082,
              52.668673
            ],
            [
              6.280994,
              52.668629
            ],
            [
              6.281041,
              52.668607
            ],
            [
              6.281052,
              52.668596
            ],
            [
              6.281069,
              52.668579
            ],
            [
              6.281093,
              52.668543
            ],
            [
              6.281104,
              52.668511
            ],
            [
              6.281111,
              52.668478
            ],
            [
              6.28112,
              52.668467
            ],
            [
              6.281128,
              52.668456
            ],
            [
              6.281137,
              52.668453
            ],
            [
              6.281189,
              52.668444
            ],
            [
              6.28128,
              52.668439
            ],
            [
              6.281335,
              52.668439
            ],
            [
              6.281414,
              52.668439
            ],
            [
              6.281563,
              52.668443
            ],
            [
              6.281619,
              52.668441
            ],
            [
              6.28169,
              52.668444
            ],
            [
              6.281744,
              52.668438
            ],
            [
              6.281751,
              52.668437
            ],
            [
              6.281794,
              52.668429
            ],
            [
              6.281829,
              52.668421
            ],
            [
              6.281847,
              52.668415
            ],
            [
              6.281866,
              52.668409
            ],
            [
              6.281968,
              52.668359
            ],
            [
              6.282126,
              52.668279
            ],
            [
              6.282156,
              52.668268
            ],
            [
              6.282309,
              52.668261
            ],
            [
              6.282425,
              52.668257
            ],
            [
              6.282504,
              52.668253
            ],
            [
              6.28257,
              52.668247
            ],
            [
              6.282651,
              52.668231
            ],
            [
              6.282705,
              52.668219
            ],
            [
              6.282763,
              52.668199
            ],
            [
              6.282861,
              52.668162
            ],
            [
              6.282902,
              52.668143
            ],
            [
              6.282987,
              52.668103
            ],
            [
              6.283089,
              52.668042
            ],
            [
              6.283187,
              52.667977
            ],
            [
              6.283322,
              52.667884
            ],
            [
              6.283368,
              52.667847
            ],
            [
              6.283392,
              52.667825
            ],
            [
              6.283401,
              52.667813
            ],
            [
              6.283401,
              52.667813
            ],
            [
              6.283443,
              52.667767
            ],
            [
              6.283465,
              52.667733
            ],
            [
              6.283474,
              52.667698
            ],
            [
              6.283472,
              52.667654
            ],
            [
              6.283489,
              52.66759
            ],
            [
              6.283514,
              52.667509
            ],
            [
              6.283535,
              52.667465
            ],
            [
              6.283608,
              52.667416
            ],
            [
              6.283672,
              52.667386
            ],
            [
              6.283721,
              52.667366
            ],
            [
              6.283811,
              52.667338
            ],
            [
              6.284007,
              52.66728
            ],
            [
              6.284102,
              52.667254
            ],
            [
              6.284178,
              52.667233
            ],
            [
              6.284285,
              52.667215
            ],
            [
              6.284342,
              52.667206
            ],
            [
              6.284384,
              52.667199
            ],
            [
              6.284428,
              52.667191
            ],
            [
              6.284456,
              52.667183
            ],
            [
              6.284472,
              52.66718
            ],
            [
              6.284482,
              52.667174
            ],
            [
              6.284524,
              52.667157
            ],
            [
              6.284531,
              52.667153
            ],
            [
              6.284559,
              52.667139
            ],
            [
              6.284696,
              52.667125
            ],
            [
              6.284899,
              52.667105
            ],
            [
              6.285277,
              52.667084
            ],
            [
              6.285402,
              52.667052
            ],
            [
              6.285465,
              52.667022
            ],
            [
              6.285491,
              52.666992
            ],
            [
              6.285492,
              52.666991
            ],
            [
              6.285498,
              52.666983
            ],
            [
              6.285528,
              52.666944
            ],
            [
              6.285532,
              52.666912
            ],
            [
              6.285535,
              52.666895
            ],
            [
              6.285488,
              52.666634
            ],
            [
              6.285423,
              52.666445
            ],
            [
              6.285313,
              52.666346
            ],
            [
              6.285108,
              52.66616
            ],
            [
              6.28505,
              52.666107
            ],
            [
              6.28498,
              52.666069
            ],
            [
              6.284953,
              52.666008
            ],
            [
              6.284976,
              52.665914
            ],
            [
              6.285005,
              52.665594
            ],
            [
              6.285016,
              52.665465
            ],
            [
              6.285052,
              52.665394
            ],
            [
              6.285148,
              52.665343
            ],
            [
              6.285422,
              52.665229
            ],
            [
              6.285527,
              52.665185
            ],
            [
              6.285636,
              52.66514
            ],
            [
              6.286254,
              52.664813
            ],
            [
              6.286322,
              52.664763
            ],
            [
              6.286452,
              52.664665
            ],
            [
              6.286779,
              52.664444
            ],
            [
              6.286816,
              52.664419
            ],
            [
              6.286871,
              52.664379
            ],
            [
              6.287047,
              52.66425
            ],
            [
              6.287084,
              52.664222
            ],
            [
              6.287203,
              52.664194
            ],
            [
              6.287205,
              52.664193
            ],
            [
              6.287226,
              52.664181
            ],
            [
              6.287234,
              52.664158
            ],
            [
              6.287225,
              52.664137
            ],
            [
              6.287209,
              52.664121
            ],
            [
              6.287179,
              52.664091
            ],
            [
              6.287169,
              52.664052
            ],
            [
              6.287099,
              52.66377
            ],
            [
              6.287216,
              52.663609
            ],
            [
              6.287292,
              52.663556
            ],
            [
              6.28737,
              52.663509
            ],
            [
              6.287487,
              52.663453
            ],
            [
              6.28755,
              52.663497
            ],
            [
              6.287833,
              52.663694
            ],
            [
              6.287858,
              52.663711
            ],
            [
              6.287934,
              52.663775
            ],
            [
              6.288042,
              52.663827
            ],
            [
              6.28817,
              52.66387
            ],
            [
              6.28827,
              52.663887
            ],
            [
              6.288357,
              52.663878
            ],
            [
              6.288443,
              52.663857
            ],
            [
              6.288501,
              52.663828
            ],
            [
              6.288544,
              52.663787
            ],
            [
              6.288559,
              52.663736
            ],
            [
              6.288559,
              52.663652
            ],
            [
              6.28856,
              52.663567
            ],
            [
              6.288585,
              52.6635
            ],
            [
              6.288645,
              52.663434
            ],
            [
              6.288716,
              52.663378
            ],
            [
              6.288812,
              52.663318
            ],
            [
              6.288874,
              52.663292
            ],
            [
              6.288973,
              52.66325
            ],
            [
              6.289056,
              52.663249
            ],
            [
              6.289606,
              52.663246
            ],
            [
              6.290115,
              52.663169
            ],
            [
              6.290185,
              52.663145
            ],
            [
              6.290222,
              52.663117
            ],
            [
              6.290471,
              52.662893
            ],
            [
              6.290521,
              52.662852
            ],
            [
              6.290565,
              52.662827
            ],
            [
              6.290571,
              52.662824
            ],
            [
              6.290646,
              52.662788
            ],
            [
              6.290702,
              52.66278
            ],
            [
              6.29075,
              52.662773
            ],
            [
              6.291066,
              52.662728
            ],
            [
              6.291312,
              52.662693
            ],
            [
              6.291351,
              52.662687
            ],
            [
              6.291368,
              52.662683
            ],
            [
              6.291386,
              52.662678
            ],
            [
              6.291402,
              52.662674
            ],
            [
              6.291503,
              52.662613
            ],
            [
              6.291677,
              52.662527
            ],
            [
              6.291787,
              52.662482
            ],
            [
              6.291824,
              52.662467
            ],
            [
              6.291947,
              52.662437
            ],
            [
              6.292044,
              52.662435
            ],
            [
              6.292159,
              52.662461
            ],
            [
              6.292298,
              52.66251
            ],
            [
              6.292465,
              52.662579
            ],
            [
              6.292572,
              52.662598
            ],
            [
              6.292668,
              52.662592
            ],
            [
              6.292806,
              52.662561
            ],
            [
              6.292894,
              52.66253
            ],
            [
              6.292941,
              52.662512
            ],
            [
              6.292961,
              52.662504
            ],
            [
              6.293183,
              52.662417
            ],
            [
              6.293277,
              52.662395
            ],
            [
              6.293312,
              52.662386
            ],
            [
              6.293472,
              52.662386
            ],
            [
              6.293491,
              52.662388
            ],
            [
              6.293662,
              52.662404
            ],
            [
              6.293772,
              52.66242
            ],
            [
              6.293915,
              52.66244
            ],
            [
              6.294054,
              52.662442
            ],
            [
              6.294149,
              52.662431
            ],
            [
              6.294171,
              52.662428
            ],
            [
              6.294236,
              52.662421
            ],
            [
              6.294605,
              52.662352
            ],
            [
              6.294867,
              52.662304
            ],
            [
              6.295053,
              52.662283
            ],
            [
              6.295165,
              52.662281
            ],
            [
              6.295367,
              52.662286
            ],
            [
              6.295427,
              52.662298
            ],
            [
              6.295548,
              52.662322
            ],
            [
              6.295626,
              52.662357
            ],
            [
              6.295677,
              52.662408
            ],
            [
              6.295696,
              52.662462
            ],
            [
              6.295636,
              52.662704
            ],
            [
              6.295585,
              52.66291
            ],
            [
              6.295243,
              52.66341
            ],
            [
              6.295219,
              52.663444
            ],
            [
              6.295175,
              52.663505
            ],
            [
              6.295169,
              52.663542
            ],
            [
              6.295196,
              52.663578
            ],
            [
              6.295256,
              52.663625
            ],
            [
              6.295274,
              52.663635
            ],
            [
              6.295274,
              52.663635
            ],
            [
              6.29565,
              52.663846
            ],
            [
              6.295835,
              52.663986
            ],
            [
              6.295885,
              52.664024
            ],
            [
              6.295939,
              52.664083
            ],
            [
              6.295981,
              52.664152
            ],
            [
              6.296242,
              52.664812
            ],
            [
              6.296249,
              52.664829
            ],
            [
              6.296309,
              52.664891
            ],
            [
              6.296756,
              52.665352
            ],
            [
              6.296833,
              52.665473
            ],
            [
              6.296867,
              52.665525
            ],
            [
              6.296896,
              52.665571
            ],
            [
              6.296942,
              52.665637
            ],
            [
              6.297156,
              52.665943
            ],
            [
              6.297192,
              52.665994
            ],
            [
              6.297351,
              52.666218
            ],
            [
              6.297408,
              52.666274
            ],
            [
              6.297489,
              52.66633
            ],
            [
              6.297563,
              52.666369
            ],
            [
              6.297635,
              52.666386
            ],
            [
              6.297677,
              52.66639
            ],
            [
              6.297705,
              52.666387
            ],
            [
              6.297741,
              52.666383
            ],
            [
              6.298468,
              52.66616
            ],
            [
              6.298607,
              52.666128
            ],
            [
              6.298675,
              52.666091
            ],
            [
              6.29868,
              52.666086
            ],
            [
              6.298939,
              52.665844
            ],
            [
              6.299008,
              52.665818
            ],
            [
              6.299079,
              52.665812
            ],
            [
              6.299618,
              52.66581
            ],
            [
              6.299689,
              52.665831
            ],
            [
              6.299718,
              52.665856
            ],
            [
              6.299725,
              52.665888
            ],
            [
              6.299687,
              52.665944
            ],
            [
              6.299661,
              52.665981
            ],
            [
              6.299536,
              52.666145
            ],
            [
              6.299473,
              52.666246
            ],
            [
              6.299452,
              52.666314
            ],
            [
              6.29949,
              52.666379
            ],
            [
              6.299544,
              52.66643
            ],
            [
              6.299623,
              52.666485
            ],
            [
              6.299676,
              52.666497
            ],
            [
              6.299739,
              52.666511
            ],
            [
              6.299934,
              52.666524
            ],
            [
              6.30026,
              52.666535
            ],
            [
              6.300872,
              52.66656
            ],
            [
              6.301189,
              52.666527
            ],
            [
              6.301217,
              52.666524
            ],
            [
              6.301301,
              52.666516
            ],
            [
              6.301521,
              52.666498
            ],
            [
              6.301631,
              52.666497
            ],
            [
              6.301702,
              52.666491
            ],
            [
              6.301778,
              52.666478
            ],
            [
              6.301922,
              52.666437
            ],
            [
              6.302088,
              52.666389
            ],
            [
              6.302136,
              52.666383
            ],
            [
              6.302192,
              52.666388
            ],
            [
              6.302218,
              52.666396
            ],
            [
              6.302246,
              52.666404
            ],
            [
              6.302288,
              52.666427
            ],
            [
              6.302304,
              52.666465
            ],
            [
              6.30229,
              52.66651
            ],
            [
              6.302262,
              52.666539
            ],
            [
              6.302127,
              52.666658
            ],
            [
              6.301894,
              52.666861
            ],
            [
              6.301858,
              52.666899
            ],
            [
              6.301855,
              52.666942
            ],
            [
              6.301865,
              52.666973
            ],
            [
              6.301889,
              52.666997
            ],
            [
              6.302084,
              52.667059
            ],
            [
              6.30227,
              52.667107
            ],
            [
              6.302347,
              52.667142
            ],
            [
              6.302389,
              52.667186
            ],
            [
              6.302417,
              52.66723
            ],
            [
              6.302432,
              52.667256
            ],
            [
              6.302441,
              52.667271
            ],
            [
              6.302464,
              52.667296
            ],
            [
              6.302511,
              52.667316
            ],
            [
              6.302622,
              52.667346
            ],
            [
              6.302685,
              52.66735
            ],
            [
              6.302739,
              52.667341
            ],
            [
              6.302793,
              52.667326
            ],
            [
              6.30289,
              52.667254
            ],
            [
              6.303034,
              52.667146
            ],
            [
              6.30308,
              52.667112
            ],
            [
              6.303144,
              52.667075
            ],
            [
              6.303233,
              52.667046
            ],
            [
              6.303261,
              52.667037
            ],
            [
              6.303592,
              52.666927
            ],
            [
              6.303685,
              52.666873
            ],
            [
              6.30375,
              52.666813
            ],
            [
              6.303811,
              52.666755
            ],
            [
              6.303893,
              52.666613
            ],
            [
              6.303926,
              52.666593
            ],
            [
              6.303969,
              52.666583
            ],
            [
              6.304014,
              52.666586
            ],
            [
              6.304061,
              52.666615
            ],
            [
              6.304145,
              52.666707
            ],
            [
              6.304206,
              52.666799
            ],
            [
              6.304218,
              52.666818
            ],
            [
              6.304249,
              52.666844
            ],
            [
              6.304298,
              52.666856
            ],
            [
              6.304339,
              52.66686
            ],
            [
              6.304414,
              52.666846
            ],
            [
              6.304472,
              52.66682
            ],
            [
              6.304587,
              52.666749
            ],
            [
              6.304646,
              52.666723
            ],
            [
              6.304731,
              52.666707
            ],
            [
              6.304838,
              52.666687
            ],
            [
              6.305076,
              52.666682
            ],
            [
              6.305137,
              52.666675
            ],
            [
              6.305182,
              52.66667
            ],
            [
              6.305257,
              52.666644
            ],
            [
              6.305372,
              52.666592
            ],
            [
              6.305624,
              52.666365
            ],
            [
              6.305633,
              52.666329
            ],
            [
              6.305634,
              52.666305
            ],
            [
              6.305635,
              52.666277
            ],
            [
              6.305656,
              52.666248
            ],
            [
              6.3057,
              52.666232
            ],
            [
              6.305763,
              52.666232
            ],
            [
              6.305826,
              52.666239
            ],
            [
              6.30633,
              52.666389
            ],
            [
              6.306639,
              52.666481
            ],
            [
              6.306753,
              52.666514
            ],
            [
              6.306945,
              52.666571
            ],
            [
              6.307054,
              52.666593
            ],
            [
              6.307213,
              52.666599
            ],
            [
              6.30737,
              52.666635
            ],
            [
              6.307454,
              52.666671
            ],
            [
              6.307518,
              52.666683
            ],
            [
              6.307642,
              52.666692
            ],
            [
              6.307802,
              52.666672
            ],
            [
              6.307973,
              52.666626
            ],
            [
              6.30801,
              52.666616
            ],
            [
              6.308163,
              52.666607
            ],
            [
              6.308289,
              52.666631
            ],
            [
              6.308381,
              52.666665
            ],
            [
              6.308517,
              52.666749
            ],
            [
              6.308593,
              52.666804
            ],
            [
              6.308645,
              52.666841
            ],
            [
              6.308749,
              52.666871
            ],
            [
              6.308913,
              52.666868
            ],
            [
              6.309495,
              52.666779
            ],
            [
              6.30967,
              52.666753
            ],
            [
              6.309759,
              52.666751
            ],
            [
              6.309839,
              52.666769
            ],
            [
              6.310711,
              52.667054
            ],
            [
              6.310876,
              52.667108
            ],
            [
              6.311088,
              52.667177
            ],
            [
              6.311191,
              52.667201
            ],
            [
              6.311359,
              52.667239
            ],
            [
              6.311438,
              52.667274
            ],
            [
              6.311512,
              52.667306
            ],
            [
              6.311704,
              52.667414
            ],
            [
              6.31183,
              52.667485
            ],
            [
              6.311834,
              52.667489
            ],
            [
              6.311861,
              52.667513
            ],
            [
              6.311874,
              52.667524
            ],
            [
              6.31191,
              52.667556
            ],
            [
              6.311924,
              52.667578
            ],
            [
              6.311967,
              52.667647
            ],
            [
              6.311994,
              52.66773
            ],
            [
              6.311993,
              52.667907
            ],
            [
              6.311993,
              52.667984
            ],
            [
              6.312,
              52.668001
            ],
            [
              6.312007,
              52.668008
            ],
            [
              6.312036,
              52.668032
            ],
            [
              6.312081,
              52.668056
            ],
            [
              6.312154,
              52.66806
            ],
            [
              6.3122,
              52.668056
            ],
            [
              6.312211,
              52.668055
            ],
            [
              6.312981,
              52.667891
            ],
            [
              6.313114,
              52.667854
            ],
            [
              6.313181,
              52.667835
            ],
            [
              6.313212,
              52.667826
            ],
            [
              6.313242,
              52.667818
            ],
            [
              6.313344,
              52.667814
            ],
            [
              6.313425,
              52.667832
            ],
            [
              6.313688,
              52.667951
            ],
            [
              6.31374,
              52.667974
            ],
            [
              6.313754,
              52.667981
            ],
            [
              6.313766,
              52.667986
            ],
            [
              6.313775,
              52.66799
            ],
            [
              6.313829,
              52.667999
            ],
            [
              6.313893,
              52.668009
            ],
            [
              6.313926,
              52.668014
            ],
            [
              6.314103,
              52.668058
            ],
            [
              6.314192,
              52.668114
            ],
            [
              6.314246,
              52.668186
            ],
            [
              6.314251,
              52.668211
            ],
            [
              6.314253,
              52.668218
            ],
            [
              6.314261,
              52.66826
            ],
            [
              6.314248,
              52.668313
            ],
            [
              6.314197,
              52.668355
            ],
            [
              6.313969,
              52.6685
            ],
            [
              6.313932,
              52.668531
            ],
            [
              6.313916,
              52.668544
            ],
            [
              6.313869,
              52.668599
            ],
            [
              6.313861,
              52.668645
            ],
            [
              6.313875,
              52.668688
            ],
            [
              6.313905,
              52.668715
            ],
            [
              6.313944,
              52.668728
            ],
            [
              6.313972,
              52.668738
            ],
            [
              6.314422,
              52.668756
            ],
            [
              6.314718,
              52.668744
            ],
            [
              6.314755,
              52.668743
            ],
            [
              6.314822,
              52.668751
            ],
            [
              6.314865,
              52.668766
            ],
            [
              6.31488,
              52.668772
            ],
            [
              6.314913,
              52.668804
            ],
            [
              6.314914,
              52.668849
            ],
            [
              6.314888,
              52.669081
            ],
            [
              6.314887,
              52.669089
            ],
            [
              6.314898,
              52.669377
            ],
            [
              6.314918,
              52.669405
            ],
            [
              6.314957,
              52.669425
            ],
            [
              6.315012,
              52.669428
            ],
            [
              6.315023,
              52.669427
            ],
            [
              6.315134,
              52.669418
            ],
            [
              6.315367,
              52.669377
            ],
            [
              6.315398,
              52.669371
            ],
            [
              6.315486,
              52.669328
            ],
            [
              6.315593,
              52.669269
            ],
            [
              6.315689,
              52.669244
            ],
            [
              6.315739,
              52.669245
            ],
            [
              6.315753,
              52.669245
            ],
            [
              6.315796,
              52.669264
            ],
            [
              6.31581,
              52.669285
            ],
            [
              6.315813,
              52.669309
            ],
            [
              6.315791,
              52.669326
            ],
            [
              6.315647,
              52.66941
            ],
            [
              6.315622,
              52.669449
            ],
            [
              6.315615,
              52.669462
            ],
            [
              6.315611,
              52.669524
            ],
            [
              6.315623,
              52.669548
            ],
            [
              6.315661,
              52.669566
            ],
            [
              6.315884,
              52.669666
            ],
            [
              6.315921,
              52.669677
            ],
            [
              6.315939,
              52.669678
            ],
            [
              6.315982,
              52.669681
            ],
            [
              6.316055,
              52.66967
            ],
            [
              6.316101,
              52.669661
            ],
            [
              6.316398,
              52.669528
            ],
            [
              6.316579,
              52.669485
            ],
            [
              6.316693,
              52.669458
            ],
            [
              6.316731,
              52.669462
            ],
            [
              6.316772,
              52.669466
            ],
            [
              6.316816,
              52.669494
            ],
            [
              6.316836,
              52.669519
            ],
            [
              6.316836,
              52.66952
            ],
            [
              6.316835,
              52.669554
            ],
            [
              6.316791,
              52.669625
            ],
            [
              6.316687,
              52.669794
            ],
            [
              6.316685,
              52.669836
            ],
            [
              6.3167,
              52.66987
            ],
            [
              6.31674,
              52.669895
            ],
            [
              6.316789,
              52.669909
            ],
            [
              6.316838,
              52.669913
            ],
            [
              6.317011,
              52.669914
            ],
            [
              6.31746,
              52.669839
            ],
            [
              6.317765,
              52.669788
            ],
            [
              6.318072,
              52.669745
            ],
            [
              6.318282,
              52.669741
            ],
            [
              6.318316,
              52.669741
            ],
            [
              6.318574,
              52.669736
            ],
            [
              6.318644,
              52.669735
            ],
            [
              6.318961,
              52.669721
            ],
            [
              6.319078,
              52.669745
            ],
            [
              6.319151,
              52.669779
            ],
            [
              6.319193,
              52.669837
            ],
            [
              6.319214,
              52.669911
            ],
            [
              6.319216,
              52.669998
            ],
            [
              6.319219,
              52.670106
            ],
            [
              6.319182,
              52.670225
            ],
            [
              6.319168,
              52.670286
            ],
            [
              6.319187,
              52.670331
            ],
            [
              6.319234,
              52.67036
            ],
            [
              6.319294,
              52.670383
            ],
            [
              6.319362,
              52.670398
            ],
            [
              6.319441,
              52.670399
            ],
            [
              6.319504,
              52.670386
            ],
            [
              6.319565,
              52.670373
            ],
            [
              6.319572,
              52.670372
            ],
            [
              6.320159,
              52.670252
            ],
            [
              6.320366,
              52.670178
            ],
            [
              6.320538,
              52.670182
            ],
            [
              6.320873,
              52.670269
            ],
            [
              6.320889,
              52.670273
            ],
            [
              6.321194,
              52.670352
            ],
            [
              6.321243,
              52.670359
            ],
            [
              6.321295,
              52.670351
            ],
            [
              6.321942,
              52.670223
            ],
            [
              6.322057,
              52.670223
            ],
            [
              6.322134,
              52.670239
            ],
            [
              6.322529,
              52.670438
            ],
            [
              6.322577,
              52.67048
            ],
            [
              6.32261,
              52.670504
            ],
            [
              6.32265,
              52.67051
            ],
            [
              6.32271,
              52.670494
            ],
            [
              6.322742,
              52.670492
            ],
            [
              6.322778,
              52.670473
            ],
            [
              6.322962,
              52.670364
            ],
            [
              6.323373,
              52.6703
            ],
            [
              6.323664,
              52.670247
            ],
            [
              6.324139,
              52.670097
            ],
            [
              6.324424,
              52.670027
            ],
            [
              6.324501,
              52.670012
            ],
            [
              6.324616,
              52.669989
            ],
            [
              6.324881,
              52.669973
            ],
            [
              6.324915,
              52.66997
            ],
            [
              6.324953,
              52.669968
            ],
            [
              6.325022,
              52.669952
            ],
            [
              6.325187,
              52.669871
            ],
            [
              6.325326,
              52.669792
            ],
            [
              6.325376,
              52.669737
            ],
            [
              6.325466,
              52.669618
            ],
            [
              6.325471,
              52.669611
            ],
            [
              6.325601,
              52.66952
            ],
            [
              6.325864,
              52.669401
            ],
            [
              6.326101,
              52.669314
            ],
            [
              6.326148,
              52.669301
            ],
            [
              6.326505,
              52.6692
            ],
            [
              6.326677,
              52.66918
            ],
            [
              6.326785,
              52.669185
            ],
            [
              6.326938,
              52.669207
            ],
            [
              6.32699,
              52.669194
            ],
            [
              6.327037,
              52.669159
            ],
            [
              6.327051,
              52.669114
            ],
            [
              6.327049,
              52.669071
            ],
            [
              6.327045,
              52.669058
            ],
            [
              6.327036,
              52.669027
            ],
            [
              6.326949,
              52.66887
            ],
            [
              6.326827,
              52.668678
            ],
            [
              6.32682,
              52.668645
            ],
            [
              6.326839,
              52.668608
            ],
            [
              6.326883,
              52.668582
            ],
            [
              6.32707,
              52.668501
            ],
            [
              6.327074,
              52.668499
            ],
            [
              6.327362,
              52.668383
            ],
            [
              6.327472,
              52.66836
            ],
            [
              6.327549,
              52.66835
            ],
            [
              6.327558,
              52.668345
            ],
            [
              6.32774,
              52.668224
            ],
            [
              6.327904,
              52.66806
            ],
            [
              6.328021,
              52.667946
            ],
            [
              6.328087,
              52.667842
            ],
            [
              6.328096,
              52.667734
            ],
            [
              6.328061,
              52.667643
            ],
            [
              6.32806,
              52.667641
            ],
            [
              6.328008,
              52.667554
            ],
            [
              6.327907,
              52.667123
            ],
            [
              6.32792,
              52.667095
            ],
            [
              6.327969,
              52.667073
            ],
            [
              6.328711,
              52.666739
            ],
            [
              6.328752,
              52.666705
            ],
            [
              6.32864,
              52.666497
            ],
            [
              6.328563,
              52.666294
            ],
            [
              6.328004,
              52.666132
            ],
            [
              6.327972,
              52.666121
            ],
            [
              6.327952,
              52.666096
            ],
            [
              6.327955,
              52.666066
            ],
            [
              6.327996,
              52.666037
            ],
            [
              6.32808,
              52.666007
            ],
            [
              6.328111,
              52.665996
            ],
            [
              6.328212,
              52.66596
            ],
            [
              6.328349,
              52.665935
            ],
            [
              6.328452,
              52.665916
            ],
            [
              6.328578,
              52.665886
            ],
            [
              6.328711,
              52.665806
            ],
            [
              6.329078,
              52.665586
            ],
            [
              6.329259,
              52.665455
            ],
            [
              6.329286,
              52.665425
            ],
            [
              6.32929,
              52.665399
            ],
            [
              6.329277,
              52.665374
            ],
            [
              6.329262,
              52.665366
            ],
            [
              6.329228,
              52.665352
            ],
            [
              6.329174,
              52.665351
            ],
            [
              6.328621,
              52.665381
            ],
            [
              6.328539,
              52.665385
            ],
            [
              6.328517,
              52.665378
            ],
            [
              6.328505,
              52.665363
            ],
            [
              6.328506,
              52.665358
            ],
            [
              6.328508,
              52.665335
            ],
            [
              6.328526,
              52.665312
            ],
            [
              6.328562,
              52.665286
            ],
            [
              6.328674,
              52.665225
            ],
            [
              6.328695,
              52.665199
            ],
            [
              6.328691,
              52.665172
            ],
            [
              6.328652,
              52.665146
            ],
            [
              6.328597,
              52.665118
            ],
            [
              6.328527,
              52.665098
            ],
            [
              6.328353,
              52.665074
            ],
            [
              6.328329,
              52.665071
            ],
            [
              6.328296,
              52.665065
            ],
            [
              6.32827,
              52.665051
            ],
            [
              6.328256,
              52.665025
            ],
            [
              6.328269,
              52.664953
            ],
            [
              6.328278,
              52.664935
            ],
            [
              6.328423,
              52.664634
            ],
            [
              6.328433,
              52.6646
            ],
            [
              6.328426,
              52.66457
            ],
            [
              6.328411,
              52.664545
            ],
            [
              6.32839,
              52.664535
            ],
            [
              6.32836,
              52.664534
            ],
            [
              6.328292,
              52.664539
            ],
            [
              6.328217,
              52.66456
            ],
            [
              6.328177,
              52.664561
            ],
            [
              6.328129,
              52.664544
            ],
            [
              6.328105,
              52.664516
            ],
            [
              6.328089,
              52.664487
            ],
            [
              6.328084,
              52.664455
            ],
            [
              6.328099,
              52.664249
            ],
            [
              6.328089,
              52.664208
            ],
            [
              6.328061,
              52.66418
            ],
            [
              6.327999,
              52.664155
            ],
            [
              6.327951,
              52.664137
            ],
            [
              6.327867,
              52.664121
            ],
            [
              6.327834,
              52.664113
            ],
            [
              6.327815,
              52.664108
            ],
            [
              6.327771,
              52.66409
            ],
            [
              6.327763,
              52.664082
            ],
            [
              6.327743,
              52.664062
            ],
            [
              6.327712,
              52.664032
            ],
            [
              6.327693,
              52.663957
            ],
            [
              6.327644,
              52.663762
            ],
            [
              6.327643,
              52.663758
            ],
            [
              6.327632,
              52.663739
            ],
            [
              6.32762,
              52.663718
            ],
            [
              6.327516,
              52.663647
            ],
            [
              6.327368,
              52.663574
            ],
            [
              6.327283,
              52.663544
            ],
            [
              6.327247,
              52.663531
            ],
            [
              6.32719,
              52.663511
            ],
            [
              6.326876,
              52.66343
            ],
            [
              6.326777,
              52.663404
            ],
            [
              6.326687,
              52.663398
            ],
            [
              6.326605,
              52.663401
            ],
            [
              6.326557,
              52.663397
            ],
            [
              6.326508,
              52.66338
            ],
            [
              6.326382,
              52.663282
            ],
            [
              6.326328,
              52.663209
            ],
            [
              6.326327,
              52.663206
            ],
            [
              6.326275,
              52.663165
            ],
            [
              6.326129,
              52.663049
            ],
            [
              6.325906,
              52.662916
            ],
            [
              6.325876,
              52.662865
            ],
            [
              6.325857,
              52.66281
            ],
            [
              6.325861,
              52.662781
            ],
            [
              6.325866,
              52.662731
            ],
            [
              6.325908,
              52.662358
            ],
            [
              6.325971,
              52.662221
            ],
            [
              6.325988,
              52.662098
            ],
            [
              6.325919,
              52.661761
            ],
            [
              6.325867,
              52.661645
            ],
            [
              6.325812,
              52.661521
            ],
            [
              6.325753,
              52.661388
            ],
            [
              6.325742,
              52.661364
            ],
            [
              6.325755,
              52.661283
            ],
            [
              6.325813,
              52.661232
            ],
            [
              6.325871,
              52.66121
            ],
            [
              6.325894,
              52.661202
            ],
            [
              6.325987,
              52.661178
            ],
            [
              6.326044,
              52.661144
            ],
            [
              6.326223,
              52.660971
            ],
            [
              6.326276,
              52.66092
            ],
            [
              6.32635,
              52.660885
            ],
            [
              6.32644,
              52.660857
            ],
            [
              6.326697,
              52.660778
            ],
            [
              6.326774,
              52.660743
            ],
            [
              6.32687,
              52.660698
            ],
            [
              6.326908,
              52.660681
            ],
            [
              6.326954,
              52.660659
            ],
            [
              6.326988,
              52.660644
            ],
            [
              6.327022,
              52.660628
            ],
            [
              6.327035,
              52.660622
            ],
            [
              6.327042,
              52.660619
            ],
            [
              6.327056,
              52.660612
            ],
            [
              6.327087,
              52.660598
            ],
            [
              6.327106,
              52.66058
            ],
            [
              6.327132,
              52.660556
            ],
            [
              6.327137,
              52.660551
            ],
            [
              6.327163,
              52.660527
            ],
            [
              6.327225,
              52.660447
            ],
            [
              6.327225,
              52.660432
            ],
            [
              6.327225,
              52.660392
            ],
            [
              6.327186,
              52.66035
            ],
            [
              6.327144,
              52.660322
            ],
            [
              6.326879,
              52.660257
            ],
            [
              6.326673,
              52.660205
            ],
            [
              6.326452,
              52.660143
            ],
            [
              6.32629,
              52.660085
            ],
            [
              6.325985,
              52.65993
            ],
            [
              6.325912,
              52.659872
            ],
            [
              6.325876,
              52.659823
            ],
            [
              6.325866,
              52.659762
            ],
            [
              6.325884,
              52.659709
            ],
            [
              6.326117,
              52.659381
            ],
            [
              6.326185,
              52.659214
            ],
            [
              6.326262,
              52.659023
            ],
            [
              6.32629,
              52.658986
            ],
            [
              6.32634,
              52.658958
            ],
            [
              6.326706,
              52.658868
            ],
            [
              6.326983,
              52.658827
            ],
            [
              6.327306,
              52.658782
            ],
            [
              6.327439,
              52.658764
            ],
            [
              6.327713,
              52.65871
            ],
            [
              6.327789,
              52.658696
            ],
            [
              6.327798,
              52.658693
            ],
            [
              6.327765,
              52.658669
            ],
            [
              6.326558,
              52.657779
            ],
            [
              6.326245,
              52.657358
            ],
            [
              6.326242,
              52.657353
            ],
            [
              6.326237,
              52.65734
            ],
            [
              6.326223,
              52.657295
            ],
            [
              6.32621,
              52.657255
            ],
            [
              6.326078,
              52.656947
            ],
            [
              6.32557,
              52.655649
            ],
            [
              6.325545,
              52.655601
            ],
            [
              6.325394,
              52.655198
            ],
            [
              6.325231,
              52.65477
            ],
            [
              6.325056,
              52.654314
            ],
            [
              6.324957,
              52.654052
            ],
            [
              6.32492,
              52.653955
            ],
            [
              6.324845,
              52.653753
            ],
            [
              6.324822,
              52.653692
            ],
            [
              6.324697,
              52.653368
            ],
            [
              6.32441,
              52.652622
            ],
            [
              6.324177,
              52.652021
            ],
            [
              6.324175,
              52.652016
            ],
            [
              6.324003,
              52.651574
            ],
            [
              6.323957,
              52.651453
            ],
            [
              6.323946,
              52.651426
            ],
            [
              6.323945,
              52.651423
            ],
            [
              6.323771,
              52.650995
            ],
            [
              6.323754,
              52.650953
            ],
            [
              6.323421,
              52.650102
            ],
            [
              6.323146,
              52.649395
            ],
            [
              6.32314,
              52.649379
            ],
            [
              6.323099,
              52.649273
            ],
            [
              6.322909,
              52.648787
            ],
            [
              6.322732,
              52.648342
            ],
            [
              6.322491,
              52.647722
            ],
            [
              6.322478,
              52.647687
            ],
            [
              6.322467,
              52.647659
            ],
            [
              6.322467,
              52.647659
            ],
            [
              6.322464,
              52.647652
            ],
            [
              6.322456,
              52.647632
            ],
            [
              6.322447,
              52.647609
            ],
            [
              6.322447,
              52.647608
            ],
            [
              6.322437,
              52.647582
            ],
            [
              6.322436,
              52.64758
            ],
            [
              6.321749,
              52.64581
            ],
            [
              6.321604,
              52.645435
            ],
            [
              6.32142,
              52.644962
            ],
            [
              6.321351,
              52.644784
            ],
            [
              6.321309,
              52.644675
            ],
            [
              6.3212,
              52.644395
            ],
            [
              6.321076,
              52.644076
            ],
            [
              6.320888,
              52.643592
            ],
            [
              6.320764,
              52.643271
            ],
            [
              6.32067,
              52.643028
            ],
            [
              6.320667,
              52.64302
            ],
            [
              6.320599,
              52.642846
            ],
            [
              6.320588,
              52.642817
            ],
            [
              6.320567,
              52.642764
            ],
            [
              6.320436,
              52.642425
            ],
            [
              6.320368,
              52.64225
            ],
            [
              6.320027,
              52.641372
            ],
            [
              6.320027,
              52.641372
            ],
            [
              6.319362,
              52.639657
            ],
            [
              6.319032,
              52.638806
            ],
            [
              6.318701,
              52.637954
            ],
            [
              6.318563,
              52.637599
            ],
            [
              6.318458,
              52.637327
            ],
            [
              6.318451,
              52.637309
            ],
            [
              6.318454,
              52.637308
            ],
            [
              6.318453,
              52.637307
            ],
            [
              6.318412,
              52.637255
            ],
            [
              6.318411,
              52.637254
            ],
            [
              6.318407,
              52.63725
            ],
            [
              6.318369,
              52.6372
            ],
            [
              6.318362,
              52.637183
            ],
            [
              6.318354,
              52.637162
            ],
            [
              6.318231,
              52.63685
            ],
            [
              6.3181,
              52.636515
            ],
            [
              6.318097,
              52.636507
            ],
            [
              6.317857,
              52.635895
            ],
            [
              6.317486,
              52.634943
            ],
            [
              6.317038,
              52.6338
            ],
            [
              6.316348,
              52.632033
            ],
            [
              6.316239,
              52.631754
            ],
            [
              6.316236,
              52.631748
            ],
            [
              6.316152,
              52.631531
            ],
            [
              6.316089,
              52.631367
            ],
            [
              6.316088,
              52.631363
            ],
            [
              6.315948,
              52.631004
            ],
            [
              6.315947,
              52.631001
            ],
            [
              6.315796,
              52.630613
            ],
            [
              6.315684,
              52.630321
            ],
            [
              6.315567,
              52.630016
            ],
            [
              6.315565,
              52.630011
            ],
            [
              6.315436,
              52.629674
            ],
            [
              6.315435,
              52.629673
            ],
            [
              6.315381,
              52.629536
            ],
            [
              6.31511,
              52.628846
            ],
            [
              6.31511,
              52.628845
            ],
            [
              6.315084,
              52.628777
            ],
            [
              6.315037,
              52.628592
            ],
            [
              6.315013,
              52.628494
            ],
            [
              6.31489,
              52.628169
            ],
            [
              6.314785,
              52.62789
            ],
            [
              6.314748,
              52.627791
            ],
            [
              6.3145,
              52.627131
            ],
            [
              6.314315,
              52.62664
            ],
            [
              6.314314,
              52.626638
            ],
            [
              6.314236,
              52.626417
            ],
            [
              6.314235,
              52.626416
            ],
            [
              6.313979,
              52.625753
            ],
            [
              6.313724,
              52.625073
            ],
            [
              6.313723,
              52.62507
            ],
            [
              6.313421,
              52.624285
            ],
            [
              6.313243,
              52.623823
            ],
            [
              6.313099,
              52.623452
            ],
            [
              6.312776,
              52.622616
            ],
            [
              6.312687,
              52.622385
            ],
            [
              6.312598,
              52.622154
            ],
            [
              6.312566,
              52.62207
            ],
            [
              6.312471,
              52.621826
            ],
            [
              6.312385,
              52.621602
            ],
            [
              6.312328,
              52.621454
            ],
            [
              6.312233,
              52.621214
            ],
            [
              6.312101,
              52.620879
            ],
            [
              6.312097,
              52.620868
            ],
            [
              6.312084,
              52.620837
            ],
            [
              6.312048,
              52.620751
            ],
            [
              6.312009,
              52.620659
            ],
            [
              6.31196,
              52.620534
            ],
            [
              6.311771,
              52.620048
            ],
            [
              6.31156,
              52.619475
            ],
            [
              6.311548,
              52.619442
            ],
            [
              6.311384,
              52.619006
            ],
            [
              6.311354,
              52.618929
            ],
            [
              6.311317,
              52.618834
            ],
            [
              6.311317,
              52.618833
            ],
            [
              6.311298,
              52.618785
            ],
            [
              6.311247,
              52.618653
            ],
            [
              6.311075,
              52.618209
            ],
            [
              6.310911,
              52.617786
            ],
            [
              6.310716,
              52.617277
            ],
            [
              6.310516,
              52.616754
            ],
            [
              6.310502,
              52.616718
            ],
            [
              6.310439,
              52.616551
            ],
            [
              6.310434,
              52.616538
            ],
            [
              6.310422,
              52.616506
            ],
            [
              6.310393,
              52.616429
            ],
            [
              6.310374,
              52.61638
            ],
            [
              6.310235,
              52.616021
            ],
            [
              6.310211,
              52.61596
            ],
            [
              6.310184,
              52.615916
            ],
            [
              6.310161,
              52.61588
            ],
            [
              6.310131,
              52.615802
            ],
            [
              6.309914,
              52.615236
            ],
            [
              6.309902,
              52.615206
            ],
            [
              6.309831,
              52.615012
            ],
            [
              6.309717,
              52.614704
            ],
            [
              6.309583,
              52.614343
            ],
            [
              6.309521,
              52.614175
            ],
            [
              6.309302,
              52.613596
            ],
            [
              6.309152,
              52.613197
            ],
            [
              6.309142,
              52.613171
            ],
            [
              6.309132,
              52.613144
            ],
            [
              6.309113,
              52.613093
            ],
            [
              6.30908,
              52.613006
            ],
            [
              6.30908,
              52.613006
            ],
            [
              6.309065,
              52.612969
            ],
            [
              6.308657,
              52.611974
            ],
            [
              6.308643,
              52.611938
            ],
            [
              6.308642,
              52.611934
            ],
            [
              6.30863,
              52.611902
            ],
            [
              6.308585,
              52.611785
            ],
            [
              6.308464,
              52.611469
            ],
            [
              6.308433,
              52.611384
            ],
            [
              6.308009,
              52.610245
            ],
            [
              6.307906,
              52.609968
            ],
            [
              6.307867,
              52.609862
            ],
            [
              6.307861,
              52.609848
            ],
            [
              6.307804,
              52.609694
            ],
            [
              6.307695,
              52.609413
            ],
            [
              6.307694,
              52.609412
            ],
            [
              6.307694,
              52.609411
            ],
            [
              6.307186,
              52.608087
            ],
            [
              6.307082,
              52.607799
            ],
            [
              6.307074,
              52.607774
            ],
            [
              6.306721,
              52.606875
            ],
            [
              6.306517,
              52.606343
            ],
            [
              6.306507,
              52.606317
            ],
            [
              6.306445,
              52.606157
            ],
            [
              6.306293,
              52.605755
            ],
            [
              6.30611,
              52.605273
            ],
            [
              6.306102,
              52.605253
            ],
            [
              6.306084,
              52.605206
            ],
            [
              6.306083,
              52.605203
            ],
            [
              6.306069,
              52.605157
            ],
            [
              6.305951,
              52.604834
            ],
            [
              6.305931,
              52.604785
            ],
            [
              6.305583,
              52.603913
            ],
            [
              6.305325,
              52.603265
            ],
            [
              6.305319,
              52.603242
            ],
            [
              6.305059,
              52.602579
            ],
            [
              6.304957,
              52.602297
            ],
            [
              6.304575,
              52.601232
            ],
            [
              6.304566,
              52.601217
            ],
            [
              6.30449,
              52.601007
            ],
            [
              6.304408,
              52.600781
            ],
            [
              6.304333,
              52.600575
            ],
            [
              6.304308,
              52.600507
            ],
            [
              6.304245,
              52.600335
            ],
            [
              6.304075,
              52.599875
            ],
            [
              6.303613,
              52.598621
            ],
            [
              6.303431,
              52.598131
            ],
            [
              6.3031,
              52.597238
            ],
            [
              6.303094,
              52.597227
            ],
            [
              6.303064,
              52.597141
            ],
            [
              6.302919,
              52.597123
            ],
            [
              6.302388,
              52.597059
            ],
            [
              6.302327,
              52.597052
            ],
            [
              6.302302,
              52.597049
            ],
            [
              6.301618,
              52.59697
            ],
            [
              6.301436,
              52.596949
            ],
            [
              6.300878,
              52.596889
            ],
            [
              6.300482,
              52.596843
            ],
            [
              6.300244,
              52.596815
            ],
            [
              6.299919,
              52.596773
            ],
            [
              6.299321,
              52.5967
            ],
            [
              6.298659,
              52.596616
            ],
            [
              6.298,
              52.596536
            ],
            [
              6.29737,
              52.596459
            ],
            [
              6.296999,
              52.596414
            ],
            [
              6.296678,
              52.596374
            ],
            [
              6.29601,
              52.596294
            ],
            [
              6.295968,
              52.59629
            ],
            [
              6.295316,
              52.596217
            ],
            [
              6.294761,
              52.596154
            ],
            [
              6.294167,
              52.596089
            ],
            [
              6.293832,
              52.59605
            ],
            [
              6.293771,
              52.596044
            ],
            [
              6.293754,
              52.596041
            ],
            [
              6.29375,
              52.596041
            ],
            [
              6.293506,
              52.596013
            ],
            [
              6.293291,
              52.595986
            ],
            [
              6.293061,
              52.595958
            ],
            [
              6.292977,
              52.595948
            ],
            [
              6.292973,
              52.595947
            ],
            [
              6.292451,
              52.595883
            ],
            [
              6.292302,
              52.595864
            ],
            [
              6.291664,
              52.595784
            ],
            [
              6.291624,
              52.595779
            ],
            [
              6.291398,
              52.595752
            ],
            [
              6.291241,
              52.595733
            ],
            [
              6.290783,
              52.595678
            ],
            [
              6.290311,
              52.595619
            ],
            [
              6.28995,
              52.595572
            ],
            [
              6.289475,
              52.595513
            ],
            [
              6.289422,
              52.595506
            ],
            [
              6.289302,
              52.595491
            ],
            [
              6.288868,
              52.595435
            ],
            [
              6.288711,
              52.595415
            ],
            [
              6.288214,
              52.595352
            ],
            [
              6.288113,
              52.595339
            ],
            [
              6.287654,
              52.59528
            ],
            [
              6.28748,
              52.595258
            ],
            [
              6.287469,
              52.595257
            ],
            [
              6.287078,
              52.595207
            ],
            [
              6.28707,
              52.595206
            ],
            [
              6.28702,
              52.5952
            ],
            [
              6.286958,
              52.595192
            ],
            [
              6.286948,
              52.595211
            ],
            [
              6.286723,
              52.595637
            ],
            [
              6.286722,
              52.595637
            ],
            [
              6.286711,
              52.595639
            ],
            [
              6.286696,
              52.595655
            ],
            [
              6.286592,
              52.595809
            ],
            [
              6.286589,
              52.595813
            ],
            [
              6.286439,
              52.596045
            ],
            [
              6.286327,
              52.596212
            ],
            [
              6.286034,
              52.596158
            ],
            [
              6.285896,
              52.596133
            ],
            [
              6.285752,
              52.596107
            ],
            [
              6.285495,
              52.596061
            ],
            [
              6.285492,
              52.59606
            ],
            [
              6.285241,
              52.596016
            ],
            [
              6.285232,
              52.596015
            ],
            [
              6.284858,
              52.595951
            ],
            [
              6.284752,
              52.595932
            ],
            [
              6.284657,
              52.595915
            ],
            [
              6.284561,
              52.595898
            ],
            [
              6.284516,
              52.59589
            ],
            [
              6.284499,
              52.595887
            ],
            [
              6.28445,
              52.595878
            ],
            [
              6.284368,
              52.595875
            ],
            [
              6.284274,
              52.595873
            ],
            [
              6.283349,
              52.595724
            ],
            [
              6.283483,
              52.595488
            ],
            [
              6.283695,
              52.595114
            ],
            [
              6.28387,
              52.594801
            ],
            [
              6.283826,
              52.594795
            ],
            [
              6.283736,
              52.594788
            ],
            [
              6.283648,
              52.594782
            ],
            [
              6.283511,
              52.594772
            ],
            [
              6.28333,
              52.594763
            ],
            [
              6.283231,
              52.594759
            ],
            [
              6.283219,
              52.594758
            ],
            [
              6.283074,
              52.594751
            ],
            [
              6.28297,
              52.594746
            ],
            [
              6.282814,
              52.594728
            ],
            [
              6.28277,
              52.594721
            ],
            [
              6.282604,
              52.594697
            ],
            [
              6.282364,
              52.594662
            ],
            [
              6.282066,
              52.594622
            ],
            [
              6.282048,
              52.594619
            ],
            [
              6.281987,
              52.59461
            ],
            [
              6.281939,
              52.594602
            ],
            [
              6.28175,
              52.594577
            ],
            [
              6.281679,
              52.594566
            ],
            [
              6.281532,
              52.594543
            ],
            [
              6.281335,
              52.594514
            ],
            [
              6.281312,
              52.594511
            ],
            [
              6.281282,
              52.594507
            ],
            [
              6.281273,
              52.594505
            ],
            [
              6.281228,
              52.594499
            ],
            [
              6.281225,
              52.594498
            ],
            [
              6.281135,
              52.594486
            ],
            [
              6.280811,
              52.59444
            ],
            [
              6.280504,
              52.594397
            ],
            [
              6.280456,
              52.594389
            ],
            [
              6.280372,
              52.594375
            ],
            [
              6.280156,
              52.594348
            ],
            [
              6.280057,
              52.594335
            ],
            [
              6.280009,
              52.59433
            ],
            [
              6.27982,
              52.59431
            ],
            [
              6.279775,
              52.594305
            ],
            [
              6.279727,
              52.594299
            ],
            [
              6.279516,
              52.594279
            ],
            [
              6.279257,
              52.594253
            ],
            [
              6.279102,
              52.594237
            ],
            [
              6.279063,
              52.594233
            ],
            [
              6.278976,
              52.594224
            ],
            [
              6.278935,
              52.594218
            ],
            [
              6.278853,
              52.594206
            ],
            [
              6.278672,
              52.594187
            ],
            [
              6.278465,
              52.594164
            ],
            [
              6.278366,
              52.594152
            ],
            [
              6.27834,
              52.594149
            ],
            [
              6.278207,
              52.594134
            ],
            [
              6.278055,
              52.594115
            ],
            [
              6.278019,
              52.59411
            ],
            [
              6.277908,
              52.594096
            ],
            [
              6.27767,
              52.594062
            ],
            [
              6.277609,
              52.594056
            ],
            [
              6.27755,
              52.594049
            ],
            [
              6.277543,
              52.594048
            ],
            [
              6.277529,
              52.594046
            ],
            [
              6.277522,
              52.594045
            ],
            [
              6.277405,
              52.594028
            ],
            [
              6.277334,
              52.594015
            ],
            [
              6.277316,
              52.594011
            ],
            [
              6.277163,
              52.59399
            ],
            [
              6.277117,
              52.593984
            ],
            [
              6.277041,
              52.593974
            ],
            [
              6.276816,
              52.593945
            ],
            [
              6.276771,
              52.59394
            ],
            [
              6.276733,
              52.593936
            ],
            [
              6.276722,
              52.593934
            ],
            [
              6.27672,
              52.593934
            ],
            [
              6.276713,
              52.593933
            ],
            [
              6.276694,
              52.593931
            ],
            [
              6.276666,
              52.593927
            ],
            [
              6.276559,
              52.593915
            ],
            [
              6.276245,
              52.59388
            ],
            [
              6.276045,
              52.593855
            ],
            [
              6.276038,
              52.593854
            ],
            [
              6.276035,
              52.593854
            ],
            [
              6.276032,
              52.593854
            ],
            [
              6.275979,
              52.593847
            ],
            [
              6.275896,
              52.593837
            ],
            [
              6.275895,
              52.593836
            ],
            [
              6.275857,
              52.593832
            ],
            [
              6.275765,
              52.593819
            ],
            [
              6.275763,
              52.593824
            ],
            [
              6.275574,
              52.593796
            ],
            [
              6.275485,
              52.593785
            ],
            [
              6.275241,
              52.593752
            ],
            [
              6.275167,
              52.593742
            ],
            [
              6.274916,
              52.593707
            ],
            [
              6.274898,
              52.593705
            ],
            [
              6.274894,
              52.593744
            ],
            [
              6.274839,
              52.594228
            ],
            [
              6.27481,
              52.594504
            ],
            [
              6.274793,
              52.59467
            ],
            [
              6.274776,
              52.594788
            ],
            [
              6.274088,
              52.594756
            ],
            [
              6.273947,
              52.594749
            ],
            [
              6.273945,
              52.594749
            ],
            [
              6.273856,
              52.594745
            ],
            [
              6.272945,
              52.594703
            ],
            [
              6.272291,
              52.594677
            ],
            [
              6.271606,
              52.594644
            ],
            [
              6.271559,
              52.594642
            ],
            [
              6.271499,
              52.594639
            ],
            [
              6.2715,
              52.594653
            ],
            [
              6.2715,
              52.594662
            ],
            [
              6.271504,
              52.594725
            ],
            [
              6.27144,
              52.594733
            ],
            [
              6.271424,
              52.594738
            ],
            [
              6.271174,
              52.594822
            ],
            [
              6.270752,
              52.594969
            ],
            [
              6.270748,
              52.595015
            ],
            [
              6.270744,
              52.595051
            ],
            [
              6.270735,
              52.595027
            ],
            [
              6.270725,
              52.595016
            ],
            [
              6.270712,
              52.595002
            ],
            [
              6.270705,
              52.594997
            ],
            [
              6.270685,
              52.594983
            ],
            [
              6.270662,
              52.594977
            ],
            [
              6.270633,
              52.594971
            ],
            [
              6.270633,
              52.594971
            ],
            [
              6.270263,
              52.594935
            ],
            [
              6.270115,
              52.594919
            ],
            [
              6.269956,
              52.594898
            ],
            [
              6.269735,
              52.59487
            ],
            [
              6.269168,
              52.594798
            ],
            [
              6.268932,
              52.594767
            ],
            [
              6.268825,
              52.594743
            ],
            [
              6.268834,
              52.594717
            ],
            [
              6.268476,
              52.594669
            ],
            [
              6.268471,
              52.594662
            ],
            [
              6.268185,
              52.594535
            ],
            [
              6.267518,
              52.594465
            ],
            [
              6.266599,
              52.594378
            ],
            [
              6.265721,
              52.594303
            ],
            [
              6.265711,
              52.594302
            ],
            [
              6.26559,
              52.59429
            ],
            [
              6.265574,
              52.594289
            ],
            [
              6.26548,
              52.594281
            ],
            [
              6.26462,
              52.594211
            ],
            [
              6.264148,
              52.594175
            ],
            [
              6.263761,
              52.594139
            ],
            [
              6.26362,
              52.594125
            ],
            [
              6.263574,
              52.594121
            ],
            [
              6.263522,
              52.594127
            ],
            [
              6.26349,
              52.594128
            ],
            [
              6.262984,
              52.594091
            ],
            [
              6.262983,
              52.59403
            ],
            [
              6.262863,
              52.594021
            ],
            [
              6.262822,
              52.593988
            ],
            [
              6.262765,
              52.593962
            ],
            [
              6.262702,
              52.59393
            ],
            [
              6.262664,
              52.593915
            ],
            [
              6.262587,
              52.593903
            ],
            [
              6.262485,
              52.593891
            ],
            [
              6.262305,
              52.593876
            ],
            [
              6.261982,
              52.59385
            ],
            [
              6.2616,
              52.593813
            ],
            [
              6.261517,
              52.593805
            ],
            [
              6.261194,
              52.593775
            ],
            [
              6.259755,
              52.593656
            ],
            [
              6.259238,
              52.593614
            ],
            [
              6.25913,
              52.593594
            ],
            [
              6.259005,
              52.59356
            ],
            [
              6.258876,
              52.593479
            ],
            [
              6.258819,
              52.593425
            ],
            [
              6.258774,
              52.59335
            ],
            [
              6.258647,
              52.592981
            ],
            [
              6.258621,
              52.592905
            ],
            [
              6.25849,
              52.592534
            ],
            [
              6.258456,
              52.592438
            ],
            [
              6.258443,
              52.592399
            ],
            [
              6.258431,
              52.592366
            ],
            [
              6.258367,
              52.592182
            ],
            [
              6.258311,
              52.59202
            ],
            [
              6.258018,
              52.591988
            ],
            [
              6.258028,
              52.591999
            ],
            [
              6.257897,
              52.591991
            ],
            [
              6.257735,
              52.591982
            ],
            [
              6.257586,
              52.591973
            ],
            [
              6.257506,
              52.591967
            ],
            [
              6.257381,
              52.591959
            ],
            [
              6.256973,
              52.59193
            ],
            [
              6.256877,
              52.591923
            ],
            [
              6.256866,
              52.591922
            ],
            [
              6.256824,
              52.59192
            ],
            [
              6.256812,
              52.591918
            ],
            [
              6.256725,
              52.59191
            ],
            [
              6.256689,
              52.591907
            ],
            [
              6.256107,
              52.591854
            ],
            [
              6.255576,
              52.591798
            ],
            [
              6.255341,
              52.591772
            ],
            [
              6.255012,
              52.591732
            ],
            [
              6.254392,
              52.591656
            ],
            [
              6.254266,
              52.591643
            ],
            [
              6.254264,
              52.591643
            ],
            [
              6.253757,
              52.591576
            ],
            [
              6.253691,
              52.591568
            ],
            [
              6.25369,
              52.591567
            ],
            [
              6.252874,
              52.591464
            ],
            [
              6.252065,
              52.591362
            ],
            [
              6.251165,
              52.591247
            ],
            [
              6.251022,
              52.591228
            ],
            [
              6.251019,
              52.591228
            ],
            [
              6.250645,
              52.591181
            ],
            [
              6.250644,
              52.591181
            ],
            [
              6.25038,
              52.591149
            ],
            [
              6.250251,
              52.591133
            ],
            [
              6.249983,
              52.591098
            ],
            [
              6.249975,
              52.591097
            ],
            [
              6.249644,
              52.591055
            ],
            [
              6.249643,
              52.591055
            ],
            [
              6.249623,
              52.591051
            ],
            [
              6.249621,
              52.591051
            ],
            [
              6.249598,
              52.591048
            ],
            [
              6.248879,
              52.590957
            ],
            [
              6.248877,
              52.590957
            ],
            [
              6.248594,
              52.590923
            ],
            [
              6.247172,
              52.590759
            ],
            [
              6.247025,
              52.590742
            ],
            [
              6.246991,
              52.590738
            ],
            [
              6.24699,
              52.590733
            ],
            [
              6.246926,
              52.590325
            ],
            [
              6.246903,
              52.590323
            ],
            [
              6.246797,
              52.590311
            ],
            [
              6.246139,
              52.590235
            ],
            [
              6.244971,
              52.5901
            ],
            [
              6.242676,
              52.589832
            ],
            [
              6.241851,
              52.589734
            ],
            [
              6.241461,
              52.589687
            ],
            [
              6.241428,
              52.589781
            ],
            [
              6.241026,
              52.589751
            ],
            [
              6.24037,
              52.589709
            ],
            [
              6.240047,
              52.589689
            ],
            [
              6.240056,
              52.589641
            ],
            [
              6.239149,
              52.589531
            ],
            [
              6.238615,
              52.589469
            ],
            [
              6.238617,
              52.589463
            ],
            [
              6.238651,
              52.589352
            ],
            [
              6.237373,
              52.589198
            ],
            [
              6.237056,
              52.589159
            ],
            [
              6.236458,
              52.589087
            ],
            [
              6.235776,
              52.589002
            ],
            [
              6.235775,
              52.589005
            ],
            [
              6.23574,
              52.589
            ],
            [
              6.235387,
              52.588958
            ],
            [
              6.234938,
              52.588904
            ],
            [
              6.234716,
              52.588878
            ],
            [
              6.23361,
              52.588747
            ],
            [
              6.233162,
              52.588695
            ],
            [
              6.232971,
              52.588672
            ],
            [
              6.232286,
              52.588592
            ],
            [
              6.232114,
              52.588569
            ],
            [
              6.232133,
              52.588501
            ],
            [
              6.231108,
              52.58838
            ],
            [
              6.231107,
              52.58838
            ],
            [
              6.230907,
              52.588357
            ],
            [
              6.230901,
              52.588356
            ],
            [
              6.230825,
              52.588348
            ],
            [
              6.230466,
              52.588307
            ],
            [
              6.229846,
              52.588234
            ],
            [
              6.229081,
              52.588144
            ],
            [
              6.228981,
              52.588132
            ],
            [
              6.228878,
              52.58812
            ],
            [
              6.228306,
              52.588053
            ],
            [
              6.226298,
              52.587816
            ],
            [
              6.226167,
              52.587801
            ],
            [
              6.225864,
              52.587764
            ],
            [
              6.225469,
              52.587716
            ],
            [
              6.225095,
              52.587672
            ],
            [
              6.224395,
              52.587589
            ],
            [
              6.223932,
              52.587534
            ],
            [
              6.223925,
              52.587534
            ],
            [
              6.223838,
              52.587523
            ],
            [
              6.223808,
              52.58752
            ],
            [
              6.223761,
              52.587514
            ],
            [
              6.223677,
              52.587504
            ],
            [
              6.222518,
              52.587364
            ],
            [
              6.222002,
              52.587302
            ],
            [
              6.219496,
              52.587003
            ],
            [
              6.219027,
              52.586947
            ],
            [
              6.218998,
              52.586944
            ],
            [
              6.218979,
              52.586942
            ],
            [
              6.218937,
              52.586937
            ],
            [
              6.217786,
              52.586799
            ],
            [
              6.216049,
              52.586591
            ],
            [
              6.21531,
              52.586507
            ],
            [
              6.214721,
              52.586436
            ],
            [
              6.212973,
              52.586225
            ],
            [
              6.212967,
              52.586224
            ],
            [
              6.212406,
              52.586157
            ],
            [
              6.212398,
              52.586156
            ],
            [
              6.212349,
              52.586151
            ],
            [
              6.211691,
              52.586074
            ],
            [
              6.208777,
              52.585727
            ],
            [
              6.208282,
              52.585669
            ],
            [
              6.208045,
              52.585641
            ],
            [
              6.205126,
              52.585297
            ],
            [
              6.204404,
              52.585214
            ],
            [
              6.202483,
              52.584989
            ],
            [
              6.202138,
              52.584949
            ],
            [
              6.201933,
              52.584924
            ],
            [
              6.201498,
              52.584874
            ],
            [
              6.200726,
              52.584783
            ],
            [
              6.198728,
              52.584547
            ],
            [
              6.197854,
              52.584444
            ],
            [
              6.197117,
              52.584359
            ],
            [
              6.19599,
              52.584227
            ],
            [
              6.195525,
              52.584175
            ],
            [
              6.195433,
              52.584163
            ],
            [
              6.195273,
              52.584138
            ],
            [
              6.195094,
              52.584111
            ],
            [
              6.195065,
              52.584113
            ],
            [
              6.194676,
              52.584141
            ],
            [
              6.194675,
              52.584141
            ],
            [
              6.194534,
              52.584151
            ],
            [
              6.194498,
              52.584156
            ],
            [
              6.194258,
              52.584193
            ],
            [
              6.194061,
              52.584226
            ],
            [
              6.194026,
              52.584232
            ],
            [
              6.193919,
              52.584251
            ],
            [
              6.19367,
              52.584308
            ],
            [
              6.193607,
              52.584323
            ],
            [
              6.192441,
              52.58459
            ],
            [
              6.1922,
              52.584645
            ],
            [
              6.192161,
              52.584654
            ],
            [
              6.191296,
              52.584851
            ],
            [
              6.191155,
              52.584883
            ],
            [
              6.190475,
              52.585037
            ],
            [
              6.190092,
              52.585126
            ],
            [
              6.187838,
              52.585953
            ],
            [
              6.187232,
              52.586176
            ],
            [
              6.184722,
              52.587094
            ],
            [
              6.184056,
              52.587334
            ],
            [
              6.183035,
              52.587713
            ],
            [
              6.182788,
              52.587787
            ],
            [
              6.182742,
              52.587797
            ],
            [
              6.182687,
              52.587809
            ],
            [
              6.182321,
              52.587861
            ],
            [
              6.179901,
              52.58794
            ],
            [
              6.179812,
              52.587939
            ],
            [
              6.179476,
              52.58793
            ],
            [
              6.179076,
              52.587897
            ],
            [
              6.177049,
              52.587722
            ],
            [
              6.176689,
              52.587691
            ],
            [
              6.176225,
              52.587651
            ],
            [
              6.175411,
              52.587581
            ],
            [
              6.172475,
              52.587331
            ],
            [
              6.171645,
              52.587261
            ],
            [
              6.171217,
              52.587226
            ],
            [
              6.170191,
              52.58714
            ],
            [
              6.169996,
              52.587124
            ],
            [
              6.169954,
              52.587121
            ],
            [
              6.169953,
              52.587121
            ],
            [
              6.169953,
              52.587121
            ],
            [
              6.169922,
              52.587118
            ],
            [
              6.169262,
              52.587064
            ],
            [
              6.167964,
              52.586956
            ],
            [
              6.166177,
              52.586805
            ],
            [
              6.165018,
              52.586707
            ],
            [
              6.164156,
              52.586631
            ],
            [
              6.162406,
              52.586473
            ],
            [
              6.162403,
              52.586473
            ],
            [
              6.161933,
              52.586432
            ],
            [
              6.159305,
              52.586205
            ],
            [
              6.156832,
              52.58599
            ],
            [
              6.156713,
              52.58598
            ],
            [
              6.15552,
              52.585879
            ],
            [
              6.150468,
              52.585449
            ],
            [
              6.147583,
              52.585204
            ],
            [
              6.147601,
              52.585127
            ],
            [
              6.147602,
              52.585121
            ],
            [
              6.147603,
              52.585118
            ],
            [
              6.147607,
              52.585098
            ],
            [
              6.147623,
              52.585028
            ],
            [
              6.147546,
              52.58496
            ],
            [
              6.147362,
              52.584879
            ],
            [
              6.147345,
              52.584828
            ],
            [
              6.147364,
              52.584712
            ],
            [
              6.147418,
              52.584408
            ],
            [
              6.147231,
              52.584404
            ],
            [
              6.14721,
              52.584399
            ],
            [
              6.147139,
              52.584377
            ],
            [
              6.146911,
              52.584299
            ],
            [
              6.146659,
              52.584216
            ],
            [
              6.146582,
              52.58419
            ],
            [
              6.146502,
              52.584187
            ],
            [
              6.146424,
              52.584181
            ],
            [
              6.146281,
              52.584149
            ],
            [
              6.146279,
              52.584148
            ],
            [
              6.146146,
              52.584116
            ],
            [
              6.145656,
              52.584001
            ],
            [
              6.145519,
              52.583967
            ],
            [
              6.145105,
              52.58387
            ],
            [
              6.144726,
              52.583788
            ],
            [
              6.144601,
              52.583762
            ],
            [
              6.144353,
              52.583704
            ],
            [
              6.14403,
              52.583628
            ],
            [
              6.143283,
              52.583449
            ],
            [
              6.143139,
              52.583417
            ],
            [
              6.142821,
              52.583356
            ],
            [
              6.14256,
              52.58331
            ],
            [
              6.14208,
              52.583228
            ],
            [
              6.141634,
              52.583155
            ],
            [
              6.141234,
              52.583084
            ],
            [
              6.140867,
              52.583022
            ],
            [
              6.140329,
              52.582929
            ],
            [
              6.139955,
              52.582855
            ],
            [
              6.139677,
              52.582795
            ],
            [
              6.139604,
              52.582779
            ],
            [
              6.139081,
              52.582665
            ],
            [
              6.138953,
              52.582633
            ],
            [
              6.138738,
              52.582583
            ],
            [
              6.138638,
              52.582561
            ],
            [
              6.138534,
              52.582542
            ],
            [
              6.138458,
              52.582532
            ],
            [
              6.138366,
              52.582516
            ],
            [
              6.138187,
              52.582479
            ],
            [
              6.137989,
              52.582437
            ],
            [
              6.137755,
              52.582392
            ],
            [
              6.137507,
              52.582351
            ],
            [
              6.137183,
              52.5823
            ],
            [
              6.136059,
              52.582115
            ],
            [
              6.135627,
              52.582045
            ],
            [
              6.135218,
              52.581977
            ],
            [
              6.135016,
              52.581936
            ],
            [
              6.134738,
              52.581878
            ],
            [
              6.134551,
              52.581841
            ],
            [
              6.134022,
              52.58173
            ],
            [
              6.13376,
              52.581679
            ],
            [
              6.133063,
              52.581539
            ],
            [
              6.13286,
              52.581499
            ],
            [
              6.132646,
              52.581456
            ],
            [
              6.132487,
              52.581426
            ],
            [
              6.132314,
              52.581394
            ],
            [
              6.132144,
              52.581362
            ],
            [
              6.131971,
              52.581332
            ],
            [
              6.131802,
              52.581307
            ],
            [
              6.131624,
              52.581278
            ],
            [
              6.131378,
              52.581246
            ],
            [
              6.131301,
              52.581332
            ],
            [
              6.131247,
              52.581415
            ],
            [
              6.131188,
              52.58151
            ],
            [
              6.13118,
              52.581522
            ],
            [
              6.131156,
              52.581556
            ],
            [
              6.131088,
              52.581664
            ],
            [
              6.130993,
              52.581803
            ],
            [
              6.130802,
              52.582099
            ],
            [
              6.130692,
              52.582265
            ],
            [
              6.13059,
              52.582425
            ],
            [
              6.130468,
              52.582619
            ],
            [
              6.130413,
              52.582706
            ],
            [
              6.130378,
              52.582762
            ],
            [
              6.130339,
              52.582829
            ],
            [
              6.130305,
              52.582887
            ],
            [
              6.130256,
              52.582947
            ],
            [
              6.130214,
              52.583002
            ],
            [
              6.130161,
              52.583067
            ],
            [
              6.130109,
              52.583131
            ],
            [
              6.130062,
              52.583182
            ],
            [
              6.13004,
              52.583248
            ],
            [
              6.130015,
              52.583314
            ],
            [
              6.130009,
              52.583331
            ],
            [
              6.130001,
              52.583356
            ],
            [
              6.130001,
              52.583357
            ],
            [
              6.129997,
              52.583366
            ],
            [
              6.129976,
              52.583433
            ],
            [
              6.129971,
              52.583451
            ],
            [
              6.12997,
              52.583456
            ],
            [
              6.129959,
              52.583478
            ],
            [
              6.129939,
              52.583518
            ],
            [
              6.129888,
              52.583632
            ],
            [
              6.129763,
              52.583753
            ],
            [
              6.129719,
              52.583803
            ],
            [
              6.129523,
              52.5841
            ],
            [
              6.12952,
              52.584104
            ],
            [
              6.129475,
              52.584151
            ],
            [
              6.129413,
              52.584229
            ],
            [
              6.129394,
              52.584255
            ],
            [
              6.129359,
              52.584305
            ],
            [
              6.129133,
              52.584637
            ],
            [
              6.128853,
              52.585053
            ],
            [
              6.128575,
              52.585469
            ],
            [
              6.128301,
              52.585886
            ],
            [
              6.128027,
              52.586303
            ],
            [
              6.127968,
              52.58638
            ],
            [
              6.127956,
              52.586395
            ],
            [
              6.127894,
              52.586477
            ],
            [
              6.127812,
              52.586553
            ],
            [
              6.127718,
              52.586617
            ],
            [
              6.127603,
              52.586688
            ],
            [
              6.127466,
              52.586757
            ],
            [
              6.127594,
              52.586783
            ],
            [
              6.127747,
              52.586814
            ],
            [
              6.127748,
              52.586814
            ],
            [
              6.127752,
              52.586815
            ],
            [
              6.1277,
              52.58689
            ],
            [
              6.12769,
              52.586906
            ],
            [
              6.127682,
              52.586919
            ],
            [
              6.127573,
              52.587088
            ],
            [
              6.127543,
              52.587134
            ],
            [
              6.126858,
              52.588191
            ],
            [
              6.126632,
              52.588562
            ],
            [
              6.126368,
              52.588974
            ],
            [
              6.126301,
              52.58905
            ],
            [
              6.126086,
              52.58941
            ],
            [
              6.126022,
              52.589454
            ],
            [
              6.126001,
              52.589468
            ],
            [
              6.125986,
              52.589479
            ],
            [
              6.125425,
              52.589867
            ],
            [
              6.125191,
              52.590049
            ],
            [
              6.124932,
              52.590106
            ],
            [
              6.124825,
              52.590159
            ],
            [
              6.124769,
              52.590346
            ],
            [
              6.124653,
              52.590427
            ],
            [
              6.124566,
              52.590439
            ],
            [
              6.124368,
              52.590498
            ],
            [
              6.124244,
              52.590706
            ],
            [
              6.124149,
              52.590792
            ],
            [
              6.12409,
              52.590844
            ],
            [
              6.124059,
              52.590923
            ],
            [
              6.124032,
              52.591283
            ],
            [
              6.124365,
              52.591421
            ],
            [
              6.124758,
              52.591625
            ],
            [
              6.125053,
              52.59174
            ],
            [
              6.125124,
              52.591807
            ],
            [
              6.125205,
              52.591986
            ],
            [
              6.125296,
              52.59208
            ],
            [
              6.125469,
              52.592408
            ],
            [
              6.125482,
              52.592433
            ],
            [
              6.125508,
              52.592492
            ],
            [
              6.125497,
              52.592502
            ],
            [
              6.125083,
              52.59293
            ],
            [
              6.124764,
              52.593271
            ],
            [
              6.124446,
              52.593612
            ],
            [
              6.124057,
              52.594057
            ],
            [
              6.123727,
              52.594322
            ],
            [
              6.123494,
              52.594453
            ],
            [
              6.123306,
              52.594553
            ],
            [
              6.122192,
              52.595561
            ],
            [
              6.121697,
              52.596051
            ],
            [
              6.121354,
              52.596363
            ],
            [
              6.120912,
              52.59674
            ],
            [
              6.120529,
              52.597069
            ],
            [
              6.11987,
              52.597233
            ],
            [
              6.119836,
              52.597243
            ],
            [
              6.119738,
              52.597271
            ],
            [
              6.119613,
              52.597337
            ],
            [
              6.118795,
              52.597783
            ],
            [
              6.118415,
              52.597951
            ],
            [
              6.117363,
              52.59852
            ],
            [
              6.116808,
              52.598813
            ],
            [
              6.116757,
              52.598844
            ],
            [
              6.115618,
              52.599552
            ],
            [
              6.115394,
              52.599643
            ],
            [
              6.114847,
              52.599786
            ],
            [
              6.114256,
              52.599989
            ],
            [
              6.114245,
              52.599993
            ],
            [
              6.114234,
              52.599997
            ],
            [
              6.113593,
              52.60024
            ],
            [
              6.112992,
              52.600466
            ],
            [
              6.112207,
              52.600806
            ],
            [
              6.11118,
              52.601283
            ],
            [
              6.1108,
              52.601464
            ],
            [
              6.110693,
              52.601541
            ],
            [
              6.110655,
              52.601593
            ],
            [
              6.110503,
              52.601762
            ],
            [
              6.110479,
              52.60177
            ],
            [
              6.109934,
              52.601935
            ],
            [
              6.109362,
              52.602199
            ],
            [
              6.109068,
              52.602261
            ],
            [
              6.108867,
              52.602356
            ],
            [
              6.10819,
              52.602679
            ],
            [
              6.108114,
              52.602714
            ],
            [
              6.107556,
              52.602948
            ],
            [
              6.105859,
              52.603691
            ],
            [
              6.105848,
              52.603696
            ],
            [
              6.10569,
              52.603623
            ],
            [
              6.105361,
              52.60347
            ],
            [
              6.105283,
              52.603433
            ],
            [
              6.10523,
              52.60348
            ],
            [
              6.105228,
              52.603481
            ],
            [
              6.105198,
              52.603508
            ],
            [
              6.105224,
              52.603518
            ],
            [
              6.105194,
              52.603541
            ],
            [
              6.105189,
              52.603545
            ],
            [
              6.105189,
              52.603545
            ],
            [
              6.105163,
              52.603533
            ],
            [
              6.105141,
              52.603572
            ],
            [
              6.105141,
              52.603573
            ],
            [
              6.105118,
              52.603615
            ],
            [
              6.105115,
              52.603619
            ],
            [
              6.105114,
              52.603621
            ],
            [
              6.105101,
              52.603644
            ],
            [
              6.105022,
              52.60373
            ],
            [
              6.104486,
              52.60393
            ],
            [
              6.104364,
              52.604039
            ],
            [
              6.103611,
              52.604918
            ],
            [
              6.103548,
              52.604992
            ],
            [
              6.103225,
              52.605368
            ],
            [
              6.103181,
              52.605446
            ],
            [
              6.103064,
              52.605652
            ],
            [
              6.103317,
              52.605763
            ],
            [
              6.103881,
              52.606009
            ],
            [
              6.106003,
              52.606934
            ],
            [
              6.106034,
              52.606948
            ],
            [
              6.106055,
              52.606957
            ],
            [
              6.106063,
              52.60696
            ],
            [
              6.106094,
              52.606974
            ],
            [
              6.10623,
              52.607035
            ],
            [
              6.106225,
              52.607045
            ],
            [
              6.106115,
              52.60729
            ],
            [
              6.105373,
              52.608926
            ],
            [
              6.105284,
              52.609128
            ],
            [
              6.105256,
              52.609192
            ],
            [
              6.105181,
              52.609359
            ],
            [
              6.104402,
              52.611109
            ],
            [
              6.104286,
              52.611372
            ],
            [
              6.104253,
              52.611444
            ],
            [
              6.104205,
              52.611553
            ],
            [
              6.104121,
              52.611743
            ],
            [
              6.103701,
              52.612685
            ],
            [
              6.104437,
              52.613201
            ],
            [
              6.104483,
              52.613234
            ],
            [
              6.104901,
              52.613529
            ],
            [
              6.106525,
              52.614688
            ],
            [
              6.106668,
              52.614763
            ],
            [
              6.106858,
              52.614809
            ],
            [
              6.106948,
              52.614832
            ],
            [
              6.106951,
              52.614832
            ],
            [
              6.106746,
              52.616006
            ],
            [
              6.106658,
              52.616398
            ],
            [
              6.106647,
              52.616627
            ],
            [
              6.106644,
              52.616823
            ],
            [
              6.106578,
              52.617107
            ],
            [
              6.106504,
              52.617421
            ],
            [
              6.106439,
              52.617699
            ],
            [
              6.10642,
              52.617844
            ],
            [
              6.106416,
              52.617876
            ],
            [
              6.106414,
              52.617894
            ],
            [
              6.106406,
              52.617951
            ],
            [
              6.106671,
              52.617979
            ],
            [
              6.107556,
              52.617949
            ],
            [
              6.107614,
              52.617971
            ],
            [
              6.107622,
              52.618098
            ],
            [
              6.107557,
              52.618443
            ],
            [
              6.107477,
              52.618873
            ],
            [
              6.107449,
              52.618873
            ],
            [
              6.107389,
              52.618873
            ],
            [
              6.107358,
              52.618873
            ],
            [
              6.106533,
              52.618876
            ],
            [
              6.106321,
              52.61891
            ],
            [
              6.106234,
              52.618895
            ],
            [
              6.106159,
              52.618898
            ],
            [
              6.106058,
              52.619088
            ],
            [
              6.106055,
              52.619094
            ],
            [
              6.106002,
              52.619186
            ],
            [
              6.105965,
              52.619327
            ],
            [
              6.105966,
              52.61933
            ],
            [
              6.105983,
              52.61938
            ],
            [
              6.106165,
              52.619606
            ],
            [
              6.106307,
              52.619674
            ],
            [
              6.106309,
              52.619724
            ],
            [
              6.106221,
              52.619848
            ],
            [
              6.106094,
              52.619862
            ],
            [
              6.105919,
              52.619869
            ],
            [
              6.10584,
              52.61987
            ],
            [
              6.105841,
              52.619932
            ],
            [
              6.105931,
              52.619951
            ],
            [
              6.105959,
              52.619969
            ],
            [
              6.105956,
              52.620148
            ],
            [
              6.105953,
              52.620327
            ],
            [
              6.105951,
              52.620349
            ],
            [
              6.105941,
              52.620449
            ],
            [
              6.105939,
              52.620458
            ],
            [
              6.105937,
              52.620467
            ],
            [
              6.105899,
              52.62068
            ],
            [
              6.105872,
              52.620828
            ],
            [
              6.106631,
              52.620844
            ],
            [
              6.106727,
              52.620845
            ],
            [
              6.106731,
              52.620845
            ],
            [
              6.106693,
              52.621094
            ],
            [
              6.106663,
              52.621493
            ],
            [
              6.106659,
              52.621493
            ],
            [
              6.106571,
              52.621496
            ],
            [
              6.106567,
              52.621496
            ],
            [
              6.105952,
              52.621495
            ],
            [
              6.105094,
              52.621494
            ],
            [
              6.105073,
              52.621564
            ],
            [
              6.105015,
              52.621756
            ],
            [
              6.104995,
              52.621821
            ],
            [
              6.104998,
              52.621832
            ],
            [
              6.104993,
              52.622075
            ],
            [
              6.104976,
              52.622174
            ],
            [
              6.104962,
              52.622255
            ],
            [
              6.104944,
              52.622346
            ],
            [
              6.104945,
              52.622418
            ],
            [
              6.104947,
              52.622553
            ],
            [
              6.104946,
              52.622565
            ],
            [
              6.104924,
              52.622723
            ],
            [
              6.104921,
              52.622739
            ],
            [
              6.104902,
              52.622783
            ],
            [
              6.104888,
              52.622827
            ],
            [
              6.104832,
              52.622911
            ],
            [
              6.104689,
              52.623077
            ],
            [
              6.1046,
              52.623143
            ],
            [
              6.104465,
              52.623196
            ],
            [
              6.104402,
              52.62322
            ],
            [
              6.104281,
              52.623267
            ],
            [
              6.104234,
              52.623279
            ],
            [
              6.10406,
              52.623324
            ],
            [
              6.104059,
              52.623325
            ],
            [
              6.104036,
              52.623331
            ],
            [
              6.104055,
              52.623369
            ],
            [
              6.104014,
              52.623539
            ],
            [
              6.104009,
              52.623553
            ],
            [
              6.104005,
              52.623725
            ],
            [
              6.10399,
              52.623913
            ],
            [
              6.103982,
              52.624151
            ],
            [
              6.103993,
              52.624407
            ],
            [
              6.103994,
              52.624431
            ],
            [
              6.104082,
              52.624447
            ],
            [
              6.104091,
              52.624449
            ],
            [
              6.103997,
              52.624675
            ],
            [
              6.103978,
              52.624806
            ],
            [
              6.103976,
              52.624833
            ],
            [
              6.103954,
              52.625113
            ],
            [
              6.103946,
              52.625218
            ],
            [
              6.103931,
              52.625569
            ],
            [
              6.103825,
              52.625572
            ],
            [
              6.101434,
              52.625507
            ],
            [
              6.100973,
              52.625497
            ],
            [
              6.100228,
              52.625487
            ],
            [
              6.099216,
              52.625482
            ],
            [
              6.099055,
              52.625532
            ],
            [
              6.09894,
              52.625556
            ],
            [
              6.098778,
              52.625565
            ],
            [
              6.098348,
              52.625555
            ],
            [
              6.098267,
              52.625824
            ],
            [
              6.098265,
              52.625832
            ],
            [
              6.098258,
              52.625856
            ],
            [
              6.098232,
              52.625942
            ],
            [
              6.098118,
              52.626322
            ],
            [
              6.09796,
              52.626764
            ],
            [
              6.097931,
              52.626843
            ],
            [
              6.09791,
              52.626902
            ],
            [
              6.09783,
              52.627087
            ],
            [
              6.097726,
              52.627323
            ],
            [
              6.097673,
              52.627444
            ],
            [
              6.097622,
              52.627559
            ],
            [
              6.097537,
              52.627718
            ],
            [
              6.097353,
              52.628044
            ],
            [
              6.097147,
              52.628487
            ],
            [
              6.096916,
              52.628924
            ],
            [
              6.096728,
              52.629281
            ],
            [
              6.096678,
              52.629392
            ],
            [
              6.096409,
              52.629979
            ],
            [
              6.096293,
              52.630184
            ],
            [
              6.09605,
              52.630659
            ],
            [
              6.095966,
              52.630837
            ],
            [
              6.095917,
              52.630941
            ],
            [
              6.095928,
              52.631066
            ],
            [
              6.096052,
              52.63167
            ],
            [
              6.096202,
              52.632397
            ],
            [
              6.096296,
              52.632854
            ],
            [
              6.096313,
              52.632912
            ],
            [
              6.0963,
              52.632992
            ],
            [
              6.096377,
              52.633311
            ],
            [
              6.096463,
              52.633668
            ],
            [
              6.096508,
              52.63397
            ],
            [
              6.09653,
              52.634104
            ],
            [
              6.096729,
              52.635088
            ],
            [
              6.096848,
              52.635626
            ],
            [
              6.096987,
              52.635788
            ],
            [
              6.097047,
              52.635858
            ],
            [
              6.097047,
              52.635858
            ],
            [
              6.097081,
              52.635892
            ],
            [
              6.097092,
              52.635903
            ],
            [
              6.097192,
              52.635999
            ],
            [
              6.097238,
              52.636044
            ],
            [
              6.09734,
              52.636142
            ],
            [
              6.097342,
              52.636143
            ],
            [
              6.097344,
              52.636145
            ],
            [
              6.097383,
              52.636182
            ],
            [
              6.097416,
              52.636214
            ],
            [
              6.097509,
              52.636303
            ],
            [
              6.097511,
              52.636305
            ],
            [
              6.097543,
              52.636335
            ],
            [
              6.098401,
              52.637159
            ],
            [
              6.0988,
              52.637544
            ],
            [
              6.099419,
              52.638148
            ],
            [
              6.099612,
              52.638362
            ],
            [
              6.09966,
              52.638415
            ],
            [
              6.09992,
              52.638653
            ],
            [
              6.100359,
              52.639061
            ],
            [
              6.100765,
              52.639447
            ],
            [
              6.100875,
              52.639549
            ],
            [
              6.101385,
              52.640101
            ],
            [
              6.101932,
              52.64062
            ],
            [
              6.102044,
              52.641028
            ],
            [
              6.102142,
              52.641407
            ]
          ]
        ]
      },
      "properties": {
        "type": "boundary",
        "gemeente": "Staphorst"
      }
    }
  ]
}