{"type":"FeatureCollection","metadata":{"gemeente":"Steenwijkerland","slug":"steenwijkerland","generated_at":"2026-10-05T09:05:41.292243Z","total_points":74,"providers":["Amazon","DHL","DPD","PostNL","VintedGo","ViaTim","FedEx","InPost"],"bounds":[5.8426790237,52.67882185,6.15831013,52.82437384]},"features":[{"type":"Feature","geometry":{"type":"Point","coordinates":[6.079165,52.720005]},"properties":{"type":"pakketpunt","locatieNaam":"DHL - Pakketautomaat PLUS ter Schure","straatNaam":"Bartus Warnersweg 2","straatNr":"","vervoerder":"Amazon","puntType":"3p","bezettingsgraad":50,"latitude":52.720005,"longitude":6.079165,"canPickup":true,"canDropoff":false,"openingstijden":null}},{"type":"Feature","geometry":{"type":"Point","coordinates":[5.961579302,52.7255001]},"properties":{"type":"pakketpunt","locatieNaam":"Coop Blokzijl","straatNaam":"Boffersweidje 35","straatNr":"","vervoerder":"Amazon","puntType":"3p","bezettingsgraad":50,"latitude":52.7255001,"longitude":5.961579302,"canPickup":true,"canDropoff":false,"openingstijden":null}},{"type":"Feature","geometry":{"type":"Point","coordinates":[6.095838243695152,52.77906863302626]},"properties":{"type":"pakketpunt","locatieNaam":"DHL - Pakketautomaat Karwei Steenwijk","straatNaam":"Broekslagen 4","straatNr":"","vervoerder":"Amazon","puntType":"3p","bezettingsgraad":50,"latitude":52.77906863302626,"longitude":6.095838243695152,"canPickup":true,"canDropoff":false,"openingstijden":null}},{"type":"Feature","geometry":{"type":"Point","coordinates":[6.101023,52.7892744]},"properties":{"type":"pakketpunt","locatieNaam":"DHL - DeBuren Locker 24-7 Dolderweg","straatNaam":"Dolderweg 10","straatNr":"","vervoerder":"Amazon","puntType":"3p","bezettingsgraad":50,"latitude":52.7892744,"longitude":6.101023,"canPickup":true,"canDropoff":false,"openingstijden":null}},{"type":"Feature","geometry":{"type":"Point","coordinates":[6.117276476444702,52.79079278019653]},"properties":{"type":"pakketpunt","locatieNaam":"DHL - DeBuren Locker 24-7 Stationsplein","straatNaam":"Stationsplein 4","straatNr":"","vervoerder":"Amazon","puntType":"3p","bezettingsgraad":50,"latitude":52.79079278019653,"longitude":6.117276476444702,"canPickup":true,"canDropoff":false,"openingstijden":null}},{"type":"Feature","geometry":{"type":"Point","coordinates":[6.131690276004892,52.789346384260526]},"properties":{"type":"pakketpunt","locatieNaam":"DHL - Pakketautomaat VV Olde Veste","straatNaam":"Parallelweg 11-VC/108","straatNr":"","vervoerder":"Amazon","puntType":"3p","bezettingsgraad":50,"latitude":52.789346384260526,"longitude":6.131690276004892,"canPickup":true,"canDropoff":false,"openingstijden":null}},{"type":"Feature","geometry":{"type":"Point","coordinates":[6.1582549,52.7808658]},"properties":{"type":"pakketpunt","locatieNaam":"DHL - DeBuren Locker 24-7 Steenakkers","straatNaam":"Steenakkers 3","straatNr":"","vervoerder":"Amazon","puntType":"3p","bezettingsgraad":50,"latitude":52.7808658,"longitude":6.1582549,"canPickup":true,"canDropoff":false,"openingstijden":null}},{"type":"Feature","geometry":{"type":"Point","coordinates":[5.9601302507288985,52.68158732708959]},"properties":{"type":"pakketpunt","locatieNaam":"Bouwmarkt Vinke Vastbouw","straatNaam":"Productieweg","straatNr":"3","vervoerder":"DHL","puntType":"parcelShop","bezettingsgraad":50,"latitude":52.68158732708959,"longitude":5.9601302507288985,"canPickup":true,"canDropoff":true,"openingstijden":{"ma":"08:00 - 17:30","di":"08:00 - 17:30","wo":"08:00 - 17:30","do":"08:00 - 17:30","vr":"08:00 - 20:00","za":"08:00 - 16:00","zo":"gesloten"}}},{"type":"Feature","geometry":{"type":"Point","coordinates":[5.96044,52.726856]},"properties":{"type":"pakketpunt","locatieNaam":"YEP","straatNaam":"Brouwerstraat","straatNr":"5","vervoerder":"DHL","puntType":"parcelShop","bezettingsgraad":50,"latitude":52.726856,"longitude":5.96044,"canPickup":true,"canDropoff":true,"openingstijden":{"ma":"12:00 - 17:00","di":"10:00 - 17:00","wo":"10:00 - 17:00","do":"10:00 - 17:00","vr":"10:00 - 17:00","za":"12:00 - 16:00","zo":"gesloten"}}},{"type":"Feature","geometry":{"type":"Point","coordinates":[6.079165,52.720005]},"properties":{"type":"pakketpunt","locatieNaam":"Pakketautomaat PLUS ter Schure","straatNaam":"Bartus Warnersweg","straatNr":"2","vervoerder":"DHL","puntType":"packStation","bezettingsgraad":50,"latitude":52.720005,"longitude":6.079165,"canPickup":true,"canDropoff":true,"openingstijden":{"ma":"00:00 - 23:59","di":"00:00 - 23:59","wo":"00:00 - 23:59","do":"00:00 - 23:59","vr":"00:00 - 23:59","za":"00:00 - 23:59","zo":"00:00 - 23:59"}}},{"type":"Feature","geometry":{"type":"Point","coordinates":[6.1582549,52.7808658]},"properties":{"type":"pakketpunt","locatieNaam":"DeBuren Locker 24-7 Steenakkers","straatNaam":"Steenakkers","straatNr":"3","vervoerder":"DHL","puntType":"packStation","bezettingsgraad":50,"latitude":52.7808658,"longitude":6.1582549,"canPickup":true,"canDropoff":true,"openingstijden":{"ma":"00:00 - 23:59","di":"00:00 - 23:59","wo":"00:00 - 23:59","do":"00:00 - 23:59","vr":"00:00 - 23:59","za":"00:00 - 23:59","zo":"00:00 - 23:59"}}},{"type":"Feature","geometry":{"type":"Point","coordinates":[5.8430072,52.7850864]},"properties":{"type":"pakketpunt","locatieNaam":"t Kuunders Kwartiertje","straatNaam":"Burchtstraat","straatNr":"11","vervoerder":"DHL","puntType":"parcelShop","bezettingsgraad":50,"latitude":52.7850864,"longitude":5.8430072,"canPickup":true,"canDropoff":true,"openingstijden":{"ma":"07:00 - 20:00","di":"07:00 - 20:00","wo":"07:00 - 20:00","do":"07:00 - 20:00","vr":"07:00 - 20:00","za":"08:00 - 20:00","zo":"09:00 - 20:00"}}},{"type":"Feature","geometry":{"type":"Point","coordinates":[5.976713,52.8164032]},"properties":{"type":"pakketpunt","locatieNaam":"Landwinkel de Waterbuffelfarm","straatNaam":"Hareweg","straatNr":"6-A","vervoerder":"DHL","puntType":"parcelShop","bezettingsgraad":50,"latitude":52.8164032,"longitude":5.976713,"canPickup":true,"canDropoff":true,"openingstijden":{"ma":"09:00 - 18:00","di":"gesloten","wo":"09:00 - 18:00","do":"09:00 - 18:00","vr":"09:00 - 18:00","za":"09:00 - 17:00","zo":"gesloten"}}},{"type":"Feature","geometry":{"type":"Point","coordinates":[5.975161,52.8201224]},"properties":{"type":"pakketpunt","locatieNaam":"Monicas Sporttiek RomoFashion","straatNaam":"Hoofdstraat","straatNr":"22-24","vervoerder":"DHL","puntType":"parcelShop","bezettingsgraad":50,"latitude":52.8201224,"longitude":5.975161,"canPickup":true,"canDropoff":true,"openingstijden":{"ma":"13:30 - 17:30","di":"10:00 - 17:30","wo":"10:00 - 17:30","do":"10:00 - 17:30","vr":"10:00 - 17:30","za":"10:00 - 17:00","zo":"gesloten"}}},{"type":"Feature","geometry":{"type":"Point","coordinates":[5.9642592,52.8236086]},"properties":{"type":"pakketpunt","locatieNaam":"All-in Fulfilment","straatNaam":"Eekstraat","straatNr":"15","vervoerder":"DHL","puntType":"parcelShop","bezettingsgraad":50,"latitude":52.8236086,"longitude":5.9642592,"canPickup":true,"canDropoff":true,"openingstijden":{"ma":"09:00 - 17:00","di":"09:00 - 17:00","wo":"09:00 - 17:00","do":"09:00 - 17:00","vr":"09:00 - 17:00","za":"09:00 - 12:00","zo":"gesloten"}}},{"type":"Feature","geometry":{"type":"Point","coordinates":[6.1001637,52.7886779]},"properties":{"type":"pakketpunt","locatieNaam":"DHL Pakketpunt Steenwijk","straatNaam":"Dolderweg","straatNr":"16","vervoerder":"DHL","puntType":"parcelShop","bezettingsgraad":50,"latitude":52.7886779,"longitude":6.1001637,"canPickup":true,"canDropoff":true,"openingstijden":{"ma":"12:00 - 19:00","di":"12:00 - 19:00","wo":"12:00 - 19:00","do":"12:00 - 19:00","vr":"12:00 - 19:00","za":"12:00 - 18:00","zo":"gesloten"}}},{"type":"Feature","geometry":{"type":"Point","coordinates":[6.101023,52.7892744]},"properties":{"type":"pakketpunt","locatieNaam":"DeBuren Locker 24-7 Dolderweg","straatNaam":"Dolderweg","straatNr":"10","vervoerder":"DHL","puntType":"packStation","bezettingsgraad":50,"latitude":52.7892744,"longitude":6.101023,"canPickup":true,"canDropoff":true,"openingstijden":{"ma":"00:00 - 23:59","di":"00:00 - 23:59","wo":"00:00 - 23:59","do":"00:00 - 23:59","vr":"00:00 - 23:59","za":"00:00 - 23:59","zo":"00:00 - 23:59"}}},{"type":"Feature","geometry":{"type":"Point","coordinates":[6.095838243695152,52.77906863302626]},"properties":{"type":"pakketpunt","locatieNaam":"Pakketautomaat Karwei Steenwijk","straatNaam":"Broekslagen","straatNr":"4","vervoerder":"DHL","puntType":"packStation","bezettingsgraad":50,"latitude":52.77906863302626,"longitude":6.095838243695152,"canPickup":true,"canDropoff":true,"openingstijden":{"ma":"00:00 - 23:59","di":"00:00 - 23:59","wo":"00:00 - 23:59","do":"00:00 - 23:59","vr":"00:00 - 23:59","za":"00:00 - 23:59","zo":"00:00 - 23:59"}}},{"type":"Feature","geometry":{"type":"Point","coordinates":[6.1107793,52.7869782]},"properties":{"type":"pakketpunt","locatieNaam":"Budget Food Steenwijk","straatNaam":"Steenwijkersdiep","straatNr":"25","vervoerder":"DHL","puntType":"parcelShop","bezettingsgraad":50,"latitude":52.7869782,"longitude":6.1107793,"canPickup":true,"canDropoff":true,"openingstijden":{"ma":"09:00 - 18:00","di":"09:00 - 18:00","wo":"09:00 - 18:00","do":"09:00 - 18:00","vr":"09:00 - 20:00","za":"09:00 - 18:00","zo":"12:00 - 18:00"}}},{"type":"Feature","geometry":{"type":"Point","coordinates":[6.117276476444702,52.79079278019653]},"properties":{"type":"pakketpunt","locatieNaam":"DeBuren Locker 24-7 Stationsplein","straatNaam":"Stationsplein","straatNr":"4","vervoerder":"DHL","puntType":"packStation","bezettingsgraad":50,"latitude":52.79079278019653,"longitude":6.117276476444702,"canPickup":true,"canDropoff":true,"openingstijden":{"ma":"00:00 - 23:59","di":"00:00 - 23:59","wo":"00:00 - 23:59","do":"00:00 - 23:59","vr":"00:00 - 23:59","za":"00:00 - 23:59","zo":"00:00 - 23:59"}}},{"type":"Feature","geometry":{"type":"Point","coordinates":[6.1176923,52.7872955]},"properties":{"type":"pakketpunt","locatieNaam":"terStal Steenwijk","straatNaam":"Oosterstraat","straatNr":"22","vervoerder":"DHL","puntType":"parcelShop","bezettingsgraad":50,"latitude":52.7872955,"longitude":6.1176923,"canPickup":true,"canDropoff":true,"openingstijden":{"ma":"gesloten","di":"09:30 - 17:30","wo":"09:30 - 17:30","do":"09:30 - 17:30","vr":"09:30 - 17:30","za":"10:00 - 17:00","zo":"gesloten"}}},{"type":"Feature","geometry":{"type":"Point","coordinates":[6.1179451,52.7873479]},"properties":{"type":"pakketpunt","locatieNaam":"Shoeby Steenwijk","straatNaam":"Oosterstraat","straatNr":"30","vervoerder":"DHL","puntType":"parcelShop","bezettingsgraad":50,"latitude":52.7873479,"longitude":6.1179451,"canPickup":true,"canDropoff":true,"openingstijden":{"ma":"13:00 - 18:00","di":"09:30 - 18:00","wo":"09:30 - 18:00","do":"09:30 - 18:00","vr":"09:30 - 18:00","za":"09:30 - 17:00","zo":"gesloten"}}},{"type":"Feature","geometry":{"type":"Point","coordinates":[6.1183534,52.7874467]},"properties":{"type":"pakketpunt","locatieNaam":"Intertoys Steenwijk","straatNaam":"Oosterstraat","straatNr":"50-52","vervoerder":"DHL","puntType":"parcelShop","bezettingsgraad":50,"latitude":52.7874467,"longitude":6.1183534,"canPickup":true,"canDropoff":true,"openingstijden":{"ma":"13:30 - 17:30","di":"09:30 - 17:30","wo":"09:30 - 17:30","do":"09:30 - 17:30","vr":"09:30 - 17:30","za":"09:30 - 17:00","zo":"gesloten"}}},{"type":"Feature","geometry":{"type":"Point","coordinates":[6.118925706746134,52.78679338157953]},"properties":{"type":"pakketpunt","locatieNaam":"Pakketautomaat PLUS Steenwijk","straatNaam":"Scholestraat","straatNr":"28","vervoerder":"DHL","puntType":"packStation","bezettingsgraad":50,"latitude":52.78679338157953,"longitude":6.118925706746134,"canPickup":true,"canDropoff":true,"openingstijden":{"ma":"08:00 - 20:00","di":"08:00 - 20:00","wo":"08:00 - 20:00","do":"08:00 - 20:00","vr":"08:00 - 20:00","za":"08:00 - 20:00","zo":"12:00 - 17:00"}}},{"type":"Feature","geometry":{"type":"Point","coordinates":[6.123885527129757,52.79825665663131]},"properties":{"type":"pakketpunt","locatieNaam":"Pakketautomaat Lidl Steenwijk","straatNaam":"Woldmeentherand","straatNr":"1","vervoerder":"DHL","puntType":"packStation","bezettingsgraad":50,"latitude":52.79825665663131,"longitude":6.123885527129757,"canPickup":true,"canDropoff":true,"openingstijden":{"ma":"08:00 - 21:00","di":"08:00 - 21:00","wo":"08:00 - 21:00","do":"08:00 - 21:00","vr":"08:00 - 21:00","za":"08:00 - 21:00","zo":"12:00 - 20:00"}}},{"type":"Feature","geometry":{"type":"Point","coordinates":[6.131690276004892,52.789346384260526]},"properties":{"type":"pakketpunt","locatieNaam":"Pakketautomaat VV Olde Veste","straatNaam":"Parallelweg","straatNr":"11-VC/108","vervoerder":"DHL","puntType":"packStation","bezettingsgraad":50,"latitude":52.789346384260526,"longitude":6.131690276004892,"canPickup":true,"canDropoff":true,"openingstijden":{"ma":"00:00 - 23:59","di":"00:00 - 23:59","wo":"00:00 - 23:59","do":"00:00 - 23:59","vr":"00:00 - 23:59","za":"00:00 - 23:59","zo":"00:00 - 23:59"}}},{"type":"Feature","geometry":{"type":"Point","coordinates":[5.95747,52.68185]},"properties":{"type":"pakketpunt","locatieNaam":"Drok Decorette En Hubo","straatNaam":"DE WEIJERT","straatNr":"10","vervoerder":"DPD","puntType":"pickup_point","bezettingsgraad":50,"latitude":52.68185,"longitude":5.95747,"canPickup":true,"canDropoff":true,"openingstijden":{"ma":"08:30 - 17:00","di":"08:30 - 17:00","wo":"08:30 - 17:00","do":"08:30 - 17:00","vr":"08:30 - 17:00","za":"08:30 - 17:00","zo":"gesloten"}}},{"type":"Feature","geometry":{"type":"Point","coordinates":[6.113918,52.785845]},"properties":{"type":"pakketpunt","locatieNaam":"Van Kerkvoorde en Hollander","straatNaam":"KORNPUTSINGEL","straatNr":"25","vervoerder":"DPD","puntType":"pickup_point","bezettingsgraad":50,"latitude":52.785845,"longitude":6.113918,"canPickup":true,"canDropoff":true,"openingstijden":{"ma":"09:00 - 18:00","di":"09:00 - 18:00","wo":"09:00 - 18:00","do":"09:00 - 20:00","vr":"09:00 - 18:00","za":"09:00 - 17:00","zo":"gesloten"}}},{"type":"Feature","geometry":{"type":"Point","coordinates":[5.9604399,52.7268559]},"properties":{"type":"pakketpunt","locatieNaam":"Yep!","straatNaam":"BROUWERSTRAAT","straatNr":"5","vervoerder":"DPD","puntType":"pickup_point","bezettingsgraad":50,"latitude":52.7268559,"longitude":5.9604399,"canPickup":true,"canDropoff":true,"openingstijden":{"ma":"gesloten","di":"10:00 - 17:00","wo":"10:00 - 17:00","do":"10:00 - 17:00","vr":"10:00 - 17:00","za":"10:00 - 17:00","zo":"12:00 - 16:00"}}},{"type":"Feature","geometry":{"type":"Point","coordinates":[5.8426790237,52.7851867676]},"properties":{"type":"pakketpunt","locatieNaam":"'t Kuunders Kwartiertje","straatNaam":"BURCHTSTRAAT","straatNr":"11","vervoerder":"DPD","puntType":"pickup_point","bezettingsgraad":50,"latitude":52.7851867676,"longitude":5.8426790237,"canPickup":true,"canDropoff":true,"openingstijden":{"ma":"07:00 - 20:00","di":"07:00 - 20:00","wo":"07:00 - 20:00","do":"07:00 - 20:00","vr":"07:00 - 20:00","za":"08:00 - 20:00","zo":"09:00 - 20:00"}}},{"type":"Feature","geometry":{"type":"Point","coordinates":[6.15831013,52.78088495]},"properties":{"type":"pakketpunt","locatieNaam":"Pakketautomaat Oliehandel Kreuze St","straatNaam":"STEENAKKERS","straatNr":"3","vervoerder":"DPD","puntType":"dpd_box","bezettingsgraad":50,"latitude":52.78088495,"longitude":6.15831013,"canPickup":true,"canDropoff":true,"openingstijden":{"ma":"00:00 - 23:59","di":"00:00 - 23:59","wo":"00:00 - 23:59","do":"00:00 - 23:59","vr":"00:00 - 23:59","za":"00:00 - 23:59","zo":"00:00 - 23:59"}}},{"type":"Feature","geometry":{"type":"Point","coordinates":[5.9642592,52.8236086]},"properties":{"type":"pakketpunt","locatieNaam":"Business Point - All in Fulfilment","straatNaam":"EEKSTRAAT","straatNr":"15","vervoerder":"DPD","puntType":"pickup_point","bezettingsgraad":50,"latitude":52.8236086,"longitude":5.9642592,"canPickup":true,"canDropoff":true,"openingstijden":{"ma":"09:00 - 17:00","di":"09:00 - 17:00","wo":"09:00 - 17:00","do":"09:00 - 17:00","vr":"09:00 - 17:00","za":"09:00 - 12:00","zo":"gesloten"}}},{"type":"Feature","geometry":{"type":"Point","coordinates":[6.130794,52.789252]},"properties":{"type":"pakketpunt","locatieNaam":"Pakketautomaat vv Olde Veste","straatNaam":"PARALLELWEG","straatNr":"11","vervoerder":"DPD","puntType":"dpd_box","bezettingsgraad":50,"latitude":52.789252,"longitude":6.130794,"canPickup":true,"canDropoff":true,"openingstijden":{"ma":"00:01 - 23:59","di":"00:01 - 23:59","wo":"00:01 - 23:59","do":"00:01 - 23:59","vr":"00:01 - 23:59","za":"00:01 - 23:59","zo":"00:01 - 23:59"}}},{"type":"Feature","geometry":{"type":"Point","coordinates":[6.0966119,52.7762341]},"properties":{"type":"pakketpunt","locatieNaam":"Pakketautomaat Praxis Steenwijk","straatNaam":"KOEMATEN","straatNr":"2","vervoerder":"DPD","puntType":"dpd_box","bezettingsgraad":50,"latitude":52.7762341,"longitude":6.0966119,"canPickup":true,"canDropoff":true,"openingstijden":{"ma":"09:00 - 21:00","di":"09:00 - 21:00","wo":"09:00 - 21:00","do":"09:00 - 21:00","vr":"09:00 - 21:00","za":"09:00 - 18:00","zo":"12:00 - 17:00"}}},{"type":"Feature","geometry":{"type":"Point","coordinates":[6.1152504,52.7902133]},"properties":{"type":"pakketpunt","locatieNaam":"Pakketautomaat Stationsplein Steenw","straatNaam":"STATIONSPLEIN","straatNr":"1","vervoerder":"DPD","puntType":"dpd_box","bezettingsgraad":50,"latitude":52.7902133,"longitude":6.1152504,"canPickup":true,"canDropoff":true,"openingstijden":{"ma":"00:01 - 23:59","di":"00:01 - 23:59","wo":"00:01 - 23:59","do":"00:01 - 23:59","vr":"00:01 - 23:59","za":"00:01 - 23:59","zo":"00:01 - 23:59"}}},{"type":"Feature","geometry":{"type":"Point","coordinates":[5.97671,52.8164]},"properties":{"type":"pakketpunt","locatieNaam":"Landwinkel/camping de Waterbuffelfa","straatNaam":"HAREWEG","straatNr":"6A","vervoerder":"DPD","puntType":"pickup_point","bezettingsgraad":50,"latitude":52.8164,"longitude":5.97671,"canPickup":true,"canDropoff":true,"openingstijden":{"ma":"09:00 - 18:00","di":"gesloten","wo":"09:00 - 18:00","do":"09:00 - 18:00","vr":"09:00 - 18:00","za":"09:00 - 17:00","zo":"13:00 - 17:00"}}},{"type":"Feature","geometry":{"type":"Point","coordinates":[5.961579302,52.7255001]},"properties":{"type":"pakketpunt","locatieNaam":"Coop Blokzijl.","straatNaam":"Boffersweidje","straatNr":"35","vervoerder":"PostNL","puntType":"servicepunt","bezettingsgraad":50,"latitude":52.7255001,"longitude":5.961579302,"canPickup":true,"canDropoff":true,"openingstijden":"08:00 - 18:30"}},{"type":"Feature","geometry":{"type":"Point","coordinates":[6.07843349816213,52.7209963164736]},"properties":{"type":"pakketpunt","locatieNaam":"Primera Giethoorn","straatNaam":"Bartus Warnersweg","straatNr":"2","vervoerder":"PostNL","puntType":"servicepunt","bezettingsgraad":50,"latitude":52.7209963164736,"longitude":6.07843349816213,"canPickup":true,"canDropoff":true,"openingstijden":"09:00 - 18:00 (Na 18:00 open; Zaterdag open)"}},{"type":"Feature","geometry":{"type":"Point","coordinates":[6.07935646830508,52.7213324629907]},"properties":{"type":"pakketpunt","locatieNaam":"Pakket- en briefautomaat","straatNaam":"Eendrachtsplein","straatNr":"4PBA","vervoerder":"PostNL","puntType":"automaat","bezettingsgraad":50,"latitude":52.7213324629907,"longitude":6.07935646830508,"canPickup":true,"canDropoff":true,"openingstijden":"00:00 - 23:59"}},{"type":"Feature","geometry":{"type":"Point","coordinates":[6.096614446,52.7762318]},"properties":{"type":"pakketpunt","locatieNaam":"Praxis","straatNaam":"Koematen","straatNr":"2","vervoerder":"PostNL","puntType":"servicepunt","bezettingsgraad":50,"latitude":52.7762318,"longitude":6.096614446,"canPickup":true,"canDropoff":true,"openingstijden":"09:00 - 21:00 (Na 18:00 open; Zaterdag open; Zondag open)"}},{"type":"Feature","geometry":{"type":"Point","coordinates":[6.095757479,52.77913971]},"properties":{"type":"pakketpunt","locatieNaam":"KARWEI Steenwijk","straatNaam":"Broekslagen","straatNr":"4","vervoerder":"PostNL","puntType":"servicepunt","bezettingsgraad":50,"latitude":52.77913971,"longitude":6.095757479,"canPickup":true,"canDropoff":true,"openingstijden":"09:00 - 21:00"}},{"type":"Feature","geometry":{"type":"Point","coordinates":[6.095757479,52.77913971]},"properties":{"type":"pakketpunt","locatieNaam":"Pakket- en briefautomaat","straatNaam":"Broekslagen","straatNr":"4PBA","vervoerder":"PostNL","puntType":"automaat","bezettingsgraad":50,"latitude":52.77913971,"longitude":6.095757479,"canPickup":true,"canDropoff":true,"openingstijden":"00:00 - 23:59"}},{"type":"Feature","geometry":{"type":"Point","coordinates":[6.06063077,52.80313195]},"properties":{"type":"pakketpunt","locatieNaam":"Spar","straatNaam":"Gelderingen","straatNr":"12","vervoerder":"PostNL","puntType":"servicepunt","bezettingsgraad":50,"latitude":52.80313195,"longitude":6.06063077,"canPickup":true,"canDropoff":true,"openingstijden":"08:00 - 19:00 (Na 18:00 open; Zaterdag open)"}},{"type":"Feature","geometry":{"type":"Point","coordinates":[6.00248603773626,52.6788261815156]},"properties":{"type":"pakketpunt","locatieNaam":"Pakket- en briefautomaat","straatNaam":"Molenstraat","straatNr":"27PBA","vervoerder":"PostNL","puntType":"automaat","bezettingsgraad":50,"latitude":52.6788261815156,"longitude":6.00248603773626,"canPickup":true,"canDropoff":true,"openingstijden":"00:00 - 23:59"}},{"type":"Feature","geometry":{"type":"Point","coordinates":[6.00248603773626,52.6788261815156]},"properties":{"type":"pakketpunt","locatieNaam":"Pakket- en briefautomaat","straatNaam":"Molenstraat","straatNr":"27PBA","vervoerder":"PostNL","puntType":"automaat","bezettingsgraad":50,"latitude":52.6788261815156,"longitude":6.00248603773626,"canPickup":true,"canDropoff":true,"openingstijden":"00:00 - 23:59"}},{"type":"Feature","geometry":{"type":"Point","coordinates":[6.002756233,52.67882185]},"properties":{"type":"pakketpunt","locatieNaam":"Gewoon Coop Boonstra","straatNaam":"Molenstraat","straatNr":"27","vervoerder":"PostNL","puntType":"servicepunt","bezettingsgraad":50,"latitude":52.67882185,"longitude":6.002756233,"canPickup":true,"canDropoff":true,"openingstijden":"08:00 - 20:00 (Na 18:00 open; Zaterdag open)"}},{"type":"Feature","geometry":{"type":"Point","coordinates":[5.95444895964199,52.6811920419361]},"properties":{"type":"pakketpunt","locatieNaam":"Warenhuis de Voorpoort","straatNaam":"Kerkstraat","straatNr":"90","vervoerder":"PostNL","puntType":"servicepunt","bezettingsgraad":50,"latitude":52.6811920419361,"longitude":5.95444895964199,"canPickup":true,"canDropoff":true,"openingstijden":null}},{"type":"Feature","geometry":{"type":"Point","coordinates":[5.975598901,52.819399]},"properties":{"type":"pakketpunt","locatieNaam":"Pakket- en briefautomaat","straatNaam":"Hoofdstraat","straatNr":"5PBA","vervoerder":"PostNL","puntType":"automaat","bezettingsgraad":50,"latitude":52.819399,"longitude":5.975598901,"canPickup":true,"canDropoff":true,"openingstijden":"00:00 - 23:59"}},{"type":"Feature","geometry":{"type":"Point","coordinates":[5.975218551,52.8197963]},"properties":{"type":"pakketpunt","locatieNaam":"Books & Gifts","straatNaam":"Hoofdstraat","straatNr":"21","vervoerder":"PostNL","puntType":"servicepunt","bezettingsgraad":50,"latitude":52.8197963,"longitude":5.975218551,"canPickup":true,"canDropoff":true,"openingstijden":"13:00 - 18:00 (Na 18:00 open; Zaterdag open)"}},{"type":"Feature","geometry":{"type":"Point","coordinates":[6.10102096401343,52.7892725904496]},"properties":{"type":"pakketpunt","locatieNaam":"Pakketautomaat","straatNaam":"Dolderweg","straatNr":"10PBA","vervoerder":"PostNL","puntType":"automaat","bezettingsgraad":50,"latitude":52.7892725904496,"longitude":6.10102096401343,"canPickup":true,"canDropoff":true,"openingstijden":"00:00 - 23:59"}},{"type":"Feature","geometry":{"type":"Point","coordinates":[6.11098930908649,52.7869746828984]},"properties":{"type":"pakketpunt","locatieNaam":"Pakketautomaat","straatNaam":"Steenwijkerdiep","straatNr":"25PBA","vervoerder":"PostNL","puntType":"automaat","bezettingsgraad":50,"latitude":52.7869746828984,"longitude":6.11098930908649,"canPickup":true,"canDropoff":true,"openingstijden":"09:00 - 18:00"}},{"type":"Feature","geometry":{"type":"Point","coordinates":[6.114487134,52.78694439]},"properties":{"type":"pakketpunt","locatieNaam":"Phone Connect Steenwijk","straatNaam":"Woldpromenade","straatNr":"26","vervoerder":"PostNL","puntType":"servicepunt","bezettingsgraad":50,"latitude":52.78694439,"longitude":6.114487134,"canPickup":true,"canDropoff":true,"openingstijden":"12:00 - 17:30"}},{"type":"Feature","geometry":{"type":"Point","coordinates":[6.116935444,52.78709119]},"properties":{"type":"pakketpunt","locatieNaam":"Primera","straatNaam":"Oosterstraat","straatNr":"4-6","vervoerder":"PostNL","puntType":"servicepunt","bezettingsgraad":50,"latitude":52.78709119,"longitude":6.116935444,"canPickup":true,"canDropoff":true,"openingstijden":"11:00 - 18:00 (Na 18:00 open; Zaterdag open)"}},{"type":"Feature","geometry":{"type":"Point","coordinates":[6.11894507284731,52.7867103940309]},"properties":{"type":"pakketpunt","locatieNaam":"Pakketautomaat","straatNaam":"Scholestraat","straatNr":"28PBA","vervoerder":"PostNL","puntType":"automaat","bezettingsgraad":50,"latitude":52.7867103940309,"longitude":6.11894507284731,"canPickup":true,"canDropoff":true,"openingstijden":"08:00 - 20:00"}},{"type":"Feature","geometry":{"type":"Point","coordinates":[6.063972513,52.82265056]},"properties":{"type":"pakketpunt","locatieNaam":"Dedden IJzerwaren en Gereedschappen","straatNaam":"Steenwijkerweg","straatNr":"196","vervoerder":"PostNL","puntType":"servicepunt","bezettingsgraad":50,"latitude":52.82265056,"longitude":6.063972513,"canPickup":true,"canDropoff":true,"openingstijden":null}},{"type":"Feature","geometry":{"type":"Point","coordinates":[6.15825746982824,52.7808635034163]},"properties":{"type":"pakketpunt","locatieNaam":"Pakketautomaat","straatNaam":"Steenakkers","straatNr":"3PBA","vervoerder":"PostNL","puntType":"automaat","bezettingsgraad":50,"latitude":52.7808635034163,"longitude":6.15825746982824,"canPickup":true,"canDropoff":true,"openingstijden":"00:00 - 23:59"}},{"type":"Feature","geometry":{"type":"Point","coordinates":[6.1192236,52.7875675]},"properties":{"type":"pakketpunt","locatieNaam":"Kleikersport","straatNaam":"Oosterstraat 85","straatNr":"","vervoerder":"VintedGo","puntType":"parcel_shop","bezettingsgraad":50,"latitude":52.7875675,"longitude":6.1192236,"canPickup":true,"canDropoff":true,"openingstijden":null}},{"type":"Feature","geometry":{"type":"Point","coordinates":[6.097918,52.793]},"properties":{"type":"pakketpunt","locatieNaam":"Kringloopwinkel Steenwijk","straatNaam":"Boterweg 5","straatNr":"","vervoerder":"VintedGo","puntType":"locker","bezettingsgraad":50,"latitude":52.793,"longitude":6.097918,"canPickup":true,"canDropoff":true,"openingstijden":null}},{"type":"Feature","geometry":{"type":"Point","coordinates":[6.1111443,52.7869175]},"properties":{"type":"pakketpunt","locatieNaam":"Budget Food - Steenwijk","straatNaam":"Steenwijkerdiep 25","straatNr":"","vervoerder":"VintedGo","puntType":"locker","bezettingsgraad":50,"latitude":52.7869175,"longitude":6.1111443,"canPickup":true,"canDropoff":true,"openingstijden":null}},{"type":"Feature","geometry":{"type":"Point","coordinates":[6.0954349,52.7769723]},"properties":{"type":"pakketpunt","locatieNaam":"Praxis Steenwijk ","straatNaam":"Koematen 2","straatNr":"","vervoerder":"VintedGo","puntType":"locker","bezettingsgraad":50,"latitude":52.7769723,"longitude":6.0954349,"canPickup":true,"canDropoff":true,"openingstijden":null}},{"type":"Feature","geometry":{"type":"Point","coordinates":[5.9641446,52.8235593]},"properties":{"type":"pakketpunt","locatieNaam":"All-in Fulfilment","straatNaam":"Eekstraat 15","straatNr":"","vervoerder":"VintedGo","puntType":"parcel_shop","bezettingsgraad":50,"latitude":52.8235593,"longitude":5.9641446,"canPickup":true,"canDropoff":true,"openingstijden":null}},{"type":"Feature","geometry":{"type":"Point","coordinates":[6.11061807,52.78978317]},"properties":{"type":"pakketpunt","locatieNaam":"ViaTim en D. Span","straatNaam":"Hendrik van Steenwijck de Oudestraat ","straatNr":"8","vervoerder":"ViaTim","puntType":"servicepunt","bezettingsgraad":50,"latitude":52.78978317,"longitude":6.11061807,"canPickup":true,"canDropoff":true,"openingstijden":{"ma":"13:00 - 16:00","di":"gesloten","wo":"gesloten","do":"13:00 - 16:00","vr":"gesloten","za":"gesloten","zo":"gesloten"}}},{"type":"Feature","geometry":{"type":"Point","coordinates":[6.13967542,52.82437384]},"properties":{"type":"pakketpunt","locatieNaam":"ViaTim en Natasja","straatNaam":"Bleekersbrink","straatNr":"6","vervoerder":"ViaTim","puntType":"servicepunt","bezettingsgraad":50,"latitude":52.82437384,"longitude":6.13967542,"canPickup":true,"canDropoff":true,"openingstijden":{"ma":"gesloten","di":"16:00 - 20:00","wo":"16:00 - 20:00","do":"16:00 - 20:00","vr":"gesloten","za":"gesloten","zo":"gesloten"}}},{"type":"Feature","geometry":{"type":"Point","coordinates":[5.96428899,52.72575888]},"properties":{"type":"pakketpunt","locatieNaam":"ViaTim en Lisa","straatNaam":"Johan Willem Frisostraat","straatNr":"7","vervoerder":"ViaTim","puntType":"servicepunt","bezettingsgraad":50,"latitude":52.72575888,"longitude":5.96428899,"canPickup":true,"canDropoff":true,"openingstijden":{"ma":"09:00 - 12:00","di":"gesloten","wo":"gesloten","do":"09:00 - 12:00","vr":"gesloten","za":"gesloten","zo":"gesloten"}}},{"type":"Feature","geometry":{"type":"Point","coordinates":[6.0793665877199565,52.72132776612378]},"properties":{"type":"pakketpunt","locatieNaam":"FedEx Ship&Get","straatNaam":"Eendrachtsplein 4 PBA","straatNr":"","vervoerder":"FedEx","puntType":"servicepunt","bezettingsgraad":50,"latitude":52.72132776612378,"longitude":6.0793665877199565,"canPickup":true,"canDropoff":true,"openingstijden":{"ma":"00:00 - 23:59","di":"00:00 - 23:59","wo":"00:00 - 23:59","do":"00:00 - 23:59","vr":"00:00 - 23:59","za":"00:00 - 23:59","zo":"00:00 - 23:59"}}},{"type":"Feature","geometry":{"type":"Point","coordinates":[5.975643968105495,52.819414738436905]},"properties":{"type":"pakketpunt","locatieNaam":"FedEx Ship&Get","straatNaam":"Hoofdstraat 5 PBA","straatNr":"","vervoerder":"FedEx","puntType":"servicepunt","bezettingsgraad":50,"latitude":52.819414738436905,"longitude":5.975643968105495,"canPickup":true,"canDropoff":true,"openingstijden":{"ma":"00:00 - 23:59","di":"00:00 - 23:59","wo":"00:00 - 23:59","do":"00:00 - 23:59","vr":"00:00 - 23:59","za":"00:00 - 23:59","zo":"00:00 - 23:59"}}},{"type":"Feature","geometry":{"type":"Point","coordinates":[6.095845942345255,52.779137955122145]},"properties":{"type":"pakketpunt","locatieNaam":"FedEx Ship&Get","straatNaam":"Broekslagen 4 PBA","straatNr":"","vervoerder":"FedEx","puntType":"servicepunt","bezettingsgraad":50,"latitude":52.779137955122145,"longitude":6.095845942345255,"canPickup":true,"canDropoff":true,"openingstijden":{"ma":"00:00 - 23:59","di":"00:00 - 23:59","wo":"00:00 - 23:59","do":"00:00 - 23:59","vr":"00:00 - 23:59","za":"00:00 - 23:59","zo":"00:00 - 23:59"}}},{"type":"Feature","geometry":{"type":"Point","coordinates":[6.113013783135233,52.78675130478852]},"properties":{"type":"pakketpunt","locatieNaam":"FedEx OnSite","straatNaam":"KORNPUTSINGEL 7","straatNr":"","vervoerder":"FedEx","puntType":"servicepunt","bezettingsgraad":50,"latitude":52.78675130478852,"longitude":6.113013783135233,"canPickup":true,"canDropoff":true,"openingstijden":{"ma":"10:00 - 16:00","di":"10:00 - 16:00","wo":"10:00 - 16:00","do":"10:00 - 16:00","vr":"10:00 - 16:00","za":"gesloten","zo":"gesloten"}}},{"type":"Feature","geometry":{"type":"Point","coordinates":[6.118950505522522,52.786695128430345]},"properties":{"type":"pakketpunt","locatieNaam":"FedEx Ship&Get","straatNaam":"Scholestraat 28 PBA","straatNr":"","vervoerder":"FedEx","puntType":"servicepunt","bezettingsgraad":50,"latitude":52.786695128430345,"longitude":6.118950505522522,"canPickup":true,"canDropoff":true,"openingstijden":{"ma":"08:00 - 20:00","di":"08:00 - 20:00","wo":"08:00 - 20:00","do":"08:00 - 21:00","vr":"08:00 - 20:00","za":"08:00 - 20:00","zo":"12:00 - 18:00"}}},{"type":"Feature","geometry":{"type":"Point","coordinates":[6.119445,52.787518]},"properties":{"type":"pakketpunt","locatieNaam":"FedEx OnSite","straatNaam":"OOSTERSTRAAT 89","straatNr":"","vervoerder":"FedEx","puntType":"servicepunt","bezettingsgraad":50,"latitude":52.787518,"longitude":6.119445,"canPickup":true,"canDropoff":true,"openingstijden":{"ma":"gesloten","di":"09:00 - 18:00","wo":"09:00 - 18:00","do":"09:00 - 18:00","vr":"09:00 - 18:00","za":"09:00 - 17:00","zo":"gesloten"}}},{"type":"Feature","geometry":{"type":"Point","coordinates":[6.11945,52.78752]},"properties":{"type":"pakketpunt","locatieNaam":"HDV COMPUTERS","straatNaam":"Oosterstraat 89","straatNr":"","vervoerder":"InPost","puntType":"servicepunt","bezettingsgraad":50,"latitude":52.78752,"longitude":6.11945,"canPickup":true,"canDropoff":true,"openingstijden":null}},{"type":"Feature","geometry":{"type":"Point","coordinates":[6.11298,52.78673]},"properties":{"type":"pakketpunt","locatieNaam":"NATUURTALENTEN","straatNaam":"Kornputsingel 7","straatNr":"","vervoerder":"InPost","puntType":"servicepunt","bezettingsgraad":50,"latitude":52.78673,"longitude":6.11298,"canPickup":true,"canDropoff":true,"openingstijden":null}},{"type":"Feature","geometry":{"type":"Point","coordinates":[6.10102,52.78913]},"properties":{"type":"pakketpunt","locatieNaam":"","straatNaam":"Dolderweg","straatNr":"10","vervoerder":"InPost","puntType":"automaat","bezettingsgraad":50,"latitude":52.78913,"longitude":6.10102,"canPickup":true,"canDropoff":true,"openingstijden":"24/7"}},{"type":"Feature","geometry":{"type":"Point","coordinates":[5.96415,52.82355]},"properties":{"type":"pakketpunt","locatieNaam":"ALL-IN FULFILMENT","straatNaam":"Eekstraat 15","straatNr":"","vervoerder":"InPost","puntType":"servicepunt","bezettingsgraad":50,"latitude":52.82355,"longitude":5.96415,"canPickup":true,"canDropoff":true,"openingstijden":null}},{"type":"Feature","geometry":{"type":"Polygon","coordinates":[[[5.795177,52.806522],[5.79926,52.801287],[5.803474,52.796859],[5.805926,52.794859],[5.812725,52.791186],[5.816857,52.788954],[5.818657,52.787636],[5.818249,52.786953],[5.818792,52.784697],[5.828146,52.785545],[5.836254,52.785637],[5.837301,52.785029],[5.841618,52.785138],[5.842068,52.784973],[5.842231,52.784914],[5.842549,52.784797],[5.842551,52.784756],[5.842528,52.784667],[5.842524,52.784584],[5.84254,52.784584],[5.842539,52.784546],[5.842568,52.784546],[5.842818,52.784547],[5.843035,52.784547],[5.843159,52.784533],[5.843269,52.784497],[5.84339,52.784464],[5.843482,52.784452],[5.849699,52.784739],[5.852451,52.783781],[5.860258,52.781816],[5.862083,52.781022],[5.868718,52.778137],[5.869934,52.777519],[5.875594,52.774643],[5.879683,52.773251],[5.882702,52.771375],[5.885137,52.769301],[5.890253,52.766995],[5.890452,52.766906],[5.894383,52.765134],[5.896085,52.762822],[5.896889,52.762493],[5.900054,52.761195],[5.900914,52.761214],[5.906009,52.761326],[5.906447,52.761044],[5.92183,52.75117],[5.922574,52.750692],[5.93015,52.739587],[5.930151,52.739586],[5.935559,52.730252],[5.936501,52.728121],[5.938481,52.723642],[5.938529,52.723533],[5.938567,52.723449],[5.938653,52.723255],[5.94117,52.717551],[5.941204,52.717474],[5.941885,52.715949],[5.942555,52.715002],[5.951099,52.711942],[5.951161,52.711919],[5.951314,52.711748],[5.951775,52.711231],[5.951931,52.711056],[5.952396,52.710535],[5.955316,52.707262],[5.954839,52.703768],[5.956465,52.703805],[5.959012,52.703863],[5.959941,52.702943],[5.959964,52.70292],[5.960792,52.7021],[5.961766,52.701135],[5.962786,52.700124],[5.963388,52.699528],[5.963676,52.699243],[5.964225,52.698699],[5.964548,52.698379],[5.964825,52.698104],[5.965155,52.69357],[5.962105,52.690351],[5.962089,52.690348],[5.9594,52.68995],[5.95274,52.68524],[5.952724,52.685236],[5.952034,52.685075],[5.951509,52.684952],[5.949519,52.685713],[5.949508,52.685707],[5.946933,52.684155],[5.947016,52.684104],[5.946946,52.684062],[5.945977,52.683478],[5.944708,52.682713],[5.945345,52.682321],[5.945377,52.682301],[5.935747,52.676618],[5.93387,52.675511],[5.932751,52.673189],[5.933084,52.671264],[5.93367,52.670694],[5.933678,52.670686],[5.934594,52.669782],[5.935148,52.669234],[5.939726,52.668835],[5.940101,52.670427],[5.941233,52.670495],[5.941593,52.670517],[5.943672,52.67],[5.945751,52.669482],[5.949884,52.668578],[5.954017,52.667674],[5.958172,52.667809],[5.9619,52.667041],[5.963054,52.666398],[5.964968,52.666154],[5.966852,52.66658],[5.967932,52.665926],[5.970814,52.665189],[5.972682,52.66398],[5.974549,52.662771],[5.976661,52.661752],[5.979546,52.660496],[5.980417,52.659856],[5.981744,52.658739],[5.982512,52.658066],[5.982681,52.657918],[5.984048,52.657192],[5.985219,52.656905],[5.986297,52.656734],[5.987945,52.656473],[5.990655,52.656043],[5.995087,52.655341],[5.999519,52.654638],[6.00102,52.65396],[6.001919,52.653552],[6.00556,52.651901],[6.006915,52.651286],[6.007917,52.650536],[6.00836,52.650204],[6.010859,52.648332],[6.011665,52.647729],[6.012463,52.64721],[6.01384,52.646316],[6.014918,52.645617],[6.015737,52.644115],[6.017298,52.643234],[6.018073,52.643855],[6.018142,52.643831],[6.018311,52.643749],[6.018405,52.643674],[6.018437,52.64365],[6.018598,52.64358],[6.018859,52.643514],[6.019438,52.643034],[6.020017,52.642555],[6.020379,52.642154],[6.020616,52.64189],[6.020678,52.641839],[6.020739,52.641788],[6.02072,52.641749],[6.020942,52.641513],[6.021018,52.641432],[6.021083,52.641363],[6.021391,52.641429],[6.022522,52.641669],[6.023724,52.641925],[6.02423,52.641996],[6.024495,52.642035],[6.024618,52.642068],[6.024686,52.642096],[6.024756,52.642131],[6.0249,52.642208],[6.025191,52.642365],[6.025849,52.642721],[6.026217,52.642919],[6.026836,52.643256],[6.028054,52.643921],[6.028658,52.64425],[6.029541,52.644738],[6.030338,52.645175],[6.031357,52.645736],[6.03222,52.646211],[6.033316,52.646817],[6.033772,52.647073],[6.033864,52.647123],[6.033957,52.647173],[6.034536,52.647473],[6.0351,52.647764],[6.035337,52.647897],[6.035575,52.648029],[6.035778,52.648137],[6.036066,52.648291],[6.036289,52.648411],[6.036427,52.648485],[6.036544,52.64855],[6.036621,52.648592],[6.036736,52.648654],[6.036852,52.648717],[6.037002,52.6488],[6.037274,52.648948],[6.037594,52.649123],[6.037688,52.649175],[6.037731,52.6492],[6.037781,52.649227],[6.037833,52.649255],[6.037857,52.649268],[6.037876,52.649279],[6.037891,52.649287],[6.037911,52.649298],[6.037953,52.649328],[6.037996,52.649358],[6.038034,52.649399],[6.038071,52.649441],[6.038114,52.649467],[6.038161,52.649484],[6.038208,52.6495],[6.038263,52.649512],[6.038317,52.649523],[6.038841,52.649546],[6.039139,52.649559],[6.039364,52.649569],[6.03947,52.649573],[6.039987,52.649595],[6.040223,52.649608],[6.04046,52.64962],[6.041012,52.649639],[6.0411,52.649637],[6.041518,52.649657],[6.041773,52.649669],[6.041943,52.649678],[6.042329,52.649701],[6.042711,52.649725],[6.043394,52.649752],[6.044077,52.64978],[6.045363,52.649831],[6.04681,52.649888],[6.047458,52.649914],[6.048006,52.649936],[6.049933,52.650013],[6.051594,52.65008],[6.053281,52.650149],[6.054075,52.650184],[6.054864,52.650219],[6.056679,52.651345],[6.058165,52.652266],[6.058395,52.652281],[6.058626,52.652296],[6.058851,52.652321],[6.058919,52.652329],[6.05919,52.652361],[6.05951,52.652401],[6.0598,52.652442],[6.059916,52.652458],[6.059984,52.652473],[6.060053,52.652488],[6.06014,52.652509],[6.060226,52.65253],[6.060329,52.65255],[6.060431,52.652569],[6.060511,52.65259],[6.06059,52.652611],[6.060778,52.652659],[6.060965,52.652706],[6.06107,52.652739],[6.061101,52.65275],[6.061132,52.652762],[6.061177,52.652777],[6.061222,52.652792],[6.061286,52.652815],[6.061346,52.652837],[6.061407,52.652858],[6.061471,52.652884],[6.061534,52.65291],[6.061632,52.652955],[6.06173,52.652999],[6.061824,52.653036],[6.061918,52.653073],[6.062044,52.65313],[6.06217,52.653186],[6.062267,52.653236],[6.062364,52.653286],[6.062426,52.653313],[6.062487,52.65334],[6.062629,52.653408],[6.062771,52.653476],[6.062922,52.653544],[6.063073,52.653612],[6.06319,52.653665],[6.063306,52.653718],[6.063519,52.653818],[6.06364,52.653874],[6.063762,52.653929],[6.064008,52.65404],[6.064074,52.65407],[6.06416,52.654131],[6.064206,52.654177],[6.064285,52.65424],[6.064361,52.654298],[6.064464,52.654346],[6.064552,52.65439],[6.06463,52.654422],[6.064708,52.654454],[6.064822,52.654506],[6.064937,52.654558],[6.065058,52.654611],[6.06518,52.654665],[6.065317,52.654726],[6.065565,52.654838],[6.065775,52.654932],[6.065984,52.655024],[6.066095,52.655072],[6.066213,52.655134],[6.066331,52.655196],[6.066447,52.655251],[6.066563,52.655307],[6.06667,52.655359],[6.066778,52.655411],[6.066951,52.655496],[6.067132,52.655586],[6.067314,52.65567],[6.067485,52.655763],[6.067549,52.655796],[6.067685,52.655862],[6.067768,52.655907],[6.067851,52.655952],[6.067996,52.65603],[6.068013,52.656038],[6.068097,52.65608],[6.068197,52.656131],[6.068252,52.656161],[6.068307,52.65619],[6.068355,52.656214],[6.068403,52.656239],[6.068489,52.656278],[6.068574,52.656316],[6.068627,52.656341],[6.06868,52.656367],[6.068743,52.65639],[6.068806,52.656413],[6.068868,52.65644],[6.068931,52.656467],[6.069028,52.656501],[6.069125,52.656534],[6.069223,52.656576],[6.069322,52.656617],[6.069417,52.656653],[6.069512,52.656689],[6.069599,52.656719],[6.069686,52.656749],[6.069748,52.656776],[6.069809,52.656802],[6.06986,52.656825],[6.069905,52.656846],[6.070047,52.656909],[6.070188,52.656972],[6.070291,52.65701],[6.070394,52.657048],[6.070417,52.657056],[6.070532,52.657105],[6.070647,52.657154],[6.070769,52.657212],[6.070891,52.65727],[6.071026,52.657332],[6.071162,52.657394],[6.071318,52.657464],[6.071474,52.657534],[6.071628,52.657597],[6.071781,52.657659],[6.072095,52.657792],[6.07232,52.657883],[6.072544,52.657974],[6.072725,52.658058],[6.072906,52.658141],[6.073046,52.658202],[6.073186,52.658263],[6.073279,52.658315],[6.073372,52.658336],[6.073521,52.658374],[6.07367,52.658411],[6.073768,52.658451],[6.073865,52.658491],[6.073986,52.658541],[6.074049,52.658566],[6.074233,52.658641],[6.074384,52.658707],[6.074534,52.658772],[6.074675,52.658837],[6.074815,52.658903],[6.074983,52.65898],[6.075151,52.659057],[6.07526,52.659105],[6.075369,52.659154],[6.075471,52.659187],[6.075567,52.659216],[6.075663,52.659245],[6.075752,52.659281],[6.07584,52.659318],[6.075988,52.659385],[6.076135,52.659451],[6.076249,52.659501],[6.076362,52.659551],[6.076474,52.659603],[6.076567,52.659657],[6.076652,52.659709],[6.076729,52.659749],[6.076785,52.659766],[6.076841,52.659784],[6.076906,52.6598],[6.076971,52.659816],[6.077004,52.659822],[6.077986,52.6602],[6.078584,52.660429],[6.078862,52.660537],[6.078969,52.660578],[6.079402,52.660768],[6.079743,52.660916],[6.080517,52.661254],[6.081267,52.661593],[6.08189,52.661874],[6.082437,52.66212],[6.082855,52.662308],[6.083261,52.662453],[6.084172,52.66278],[6.085061,52.663096],[6.085563,52.663274],[6.091646,52.663968],[6.091688,52.663973],[6.091911,52.663998],[6.092175,52.664029],[6.09244,52.664059],[6.092705,52.664089],[6.093242,52.66415],[6.09366,52.664198],[6.095144,52.664367],[6.097314,52.664615],[6.097326,52.664618],[6.09736,52.664627],[6.097569,52.664345],[6.097671,52.664208],[6.097778,52.664062],[6.0978,52.663984],[6.097822,52.663906],[6.097836,52.663875],[6.09785,52.663844],[6.097904,52.663786],[6.097958,52.663728],[6.097997,52.663687],[6.0981,52.663593],[6.098179,52.663475],[6.09836,52.663202],[6.098619,52.662811],[6.098997,52.662234],[6.099375,52.661656],[6.099658,52.66122],[6.099917,52.660821],[6.100274,52.661066],[6.100658,52.66133],[6.100998,52.661562],[6.100937,52.661719],[6.101064,52.661872],[6.101236,52.662081],[6.101408,52.66229],[6.101687,52.662627],[6.101966,52.662964],[6.102167,52.663208],[6.102368,52.663451],[6.102469,52.663434],[6.102798,52.663184],[6.10319,52.663375],[6.103423,52.663484],[6.103656,52.663593],[6.103991,52.663741],[6.104285,52.66387],[6.104397,52.663922],[6.104509,52.663975],[6.104613,52.664027],[6.104717,52.66408],[6.10479,52.664125],[6.104908,52.6642],[6.105031,52.664283],[6.105154,52.664366],[6.105223,52.664412],[6.105296,52.664461],[6.105438,52.664557],[6.105538,52.664624],[6.105638,52.664691],[6.105887,52.664849],[6.106046,52.664941],[6.106204,52.665034],[6.106363,52.665121],[6.106521,52.665207],[6.106621,52.665259],[6.106721,52.665311],[6.106774,52.665337],[6.106893,52.665393],[6.106958,52.665423],[6.107071,52.665471],[6.107209,52.66553],[6.107297,52.665565],[6.107401,52.665604],[6.107448,52.665621],[6.107508,52.665641],[6.107572,52.665661],[6.107641,52.665682],[6.107754,52.665714],[6.107854,52.665743],[6.108213,52.665845],[6.108362,52.665892],[6.108512,52.66594],[6.108642,52.665985],[6.10886,52.666042],[6.109159,52.666115],[6.109455,52.666186],[6.10975,52.666256],[6.109971,52.666305],[6.11019,52.666354],[6.110415,52.666403],[6.11064,52.666452],[6.110935,52.666511],[6.11123,52.666571],[6.111427,52.666609],[6.111623,52.666647],[6.111931,52.666705],[6.11224,52.666763],[6.112566,52.666821],[6.112892,52.666879],[6.113262,52.666951],[6.113632,52.667023],[6.113901,52.667076],[6.114171,52.667129],[6.114335,52.667163],[6.114657,52.667229],[6.11498,52.667295],[6.115251,52.667347],[6.115521,52.667399],[6.115799,52.667452],[6.116077,52.667505],[6.116282,52.667541],[6.116487,52.667576],[6.116838,52.667634],[6.117132,52.667684],[6.117425,52.667734],[6.117622,52.667766],[6.117819,52.667798],[6.11803,52.667825],[6.118227,52.667847],[6.118424,52.667868],[6.118536,52.667878],[6.118648,52.667888],[6.118822,52.667899],[6.118996,52.667909],[6.119281,52.667923],[6.119566,52.667937],[6.119554,52.668093],[6.119541,52.668204],[6.119632,52.668188],[6.119723,52.668172],[6.119757,52.668168],[6.119791,52.668163],[6.119904,52.66815],[6.120018,52.668138],[6.120126,52.668128],[6.120234,52.668118],[6.120316,52.668109],[6.120397,52.668101],[6.120506,52.66809],[6.120551,52.668087],[6.120595,52.668084],[6.120656,52.668083],[6.120717,52.668082],[6.120776,52.668083],[6.120835,52.668084],[6.120893,52.668091],[6.120951,52.668098],[6.121086,52.668117],[6.121221,52.668136],[6.121268,52.668144],[6.121381,52.668165],[6.121494,52.668186],[6.12162,52.668216],[6.121746,52.668246],[6.121814,52.668265],[6.121882,52.668285],[6.121908,52.668293],[6.121934,52.668301],[6.122027,52.668337],[6.122121,52.668374],[6.122267,52.668432],[6.122305,52.668449],[6.122373,52.668493],[6.122434,52.668551],[6.122491,52.668647],[6.122512,52.668686],[6.122534,52.668725],[6.122562,52.668818],[6.122588,52.668914],[6.122604,52.66896],[6.122605,52.668962],[6.12266,52.669129],[6.122661,52.66913],[6.122675,52.669166],[6.122708,52.669219],[6.122731,52.669251],[6.122756,52.669279],[6.122786,52.669321],[6.122808,52.669345],[6.122829,52.669369],[6.122851,52.669392],[6.122878,52.669415],[6.122904,52.669438],[6.122948,52.669477],[6.123012,52.669522],[6.123103,52.669563],[6.12317,52.669588],[6.123237,52.669606],[6.123304,52.669624],[6.123363,52.669637],[6.123422,52.669651],[6.123478,52.669663],[6.123533,52.669674],[6.123684,52.669708],[6.123685,52.669708],[6.123734,52.669719],[6.123791,52.669731],[6.123836,52.669741],[6.123848,52.669744],[6.12385,52.669744],[6.123865,52.669748],[6.123874,52.66975],[6.123891,52.669754],[6.123898,52.669756],[6.123906,52.669758],[6.123917,52.66976],[6.123931,52.669763],[6.124009,52.669781],[6.124026,52.669786],[6.124108,52.669805],[6.124113,52.669806],[6.124278,52.669846],[6.124467,52.669897],[6.124656,52.669947],[6.124791,52.669984],[6.124935,52.670029],[6.124977,52.670047],[6.125019,52.670065],[6.12509,52.6701],[6.125162,52.670134],[6.125233,52.670174],[6.125304,52.670213],[6.125352,52.670243],[6.1254,52.670274],[6.125492,52.670343],[6.125535,52.670379],[6.125578,52.670415],[6.125614,52.670462],[6.125649,52.670508],[6.125697,52.670565],[6.125744,52.670623],[6.125872,52.670756],[6.125988,52.670896],[6.126149,52.671056],[6.126267,52.671157],[6.126269,52.671158],[6.126385,52.671257],[6.126512,52.671365],[6.126513,52.671366],[6.126641,52.671475],[6.126731,52.671547],[6.126867,52.671647],[6.126963,52.67171],[6.127073,52.67178],[6.127201,52.671845],[6.127326,52.671895],[6.12745,52.671945],[6.127525,52.671972],[6.1276,52.672],[6.127615,52.672005],[6.127757,52.672056],[6.128042,52.672023],[6.128052,52.672022],[6.128118,52.672016],[6.128228,52.671996],[6.128603,52.671923],[6.128751,52.671893],[6.129057,52.671833],[6.129344,52.671776],[6.12936,52.671773],[6.129362,52.671773],[6.129365,52.671772],[6.129367,52.671772],[6.129732,52.671702],[6.129871,52.671675],[6.129871,52.671675],[6.130006,52.671648],[6.130173,52.671616],[6.130339,52.671642],[6.130581,52.671681],[6.130833,52.671721],[6.130842,52.671723],[6.130843,52.671723],[6.130917,52.671736],[6.131084,52.671804],[6.131183,52.671842],[6.131207,52.671851],[6.131328,52.6719],[6.131455,52.671997],[6.131562,52.672081],[6.131673,52.672169],[6.13173,52.672217],[6.131836,52.672336],[6.131948,52.672465],[6.131987,52.672508],[6.131991,52.672513],[6.132123,52.672662],[6.132256,52.672811],[6.132431,52.673008],[6.132436,52.673014],[6.132617,52.673216],[6.132784,52.673403],[6.132834,52.673424],[6.132835,52.673425],[6.133217,52.673581],[6.13345,52.673672],[6.133695,52.673749],[6.133883,52.673808],[6.134071,52.673866],[6.134245,52.673922],[6.134317,52.673945],[6.134496,52.674001],[6.134675,52.674057],[6.134793,52.674094],[6.134797,52.674095],[6.134911,52.674131],[6.13499,52.674155],[6.135152,52.674184],[6.135313,52.674213],[6.135347,52.674222],[6.135637,52.674363],[6.135765,52.674423],[6.135892,52.674483],[6.135988,52.674634],[6.135992,52.674641],[6.136066,52.674763],[6.136099,52.67495],[6.136109,52.675032],[6.136119,52.675113],[6.13612,52.675126],[6.136131,52.675202],[6.136132,52.675207],[6.136141,52.675298],[6.136071,52.675507],[6.136031,52.675628],[6.135885,52.675849],[6.135734,52.676066],[6.135728,52.676075],[6.135463,52.676468],[6.135431,52.676517],[6.135408,52.676543],[6.135381,52.676586],[6.135368,52.676617],[6.135361,52.676669],[6.135363,52.676712],[6.135369,52.676739],[6.135374,52.676765],[6.135428,52.676837],[6.135494,52.67691],[6.135584,52.676977],[6.135738,52.677072],[6.135836,52.677122],[6.135934,52.677171],[6.13613,52.677257],[6.136203,52.677286],[6.136277,52.677315],[6.13638,52.677351],[6.13638,52.677351],[6.136482,52.677388],[6.136623,52.677437],[6.136764,52.677486],[6.13686,52.677518],[6.136957,52.677551],[6.137174,52.677613],[6.13738,52.677666],[6.137484,52.677694],[6.137581,52.67772],[6.137596,52.677724],[6.137703,52.67775],[6.137876,52.677792],[6.138187,52.677852],[6.13832,52.677878],[6.138453,52.677906],[6.138783,52.677977],[6.139113,52.678049],[6.139483,52.678145],[6.139853,52.678241],[6.13998,52.678276],[6.140107,52.678311],[6.140224,52.678343],[6.140341,52.678376],[6.140523,52.678426],[6.140527,52.678427],[6.140712,52.678478],[6.141041,52.678571],[6.141318,52.67865],[6.141388,52.67867],[6.141564,52.678721],[6.141847,52.678821],[6.142163,52.678945],[6.14239,52.679032],[6.142617,52.679118],[6.142784,52.679193],[6.142961,52.679272],[6.143138,52.679351],[6.143306,52.679428],[6.143474,52.679505],[6.143715,52.679613],[6.143957,52.67972],[6.144106,52.679786],[6.144254,52.679852],[6.144356,52.679893],[6.14445,52.679929],[6.144543,52.679965],[6.144692,52.680019],[6.14484,52.680073],[6.145037,52.680143],[6.145234,52.680214],[6.145387,52.68027],[6.145539,52.680326],[6.145646,52.680369],[6.145756,52.68042],[6.145849,52.680473],[6.145963,52.680545],[6.146077,52.680617],[6.14618,52.680681],[6.146438,52.680841],[6.146798,52.681066],[6.146936,52.681149],[6.147074,52.681233],[6.147273,52.681342],[6.147331,52.681377],[6.14752,52.68148],[6.147708,52.681584],[6.147806,52.681638],[6.147904,52.681693],[6.148088,52.681796],[6.148104,52.681806],[6.148304,52.681918],[6.148363,52.681951],[6.148542,52.682052],[6.14872,52.682152],[6.148914,52.68226],[6.149108,52.682368],[6.149161,52.682399],[6.149165,52.682402],[6.149215,52.68243],[6.149302,52.68248],[6.14947,52.682584],[6.14965,52.682691],[6.149831,52.682798],[6.149916,52.682851],[6.150002,52.682904],[6.150045,52.682936],[6.150089,52.682968],[6.150109,52.682985],[6.150125,52.682999],[6.150161,52.68303],[6.150198,52.683064],[6.150235,52.683097],[6.1503,52.683164],[6.15033,52.683202],[6.150361,52.683239],[6.150387,52.683273],[6.150414,52.683307],[6.150473,52.683381],[6.150535,52.683448],[6.150567,52.683483],[6.15061,52.683513],[6.15065,52.68354],[6.150691,52.683568],[6.150727,52.68359],[6.150764,52.683612],[6.150786,52.683621],[6.150871,52.683658],[6.150955,52.683695],[6.151021,52.683723],[6.151086,52.68375],[6.151139,52.683772],[6.151192,52.683794],[6.151238,52.683813],[6.151283,52.683833],[6.151286,52.683834],[6.151287,52.683835],[6.15132,52.683848],[6.151338,52.683856],[6.151392,52.683879],[6.151443,52.683901],[6.151494,52.683923],[6.151546,52.683946],[6.151597,52.683969],[6.151644,52.683991],[6.151692,52.684014],[6.151742,52.684038],[6.151788,52.684059],[6.151811,52.684069],[6.151834,52.684079],[6.151835,52.684079],[6.151844,52.684086],[6.151851,52.68409],[6.151856,52.684093],[6.151867,52.684101],[6.151872,52.684104],[6.151879,52.684109],[6.151887,52.684114],[6.151887,52.684114],[6.151891,52.684117],[6.151909,52.684128],[6.15191,52.68413],[6.151957,52.68416],[6.151959,52.684161],[6.151961,52.684163],[6.151975,52.684172],[6.151993,52.684184],[6.151996,52.684186],[6.151999,52.684188],[6.152006,52.684192],[6.152017,52.684199],[6.152022,52.684203],[6.152033,52.68421],[6.152034,52.684211],[6.152035,52.684211],[6.152044,52.684217],[6.152089,52.684245],[6.152108,52.684261],[6.152127,52.684276],[6.152129,52.684278],[6.152253,52.684406],[6.152382,52.684541],[6.152526,52.684699],[6.152634,52.684837],[6.15274,52.684974],[6.152904,52.685179],[6.153009,52.685316],[6.153128,52.685469],[6.153181,52.685538],[6.153285,52.685672],[6.153338,52.685749],[6.153443,52.685894],[6.153493,52.685966],[6.153493,52.685966],[6.153543,52.686038],[6.153562,52.686064],[6.15365,52.686186],[6.153692,52.686249],[6.153728,52.686322],[6.153755,52.686377],[6.153763,52.686392],[6.153802,52.68647],[6.153841,52.686547],[6.153913,52.686701],[6.153942,52.68676],[6.153949,52.686776],[6.153986,52.686851],[6.154064,52.687007],[6.15414,52.687152],[6.154184,52.687229],[6.154229,52.687306],[6.154293,52.687411],[6.154316,52.687449],[6.154344,52.687492],[6.154344,52.687492],[6.154372,52.687534],[6.154429,52.687611],[6.154487,52.687688],[6.154547,52.687772],[6.154606,52.687855],[6.154656,52.687935],[6.154706,52.688014],[6.154729,52.688049],[6.15479,52.688206],[6.154791,52.688231],[6.154792,52.688251],[6.154795,52.688294],[6.154793,52.68835],[6.154787,52.688415],[6.154786,52.688423],[6.154778,52.688489],[6.154775,52.688524],[6.154769,52.688572],[6.154763,52.688601],[6.154757,52.68863],[6.154745,52.68871],[6.154717,52.688797],[6.154709,52.688883],[6.154683,52.688991],[6.154668,52.689101],[6.154651,52.68925],[6.154633,52.689302],[6.154584,52.689455],[6.154535,52.689609],[6.15449,52.689747],[6.154445,52.689886],[6.154429,52.68995],[6.1544,52.690064],[6.154393,52.690111],[6.154392,52.690155],[6.154401,52.690197],[6.154409,52.690239],[6.154418,52.690263],[6.154439,52.690318],[6.154453,52.69035],[6.154454,52.690353],[6.154476,52.690382],[6.154498,52.690411],[6.154515,52.690425],[6.154515,52.690426],[6.154532,52.69044],[6.154573,52.690476],[6.154612,52.690506],[6.15466,52.690539],[6.154707,52.690572],[6.154758,52.690604],[6.154808,52.690636],[6.15489,52.690684],[6.154979,52.690728],[6.155073,52.69077],[6.155168,52.690808],[6.155263,52.690847],[6.155348,52.690883],[6.155368,52.690891],[6.155562,52.69097],[6.155777,52.691057],[6.156012,52.691152],[6.156092,52.691185],[6.156139,52.691205],[6.156155,52.691211],[6.156219,52.691234],[6.156353,52.691284],[6.156391,52.691298],[6.15648,52.69133],[6.156531,52.691348],[6.156712,52.691415],[6.156978,52.691511],[6.157247,52.691607],[6.157374,52.691651],[6.1575,52.691695],[6.157537,52.691708],[6.157636,52.691744],[6.15778,52.691795],[6.157941,52.691854],[6.157943,52.691854],[6.157952,52.691857],[6.158138,52.691918],[6.158145,52.691921],[6.158171,52.691929],[6.158204,52.691939],[6.158391,52.691997],[6.158534,52.692042],[6.158608,52.692065],[6.158611,52.692065],[6.158687,52.692089],[6.158842,52.69213],[6.158892,52.69214],[6.158892,52.69214],[6.158942,52.69215],[6.158976,52.692154],[6.158844,52.692403],[6.158803,52.69248],[6.156607,52.691957],[6.156561,52.692029],[6.156495,52.69213],[6.156479,52.692155],[6.156352,52.692351],[6.155615,52.693486],[6.155245,52.694039],[6.155158,52.694181],[6.15506,52.694391],[6.153734,52.697544],[6.153257,52.698319],[6.152946,52.698831],[6.152689,52.698969],[6.152646,52.698995],[6.152614,52.699011],[6.152547,52.699068],[6.152499,52.699112],[6.152463,52.699157],[6.152424,52.699204],[6.152382,52.69926],[6.152354,52.699311],[6.152334,52.699363],[6.152318,52.699425],[6.15231,52.699487],[6.152306,52.699536],[6.152308,52.699605],[6.152326,52.699852],[6.15196,52.700454],[6.15142,52.70137],[6.151985,52.701597],[6.151727,52.702014],[6.151698,52.702055],[6.151206,52.702829],[6.151423,52.702883],[6.148563,52.707498],[6.148498,52.707631],[6.146615,52.710625],[6.146375,52.71101],[6.146261,52.711172],[6.146171,52.71131],[6.146153,52.711338],[6.146131,52.71137],[6.146096,52.711363],[6.146052,52.711349],[6.145883,52.711295],[6.145817,52.711278],[6.145762,52.711265],[6.145719,52.711265],[6.145297,52.712032],[6.14501,52.71252],[6.144858,52.712769],[6.14472,52.713005],[6.144428,52.713442],[6.144172,52.713849],[6.143936,52.714236],[6.143359,52.715186],[6.142858,52.716009],[6.142296,52.716854],[6.142102,52.71714],[6.141864,52.717451],[6.141776,52.717623],[6.14172,52.717676],[6.141046,52.718859],[6.141017,52.718906],[6.140894,52.718877],[6.140848,52.718943],[6.140724,52.719126],[6.140546,52.719432],[6.14018,52.719949],[6.139952,52.720337],[6.139787,52.720592],[6.138518,52.722569],[6.138552,52.722595],[6.137542,52.724189],[6.136683,52.72555],[6.135435,52.727522],[6.134632,52.728784],[6.130781,52.734861],[6.128852,52.737903],[6.128946,52.737978],[6.129053,52.737977],[6.129104,52.738003],[6.129148,52.738028],[6.128901,52.738261],[6.128476,52.738788],[6.128167,52.73923],[6.127965,52.739384],[6.12788,52.739352],[6.127292,52.73999],[6.127229,52.740049],[6.126779,52.740762],[6.126157,52.741713],[6.12547,52.742761],[6.125238,52.743094],[6.123904,52.745006],[6.123772,52.745195],[6.122478,52.747056],[6.122376,52.747214],[6.120538,52.749857],[6.120365,52.750105],[6.120332,52.750149],[6.120365,52.750162],[6.120394,52.750191],[6.120376,52.750242],[6.120348,52.750321],[6.120094,52.750787],[6.120064,52.750882],[6.120103,52.751037],[6.120304,52.75164],[6.120451,52.752116],[6.120557,52.752468],[6.120662,52.752647],[6.120834,52.752924],[6.121435,52.753978],[6.121597,52.75421],[6.121666,52.754284],[6.121743,52.754337],[6.121768,52.754351],[6.122915,52.754997],[6.123086,52.755099],[6.123286,52.755214],[6.123475,52.755311],[6.123743,52.755426],[6.123827,52.75548],[6.123844,52.755488],[6.124074,52.755628],[6.124217,52.755712],[6.124813,52.756018],[6.12498,52.756118],[6.125332,52.756293],[6.125588,52.756435],[6.125791,52.756537],[6.126201,52.756773],[6.12633,52.756834],[6.126617,52.756935],[6.126933,52.757019],[6.127033,52.757048],[6.127969,52.757326],[6.128321,52.757436],[6.1297,52.75785],[6.129996,52.757928],[6.130603,52.758117],[6.13089,52.758218],[6.1311,52.758272],[6.132109,52.758573],[6.132468,52.758668],[6.13277,52.758721],[6.132888,52.758734],[6.133857,52.758775],[6.134449,52.758801],[6.134695,52.758815],[6.135064,52.758845],[6.13558,52.758933],[6.135769,52.758951],[6.135942,52.758964],[6.136222,52.758982],[6.137258,52.75901],[6.137434,52.759023],[6.137579,52.759014],[6.137632,52.759009],[6.137709,52.759004],[6.137849,52.759006],[6.138012,52.759025],[6.138506,52.75907],[6.138655,52.759094],[6.138885,52.759135],[6.14003,52.759398],[6.140385,52.75949],[6.140859,52.759602],[6.141882,52.759808],[6.142166,52.759873],[6.142385,52.759928],[6.142804,52.760017],[6.143368,52.760134],[6.144125,52.760252],[6.144202,52.760269],[6.14437,52.760303],[6.144575,52.760338],[6.144708,52.760355],[6.145543,52.760534],[6.145822,52.760567],[6.146614,52.760735],[6.146944,52.760799],[6.147446,52.760906],[6.147961,52.760999],[6.148187,52.761015],[6.148293,52.761026],[6.14842,52.761058],[6.148547,52.761097],[6.148936,52.761215],[6.149095,52.761239],[6.149279,52.761278],[6.149634,52.761343],[6.149845,52.761388],[6.150564,52.761558],[6.150745,52.761584],[6.150834,52.761578],[6.150904,52.761569],[6.150964,52.761573],[6.151145,52.761622],[6.151269,52.761656],[6.151338,52.761704],[6.151407,52.761722],[6.151756,52.76178],[6.151954,52.761805],[6.152372,52.761876],[6.152632,52.761911],[6.152778,52.76193],[6.152971,52.761963],[6.15302,52.761972],[6.153238,52.76202],[6.153635,52.762097],[6.154306,52.762248],[6.154623,52.762307],[6.154929,52.762354],[6.15501,52.762376],[6.155208,52.762417],[6.155323,52.762439],[6.156327,52.762629],[6.156408,52.762633],[6.156496,52.76265],[6.156703,52.762698],[6.156789,52.762721],[6.15682,52.76273],[6.156842,52.762738],[6.156868,52.762745],[6.156893,52.762754],[6.156917,52.762765],[6.15704,52.762822],[6.157273,52.762933],[6.158021,52.763335],[6.158075,52.763365],[6.15819,52.76343],[6.158357,52.763525],[6.158489,52.763604],[6.15861,52.763667],[6.15882,52.763806],[6.159103,52.764009],[6.159227,52.764087],[6.159333,52.764174],[6.159656,52.76438],[6.15995,52.76455],[6.160154,52.764659],[6.160491,52.764838],[6.160683,52.764931],[6.160886,52.765022],[6.161374,52.765224],[6.161735,52.765383],[6.162432,52.765715],[6.163066,52.766032],[6.163755,52.76637],[6.16394,52.766449],[6.164118,52.766493],[6.164209,52.766508],[6.165066,52.766624],[6.168525,52.767094],[6.168618,52.767219],[6.169008,52.767755],[6.169215,52.768036],[6.171109,52.770605],[6.171479,52.771107],[6.171776,52.771517],[6.171932,52.771731],[6.172021,52.771851],[6.172658,52.772717],[6.172906,52.773054],[6.173099,52.773317],[6.174288,52.773959],[6.175487,52.774607],[6.176588,52.775228],[6.178017,52.776006],[6.178493,52.776263],[6.178969,52.77652],[6.180164,52.777164],[6.180257,52.777221],[6.180478,52.777375],[6.180692,52.777524],[6.181081,52.77779],[6.181216,52.777882],[6.181493,52.778072],[6.181769,52.778261],[6.182008,52.778421],[6.182209,52.778559],[6.182527,52.778775],[6.182645,52.778853],[6.182668,52.778875],[6.182894,52.779025],[6.18326,52.779274],[6.183839,52.779668],[6.183955,52.779722],[6.185271,52.780616],[6.186483,52.781444],[6.187702,52.782271],[6.18939,52.783416],[6.192446,52.785486],[6.193808,52.786403],[6.195497,52.787949],[6.198999,52.791156],[6.201731,52.793696],[6.198308,52.796475],[6.196757,52.797735],[6.194756,52.799359],[6.193404,52.800457],[6.193288,52.800551],[6.193262,52.800573],[6.19302,52.80077],[6.192667,52.801051],[6.192315,52.801332],[6.191874,52.801709],[6.191637,52.801911],[6.191401,52.802113],[6.191322,52.80218],[6.191216,52.80227],[6.190978,52.802467],[6.190744,52.802661],[6.190266,52.803054],[6.189908,52.803349],[6.189327,52.803831],[6.188802,52.804268],[6.1884,52.804599],[6.187833,52.805059],[6.187377,52.805427],[6.187124,52.805618],[6.186805,52.805872],[6.186769,52.8059],[6.186757,52.80591],[6.186735,52.805928],[6.186658,52.805989],[6.186007,52.806504],[6.18588,52.806604],[6.185538,52.806883],[6.185341,52.807043],[6.185196,52.807162],[6.184884,52.80742],[6.184704,52.807569],[6.184547,52.807699],[6.184295,52.807908],[6.18414,52.808036],[6.184012,52.808139],[6.183701,52.808389],[6.183098,52.808874],[6.182075,52.809716],[6.181907,52.809856],[6.181563,52.810136],[6.180726,52.810816],[6.179874,52.811515],[6.178838,52.812356],[6.178488,52.812666],[6.178144,52.812968],[6.177827,52.813251],[6.177516,52.813528],[6.177373,52.81369],[6.17723,52.813851],[6.177116,52.813903],[6.176898,52.813997],[6.176795,52.814039],[6.176481,52.814146],[6.176216,52.814241],[6.175951,52.814336],[6.17544,52.814525],[6.175132,52.814638],[6.174929,52.814713],[6.174191,52.814985],[6.173868,52.815104],[6.172809,52.815495],[6.172419,52.815639],[6.172363,52.815599],[6.172301,52.815573],[6.172234,52.815549],[6.17214,52.815532],[6.172077,52.815515],[6.172014,52.815498],[6.171962,52.815481],[6.171939,52.815468],[6.171917,52.815455],[6.171887,52.815432],[6.17187,52.815417],[6.171854,52.815401],[6.171811,52.815321],[6.171767,52.815241],[6.171682,52.81506],[6.171654,52.81508],[6.171615,52.815108],[6.171549,52.815155],[6.171411,52.815253],[6.171402,52.81526],[6.1714,52.815261],[6.171148,52.81543],[6.170997,52.815537],[6.169986,52.816251],[6.169093,52.816881],[6.167038,52.818331],[6.165648,52.819323],[6.164258,52.820315],[6.163069,52.82117],[6.162712,52.821429],[6.162605,52.821506],[6.162099,52.821874],[6.161831,52.822068],[6.161562,52.822263],[6.161311,52.822442],[6.16106,52.822621],[6.160715,52.822867],[6.160369,52.823113],[6.159915,52.823437],[6.159682,52.823603],[6.15946,52.823761],[6.159118,52.824006],[6.158776,52.824251],[6.158727,52.824286],[6.158108,52.824728],[6.15783,52.824915],[6.157737,52.824975],[6.157644,52.825035],[6.157535,52.82508],[6.157425,52.825125],[6.157199,52.825209],[6.156972,52.825293],[6.156612,52.82544],[6.156252,52.825587],[6.155621,52.825834],[6.154989,52.826081],[6.15456,52.826257],[6.153955,52.826506],[6.153277,52.826784],[6.152938,52.826924],[6.152868,52.826951],[6.152798,52.826978],[6.15278,52.826985],[6.152724,52.827007],[6.152413,52.827126],[6.152046,52.827267],[6.151544,52.827467],[6.150469,52.827896],[6.149199,52.828402],[6.149413,52.828436],[6.150581,52.828616],[6.150688,52.828633],[6.151962,52.82883],[6.15175,52.82898],[6.151306,52.829271],[6.151027,52.829455],[6.150718,52.829658],[6.150408,52.829861],[6.150091,52.830072],[6.149561,52.830424],[6.149341,52.830569],[6.148171,52.83134],[6.147913,52.831511],[6.147586,52.831728],[6.146395,52.832512],[6.14569,52.832978],[6.143681,52.8343],[6.142842,52.834794],[6.142696,52.834879],[6.142317,52.835142],[6.141513,52.835698],[6.140973,52.836072],[6.138525,52.83769],[6.137628,52.838284],[6.137272,52.83851],[6.136916,52.838736],[6.136825,52.838798],[6.136821,52.838825],[6.136813,52.838853],[6.136794,52.838917],[6.13671,52.839016],[6.136614,52.839127],[6.136366,52.839414],[6.13615,52.839623],[6.135521,52.840229],[6.135344,52.840403],[6.13504,52.840636],[6.134297,52.841209],[6.134069,52.841387],[6.133813,52.841563],[6.133558,52.841738],[6.133166,52.842006],[6.132702,52.842325],[6.13235,52.842568],[6.131533,52.843129],[6.130452,52.843873],[6.130425,52.843857],[6.130312,52.84393],[6.130151,52.844321],[6.130145,52.844333],[6.130139,52.844348],[6.130076,52.844503],[6.130014,52.844658],[6.129914,52.844889],[6.129822,52.845103],[6.128694,52.847807],[6.126884,52.849111],[6.125798,52.849904],[6.122667,52.852158],[6.11982,52.854215],[6.119335,52.854037],[6.118896,52.853876],[6.118471,52.85372],[6.118046,52.853565],[6.117886,52.853506],[6.117726,52.853447],[6.117624,52.85341],[6.117436,52.853342],[6.117249,52.853274],[6.11687,52.853137],[6.116064,52.852846],[6.114987,52.852457],[6.114218,52.852174],[6.113872,52.852047],[6.113862,52.852043],[6.113703,52.851985],[6.113506,52.851913],[6.113403,52.851876],[6.113245,52.85182],[6.11316,52.851789],[6.113103,52.851769],[6.113088,52.851764],[6.113061,52.851754],[6.113042,52.851747],[6.113006,52.851735],[6.112802,52.851662],[6.112725,52.851634],[6.112618,52.851594],[6.112474,52.851539],[6.112201,52.851436],[6.111531,52.851199],[6.111229,52.851088],[6.11071,52.850895],[6.110112,52.850677],[6.109955,52.85062],[6.109628,52.850495],[6.109376,52.850403],[6.109127,52.850314],[6.108973,52.850255],[6.108818,52.850196],[6.108529,52.850099],[6.108395,52.850057],[6.108258,52.850007],[6.108122,52.849956],[6.107936,52.849886],[6.107751,52.849816],[6.107625,52.849767],[6.107499,52.849719],[6.107288,52.849646],[6.107045,52.84956],[6.106688,52.849433],[6.10647,52.849352],[6.106252,52.849271],[6.10607,52.849209],[6.105889,52.849147],[6.105651,52.849062],[6.105412,52.848977],[6.105219,52.848906],[6.105027,52.848834],[6.104744,52.848733],[6.104461,52.848631],[6.104287,52.848567],[6.104114,52.848502],[6.103573,52.848308],[6.103306,52.848215],[6.103039,52.848122],[6.102349,52.847873],[6.101592,52.847603],[6.100907,52.847352],[6.10071,52.847281],[6.100513,52.84721],[6.100229,52.847115],[6.100042,52.847045],[6.099855,52.846974],[6.099772,52.846946],[6.09964,52.8469],[6.099389,52.846814],[6.099105,52.846705],[6.099014,52.846669],[6.098722,52.846566],[6.09843,52.846463],[6.098278,52.846406],[6.098126,52.846348],[6.097808,52.846239],[6.097489,52.84613],[6.097194,52.84602],[6.096983,52.845942],[6.096598,52.845803],[6.096089,52.845621],[6.095389,52.84537],[6.094007,52.84487],[6.093413,52.844657],[6.093193,52.844579],[6.092817,52.844447],[6.092514,52.844337],[6.092363,52.844282],[6.092358,52.844307],[6.091926,52.844158],[6.09187,52.84414],[6.091814,52.844122],[6.091493,52.844018],[6.091351,52.843986],[6.09127,52.843963],[6.091179,52.843944],[6.090789,52.843855],[6.090443,52.843774],[6.090257,52.843733],[6.089963,52.843669],[6.089481,52.843566],[6.088976,52.843461],[6.088583,52.843379],[6.088072,52.843263],[6.087649,52.843166],[6.087562,52.843146],[6.087521,52.84313],[6.08748,52.843114],[6.087423,52.843083],[6.087307,52.843004],[6.087171,52.842908],[6.086865,52.842693],[6.086356,52.842336],[6.085883,52.842004],[6.085569,52.841788],[6.085255,52.841572],[6.085027,52.841405],[6.084798,52.841237],[6.084677,52.841139],[6.084676,52.841139],[6.084676,52.841139],[6.08462,52.841097],[6.084564,52.841055],[6.084535,52.841028],[6.084505,52.841002],[6.084387,52.840899],[6.08427,52.840795],[6.084188,52.840733],[6.084097,52.840653],[6.084041,52.840607],[6.083986,52.840561],[6.083907,52.840494],[6.083837,52.840441],[6.083767,52.840389],[6.083742,52.840364],[6.083732,52.840333],[6.08373,52.840299],[6.08375,52.840135],[6.08377,52.83997],[6.083775,52.839894],[6.083776,52.839858],[6.083772,52.839833],[6.083748,52.839808],[6.083636,52.839733],[6.083524,52.839658],[6.083411,52.839573],[6.083298,52.839487],[6.083051,52.839343],[6.082979,52.839308],[6.082831,52.839236],[6.082719,52.839193],[6.082608,52.839151],[6.082346,52.839069],[6.081914,52.838961],[6.081482,52.838853],[6.081241,52.838793],[6.081,52.838732],[6.080329,52.838742],[6.079474,52.838732],[6.079142,52.838724],[6.078129,52.838711],[6.077738,52.838707],[6.077572,52.838706],[6.077389,52.838703],[6.077181,52.8387],[6.077155,52.838722],[6.076441,52.838712],[6.076175,52.838707],[6.075762,52.838699],[6.075614,52.838697],[6.074957,52.838735],[6.074484,52.838772],[6.074341,52.83878],[6.074198,52.838786],[6.07398,52.838799],[6.073762,52.838812],[6.07319,52.838867],[6.072618,52.838922],[6.072148,52.838974],[6.071713,52.839021],[6.071197,52.839077],[6.070427,52.839165],[6.069662,52.839251],[6.069363,52.839284],[6.069245,52.839296],[6.068847,52.839336],[6.068331,52.839388],[6.068228,52.8394],[6.068124,52.839411],[6.068002,52.839412],[6.067808,52.839407],[6.067614,52.839402],[6.067067,52.839395],[6.066394,52.839382],[6.065656,52.839369],[6.065298,52.839365],[6.064566,52.839348],[6.063984,52.839342],[6.063062,52.839318],[6.062651,52.83931],[6.062495,52.839307],[6.061839,52.839296],[6.061756,52.839294],[6.061672,52.839293],[6.061513,52.839296],[6.0615,52.839297],[6.061309,52.839253],[6.060672,52.839087],[6.060134,52.838953],[6.059873,52.838885],[6.059612,52.838817],[6.059337,52.838746],[6.059337,52.838746],[6.059328,52.838744],[6.059319,52.838741],[6.0593,52.838737],[6.059265,52.838728],[6.059063,52.838676],[6.059,52.83866],[6.058883,52.83863],[6.05875,52.838597],[6.058692,52.838582],[6.058654,52.838554],[6.058611,52.838513],[6.058562,52.838487],[6.058473,52.838467],[6.058383,52.838447],[6.058268,52.838407],[6.058157,52.838379],[6.058004,52.83834],[6.057912,52.838316],[6.057675,52.838257],[6.057619,52.838243],[6.057489,52.838211],[6.057049,52.838103],[6.056654,52.838006],[6.056281,52.837916],[6.056206,52.837899],[6.05613,52.837883],[6.055987,52.837853],[6.055775,52.837805],[6.05558,52.837775],[6.055192,52.837723],[6.054746,52.837663],[6.054653,52.837649],[6.054546,52.837632],[6.054357,52.837602],[6.054115,52.837575],[6.053682,52.837525],[6.053665,52.837532],[6.053596,52.837512],[6.053509,52.837488],[6.053438,52.837468],[6.053302,52.83743],[6.053285,52.837425],[6.053085,52.837393],[6.052885,52.837362],[6.052786,52.837343],[6.052607,52.837339],[6.053027,52.836126],[6.053109,52.835891],[6.053245,52.835505],[6.053289,52.835378],[6.053486,52.834908],[6.053684,52.834438],[6.05373,52.83435],[6.053872,52.834121],[6.053911,52.834056],[6.053983,52.833927],[6.054071,52.833769],[6.054141,52.833643],[6.054352,52.833229],[6.05448,52.832913],[6.054629,52.832533],[6.054759,52.832202],[6.054827,52.832037],[6.054894,52.831875],[6.054957,52.831712],[6.054973,52.831671],[6.054987,52.831621],[6.055008,52.831563],[6.055029,52.831515],[6.055018,52.831489],[6.055007,52.831464],[6.054994,52.831447],[6.054982,52.83143],[6.054962,52.831387],[6.054979,52.831347],[6.054994,52.831317],[6.055022,52.831259],[6.055036,52.831231],[6.05506,52.831193],[6.055084,52.831154],[6.055125,52.831105],[6.055166,52.831056],[6.055216,52.831007],[6.055266,52.830958],[6.055298,52.830921],[6.05533,52.830883],[6.055359,52.830842],[6.055388,52.8308],[6.055429,52.830734],[6.055469,52.830668],[6.055474,52.830661],[6.055509,52.830615],[6.055568,52.830537],[6.055593,52.830504],[6.055597,52.8305],[6.055675,52.830417],[6.055753,52.830335],[6.055903,52.830186],[6.0562,52.829891],[6.056382,52.829715],[6.056557,52.829547],[6.056728,52.829371],[6.056921,52.829174],[6.057052,52.829042],[6.057081,52.829013],[6.057139,52.828956],[6.057368,52.828729],[6.057386,52.828711],[6.057451,52.828646],[6.057517,52.828579],[6.05759,52.828505],[6.057665,52.828429],[6.057911,52.828184],[6.058051,52.828048],[6.058215,52.827883],[6.058324,52.827773],[6.058433,52.827664],[6.058541,52.827559],[6.05865,52.827455],[6.058843,52.827268],[6.058948,52.827166],[6.059036,52.82708],[6.059061,52.827055],[6.059119,52.826995],[6.05918,52.826931],[6.059305,52.8268],[6.059414,52.826686],[6.059491,52.826605],[6.059674,52.826412],[6.059829,52.826248],[6.059939,52.826132],[6.059951,52.826118],[6.059723,52.826043],[6.059512,52.825973],[6.059042,52.825829],[6.058646,52.825705],[6.05846,52.825648],[6.057914,52.825482],[6.057817,52.825453],[6.05767,52.825408],[6.057062,52.825222],[6.056803,52.825145],[6.056544,52.825067],[6.056418,52.825026],[6.05629,52.824986],[6.056187,52.824954],[6.056085,52.824922],[6.056003,52.824896],[6.05598,52.824889],[6.055875,52.824857],[6.055824,52.824842],[6.055772,52.824827],[6.055715,52.824811],[6.055597,52.824777],[6.055421,52.824728],[6.055266,52.824683],[6.055192,52.824662],[6.055111,52.824639],[6.054817,52.82457],[6.054524,52.8245],[6.054383,52.824464],[6.054243,52.824428],[6.054154,52.824407],[6.053863,52.824342],[6.053477,52.824254],[6.053091,52.824166],[6.053013,52.824145],[6.052936,52.824123],[6.052747,52.824027],[6.052633,52.82396],[6.05252,52.823892],[6.052257,52.823747],[6.051713,52.823446],[6.051432,52.82329],[6.051347,52.823247],[6.051312,52.82323],[6.051228,52.823187],[6.051141,52.823143],[6.051003,52.823074],[6.050849,52.822996],[6.050846,52.822994],[6.050819,52.82298],[6.050808,52.822974],[6.050758,52.822947],[6.050732,52.822933],[6.050695,52.822912],[6.050638,52.822882],[6.050581,52.822851],[6.050551,52.822835],[6.050539,52.822828],[6.050521,52.822818],[6.050458,52.822784],[6.050352,52.822722],[6.050284,52.822683],[6.050217,52.822643],[6.05016,52.82261],[6.0501,52.822567],[6.05004,52.822523],[6.049932,52.822446],[6.049835,52.822362],[6.049738,52.822279],[6.049673,52.822241],[6.049564,52.822178],[6.049464,52.822118],[6.049325,52.822033],[6.049215,52.821966],[6.04912,52.821908],[6.049086,52.821887],[6.049021,52.821846],[6.04898,52.82182],[6.048932,52.82179],[6.048895,52.821766],[6.04882,52.821719],[6.048657,52.821618],[6.048536,52.821544],[6.048373,52.82145],[6.048246,52.821377],[6.048209,52.821356],[6.048109,52.821284],[6.047971,52.821185],[6.047733,52.821013],[6.047502,52.820855],[6.047271,52.820696],[6.047146,52.82062],[6.047102,52.820597],[6.047042,52.820567],[6.047007,52.82055],[6.046973,52.820534],[6.046957,52.820526],[6.046768,52.820455],[6.046582,52.820384],[6.046342,52.820293],[6.046207,52.820241],[6.045985,52.820179],[6.045778,52.820126],[6.045573,52.820073],[6.045507,52.820053],[6.04544,52.820033],[6.045359,52.820004],[6.045291,52.81998],[6.045169,52.81994],[6.04506,52.819904],[6.044857,52.819834],[6.044723,52.819795],[6.044618,52.819772],[6.044519,52.819752],[6.044479,52.819744],[6.044441,52.819737],[6.044404,52.819729],[6.044348,52.819719],[6.044293,52.819708],[6.044226,52.819695],[6.044157,52.819687],[6.044087,52.819678],[6.044043,52.819673],[6.044016,52.819669],[6.043855,52.819651],[6.043694,52.819633],[6.043601,52.81962],[6.04353,52.81961],[6.043508,52.819607],[6.043244,52.819533],[6.042981,52.819459],[6.042846,52.819409],[6.042712,52.819358],[6.042447,52.819275],[6.04226,52.819217],[6.042173,52.81919],[6.042104,52.819168],[6.042034,52.819147],[6.041808,52.819076],[6.041636,52.819013],[6.041451,52.818944],[6.041438,52.818939],[6.041433,52.818938],[6.04133,52.8189],[6.041255,52.818872],[6.041145,52.818832],[6.041095,52.818813],[6.040985,52.818774],[6.040951,52.818762],[6.040917,52.81875],[6.040833,52.81872],[6.040739,52.818686],[6.040503,52.81858],[6.040199,52.818452],[6.040033,52.818382],[6.039896,52.818323],[6.039509,52.818177],[6.039209,52.818064],[6.039169,52.818049],[6.039122,52.818031],[6.039046,52.818005],[6.038796,52.817918],[6.03878,52.817912],[6.038697,52.817884],[6.03861,52.817854],[6.038475,52.817807],[6.038318,52.817752],[6.038272,52.817736],[6.038256,52.81773],[6.038209,52.817714],[6.038147,52.817693],[6.03805,52.817659],[6.037955,52.817626],[6.037762,52.817559],[6.037373,52.817433],[6.036985,52.817306],[6.036305,52.817087],[6.035549,52.816827],[6.035145,52.816689],[6.03482,52.816578],[6.034741,52.816552],[6.034598,52.816492],[6.034454,52.816432],[6.034203,52.816321],[6.033952,52.816209],[6.033929,52.816198],[6.033294,52.81591],[6.032838,52.815703],[6.032658,52.815622],[6.032434,52.815526],[6.032209,52.81543],[6.03219,52.815421],[6.032024,52.81535],[6.031719,52.815223],[6.031613,52.815179],[6.031504,52.815134],[6.031414,52.815097],[6.031291,52.815044],[6.031168,52.814991],[6.031156,52.815005],[6.031057,52.815117],[6.030963,52.815223],[6.030941,52.815251],[6.030893,52.815315],[6.030508,52.815826],[6.030054,52.816428],[6.029872,52.816697],[6.029801,52.816798],[6.029591,52.817097],[6.029417,52.817326],[6.029351,52.817412],[6.028896,52.81801],[6.02844,52.818608],[6.028235,52.818933],[6.028161,52.819036],[6.028086,52.819139],[6.027879,52.819398],[6.027549,52.819814],[6.027345,52.820079],[6.027123,52.820365],[6.026903,52.820648],[6.02677,52.82086],[6.026693,52.820969],[6.026617,52.821078],[6.026479,52.82123],[6.026341,52.821383],[6.026182,52.82153],[6.026085,52.821608],[6.025987,52.821686],[6.025768,52.82184],[6.025549,52.821994],[6.024559,52.822545],[6.023853,52.822441],[6.023165,52.82238],[6.022476,52.822319],[6.021919,52.822271],[6.021697,52.822254],[6.021012,52.822202],[6.020281,52.822145],[6.020112,52.822121],[6.019757,52.822086],[6.019402,52.82205],[6.019058,52.822016],[6.018478,52.821958],[6.0179,52.8219],[6.01768,52.821878],[6.017656,52.821876],[6.017485,52.821853],[6.017321,52.82183],[6.01705,52.821782],[6.016867,52.82175],[6.016339,52.821657],[6.016037,52.821603],[6.01589,52.821577],[6.015277,52.821469],[6.014627,52.821355],[6.013861,52.82122],[6.013439,52.821145],[6.012752,52.821013],[6.01218,52.820914],[6.011638,52.820821],[6.011122,52.820735],[6.010658,52.820658],[6.010519,52.820634],[6.0103,52.820592],[6.010137,52.82056],[6.010087,52.820543],[6.009989,52.820525],[6.009807,52.82049],[6.009425,52.820417],[6.008854,52.820308],[6.008807,52.820299],[6.008486,52.820238],[6.008188,52.820181],[6.007833,52.820113],[6.007754,52.820098],[6.007687,52.820085],[6.00759,52.820067],[6.007483,52.820046],[6.007388,52.82002],[6.007292,52.819993],[6.007192,52.819964],[6.007092,52.819934],[6.00694,52.819889],[6.006817,52.819852],[6.006646,52.81978],[6.006474,52.819707],[6.006331,52.819666],[6.006295,52.819648],[6.005973,52.819484],[6.005651,52.819319],[6.00549,52.81925],[6.005331,52.81918],[6.005275,52.81916],[6.005247,52.81915],[6.005071,52.819085],[6.004811,52.81899],[6.004741,52.818964],[6.004673,52.818939],[6.004627,52.818922],[6.004561,52.818897],[6.004241,52.818776],[6.003921,52.818656],[6.003445,52.818478],[6.003161,52.818371],[6.002392,52.818086],[6.00155,52.817774],[6.000849,52.817514],[6.000649,52.817443],[6.000288,52.81733],[5.999948,52.817218],[5.999765,52.817158],[5.999582,52.817098],[5.999466,52.81705],[5.999354,52.817022],[5.99912,52.816927],[5.999078,52.81691],[5.998875,52.816851],[5.998671,52.816792],[5.998607,52.816773],[5.998543,52.816754],[5.998389,52.816729],[5.998235,52.816704],[5.998061,52.816687],[5.997887,52.816669],[5.997645,52.816674],[5.997403,52.816679],[5.997341,52.816668],[5.997279,52.816657],[5.997156,52.816671],[5.997034,52.816686],[5.996892,52.816665],[5.996749,52.816645],[5.996643,52.816621],[5.99658,52.816595],[5.996508,52.816561],[5.996484,52.816678],[5.996461,52.816761],[5.996397,52.816834],[5.996336,52.816922],[5.996222,52.817038],[5.996108,52.817153],[5.996057,52.817225],[5.995971,52.81732],[5.995886,52.81739],[5.995801,52.81746],[5.995633,52.817621],[5.995517,52.817733],[5.995465,52.817782],[5.995379,52.817872],[5.995291,52.817963],[5.995086,52.818174],[5.994899,52.818367],[5.994822,52.81846],[5.994745,52.818553],[5.994653,52.818656],[5.994561,52.81876],[5.994484,52.818841],[5.994393,52.818939],[5.994348,52.818986],[5.994342,52.818993],[5.994315,52.819018],[5.994276,52.819054],[5.994204,52.819121],[5.993953,52.819297],[5.993696,52.819478],[5.993608,52.819544],[5.993519,52.819611],[5.993327,52.819731],[5.993134,52.819852],[5.992966,52.819949],[5.992798,52.820045],[5.992571,52.820176],[5.992344,52.820307],[5.992212,52.820387],[5.99208,52.820466],[5.992058,52.820453],[5.991949,52.820505],[5.991839,52.820557],[5.991773,52.820595],[5.991706,52.820634],[5.991636,52.820682],[5.991567,52.82073],[5.991454,52.820808],[5.991319,52.820945],[5.991237,52.821028],[5.991147,52.821133],[5.991057,52.821238],[5.990985,52.821309],[5.990912,52.821381],[5.990875,52.82141],[5.990837,52.82144],[5.990772,52.821488],[5.990673,52.821542],[5.990575,52.821597],[5.99043,52.821657],[5.990285,52.821717],[5.990192,52.82175],[5.990099,52.821782],[5.990026,52.821804],[5.989953,52.821827],[5.989797,52.821861],[5.989641,52.821896],[5.989544,52.821912],[5.989447,52.821927],[5.989369,52.821943],[5.98929,52.821958],[5.989105,52.822003],[5.988919,52.822049],[5.988904,52.822064],[5.988762,52.822045],[5.988496,52.822002],[5.988313,52.821979],[5.988007,52.821934],[5.987769,52.821898],[5.987532,52.821861],[5.98755,52.821828],[5.987219,52.821782],[5.986889,52.821735],[5.98688,52.821747],[5.986479,52.821693],[5.986472,52.821706],[5.986354,52.821934],[5.986275,52.822084],[5.986159,52.822309],[5.985829,52.822874],[5.98548,52.823542],[5.985355,52.823781],[5.985062,52.824342],[5.984806,52.824796],[5.984631,52.825094],[5.984474,52.825361],[5.984425,52.825445],[5.984386,52.825508],[5.984247,52.825749],[5.984158,52.825836],[5.984054,52.82599],[5.983834,52.826259],[5.98375,52.826411],[5.983708,52.82647],[5.983541,52.826707],[5.983341,52.826978],[5.983086,52.827276],[5.982933,52.827463],[5.98279,52.827651],[5.982648,52.827839],[5.982544,52.82796],[5.982456,52.828061],[5.982369,52.828161],[5.982184,52.828423],[5.9821,52.828542],[5.982047,52.828612],[5.981993,52.828682],[5.981888,52.828803],[5.981778,52.828939],[5.981763,52.828958],[5.981749,52.828977],[5.981711,52.829032],[5.981686,52.829075],[5.981661,52.829119],[5.981664,52.829156],[5.98172,52.82922],[5.981777,52.829283],[5.981711,52.829341],[5.981645,52.8294],[5.981442,52.829566],[5.981328,52.829658],[5.981226,52.829778],[5.980937,52.830022],[5.980647,52.830277],[5.980252,52.83066],[5.980056,52.830843],[5.979781,52.831079],[5.979639,52.831182],[5.979527,52.831263],[5.979458,52.831315],[5.979383,52.831396],[5.979341,52.831464],[5.97921,52.831594],[5.97878,52.831995],[5.978696,52.832074],[5.97861,52.832144],[5.978466,52.832265],[5.978321,52.8324],[5.97821,52.832506],[5.978114,52.832589],[5.978018,52.832673],[5.977902,52.832767],[5.977848,52.832814],[5.97769,52.832969],[5.977501,52.833143],[5.977341,52.8333],[5.977154,52.833486],[5.977112,52.833531],[5.977018,52.833672],[5.976755,52.834071],[5.976663,52.834212],[5.9766,52.834252],[5.976537,52.834292],[5.976485,52.83433],[5.976453,52.834371],[5.976391,52.834451],[5.97633,52.834528],[5.976283,52.834596],[5.976235,52.834663],[5.976175,52.834748],[5.976119,52.834862],[5.976037,52.835003],[5.975955,52.835144],[5.975852,52.835291],[5.975694,52.835549],[5.975556,52.835773],[5.975528,52.835833],[5.975493,52.835909],[5.975439,52.83601],[5.975337,52.836209],[5.975289,52.836306],[5.975175,52.836512],[5.97506,52.836718],[5.974937,52.836921],[5.974851,52.837074],[5.974766,52.837228],[5.974472,52.837733],[5.974323,52.837985],[5.974096,52.83842],[5.973918,52.838754],[5.97387,52.838842],[5.973843,52.838892],[5.97372,52.839116],[5.973303,52.839993],[5.973254,52.840112],[5.973172,52.840274],[5.973106,52.840383],[5.973039,52.84053],[5.973004,52.840608],[5.972975,52.84065],[5.972923,52.840682],[5.972871,52.840714],[5.972897,52.840771],[5.973006,52.840916],[5.973012,52.840942],[5.973008,52.840956],[5.973003,52.840965],[5.972998,52.840973],[5.97296,52.84102],[5.972922,52.841066],[5.972917,52.841076],[5.972868,52.841161],[5.972687,52.84148],[5.972438,52.841917],[5.973128,52.84247],[5.971343,52.842416],[5.969976,52.842375],[5.969678,52.842311],[5.968748,52.842107],[5.967522,52.841837],[5.965242,52.841331],[5.964271,52.841116],[5.963925,52.841039],[5.962892,52.84086],[5.962404,52.840775],[5.962105,52.840721],[5.961933,52.840692],[5.961762,52.840663],[5.961561,52.840627],[5.961361,52.840591],[5.961187,52.840558],[5.961013,52.840525],[5.960839,52.840484],[5.960685,52.840445],[5.96053,52.840406],[5.96037,52.840364],[5.96021,52.840322],[5.960038,52.840267],[5.959747,52.84017],[5.959594,52.840118],[5.959382,52.840043],[5.959267,52.839998],[5.959152,52.839954],[5.959001,52.839893],[5.958922,52.839858],[5.958819,52.839811],[5.958731,52.839766],[5.958615,52.839701],[5.958499,52.839635],[5.958402,52.839579],[5.95834,52.839544],[5.958278,52.839508],[5.958201,52.839459],[5.958123,52.839411],[5.957945,52.839293],[5.957792,52.839191],[5.957656,52.839098],[5.957519,52.839004],[5.957224,52.838781],[5.95693,52.838558],[5.956691,52.838378],[5.956499,52.838216],[5.956291,52.83802],[5.956085,52.837825],[5.955907,52.837629],[5.955862,52.837568],[5.955825,52.837505],[5.955792,52.837442],[5.955764,52.837374],[5.955743,52.837305],[5.955727,52.837237],[5.955717,52.837154],[5.95572,52.837082],[5.955738,52.836985],[5.955777,52.836839],[5.955825,52.836683],[5.955921,52.836481],[5.956039,52.836256],[5.95619,52.835977],[5.956342,52.835697],[5.956463,52.835478],[5.956584,52.835259],[5.956686,52.835073],[5.956705,52.835038],[5.956738,52.834959],[5.95676,52.834899],[5.956781,52.834838],[5.956796,52.834791],[5.95681,52.834745],[5.956823,52.834693],[5.956834,52.834646],[5.956841,52.8346],[5.956847,52.834559],[5.95685,52.834501],[5.956853,52.834443],[5.956853,52.834414],[5.956852,52.834385],[5.956809,52.834312],[5.956817,52.834232],[5.956791,52.834155],[5.956761,52.834084],[5.956726,52.834003],[5.956694,52.833937],[5.956662,52.833871],[5.956636,52.833817],[5.95661,52.833763],[5.956581,52.833715],[5.956555,52.83367],[5.956529,52.833624],[5.956516,52.833602],[5.956493,52.833573],[5.95647,52.833545],[5.956434,52.833505],[5.956398,52.833465],[5.956371,52.833436],[5.956344,52.833407],[5.956322,52.83339],[5.956301,52.833374],[5.956257,52.83335],[5.956186,52.833331],[5.956115,52.833311],[5.956034,52.833291],[5.955988,52.833279],[5.955954,52.83327],[5.955869,52.833253],[5.955784,52.833235],[5.955745,52.833227],[5.955706,52.833219],[5.955655,52.833213],[5.955605,52.833206],[5.955512,52.8332],[5.955407,52.833203],[5.955347,52.833208],[5.955288,52.833213],[5.955181,52.833225],[5.955102,52.833238],[5.955024,52.833252],[5.954929,52.833271],[5.954853,52.833293],[5.954787,52.833315],[5.954721,52.833338],[5.95467,52.83336],[5.954619,52.833382],[5.954562,52.833411],[5.954498,52.833452],[5.954433,52.833493],[5.954341,52.833563],[5.954207,52.833687],[5.954073,52.83381],[5.953837,52.834016],[5.953602,52.834221],[5.953482,52.834331],[5.953382,52.834405],[5.953324,52.834443],[5.953266,52.834482],[5.95322,52.834507],[5.953147,52.834544],[5.953074,52.834581],[5.952985,52.83462],[5.952897,52.834659],[5.952844,52.83468],[5.952791,52.8347],[5.952701,52.834733],[5.952611,52.834767],[5.95249,52.834809],[5.952369,52.834852],[5.952115,52.834938],[5.951876,52.835013],[5.951736,52.835062],[5.951596,52.83511],[5.951479,52.835149],[5.951361,52.835188],[5.951273,52.83522],[5.951185,52.835252],[5.950846,52.835388],[5.950506,52.835525],[5.950439,52.83555],[5.950372,52.835574],[5.950218,52.835637],[5.950065,52.835699],[5.949881,52.835778],[5.949697,52.835858],[5.949438,52.835952],[5.94934,52.835992],[5.948973,52.836153],[5.948759,52.836247],[5.948606,52.836314],[5.948475,52.836378],[5.948343,52.836442],[5.948164,52.836549],[5.948068,52.836603],[5.947972,52.836656],[5.947885,52.836707],[5.947799,52.836759],[5.947654,52.836846],[5.94751,52.836933],[5.947384,52.837002],[5.947292,52.83705],[5.9472,52.837098],[5.947118,52.837139],[5.947035,52.837181],[5.946902,52.837238],[5.94681,52.837274],[5.946718,52.837304],[5.946627,52.837335],[5.946437,52.83738],[5.946247,52.837425],[5.946118,52.83744],[5.945933,52.837452],[5.945727,52.837456],[5.945644,52.837449],[5.945561,52.837443],[5.945475,52.837432],[5.94539,52.837422],[5.945299,52.837408],[5.945209,52.837393],[5.945131,52.837376],[5.944952,52.837319],[5.944774,52.837262],[5.944597,52.837203],[5.944543,52.837176],[5.944456,52.837124],[5.944368,52.837071],[5.94425,52.837005],[5.944133,52.83694],[5.943973,52.836851],[5.943813,52.836763],[5.943654,52.836681],[5.943494,52.836599],[5.943391,52.836549],[5.943288,52.836498],[5.943149,52.836435],[5.943009,52.836371],[5.942928,52.836338],[5.942775,52.836283],[5.942622,52.836229],[5.942482,52.836182],[5.942342,52.836135],[5.942159,52.836078],[5.941976,52.83602],[5.941803,52.835969],[5.941673,52.835935],[5.941395,52.835876],[5.941118,52.835817],[5.940835,52.835755],[5.940608,52.835707],[5.940519,52.83569],[5.940338,52.835657],[5.940246,52.835641],[5.940048,52.835607],[5.93985,52.835573],[5.93974,52.835556],[5.93963,52.835538],[5.939467,52.835517],[5.939304,52.835497],[5.939074,52.835469],[5.938997,52.835462],[5.938921,52.835456],[5.938698,52.835437],[5.938476,52.835419],[5.938066,52.835386],[5.93802,52.835382],[5.937656,52.835352],[5.937275,52.835346],[5.937153,52.835345],[5.936651,52.835382],[5.93615,52.83542],[5.935705,52.835453],[5.935262,52.835487],[5.935164,52.83549],[5.934897,52.835481],[5.934781,52.835476],[5.934089,52.835473],[5.93336,52.835452],[5.932631,52.835431],[5.932498,52.835424],[5.932224,52.835398],[5.93195,52.835373],[5.931769,52.83535],[5.931587,52.835328],[5.931457,52.835307],[5.931328,52.835287],[5.930743,52.83515],[5.930158,52.835013],[5.929946,52.834934],[5.929691,52.83484],[5.929492,52.834759],[5.929336,52.834695],[5.928959,52.83453],[5.928583,52.834364],[5.928283,52.83426],[5.927984,52.834157],[5.927574,52.834011],[5.927164,52.833865],[5.927079,52.833827],[5.927042,52.833799],[5.927007,52.833772],[5.92696,52.833731],[5.926914,52.833691],[5.926882,52.833656],[5.92685,52.833622],[5.926795,52.833547],[5.926747,52.833467],[5.926728,52.833399],[5.926729,52.833362],[5.926732,52.833292],[5.926753,52.833193],[5.926781,52.833151],[5.926809,52.833108],[5.926834,52.833076],[5.926852,52.833057],[5.926871,52.833038],[5.926892,52.833022],[5.926913,52.833005],[5.926953,52.832979],[5.926981,52.832964],[5.92701,52.832949],[5.927054,52.832927],[5.927097,52.832903],[5.927159,52.832883],[5.927218,52.832864],[5.927278,52.832846],[5.927343,52.832836],[5.927406,52.832828],[5.927481,52.83282],[5.927519,52.832814],[5.927595,52.832802],[5.927633,52.832796],[5.927693,52.832791],[5.927753,52.832785],[5.927915,52.832775],[5.928055,52.832766],[5.928198,52.832757],[5.928266,52.832754],[5.928334,52.832751],[5.928556,52.832747],[5.928777,52.832743],[5.928956,52.832737],[5.929135,52.832731],[5.929164,52.83273],[5.929322,52.832722],[5.92941,52.832717],[5.929475,52.832714],[5.929621,52.832699],[5.929754,52.832676],[5.929859,52.832653],[5.929963,52.83263],[5.930051,52.832603],[5.930158,52.832559],[5.930348,52.832446],[5.930537,52.832334],[5.930654,52.832248],[5.930689,52.831938],[5.930662,52.831869],[5.930621,52.831784],[5.930561,52.831693],[5.93048,52.831595],[5.930394,52.83149],[5.930294,52.831428],[5.930262,52.831414],[5.930219,52.831395],[5.930173,52.831378],[5.930115,52.831356],[5.930084,52.831346],[5.930053,52.831335],[5.92999,52.831322],[5.92991,52.831307],[5.929878,52.831303],[5.929801,52.831294],[5.929756,52.831288],[5.929698,52.831279],[5.92963,52.831276],[5.929593,52.831276],[5.929557,52.831277],[5.929534,52.831277],[5.929484,52.831277],[5.929416,52.831274],[5.929151,52.831291],[5.929,52.831308],[5.92885,52.831324],[5.9287,52.831341],[5.92855,52.831358],[5.928335,52.831389],[5.92812,52.83142],[5.927771,52.831468],[5.927552,52.831498],[5.927377,52.831522],[5.926983,52.831577],[5.926858,52.831588],[5.926734,52.83159],[5.926676,52.831591],[5.926617,52.831593],[5.926561,52.831593],[5.926504,52.831592],[5.926446,52.831591],[5.926387,52.831589],[5.926308,52.831584],[5.926079,52.831572],[5.925772,52.831555],[5.925648,52.831547],[5.925524,52.831539],[5.925393,52.831526],[5.925244,52.831512],[5.925073,52.831492],[5.924902,52.831473],[5.924767,52.831458],[5.924643,52.831443],[5.924384,52.831406],[5.924225,52.831383],[5.924125,52.831369],[5.92406,52.831355],[5.923978,52.831338],[5.923901,52.831323],[5.9238,52.831298],[5.923705,52.831275],[5.923619,52.831256],[5.923547,52.831234],[5.923475,52.831213],[5.923399,52.831187],[5.923323,52.83116],[5.923253,52.831128],[5.923183,52.831096],[5.92314,52.831065],[5.923098,52.831035],[5.923047,52.830988],[5.922944,52.83089],[5.922841,52.830792],[5.922784,52.830702],[5.922721,52.830551],[5.922689,52.830472],[5.922658,52.830393],[5.922645,52.83031],[5.92264,52.83024],[5.922638,52.830208],[5.922645,52.830143],[5.922653,52.830078],[5.922665,52.83004],[5.922678,52.830002],[5.922707,52.829924],[5.922729,52.829888],[5.922752,52.829851],[5.922801,52.829789],[5.922845,52.829732],[5.922897,52.829678],[5.922949,52.829624],[5.92301,52.829578],[5.92307,52.829532],[5.923121,52.829501],[5.923192,52.829463],[5.923235,52.829444],[5.923303,52.829415],[5.923382,52.829381],[5.923436,52.829362],[5.923544,52.829324],[5.923648,52.82929],[5.923782,52.829249],[5.923929,52.829201],[5.92406,52.829159],[5.924147,52.829139],[5.924228,52.829116],[5.924385,52.829083],[5.924645,52.829021],[5.924829,52.828982],[5.92495,52.828966],[5.925167,52.828926],[5.925384,52.828886],[5.925464,52.828871],[5.925544,52.828857],[5.92561,52.828839],[5.925676,52.828822],[5.92574,52.828801],[5.925804,52.828779],[5.925869,52.828756],[5.925935,52.828733],[5.925993,52.828709],[5.926051,52.828686],[5.926099,52.82866],[5.926147,52.828634],[5.926192,52.828603],[5.926238,52.828573],[5.926274,52.828539],[5.926311,52.828506],[5.926343,52.828465],[5.926376,52.828425],[5.926407,52.82835],[5.926413,52.828306],[5.926419,52.828263],[5.926414,52.828223],[5.92641,52.828183],[5.926374,52.828105],[5.926341,52.828073],[5.92631,52.828043],[5.926278,52.828021],[5.926246,52.828],[5.926227,52.827991],[5.926207,52.827983],[5.926185,52.827975],[5.926163,52.827968],[5.926139,52.827962],[5.926114,52.827955],[5.926095,52.827951],[5.926075,52.827946],[5.926039,52.827943],[5.926003,52.827939],[5.925977,52.827936],[5.925951,52.827934],[5.925918,52.827934],[5.925885,52.827935],[5.925856,52.827936],[5.925827,52.827937],[5.925793,52.827939],[5.925758,52.827941],[5.925723,52.827945],[5.925687,52.827948],[5.92565,52.827952],[5.925612,52.827956],[5.925573,52.827959],[5.925534,52.827963],[5.925425,52.827975],[5.925304,52.827984],[5.925206,52.827993],[5.925086,52.827998],[5.924813,52.828011],[5.924571,52.828011],[5.924351,52.828014],[5.924134,52.828017],[5.924067,52.828018],[5.923978,52.828016],[5.923926,52.828009],[5.923875,52.828003],[5.923729,52.827975],[5.923666,52.827959],[5.923538,52.827926],[5.923322,52.827848],[5.923227,52.827796],[5.923137,52.827734],[5.923067,52.827672],[5.922997,52.827596],[5.922946,52.827526],[5.922905,52.827452],[5.922869,52.827376],[5.922859,52.827335],[5.922848,52.827294],[5.922839,52.827216],[5.922865,52.826884],[5.923029,52.826464],[5.923341,52.825844],[5.923653,52.825225],[5.923768,52.825026],[5.923954,52.824722],[5.924141,52.824418],[5.924241,52.824205],[5.92434,52.823992],[5.924351,52.823896],[5.924345,52.8238],[5.924339,52.823705],[5.924321,52.823684],[5.924284,52.823658],[5.924248,52.823631],[5.924202,52.82359],[5.924184,52.823574],[5.92412,52.823517],[5.9241,52.823503],[5.924079,52.823488],[5.92404,52.823466],[5.924001,52.823443],[5.923948,52.823421],[5.923881,52.82339],[5.923808,52.823361],[5.923709,52.823326],[5.923583,52.82329],[5.923456,52.823253],[5.923239,52.823198],[5.923023,52.823143],[5.922431,52.823012],[5.921839,52.822881],[5.921631,52.822819],[5.921526,52.822783],[5.92142,52.822747],[5.921292,52.822701],[5.921187,52.822663],[5.920994,52.822592],[5.920772,52.822504],[5.920404,52.822352],[5.920207,52.822276],[5.920011,52.8222],[5.919884,52.82215],[5.919634,52.822047],[5.919385,52.821944],[5.919173,52.821848],[5.91896,52.821753],[5.918631,52.8216],[5.918461,52.821515],[5.918132,52.821342],[5.917803,52.821169],[5.917165,52.820786],[5.916801,52.820567],[5.916321,52.82028],[5.915685,52.819885],[5.915522,52.819784],[5.91526,52.81962],[5.914998,52.819456],[5.914796,52.819327],[5.914594,52.819197],[5.914552,52.819165],[5.914347,52.81901],[5.914091,52.818807],[5.91386,52.818622],[5.913709,52.818476],[5.913559,52.818329],[5.913338,52.818059],[5.913116,52.817789],[5.912884,52.817382],[5.912693,52.817076],[5.91255,52.816848],[5.91247,52.816731],[5.912319,52.816533],[5.912167,52.816334],[5.911965,52.816116],[5.911855,52.815998],[5.911693,52.815788],[5.9116,52.815691],[5.911383,52.815467],[5.9112,52.815337],[5.911017,52.815208],[5.910695,52.814959],[5.910373,52.814709],[5.910167,52.814559],[5.90996,52.814408],[5.90981,52.814313],[5.909661,52.814219],[5.909515,52.814139],[5.90937,52.814059],[5.909123,52.813942],[5.908876,52.813825],[5.90873,52.813769],[5.908398,52.813645],[5.908028,52.813513],[5.907774,52.813432],[5.907465,52.813338],[5.907044,52.813223],[5.906609,52.813103],[5.906007,52.812939],[5.905355,52.812811],[5.905037,52.812751],[5.904625,52.812679],[5.904302,52.812635],[5.903778,52.812563],[5.903308,52.812498],[5.903019,52.812485],[5.902729,52.812471],[5.902297,52.812424],[5.90201,52.812356],[5.901723,52.812288],[5.901424,52.812179],[5.901125,52.812071],[5.900657,52.811825],[5.900271,52.811583],[5.900019,52.811357],[5.899777,52.811107],[5.899594,52.810818],[5.899411,52.810529],[5.89936,52.810423],[5.899308,52.810318],[5.899189,52.809907],[5.899069,52.809495],[5.898978,52.80925],[5.898767,52.808734],[5.898745,52.808689],[5.898634,52.808471],[5.898298,52.808062],[5.898161,52.807969],[5.897882,52.807803],[5.897705,52.80774],[5.897538,52.807679],[5.897488,52.807666],[5.897361,52.807631],[5.897311,52.807618],[5.89726,52.807606],[5.897155,52.807583],[5.897057,52.807562],[5.89696,52.807541],[5.896441,52.807441],[5.895922,52.807341],[5.89564,52.807274],[5.895411,52.8072],[5.895182,52.807125],[5.894815,52.806958],[5.894477,52.806795],[5.894115,52.806603],[5.893772,52.806443],[5.893429,52.806283],[5.893105,52.806167],[5.892782,52.806051],[5.892428,52.805971],[5.891978,52.805872],[5.890969,52.805715],[5.88996,52.805559],[5.889603,52.805519],[5.889087,52.805425],[5.88857,52.805332],[5.888291,52.80526],[5.888012,52.805188],[5.887878,52.805152],[5.887743,52.805116],[5.887563,52.805072],[5.887379,52.805031],[5.887196,52.80499],[5.887019,52.804955],[5.886764,52.804912],[5.886509,52.80487],[5.886211,52.804799],[5.885914,52.804729],[5.885644,52.804676],[5.885374,52.804622],[5.885009,52.804553],[5.884644,52.804485],[5.884314,52.804415],[5.883922,52.804321],[5.88353,52.804226],[5.88332,52.804168],[5.88311,52.80411],[5.882945,52.804051],[5.882761,52.803985],[5.882578,52.80392],[5.882399,52.803852],[5.882318,52.803814],[5.882149,52.803735],[5.88198,52.803655],[5.881897,52.803608],[5.881784,52.803533],[5.881699,52.803473],[5.881648,52.803429],[5.881496,52.803301],[5.881123,52.802888],[5.880853,52.802604],[5.880616,52.80226],[5.880452,52.802079],[5.880288,52.801897],[5.880205,52.801787],[5.880121,52.801676],[5.880075,52.80162],[5.880019,52.801564],[5.879962,52.801508],[5.879908,52.801457],[5.879825,52.801381],[5.879747,52.801309],[5.879581,52.801203],[5.87948,52.801147],[5.879378,52.801091],[5.879302,52.801055],[5.879226,52.801018],[5.879117,52.800971],[5.879008,52.800924],[5.878885,52.800886],[5.878763,52.800849],[5.878514,52.800801],[5.878266,52.800754],[5.87816,52.800744],[5.878055,52.800733],[5.877905,52.800726],[5.877756,52.800718],[5.877596,52.800723],[5.877435,52.800728],[5.877258,52.800741],[5.87708,52.800754],[5.876978,52.800771],[5.876877,52.800789],[5.876789,52.800792],[5.876701,52.800796],[5.876611,52.800805],[5.876522,52.800814],[5.876407,52.800835],[5.876292,52.800855],[5.876152,52.800917],[5.876015,52.800949],[5.875882,52.800984],[5.875749,52.801019],[5.875589,52.801066],[5.875428,52.801113],[5.875291,52.80116],[5.875153,52.801206],[5.875026,52.801249],[5.874898,52.801293],[5.87477,52.80134],[5.87463,52.801391],[5.874497,52.801438],[5.874343,52.801497],[5.874189,52.801556],[5.874041,52.801615],[5.873893,52.801674],[5.873818,52.801706],[5.87365,52.801777],[5.873557,52.801815],[5.873421,52.801864],[5.87322,52.801929],[5.873081,52.801967],[5.872941,52.802005],[5.872811,52.802038],[5.872681,52.80207],[5.872528,52.802101],[5.872374,52.802132],[5.872217,52.802156],[5.87206,52.80218],[5.871941,52.802191],[5.871822,52.802201],[5.871726,52.802217],[5.87163,52.802233],[5.871446,52.802257],[5.871262,52.802281],[5.870858,52.802325],[5.870454,52.80237],[5.870022,52.802431],[5.869676,52.802499],[5.869205,52.802593],[5.869079,52.802619],[5.869006,52.802636],[5.868933,52.802653],[5.868817,52.802687],[5.86868,52.802726],[5.868589,52.802762],[5.868498,52.802798],[5.868412,52.80284],[5.868327,52.802881],[5.868235,52.802926],[5.868144,52.80297],[5.868068,52.803007],[5.868028,52.803025],[5.867966,52.803049],[5.867845,52.803097],[5.86774,52.803138],[5.867669,52.803196],[5.867597,52.803254],[5.867474,52.803351],[5.867351,52.803448],[5.867104,52.803678],[5.866922,52.803852],[5.866781,52.803982],[5.86664,52.804113],[5.866487,52.804222],[5.866335,52.804331],[5.866248,52.804392],[5.86616,52.804453],[5.866039,52.804508],[5.865917,52.804562],[5.865776,52.804606],[5.865636,52.804651],[5.86552,52.80467],[5.865404,52.80469],[5.865287,52.804706],[5.865154,52.804723],[5.865044,52.804719],[5.864934,52.804716],[5.864785,52.804703],[5.864637,52.804691],[5.864362,52.804664],[5.864086,52.804637],[5.863959,52.804618],[5.863826,52.804599],[5.863566,52.80456],[5.863416,52.804535],[5.863265,52.80451],[5.863076,52.804483],[5.86292,52.804465],[5.862764,52.804447],[5.862683,52.804437],[5.862578,52.80442],[5.862474,52.804404],[5.862341,52.804383],[5.862136,52.804357],[5.861864,52.804335],[5.861805,52.804331],[5.861709,52.804333],[5.861613,52.804334],[5.861326,52.804355],[5.86104,52.804375],[5.86084,52.804398],[5.860641,52.804421],[5.86053,52.804429],[5.860353,52.804442],[5.860112,52.804463],[5.859935,52.80448],[5.859891,52.804485],[5.859846,52.804491],[5.859793,52.804502],[5.85974,52.804512],[5.85969,52.804524],[5.85964,52.804536],[5.859519,52.804575],[5.859388,52.804626],[5.859346,52.804648],[5.859211,52.804721],[5.859118,52.804771],[5.858968,52.804879],[5.858818,52.804988],[5.858715,52.805092],[5.858671,52.805151],[5.858627,52.805211],[5.85858,52.805272],[5.858518,52.805377],[5.858457,52.805483],[5.858387,52.805625],[5.858316,52.805767],[5.858266,52.805856],[5.858211,52.80594],[5.858157,52.806023],[5.858078,52.806166],[5.857999,52.806309],[5.857889,52.806464],[5.857785,52.806611],[5.857628,52.806813],[5.857478,52.807008],[5.857346,52.807098],[5.857247,52.807164],[5.857117,52.807212],[5.857027,52.807229],[5.85693,52.807233],[5.85684,52.807226],[5.856756,52.807205],[5.85666,52.807173],[5.856583,52.807138],[5.856524,52.807089],[5.856446,52.807009],[5.856366,52.806924],[5.856298,52.806843],[5.856223,52.806752],[5.856153,52.806656],[5.856039,52.806502],[5.855993,52.806429],[5.855947,52.806356],[5.855918,52.806307],[5.855889,52.806257],[5.85584,52.806181],[5.85579,52.806104],[5.855747,52.806046],[5.855658,52.805933],[5.855548,52.805828],[5.855438,52.805723],[5.855384,52.805693],[5.85533,52.805663],[5.85528,52.80564],[5.85523,52.805616],[5.855148,52.805585],[5.855069,52.805564],[5.854992,52.805542],[5.854802,52.805518],[5.854735,52.805512],[5.854667,52.805507],[5.854533,52.805506],[5.854462,52.805511],[5.85439,52.805516],[5.854227,52.805533],[5.854064,52.80555],[5.853875,52.805578],[5.853653,52.805621],[5.85343,52.805664],[5.85319,52.805719],[5.853001,52.805764],[5.852812,52.805808],[5.852449,52.805901],[5.852087,52.805994],[5.851933,52.806023],[5.851623,52.806079],[5.851313,52.806136],[5.851229,52.806147],[5.85112,52.806163],[5.851032,52.806173],[5.850944,52.806183],[5.850826,52.806187],[5.850803,52.806187],[5.85068,52.806187],[5.850533,52.806187],[5.850352,52.806181],[5.850172,52.806174],[5.850062,52.806168],[5.849962,52.806162],[5.84982,52.806151],[5.849688,52.806141],[5.849527,52.806122],[5.849366,52.806103],[5.849213,52.806082],[5.84906,52.806061],[5.848923,52.80604],[5.848786,52.806018],[5.848744,52.806009],[5.848583,52.805978],[5.84838,52.805938],[5.848165,52.805896],[5.847951,52.805854],[5.84766,52.805805],[5.847369,52.805755],[5.847128,52.805715],[5.846886,52.805675],[5.846534,52.80563],[5.846181,52.805585],[5.845926,52.805571],[5.84567,52.805555],[5.845422,52.805542],[5.845174,52.805529],[5.844959,52.805516],[5.844743,52.805503],[5.844455,52.805478],[5.844166,52.805452],[5.844079,52.805423],[5.843991,52.805394],[5.843947,52.805373],[5.843903,52.805352],[5.843846,52.805321],[5.843803,52.80529],[5.843772,52.805239],[5.843741,52.805188],[5.843697,52.805129],[5.843594,52.805033],[5.843165,52.805812],[5.842996,52.80612],[5.842803,52.806472],[5.842525,52.806985],[5.842266,52.807463],[5.84223,52.807532],[5.842202,52.807584],[5.842022,52.807581],[5.841842,52.807578],[5.841764,52.807569],[5.841686,52.807547],[5.841401,52.807443],[5.841116,52.80734],[5.840926,52.807269],[5.840737,52.807198],[5.840678,52.807176],[5.840619,52.807155],[5.840576,52.807135],[5.84048,52.807092],[5.840426,52.807068],[5.840381,52.807042],[5.840335,52.807015],[5.840224,52.806933],[5.839908,52.806679],[5.839591,52.806423],[5.839548,52.806396],[5.839471,52.806347],[5.839417,52.806314],[5.839348,52.806277],[5.83928,52.80624],[5.839159,52.806186],[5.83898,52.806114],[5.838866,52.806073],[5.838751,52.806033],[5.838598,52.80599],[5.838444,52.805947],[5.838272,52.805911],[5.8381,52.805875],[5.837925,52.805847],[5.83775,52.805819],[5.83754,52.805795],[5.83733,52.805771],[5.837121,52.805761],[5.836911,52.805751],[5.836842,52.805753],[5.836718,52.805758],[5.836663,52.80576],[5.83657,52.805769],[5.836522,52.805781],[5.836474,52.805793],[5.836364,52.805826],[5.836324,52.805842],[5.836285,52.805858],[5.836237,52.805879],[5.836189,52.8059],[5.836145,52.805927],[5.836102,52.805955],[5.836067,52.805981],[5.836032,52.806007],[5.835976,52.806064],[5.835932,52.806114],[5.835904,52.806182],[5.835899,52.806253],[5.835928,52.806375],[5.835972,52.80649],[5.836085,52.806659],[5.83619,52.80679],[5.836294,52.806922],[5.836442,52.807076],[5.836583,52.807224],[5.836642,52.807283],[5.836696,52.807336],[5.836952,52.807566],[5.837209,52.807797],[5.837249,52.807839],[5.837289,52.807881],[5.837333,52.807946],[5.837376,52.80801],[5.837395,52.808081],[5.837387,52.808155],[5.837365,52.808262],[5.837338,52.808312],[5.837294,52.80836],[5.83725,52.808408],[5.83719,52.808469],[5.83713,52.808531],[5.837057,52.808588],[5.836983,52.808645],[5.836896,52.808709],[5.836809,52.808773],[5.836699,52.808833],[5.836589,52.808894],[5.83645,52.808968],[5.836312,52.809042],[5.835968,52.809218],[5.835624,52.809395],[5.835431,52.809514],[5.835238,52.809633],[5.835082,52.809725],[5.835038,52.809762],[5.834993,52.809799],[5.834959,52.809833],[5.834924,52.809867],[5.834902,52.809893],[5.83488,52.809919],[5.834837,52.810004],[5.834796,52.810078],[5.834769,52.810153],[5.834741,52.810228],[5.834702,52.810352],[5.834663,52.810476],[5.834636,52.810533],[5.834609,52.810581],[5.834582,52.810628],[5.834575,52.810637],[5.834523,52.810699],[5.83448,52.810775],[5.834408,52.810865],[5.834335,52.810954],[5.834259,52.811045],[5.834184,52.811135],[5.834032,52.81131],[5.8339,52.811431],[5.833777,52.811543],[5.833703,52.811599],[5.833629,52.811656],[5.83352,52.811708],[5.833411,52.811761],[5.83331,52.811799],[5.833216,52.811835],[5.833082,52.811882],[5.832955,52.811927],[5.832818,52.811968],[5.832681,52.812009],[5.832554,52.812039],[5.832427,52.812069],[5.832302,52.812096],[5.832177,52.812122],[5.832017,52.812166],[5.831857,52.81221],[5.831651,52.812275],[5.831444,52.812341],[5.831212,52.812414],[5.830979,52.812488],[5.830848,52.812538],[5.830717,52.812589],[5.830601,52.812641],[5.830486,52.812694],[5.830213,52.812831],[5.829941,52.812967],[5.829723,52.813073],[5.829564,52.81314],[5.829405,52.813207],[5.829183,52.813286],[5.828961,52.813365],[5.82885,52.813398],[5.828721,52.813427],[5.828594,52.813447],[5.828457,52.813464],[5.828325,52.813474],[5.828183,52.813474],[5.828106,52.813469],[5.828028,52.813464],[5.827849,52.813444],[5.827669,52.813424],[5.827458,52.813397],[5.827208,52.813363],[5.827004,52.813334],[5.826839,52.81331],[5.82659,52.81328],[5.82634,52.813251],[5.826087,52.813226],[5.825834,52.813202],[5.825652,52.813193],[5.82547,52.813184],[5.825229,52.813174],[5.824988,52.813164],[5.824884,52.813171],[5.824781,52.813178],[5.824694,52.813184],[5.824608,52.813191],[5.824462,52.813215],[5.824352,52.813233],[5.824198,52.813277],[5.824154,52.813297],[5.824087,52.813328],[5.823997,52.813381],[5.82381,52.813494],[5.823716,52.813561],[5.823623,52.813628],[5.82353,52.813704],[5.823437,52.813779],[5.823361,52.813846],[5.823286,52.813912],[5.823205,52.814003],[5.823125,52.814093],[5.823041,52.8142],[5.822957,52.814306],[5.822883,52.814404],[5.82281,52.814502],[5.822741,52.814612],[5.822671,52.814721],[5.822605,52.814811],[5.822539,52.814901],[5.822479,52.814975],[5.822417,52.815042],[5.822354,52.815109],[5.822324,52.815139],[5.822295,52.815169],[5.822253,52.815199],[5.822211,52.81523],[5.822167,52.815255],[5.822123,52.815281],[5.822066,52.815308],[5.822009,52.815335],[5.821902,52.815373],[5.821795,52.815411],[5.821681,52.815452],[5.821566,52.815493],[5.821399,52.815548],[5.821257,52.815591],[5.821114,52.815635],[5.820953,52.81568],[5.820846,52.815717],[5.82074,52.815755],[5.820651,52.81579],[5.820562,52.815825],[5.820398,52.815895],[5.820306,52.81595],[5.820223,52.816003],[5.820143,52.816053],[5.820082,52.816107],[5.820004,52.816187],[5.819899,52.816302],[5.819843,52.81641],[5.819818,52.816521],[5.819801,52.816611],[5.819817,52.816692],[5.819865,52.816819],[5.819897,52.816903],[5.819913,52.816946],[5.819913,52.816982],[5.8199,52.81702],[5.819822,52.817149],[5.819744,52.817278],[5.819656,52.817269],[5.819497,52.817251],[5.819381,52.817228],[5.819276,52.817202],[5.819008,52.817137],[5.818708,52.817069],[5.81852,52.817026],[5.818301,52.816976],[5.817968,52.816899],[5.817595,52.816814],[5.817206,52.816725],[5.817113,52.816703],[5.81703,52.816674],[5.816591,52.816498],[5.816154,52.816322],[5.815452,52.816045],[5.814861,52.81581],[5.81406,52.815489],[5.813354,52.815206],[5.812422,52.814834],[5.811958,52.81465],[5.811354,52.814422],[5.811074,52.814313],[5.810795,52.814204],[5.810405,52.814044],[5.810016,52.813884],[5.809968,52.813862],[5.809921,52.81384],[5.809842,52.813802],[5.809033,52.813361],[5.808223,52.812921],[5.808029,52.812832],[5.806845,52.812238],[5.806072,52.81185],[5.805765,52.811697],[5.805429,52.811529],[5.805048,52.811339],[5.804667,52.81115],[5.804254,52.810945],[5.803948,52.810793],[5.803576,52.810611],[5.803204,52.810429],[5.802789,52.81022],[5.802373,52.810012],[5.80223,52.809942],[5.801995,52.809825],[5.801617,52.809638],[5.801167,52.809419],[5.800717,52.809199],[5.799905,52.808799],[5.799218,52.808463],[5.798532,52.808127],[5.798404,52.808066],[5.797954,52.807851],[5.797377,52.807576],[5.797158,52.807466],[5.796939,52.807357],[5.796844,52.807309],[5.796737,52.807262],[5.796628,52.807212],[5.796518,52.807163],[5.796361,52.807086],[5.796203,52.80701],[5.796005,52.806914],[5.795808,52.806819],[5.795709,52.806773],[5.79561,52.806727],[5.795508,52.806675],[5.795405,52.806622],[5.795177,52.806522]]]},"properties":{"type":"boundary","gemeente":"Steenwijkerland"}}]}