{
  "type": "FeatureCollection",
  "metadata": {
    "gemeente": "Wijdemeren",
    "slug": "wijdemeren",
    "generated_at": "2026-05-04T06:13:42.386301Z",
    "total_points": 10,
    "providers": [
      "DHL",
      "DPD",
      "PostNL",
      "VintedGo",
      "InPost"
    ],
    "bounds": [
      5.046092239,
      52.20068,
      5.14038,
      52.27137622
    ]
  },
  "features": [
    {
      "type": "Feature",
      "geometry": {
        "type": "Point",
        "coordinates": [
          5.140379,
          52.200681
        ]
      },
      "properties": {
        "type": "pakketpunt",
        "locatieNaam": "RF Tweewielers Loosdrecht",
        "straatNaam": "Lindelaan",
        "straatNr": "96-A",
        "vervoerder": "DHL",
        "puntType": "parcelShop",
        "bezettingsgraad": 50,
        "latitude": 52.200681,
        "longitude": 5.140379,
        "canPickup": true,
        "canDropoff": true
      }
    },
    {
      "type": "Feature",
      "geometry": {
        "type": "Point",
        "coordinates": [
          5.1195605,
          52.2571145
        ]
      },
      "properties": {
        "type": "pakketpunt",
        "locatieNaam": "Pakketwinkel C&B Mailservice",
        "straatNaam": "Cannenburgerweg",
        "straatNr": "61-A",
        "vervoerder": "DHL",
        "puntType": "parcelShop",
        "bezettingsgraad": 50,
        "latitude": 52.2571145,
        "longitude": 5.1195605,
        "canPickup": true,
        "canDropoff": true
      }
    },
    {
      "type": "Feature",
      "geometry": {
        "type": "Point",
        "coordinates": [
          5.1195605,
          52.2571145
        ]
      },
      "properties": {
        "type": "pakketpunt",
        "locatieNaam": "Business Point - C&B Mailservice",
        "straatNaam": "CANNENBURGERWEG",
        "straatNr": "61A",
        "vervoerder": "DPD",
        "puntType": "pickup_point",
        "bezettingsgraad": 50,
        "latitude": 52.2571145,
        "longitude": 5.1195605,
        "canPickup": true,
        "canDropoff": true
      }
    },
    {
      "type": "Feature",
      "geometry": {
        "type": "Point",
        "coordinates": [
          5.081959395,
          52.20701341
        ]
      },
      "properties": {
        "type": "pakketpunt",
        "locatieNaam": "Albert Heijn Loosdrecht",
        "straatNaam": "Oud-Loosdrechtsedijk",
        "straatNr": "182",
        "vervoerder": "PostNL",
        "puntType": "servicepunt",
        "bezettingsgraad": 50,
        "latitude": 52.20701341,
        "longitude": 5.081959395,
        "canPickup": true,
        "canDropoff": true
      }
    },
    {
      "type": "Feature",
      "geometry": {
        "type": "Point",
        "coordinates": [
          5.114165937,
          52.23936766
        ]
      },
      "properties": {
        "type": "pakketpunt",
        "locatieNaam": "Jumbo Kortenhoef",
        "straatNaam": "Curtevenneweg",
        "straatNr": "2",
        "vervoerder": "PostNL",
        "puntType": "servicepunt",
        "bezettingsgraad": 50,
        "latitude": 52.23936766,
        "longitude": 5.114165937,
        "canPickup": true,
        "canDropoff": true
      }
    },
    {
      "type": "Feature",
      "geometry": {
        "type": "Point",
        "coordinates": [
          5.11375984910148,
          52.24003157897836
        ]
      },
      "properties": {
        "type": "pakketpunt",
        "locatieNaam": "Pakketautomaat",
        "straatNaam": "Curtevenneweg",
        "straatNr": "2PBA",
        "vervoerder": "PostNL",
        "puntType": "automaat",
        "bezettingsgraad": 50,
        "latitude": 52.24003157897836,
        "longitude": 5.11375984910148,
        "canPickup": true,
        "canDropoff": true
      }
    },
    {
      "type": "Feature",
      "geometry": {
        "type": "Point",
        "coordinates": [
          5.046092239,
          52.27137622
        ]
      },
      "properties": {
        "type": "pakketpunt",
        "locatieNaam": "Pakket- en briefautomaat",
        "straatNaam": "Reeweg",
        "straatNr": "10PBA",
        "vervoerder": "PostNL",
        "puntType": "automaat",
        "bezettingsgraad": 50,
        "latitude": 52.27137622,
        "longitude": 5.046092239,
        "canPickup": true,
        "canDropoff": true
      }
    },
    {
      "type": "Feature",
      "geometry": {
        "type": "Point",
        "coordinates": [
          5.11956,
          52.25712
        ]
      },
      "properties": {
        "type": "pakketpunt",
        "locatieNaam": "C&B Mailservice",
        "straatNaam": "Cannenburgerweg 61a",
        "straatNr": "",
        "vervoerder": "VintedGo",
        "puntType": "parcel_shop",
        "bezettingsgraad": 50,
        "latitude": 52.25712,
        "longitude": 5.11956,
        "canPickup": true,
        "canDropoff": true
      }
    },
    {
      "type": "Feature",
      "geometry": {
        "type": "Point",
        "coordinates": [
          5.14038,
          52.20068
        ]
      },
      "properties": {
        "type": "pakketpunt",
        "locatieNaam": "RF TWEEWIELERS",
        "straatNaam": "LINDELAAN 96A",
        "straatNr": "",
        "vervoerder": "InPost",
        "puntType": "servicepunt",
        "bezettingsgraad": 50,
        "latitude": 52.20068,
        "longitude": 5.14038,
        "canPickup": true,
        "canDropoff": true
      }
    },
    {
      "type": "Feature",
      "geometry": {
        "type": "Point",
        "coordinates": [
          5.11957,
          52.25712
        ]
      },
      "properties": {
        "type": "pakketpunt",
        "locatieNaam": "C&B MAILSERVICE",
        "straatNaam": "CANNENBURGERWEG 61A",
        "straatNr": "",
        "vervoerder": "InPost",
        "puntType": "servicepunt",
        "bezettingsgraad": 50,
        "latitude": 52.25712,
        "longitude": 5.11957,
        "canPickup": true,
        "canDropoff": true
      }
    },
    {
      "type": "Feature",
      "geometry": {
        "type": "MultiPolygon",
        "coordinates": [
          [
            [
              [
                5.144583521871101,
                52.199905998392005
              ],
              [
                5.14443980251649,
                52.19965656207764
              ],
              [
                5.144256987740623,
                52.1994169825041
              ],
              [
                5.144036838629543,
                52.199189566778294
              ],
              [
                5.143781475697838,
                52.19897650483754
              ],
              [
                5.143493358453157,
                52.19877984836683
              ],
              [
                5.143175261701248,
                52.19860149104833
              ],
              [
                5.142830248820021,
                52.19844315033311
              ],
              [
                5.142461642260156,
                52.19830635090961
              ],
              [
                5.1420729915562315,
                52.19819241002873
              ],
              [
                5.1416680391561345,
                52.19810242482559
              ],
              [
                5.1412506843973516,
                52.19803726176045
              ],
              [
                5.140824945976316,
                52.19799754827984
              ],
              [
                5.140394923271458,
                52.19798366677806
              ],
              [
                5.139964756891418,
                52.1979957509171
              ],
              [
                5.139538588827368,
                52.1980336843405
              ],
              [
                5.139120522592023,
                52.198097101792996
              ],
              [
                5.138714583728196,
                52.19818539263577
              ],
              [
                5.138324681066116,
                52.19829770672298
              ],
              [
                5.137954569101647,
                52.19843296258388
              ],
              [
                5.137607811856889,
                52.198589857831
              ],
              [
                5.137287748570465,
                52.198766881695285
              ],
              [
                5.136997461547417,
                52.198962329567294
              ],
              [
                5.136739746477965,
                52.19917431940463
              ],
              [
                5.136738835232013,
                52.199175246328416
              ],
              [
                5.136738746430182,
                52.199175319374056
              ],
              [
                5.136516085453038,
                52.19940180981597
              ],
              [
                5.136330623273626,
                52.199640619840274
              ],
              [
                5.136184146464857,
                52.19988944975377
              ],
              [
                5.136078066253922,
                52.200145903334835
              ],
              [
                5.13601340490929,
                52.2004075109048
              ],
              [
                5.135990785870423,
                52.200671753108
              ],
              [
                5.136010427716219,
                52.20093608517207
              ],
              [
                5.136072142031348,
                52.20119796141432
              ],
              [
                5.13617533519211,
                52.20145485975908
              ],
              [
                5.136319014055718,
                52.20170430602899
              ],
              [
                5.136501795499306,
                52.20194389777683
              ],
              [
                5.136721919717736,
                52.202171327427735
              ],
              [
                5.136977267153033,
                52.20238440450946
              ],
              [
                5.137265378893081,
                52.202581076755145
              ],
              [
                5.13758348034374,
                52.20275944987643
              ],
              [
                5.137928507946611,
                52.2029178058151
              ],
              [
                5.138297138685399,
                52.20305461929774
              ],
              [
                5.138685822096488,
                52.203168572533286
              ],
              [
                5.139090814475252,
                52.20325856791186
              ],
              [
                5.139508214948045,
                52.203323738582306
              ],
              [
                5.139934003061904,
                52.20336345680595
              ],
              [
                5.14036407752898,
                52.20337734000631
              ],
              [
                5.140794295751702,
                52.203365254456166
              ],
              [
                5.141220513746904,
                52.2033273165664
              ],
              [
                5.141638626083345,
                52.20326389176396
              ],
              [
                5.142044605446877,
                52.203175590970275
              ],
              [
                5.142434541451218,
                52.20306326471362
              ],
              [
                5.142804678319498,
                52.202927994932594
              ],
              [
                5.1431514510729075,
                52.20277108454965
              ],
              [
                5.143471519877158,
                52.2025940449155
              ],
              [
                5.143761802215484,
                52.20239858124585
              ],
              [
                5.1440195025780096,
                52.20218657619021
              ],
              [
                5.144020413734302,
                52.20218564921065
              ],
              [
                5.144020502530213,
                52.20218557615955
              ],
              [
                5.144243139323542,
                52.2019590716597
              ],
              [
                5.144428568792418,
                52.201720249282396
              ],
              [
                5.144575005620703,
                52.2014714091956
              ],
              [
                5.144681040117377,
                52.20121494801176
              ],
              [
                5.144745651770512,
                52.20095333570181
              ],
              [
                5.144768219050052,
                52.200689091803426
              ],
              [
                5.144748525365988,
                52.200424761154245
              ],
              [
                5.144686761125617,
                52.20016288938246
              ],
              [
                5.144583521871101,
                52.199905998392005
              ]
            ]
          ],
          [
            [
              [
                5.086164524059589,
                52.20624149099756
              ],
              [
                5.08602111151806,
                52.205991984130776
              ],
              [
                5.085838585117654,
                52.205752314629365
              ],
              [
                5.0856187031684215,
                52.20552479046671
              ],
              [
                5.085363583613372,
                52.20531160262453
              ],
              [
                5.085075683617706,
                52.20511480400049
              ],
              [
                5.084757775896351,
                52.204936289645765
              ],
              [
                5.084412922008115,
                52.20477777852367
              ],
              [
                5.084044442873748,
                52.20464079696362
              ],
              [
                5.083655886801772,
                52.204526663970334
              ],
              [
                5.083250995329644,
                52.20443647852878
              ],
              [
                5.082833667208783,
                52.204371109027186
              ],
              [
                5.082407920879537,
                52.20433118489976
              ],
              [
                5.081977855796673,
                52.20431709056897
              ],
              [
                5.08154761297687,
                52.20432896174605
              ],
              [
                5.0811213351470785,
                52.20436668412491
              ],
              [
                5.080703126876497,
                52.20442989448238
              ],
              [
                5.080297015074953,
                52.20451798417356
              ],
              [
                5.079906910237098,
                52.2046301049896
              ],
              [
                5.079536568804635,
                52.204765177320695
              ],
              [
                5.079189557008231,
                52.20492190054668
              ],
              [
                5.07886921653658,
                52.20509876555505
              ],
              [
                5.078578632362761,
                52.20529406926624
              ],
              [
                5.078320603037359,
                52.20550593102624
              ],
              [
                5.07809761373436,
                52.20573231070985
              ],
              [
                5.077911812309481,
                52.20597102835957
              ],
              [
                5.077764988601826,
                52.20621978517217
              ],
              [
                5.077658557178712,
                52.206476185630386
              ],
              [
                5.077593543690517,
                52.20673776056762
              ],
              [
                5.077570574967859,
                52.20700199094294
              ],
              [
                5.077589872957374,
                52.20726633209833
              ],
              [
                5.077651252555627,
                52.207528238264096
              ],
              [
                5.077754123363046,
                52.20778518707677
              ],
              [
                5.077897495342146,
                52.20803470387342
              ],
              [
                5.078079988326593,
                52.208274385527915
              ],
              [
                5.078299845290487,
                52.2085019235999
              ],
              [
                5.078554949250996,
                52.20871512657307
              ],
              [
                5.078842843642202,
                52.208911940968385
              ],
              [
                5.079160755964563,
                52.209090471128434
              ],
              [
                5.079505624482453,
                52.20924899748266
              ],
              [
                5.079874127712911,
                52.209385993116165
              ],
              [
                5.080262716421419,
                52.209500138483484
              ],
              [
                5.080667647816314,
                52.20959033412412
              ],
              [
                5.081085021611967,
                52.20965571125782
              ],
              [
                5.081510817612775,
                52.20969564015716
              ],
              [
                5.081940934455115,
                52.20970973621624
              ],
              [
                5.0823712291332335,
                52.20969786365749
              ],
              [
                5.082797556927283,
                52.20966013683993
              ],
              [
                5.083215811347969,
                52.2095969191575
              ],
              [
                5.083621963711941,
                52.20950881953644
              ],
              [
                5.084012101965756,
                52.20939668656729
              ],
              [
                5.084382468383557,
                52.209261600326904
              ],
              [
                5.084729495774501,
                52.209104861969905
              ],
              [
                5.085049841850609,
                52.2089279811903
              ],
              [
                5.08534042142342,
                52.20873266167375
              ],
              [
                5.085598436119169,
                52.20852078468168
              ],
              [
                5.0858214013260765,
                52.20829439092457
              ],
              [
                5.086007170114423,
                52.2080556609008
              ],
              [
                5.086153953899312,
                52.20780689388921
              ],
              [
                5.086260339647636,
                52.20755048579882
              ],
              [
                5.086325303464269,
                52.20728890608971
              ],
              [
                5.086348220427449,
                52.207024673986076
              ],
              [
                5.08632887057962,
                52.206760334212376
              ],
              [
                5.086267441017112,
                52.206498432485276
              ],
              [
                5.086164524059589,
                52.20624149099756
              ]
            ]
          ],
          [
            [
              [
                5.118229869418761,
                52.23834513361553
              ],
              [
                5.118047037265031,
                52.23810551511587
              ],
              [
                5.117826831174529,
                52.237878052061404
              ],
              [
                5.117571372211848,
                52.23766493484514
              ],
              [
                5.117283120810512,
                52.237468215684295
              ],
              [
                5.116964853069052,
                52.23728978886464
              ],
              [
                5.11661963401259,
                52.237131372506255
              ],
              [
                5.116250788077559,
                52.23699449202592
              ],
              [
                5.115861867103704,
                52.2368804654548
              ],
              [
                5.115456616141312,
                52.23679039075302
              ],
              [
                5.11503893740243,
                52.2367251352425
              ],
              [
                5.114612852702583,
                52.236685327259686
              ],
              [
                5.1141824647538074,
                52.23667135010875
              ],
              [
                5.113751917680826,
                52.23668333837271
              ],
              [
                5.11332535713953,
                52.236721176618104
              ],
              [
                5.112906890420799,
                52.23678450050619
              ],
              [
                5.1125005469227025,
                52.23687270029914
              ],
              [
                5.112110239370754,
                52.2369849267279
              ],
              [
                5.111739726158694,
                52.237120099165885
              ],
              [
                5.111392575171585,
                52.237276916029224
              ],
              [
                5.111072129438966,
                52.23745386730384
              ],
              [
                5.11078147494826,
                52.23764924907946
              ],
              [
                5.110523410928116,
                52.23786117995052
              ],
              [
                5.110300422887739,
                52.238087619126304
              ],
              [
                5.110114658671947,
                52.23832638607642
              ],
              [
                5.109967907762886,
                52.238575181522755
              ],
              [
                5.109895154218752,
                52.23875064643654
              ],
              [
                5.109894289077646,
                52.23875152493759
              ],
              [
                5.109708519907742,
                52.238990291216446
              ],
              [
                5.109561764534296,
                52.239239086124854
              ],
              [
                5.109455436867999,
                52.23949551377856
              ],
              [
                5.109390561561484,
                52.23975710474886
              ],
              [
                5.1093677641160475,
                52.24002133984023
              ],
              [
                5.10938726483019,
                52.24028567434905
              ],
              [
                5.109448876649334,
                52.24054756256927
              ],
              [
                5.109552006938512,
                52.240804482310054
              ],
              [
                5.109695663162073,
                52.24105395918807
              ],
              [
                5.109878462416772,
                52.24129359046133
              ],
              [
                5.1100986447274055,
                52.24152106817435
              ],
              [
                5.110354089977817,
                52.241734201391914
              ],
              [
                5.110642338314951,
                52.241930937306414
              ],
              [
                5.110960613829952,
                52.2421093810162
              ],
              [
                5.111305851288584,
                52.24226781378298
              ],
              [
                5.111674725653696,
                52.242404709593224
              ],
              [
                5.112063684115279,
                52.24251874986266
              ],
              [
                5.112468980319351,
                52.242608836142985
              ],
              [
                5.112886710465505,
                52.242674100707326
              ],
              [
                5.113312850924797,
                52.24271391491245
              ],
              [
                5.113743297014841,
                52.242727895257225
              ],
              [
                5.114173902557679,
                52.242715907078654
              ],
              [
                5.114600519838468,
                52.242678065849674
              ],
              [
                5.115019039578979,
                52.2426147360662
              ],
              [
                5.1154254305399025,
                52.242526527734476
              ],
              [
                5.1158157783694564,
                52.24241429049226
              ],
              [
                5.116186323323209,
                52.242279105420955
              ],
              [
                5.116533496490973,
                52.24212227462719
              ],
              [
                5.116853954181192,
                52.241945308695435
              ],
              [
                5.117144610131125,
                52.24174991213169
              ],
              [
                5.117402665232313,
                52.241537966939404
              ],
              [
                5.117625634484943,
                52.24131151448608
              ],
              [
                5.117811370921599,
                52.24107273583533
              ],
              [
                5.117958086270334,
                52.240823930734216
              ],
              [
                5.118030811445553,
                52.24064846090189
              ],
              [
                5.118031676463131,
                52.24064758234147
              ],
              [
                5.1182174079462674,
                52.240408803019825
              ],
              [
                5.118364118831564,
                52.240159997381106
              ],
              [
                5.118470396789428,
                52.239903561706306
              ],
              [
                5.118535218964286,
                52.239641965721006
              ],
              [
                5.118557961799888,
                52.239377728805906
              ],
              [
                5.1185384070169535,
                52.23911339573159
              ],
              [
                5.118476743686626,
                52.2388515121499
              ],
              [
                5.1183735663808765,
                52.23859460007859
              ],
              [
                5.118229869418761,
                52.23834513361553
              ]
            ]
          ],
          [
            [
              [
                5.122360282158313,
                52.25503650841252
              ],
              [
                5.122014906305165,
                52.25487810823461
              ],
              [
                5.121645896745644,
                52.25474124493835
              ],
              [
                5.121256806894862,
                52.25462723638947
              ],
              [
                5.120851383428944,
                52.25453718037446
              ],
              [
                5.120433530220634,
                52.25447194403515
              ],
              [
                5.120007270765022,
                52.254432155523446
              ],
              [
                5.119576709456442,
                52.254418197956035
              ],
              [
                5.119145992088468,
                52.25443020572726
              ],
              [
                5.118719265956354,
                52.25446806321597
              ],
              [
                5.118300639945077,
                52.25453140589812
              ],
              [
                5.117894144986234,
                52.2546196238549
              ],
              [
                5.117503695263537,
                52.25473186764251
              ],
              [
                5.117133050539555,
                52.25486705646732
              ],
              [
                5.116785779965673,
                52.25502388858761
              ],
              [
                5.116465227723025,
                52.25520085384253
              ],
              [
                5.116174480824846,
                52.255396248187346
              ],
              [
                5.115916339389905,
                52.25560819009544
              ],
              [
                5.11569328967327,
                52.25583463866991
              ],
              [
                5.115507480114172,
                52.25607341328991
              ],
              [
                5.115360700631965,
                52.256322214603514
              ],
              [
                5.115254365370115,
                52.25657864666485
              ],
              [
                5.115189499055055,
                52.2568402400028
              ],
              [
                5.115189039208089,
                52.256845575889606
              ],
              [
                5.115188998517925,
                52.256845739984186
              ],
              [
                5.115166226559184,
                52.257109975380004
              ],
              [
                5.11518576902151,
                52.25737430812766
              ],
              [
                5.115247438448915,
                52.257636192538016
              ],
              [
                5.1153506416522285,
                52.257893106456834
              ],
              [
                5.115494385394123,
                52.25814257555676
              ],
              [
                5.115677285928934,
                52.258382197170626
              ],
              [
                5.1158975823063955,
                52.25860966343596
              ],
              [
                5.116153153312023,
                52.25882278352758
              ],
              [
                5.116441537881737,
                52.25901950476422
              ],
              [
                5.116759958794615,
                52.2591979323855
              ],
              [
                5.117105349415965,
                52.25935634780807
              ],
              [
                5.117474383233284,
                52.25949322518519
              ],
              [
                5.117863505900512,
                52.25960724611016
              ],
              [
                5.118268969481755,
                52.259697312320974
              ],
              [
                5.1186868685640725,
                52.25976255628391
              ],
              [
                5.11911317789093,
                52.2598023495542
              ],
              [
                5.119543791152972,
                52.259816308832384
              ],
              [
                5.119549167842138,
                52.25981615894843
              ],
              [
                5.119553791759018,
                52.25981630883413
              ],
              [
                5.119984561165024,
                52.259804299623674
              ],
              [
                5.120411337418204,
                52.2597664376364
              ],
              [
                5.120830009708741,
                52.259703087568354
              ],
              [
                5.121236545327662,
                52.2596148596212
              ],
              [
                5.121627028529615,
                52.25950260362169
              ],
              [
                5.121997698266142,
                52.2593674008319
              ],
              [
                5.122344984425137,
                52.259210553529314
              ],
              [
                5.122665542226802,
                52.259033572457426
              ],
              [
                5.12295628444434,
                52.258838162268134
              ],
              [
                5.123214411138687,
                52.2586262050962
              ],
              [
                5.123437436620864,
                52.25839974242457
              ],
              [
                5.123623213382361,
                52.25816095541531
              ],
              [
                5.123769952763414,
                52.25791214389604
              ],
              [
                5.123876242160619,
                52.257655704204495
              ],
              [
                5.123941058608898,
                52.257394106104776
              ],
              [
                5.123963778607846,
                52.25712986899806
              ],
              [
                5.123944184098819,
                52.256865537656736
              ],
              [
                5.123882464536215,
                52.25660365771582
              ],
              [
                5.123779215034174,
                52.25634675115803
              ],
              [
                5.1236354306076,
                52.25609729202805
              ],
              [
                5.1234524965640285,
                52.255857682610234
              ],
              [
                5.123232175139897,
                52.25563023029887
              ],
              [
                5.122976588510748,
                52.25541712538341
              ],
              [
                5.12268819833968,
                52.255220419962484
              ],
              [
                5.122680150594597,
                52.255215910759986
              ],
              [
                5.122678698358937,
                52.2552149202113
              ],
              [
                5.122360282158313,
                52.25503650841252
              ]
            ]
          ],
          [
            [
              [
                5.050160655602132,
                52.27035604595529
              ],
              [
                5.0499780592072785,
                52.27011632378737
              ],
              [
                5.049758043419953,
                52.26988873541126
              ],
              [
                5.049502727474053,
                52.26967547242706
              ],
              [
                5.0492145704276945,
                52.2694785884558
              ],
              [
                5.048896347472464,
                52.26929997937033
              ],
              [
                5.048551123203676,
                52.26914136504587
              ],
              [
                5.04818222210917,
                52.26900427280541
              ],
              [
                5.047793196560773,
                52.26889002271904
              ],
              [
                5.047387792616363,
                52.26879971489907
              ],
              [
                5.0469699139613855,
                52.268734218911774
              ],
              [
                5.046543584336345,
                52.26869416540911
              ],
              [
                5.046112908811349,
                52.268679940059094
              ],
              [
                5.045682034279569,
                52.26869167983442
              ],
              [
                5.045255109549126,
                52.268729271694255
              ],
              [
                5.044836245416592,
                52.268792353672154
              ],
              [
                5.044429475105493,
                52.26888031835955
              ],
              [
                5.044038715449798,
                52.26899231875128
              ],
              [
                5.0436677291952074,
                52.26912727639745
              ],
              [
                5.043320088780428,
                52.26928389178251
              ],
              [
                5.042999141946527,
                52.26946065683283
              ],
              [
                5.0427079795050584,
                52.269655869431595
              ],
              [
                5.0424494055750095,
                52.26986764980279
              ],
              [
                5.042225910575083,
                52.27009395860537
              ],
              [
                5.042039647231533,
                52.27033261656496
              ],
              [
                5.041892409832889,
                52.27058132545346
              ],
              [
                5.0417856169319,
                52.27083769021574
              ],
              [
                5.041720297661956,
                52.27109924202932
              ],
              [
                5.041697081800644,
                52.271363462076344
              ],
              [
                5.041716193677073,
                52.271627805798616
              ],
              [
                5.041777449982741,
                52.27188972740197
              ],
              [
                5.041880261508094,
                52.27214670437447
              ],
              [
                5.042023638789172,
                52.27239626178206
              ],
              [
                5.042206201611065,
                52.272635996107574
              ],
              [
                5.042426192277563,
                52.27286359840331
              ],
              [
                5.042681492520152,
                52.27307687653433
              ],
              [
                5.042969643884189,
                52.273273776297486
              ],
              [
                5.04328787139645,
                52.273452401213056
              ],
              [
                5.043633110286502,
                52.27361103079744
              ],
              [
                5.0440020355046125,
                52.273748137141325
              ],
              [
                5.0443910937519005,
                52.273862399632485
              ],
              [
                5.044796537713888,
                52.27395271768206
              ],
              [
                5.045214462167282,
                52.274018221330536
              ],
              [
                5.045640841611558,
                52.274058279631554
              ],
              [
                5.046071569062096,
                52.274072506732786
              ],
              [
                5.046502495630249,
                52.27406076559413
              ],
              [
                5.046929470508165,
                52.274023169308904
              ],
              [
                5.04734838097214,
                52.273960080013545
              ],
              [
                5.047755192018149,
                52.27387210539788
              ],
              [
                5.0481459852468085,
                52.27376009284857
              ],
              [
                5.048516996622221,
                52.273625121282734
              ],
              [
                5.048864652740312,
                52.27346849075084
              ],
              [
                5.049185605256535,
                52.27329170990867
              ],
              [
                5.049476763140971,
                52.27309648147977
              ],
              [
                5.0497353224497585,
                52.2728846858486
              ],
              [
                5.049958793326077,
                52.27265836294266
              ],
              [
                5.050145023970735,
                52.272419692578254
              ],
              [
                5.050292221351802,
                52.272170973460184
              ],
              [
                5.050398968454378,
                52.27191460103671
              ],
              [
                5.050464237905082,
                52.27165304442476
              ],
              [
                5.050487401840856,
                52.27138882262653
              ],
              [
                5.050468237928054,
                52.2711244802676
              ],
              [
                5.05040693147491,
                52.270862563089665
              ],
              [
                5.050304073618123,
                52.27060559343459
              ],
              [
                5.050160655602132,
                52.27035604595529
              ]
            ]
          ]
        ]
      },
      "properties": {
        "type": "buffer_union_300m",
        "buffer_m": 300
      }
    },
    {
      "type": "Feature",
      "geometry": {
        "type": "MultiPolygon",
        "coordinates": [
          [
            [
              [
                5.1459846629417685,
                52.19964796320331
              ],
              [
                5.145793028139742,
                52.199315383663354
              ],
              [
                5.145549267700181,
                52.19899594693727
              ],
              [
                5.145255730022289,
                52.198692729063794
              ],
              [
                5.144915242671265,
                52.19840864984032
              ],
              [
                5.144531085122838,
                52.19814644471761
              ],
              [
                5.144106957164899,
                52.197908638470544
              ],
              [
                5.14364694326113,
                52.19769752089894
              ],
              [
                5.143155473220034,
                52.19751512479083
              ],
              [
                5.142637279547921,
                52.19736320636073
              ],
              [
                5.142097351896095,
                52.19724322835002
              ],
              [
                5.1415408890399235,
                52.1971563459522
              ],
              [
                5.140973248851116,
                52.197103395697766
              ],
              [
                5.1403998967434275,
                52.19708488740525
              ],
              [
                5.139826353086576,
                52.19710099927633
              ],
              [
                5.139258140092966,
                52.19715157618103
              ],
              [
                5.1387007286867235,
                52.19723613115056
              ],
              [
                5.138159485864777,
                52.19735385006243
              ],
              [
                5.13763962305508,
                52.197503599474025
              ],
              [
                5.1371461459675185,
                52.19768393752815
              ],
              [
                5.136683806418976,
                52.19789312782707
              ],
              [
                5.136257056595214,
                52.19812915614136
              ],
              [
                5.1358700061891716,
                52.19838974979304
              ],
              [
                5.135526382827779,
                52.198672399527155
              ],
              [
                5.135525471566884,
                52.198673326441565
              ],
              [
                5.135525382764071,
                52.198673399486374
              ],
              [
                5.135228496091142,
                52.198975383618496
              ],
              [
                5.134981205920191,
                52.19929379423924
              ],
              [
                5.134785894627541,
                52.199625565196364
              ],
              [
                5.134644444190655,
                52.19996750161463
              ],
              [
                5.134558218024375,
                52.200316310654095
              ],
              [
                5.1345280478055395,
                52.200668633214434
              ],
              [
                5.134554225414622,
                52.20102107628021
              ],
              [
                5.134636500073848,
                52.20137024559596
              ],
              [
                5.13477408071133,
                52.2017127783559
              ],
              [
                5.134965643530407,
                52.20204537559417
              ],
              [
                5.135209344713159,
                52.20236483396268
              ],
              [
                5.135502838137532,
                52.202668076591166
              ],
              [
                5.135843297938961,
                52.202952182730904
              ],
              [
                5.1362274457004675,
                52.20321441589693
              ],
              [
                5.136651582010349,
                52.20345225023669
              ],
              [
                5.137111622084076,
                52.203663394870915
              ],
              [
                5.137603135107619,
                52.203845815971675
              ],
              [
                5.138121386923064,
                52.203997756364174
              ],
              [
                5.13866138564494,
                52.20411775246305
              ],
              [
                5.139217929766957,
                52.20420464837984
              ],
              [
                5.1397856582947155,
                52.20425760706476
              ],
              [
                5.140359102419971,
                52.20427611837524
              ],
              [
                5.140932738237187,
                52.20426000399401
              ],
              [
                5.141501039992661,
                52.204209419147446
              ],
              [
                5.142058533351603,
                52.204124851109846
              ],
              [
                5.142599848168104,
                52.20400711450586
              ],
              [
                5.143119770247921,
                52.20385734345827
              ],
              [
                5.143613291603886,
                52.2036769806558
              ],
              [
                5.144075658718343,
                52.203467763447364
              ],
              [
                5.144502418346615,
                52.20323170709664
              ],
              [
                5.144889460419417,
                52.20297108535917
              ],
              [
                5.145233057630477,
                52.20268840856923
              ],
              [
                5.145233968771819,
                52.202687481580455
              ],
              [
                5.145234057566745,
                52.20268740852842
              ],
              [
                5.1455309012507024,
                52.202385399405145
              ],
              [
                5.145778133273822,
                52.20206696682433
              ],
              [
                5.145973373494006,
                52.20173517778191
              ],
              [
                5.1461147426647145,
                52.201393227848015
              ],
              [
                5.146200880493814,
                52.201044410382146
              ],
              [
                5.146230958698927,
                52.200692084808274
              ],
              [
                5.1462046889353745,
                52.20033964425772
              ],
              [
                5.146122325522162,
                52.19999048288927
              ],
              [
                5.1459846629417685,
                52.19964796320331
              ]
            ]
          ],
          [
            [
              [
                5.087566200960089,
                52.20598414998239
              ],
              [
                5.087374975225772,
                52.205651476367024
              ],
              [
                5.087131599267939,
                52.205331919732835
              ],
              [
                5.0868384177852075,
                52.20502855727372
              ],
              [
                5.086498254914796,
                52.20474431017999
              ],
              [
                5.086114387009997,
                52.204481915519146
              ],
              [
                5.085690511071774,
                52.2042438998916
              ],
              [
                5.085230709139151,
                52.20403255511346
              ],
              [
                5.084739408981469,
                52.20384991616051
              ],
              [
                5.084221341470965,
                52.20369774158555
              ],
              [
                5.08368149504558,
                52.20357749659623
              ],
              [
                5.0831250676996795,
                52.20349033895658
              ],
              [
                5.082557416963793,
                52.20343710784695
              ],
              [
                5.0819840083535635,
                52.20341831578988
              ],
              [
                5.0814103627827,
                52.203434143718944
              ],
              [
                5.08084200344444,
                52.203484439237904
              ],
              [
                5.0802844026711655,
                52.20356871808701
              ],
              [
                5.079742929281994,
                52.20368616880232
              ],
              [
                5.079222796923472,
                52.20383566052335
              ],
              [
                5.07872901389922,
                52.204015753874195
              ],
              [
                5.078266334970075,
                52.204224714813336
              ],
              [
                5.07783921558774,
                52.20446053132004
              ],
              [
                5.077451769001693,
                52.20472093275611
              ],
              [
                5.077107726651879,
                52.205003411717854
              ],
              [
                5.076810402228398,
                52.20530524816839
              ],
              [
                5.076562659744491,
                52.20562353561797
              ],
              [
                5.076366885930851,
                52.20595520910121
              ],
              [
                5.076224967218024,
                52.20629707468232
              ],
              [
                5.076138271529799,
                52.20664584020425
              ],
              [
                5.076107635064447,
                52.20699814698663
              ],
              [
                5.076133354192818,
                52.20735060216692
              ],
              [
                5.0762151825532085,
                52.20769981137366
              ],
              [
                5.076352333372946,
                52.20804241141785
              ],
              [
                5.0765434869962816,
                52.20837510268624
              ],
              [
                5.076786803547961,
                52.20869468092598
              ],
              [
                5.077079940612314,
                52.20899806811274
              ],
              [
                5.077420075759094,
                52.20928234210608
              ],
              [
                5.077803933700418,
                52.209544764804626
              ],
              [
                5.0782278178182025,
                52.209782808530576
              ],
              [
                5.078687645759099,
                52.209994180388065
              ],
              [
                5.079178988754276,
                52.21017684436055
              ],
              [
                5.079697114285279,
                52.210329040933786
              ],
              [
                5.080237031684473,
                52.21044930405471
              ],
              [
                5.080793540230003,
                52.21053647526257
              ],
              [
                5.08136127927089,
                52.21058971485563
              ],
              [
                5.0819347798979715,
                52.210608509985235
              ],
              [
                5.082508517661389,
                52.21059267959976
              ],
              [
                5.083076965824997,
                52.210542376189906
              ],
              [
                5.083634648642899,
                52.210458084318574
              ],
              [
                5.084176194143054,
                52.21034061595021
              ],
              [
                5.084696385907728,
                52.21019110262366
              ],
              [
                5.0851902133503595,
                52.21001098454518
              ],
              [
                5.0856529200031355,
                52.209801996706425
              ],
              [
                5.086080049348947,
                52.20956615216198
              ],
              [
                5.086467487755425,
                52.20930572262751
              ],
              [
                5.086811504096966,
                52.20902321658648
              ],
              [
                5.087108785682949,
                52.20872135511641
              ],
              [
                5.087356470146357,
                52.208403045668575
              ],
              [
                5.087552172986193,
                52.20807135405368
              ],
              [
                5.08769401049939,
                52.207729474904355
              ],
              [
                5.087780617882618,
                52.207380700899
              ],
              [
                5.087811162331114,
                52.20702839104407
              ],
              [
                5.08778535101019,
                52.20667593832019
              ],
              [
                5.087703433824457,
                52.20632673700433
              ],
              [
                5.087566200960089,
                52.20598414998239
              ]
            ]
          ],
          [
            [
              [
                5.119584471636549,
                52.23800425899121
              ],
              [
                5.1193406880042795,
                52.237684770363884
              ],
              [
                5.119047074334286,
                52.23738148938663
              ],
              [
                5.118706458925869,
                52.23709733646442
              ],
              [
                5.118322122489864,
                52.236835047757545
              ],
              [
                5.11789776653834,
                52.23659714884562
              ],
              [
                5.117437477731548,
                52.23638593042034
              ],
              [
                5.116945688525766,
                52.23620342624071
              ],
              [
                5.116427134500782,
                52.23605139356145
              ],
              [
                5.115886808777482,
                52.23593129622373
              ],
              [
                5.115329913963551,
                52.235844290569766
              ],
              [
                5.114761812088875,
                52.23579121431651
              ],
              [
                5.114187973011279,
                52.2357725784955
              ],
              [
                5.113613921787743,
                52.235788562536094
              ],
              [
                5.113045185516061,
                52.23583901253915
              ],
              [
                5.112487240156937,
                52.23592344275762
              ],
              [
                5.111945457846688,
                52.23604104027038
              ],
              [
                5.111425055206063,
                52.236190672803815
              ],
              [
                5.1109310431412505,
                52.23637089962633
              ],
              [
                5.110468178619005,
                52.23657998541159
              ],
              [
                5.11004091887903,
                52.236815916936926
              ],
              [
                5.109653378523635,
                52.23707642245671
              ],
              [
                5.109309289897371,
                52.23735899356525
              ],
              [
                5.109011967137934,
                52.2376609093383
              ],
              [
                5.108764274244788,
                52.23797926252229
              ],
              [
                5.108568597473491,
                52.2383109875187
              ],
              [
                5.108513853740327,
                52.2384430071571
              ],
              [
                5.108358118527459,
                52.23864316304901
              ],
              [
                5.108162435803447,
                52.238974887328034
              ],
              [
                5.108020655410099,
                52.23931678917205
              ],
              [
                5.107934143941763,
                52.23966557607448
              ],
              [
                5.10790373582514,
                52.240017889148696
              ],
              [
                5.10792972523436,
                52.240370335471056
              ],
              [
                5.108011863206925,
                52.2407195207551
              ],
              [
                5.108149359990235,
                52.24106208204148
              ],
              [
                5.10834089259811,
                52.24139472008981
              ],
              [
                5.108584617506403,
                52.24171423115915
              ],
              [
                5.108878188367176,
                52.242017537871575
              ],
              [
                5.1092187785723935,
                52.24230171886111
              ],
              [
                5.109603108451112,
                52.24256403692167
              ],
              [
                5.11002747683914,
                52.24280196538285
              ],
              [
                5.1104877967177975,
                52.24301321245848
              ],
              [
                5.110979634578691,
                52.24319574333372
              ],
              [
                5.111498253135294,
                52.243347799775925
              ],
              [
                5.11203865696938,
                52.24346791708176
              ],
              [
                5.112595640671862,
                52.24355493819491
              ],
              [
                5.113163839013088,
                52.24360802485922
              ],
              [
                5.11373777865801,
                52.24362666569932
              ],
              [
                5.114311930926376,
                52.24361068114992
              ],
              [
                5.114880765087982,
                52.24356022518683
              ],
              [
                5.115438801677758,
                52.243475783842705
              ],
              [
                5.115980665315248,
                52.24335817052197
              ],
              [
                5.116501136517952,
                52.24320851816011
              ],
              [
                5.116995202007743,
                52.243028268302766
              ],
              [
                5.1174581030243695,
                52.24281915721125
              ],
              [
                5.117885381179501,
                52.242583199127616
              ],
              [
                5.118272921408743,
                52.242322666861256
              ],
              [
                5.118616991607427,
                52.24204006988526
              ],
              [
                5.118914278568195,
                52.24173813015306
              ],
              [
                5.119161919874515,
                52.24141975586972
              ],
              [
                5.119357531443489,
                52.24108801347031
              ],
              [
                5.119412246293405,
                52.240955988851226
              ],
              [
                5.119567939939128,
                52.24075581844238
              ],
              [
                5.119763545557062,
                52.24042407532621
              ],
              [
                5.119905239326975,
                52.24008215940003
              ],
              [
                5.119991657832484,
                52.2397333636962
              ],
              [
                5.1200219700903595,
                52.23938104742979
              ],
              [
                5.1199958855043946,
                52.23902860364268
              ],
              [
                5.119913656612986,
                52.23867942652537
              ],
              [
                5.119776076605971,
                52.23833687873009
              ],
              [
                5.119584471636549,
                52.23800425899121
              ]
            ]
          ],
          [
            [
              [
                5.123293484270529,
                52.254343828232486
              ],
              [
                5.12283298640639,
                52.254132631382355
              ],
              [
                5.122340979041316,
                52.253950150115784
              ],
              [
                5.121822199855316,
                52.253798141466824
              ],
              [
                5.121281644136752,
                52.253678069045144
              ],
              [
                5.120724516707202,
                52.253591088952895
              ],
              [
                5.120156181835585,
                52.25353803866093
              ],
              [
                5.119582111622373,
                52.2535194289507
              ],
              [
                5.119007833349269,
                52.25353543900026
              ],
              [
                5.118438876299474,
                52.253585914659965
              ],
              [
                5.117880718558799,
                52.25367036993592
              ],
              [
                5.117338734307927,
                52.25378799166573
              ],
              [
                5.116818142111598,
                52.25393764734275
              ],
              [
                5.116323954700918,
                52.254117896012765
              ],
              [
                5.115860930730928,
                52.2543270021391
              ],
              [
                5.115433528976748,
                52.2545629523034
              ],
              [
                5.115045865408465,
                52.25482347458075
              ],
              [
                5.114701673557567,
                52.255106060404174
              ],
              [
                5.114404268556435,
                52.25540798870787
              ],
              [
                5.114156515197324,
                52.2557263521177
              ],
              [
                5.1139608003190675,
                52.256058084936704
              ],
              [
                5.1138190097883065,
                52.25639999265753
              ],
              [
                5.113732510298162,
                52.2567487827171
              ],
              [
                5.113732050277446,
                52.256754118598245
              ],
              [
                5.113732009581994,
                52.256754282692306
              ],
              [
                5.113701635437217,
                52.257106596173045
              ],
              [
                5.113727680500668,
                52.25745904014805
              ],
              [
                5.113809895275016,
                52.25780822035333
              ],
              [
                5.11394748926908,
                52.25815077387839
              ],
              [
                5.114139138561429,
                52.25848340155741
              ],
              [
                5.114382998504937,
                52.25880289974907
              ],
              [
                5.114676721451774,
                52.25910619119939
              ],
              [
                5.115017479329587,
                52.25939035468919
              ],
              [
                5.115401990852766,
                52.259652653180765
              ],
              [
                5.11582655310767,
                52.25989056019187
              ],
              [
                5.116287077208223,
                52.26010178414293
              ],
              [
                5.116779127678696,
                52.26028429044154
              ],
              [
                5.11729796518425,
                52.26043632109177
              ],
              [
                5.117838592197133,
                52.260556411638525
              ],
              [
                5.118395801157851,
                52.260643405283155
              ],
              [
                5.118964224666244,
                52.26069646403406
              ],
              [
                5.119538387217582,
                52.260715076784784
              ],
              [
                5.119543764015394,
                52.260714926901215
              ],
              [
                5.1195483880256605,
                52.26071507678712
              ],
              [
                5.120122758788265,
                52.260699064194256
              ],
              [
                5.1206918049222905,
                52.26064858055241
              ],
              [
                5.121250044920191,
                52.2605641121609
              ],
              [
                5.121792101441646,
                52.260446472684876
              ],
              [
                5.122312753145814,
                52.26029679531174
              ],
              [
                5.122806985015674,
                52.26011652182827
              ],
              [
                5.123270036688291,
                52.25990738872349
              ],
              [
                5.123697448324317,
                52.259671410451524
              ],
              [
                5.124085103573992,
                52.2594108600165
              ],
              [
                5.124429269225277,
                52.259128247066506
              ],
              [
                5.124726631152126,
                52.25882629370906
              ],
              [
                5.12497432621681,
                52.25850790828045
              ],
              [
                5.12516996981964,
                52.25817615732315
              ],
              [
                5.125311678831714,
                52.25783423604118
              ],
              [
                5.125398089691033,
                52.25748543751842
              ],
              [
                5.125428371489242,
                52.25713312099706
              ],
              [
                5.125402233924727,
                52.2567806795214
              ],
              [
                5.125319930047297,
                52.256431507259556
              ],
              [
                5.125182253770055,
                52.256088966816854
              ],
              [
                5.12499053217432,
                52.25575635685679
              ],
              [
                5.124746612683629,
                52.25543688034015
              ],
              [
                5.1244528452321125,
                52.25513361368859
              ],
              [
                5.124112059600452,
                52.25484947716899
              ],
              [
                5.123727538138982,
                52.2545872067835
              ],
              [
                5.1237194904028565,
                52.254582697651266
              ],
              [
                5.12371803816468,
                52.25458170711521
              ],
              [
                5.123293484270529,
                52.254343828232486
              ]
            ]
          ],
          [
            [
              [
                5.051516752592674,
                52.27001595537673
              ],
              [
                5.051273283274031,
                52.26969632852147
              ],
              [
                5.050979923310412,
                52.269392880446794
              ],
              [
                5.050639498561372,
                52.26910853316718
              ],
              [
                5.050255287905019,
                52.268846024714634
              ],
              [
                5.0498309916452,
                52.26860788278496
              ],
              [
                5.049370695869981,
                52.26839640040983
              ],
              [
                5.048878833104896,
                52.26821361388958
              ],
              [
                5.048360139639693,
                52.2680612831974
              ],
              [
                5.047819609938999,
                52.26794087504364
              ],
              [
                5.047262448575076,
                52.26785354876286
              ],
              [
                5.046694020144276,
                52.267800145158766
              ],
              [
                5.046119797648093,
                52.267781178414495
              ],
              [
                5.0455453098341545,
                52.26779683114537
              ],
              [
                5.044976088002399,
                52.267846952641904
              ],
              [
                5.0444176127868126,
                52.26793106031989
              ],
              [
                5.043875261423217,
                52.26804834436378
              ],
              [
                5.043354256009131,
                52.2681976755181
              ],
              [
                5.042859613252148,
                52.26837761595341
              ],
              [
                5.042396096189338,
                52.26858643310122
              ],
              [
                5.041968168341306,
                52.268822116325865
              ],
              [
                5.041579950741504,
                52.26908239627322
              ],
              [
                5.0412351822540336,
                52.26936476671039
              ],
              [
                5.04093718356188,
                52.26966650864623
              ],
              [
                5.0406888251725634,
                52.26998471650206
              ],
              [
                5.040492499749874,
                52.27031632607978
              ],
              [
                5.040350099039085,
                52.27065814405982
              ],
              [
                5.0402629956090506,
                52.271006878744345
              ],
              [
                5.040232029588598,
                52.271359171750625
              ],
              [
                5.0402575005266215,
                52.27171163034928
              ],
              [
                5.040339164456184,
                52.27206086013654
              ],
              [
                5.040476236192866,
                52.27240349772544
              ],
              [
                5.040667396847169,
                52.27273624314144
              ],
              [
                5.040910806480542,
                52.27305589161016
              ],
              [
                5.041204121784918,
                52.2733593644309
              ],
              [
                5.041544518616963,
                52.27364373863819
              ],
              [
                5.041928719171405,
                52.273906275165196
              ],
              [
                5.042353023532615,
                52.27414444523728
              ],
              [
                5.0428133453011865,
                52.27435595474122
              ],
              [
                5.04330525095268,
                52.27453876633415
              ],
              [
                5.043824002549249,
                52.274691119079385
              ],
              [
                5.044364603392304,
                52.27481154541901
              ],
              [
                5.044921846175629,
                52.2748988853197
              ],
              [
                5.045490363173966,
                52.274952297454234
              ],
              [
                5.046064677982219,
                52.274971267311706
              ],
              [
                5.046639258305264,
                52.274955612157164
              ],
              [
                5.0472085692880855,
                52.27490548279327
              ],
              [
                5.047767126870675,
                52.27482136210646
              ],
              [
                5.048309550651887,
                52.27470406041235
              ],
              [
                5.048830615751243,
                52.27455470764451
              ],
              [
                5.049325303167473,
                52.27437474246316
              ],
              [
                5.0497888481472755,
                52.27416589838769
              ],
              [
                5.050216786097213,
                52.27393018708859
              ],
              [
                5.050604995595625,
                52.27366987899884
              ],
              [
                5.050949738089741,
                52.27338748143284
              ],
              [
                5.051247693895483,
                52.2730857144243
              ],
              [
                5.051495994153437,
                52.27276748451543
              ],
              [
                5.051692248433764,
                52.27243585675181
              ],
              [
                5.051834567725152,
                52.2720940251519
              ],
              [
                5.0519215825876485,
                52.27174528193693
              ],
              [
                5.051952456296032,
                52.271392985817435
              ],
              [
                5.051926892848907,
                52.27104052964245
              ],
              [
                5.051845139768277,
                52.270691307722565
              ],
              [
                5.051707985664596,
                52.27034868314243
              ],
              [
                5.051516752592674,
                52.27001595537673
              ]
            ]
          ]
        ]
      },
      "properties": {
        "type": "buffer_union_400m",
        "buffer_m": 400
      }
    },
    {
      "type": "Feature",
      "geometry": {
        "type": "Polygon",
        "coordinates": [
          [
            [
              5.027942,
              52.199958
            ],
            [
              5.028147,
              52.199954
            ],
            [
              5.028162,
              52.199955
            ],
            [
              5.028177,
              52.199955
            ],
            [
              5.028192,
              52.199954
            ],
            [
              5.028207,
              52.199954
            ],
            [
              5.028222,
              52.199954
            ],
            [
              5.028237,
              52.199953
            ],
            [
              5.028252,
              52.199953
            ],
            [
              5.028266,
              52.199952
            ],
            [
              5.028281,
              52.199951
            ],
            [
              5.028296,
              52.19995
            ],
            [
              5.028311,
              52.199949
            ],
            [
              5.028326,
              52.199947
            ],
            [
              5.02834,
              52.199946
            ],
            [
              5.028355,
              52.199944
            ],
            [
              5.02837,
              52.199943
            ],
            [
              5.028384,
              52.199941
            ],
            [
              5.028399,
              52.199939
            ],
            [
              5.028413,
              52.199936
            ],
            [
              5.028428,
              52.199934
            ],
            [
              5.028442,
              52.199932
            ],
            [
              5.028782,
              52.199863
            ],
            [
              5.028941,
              52.199828
            ],
            [
              5.029165,
              52.199765
            ],
            [
              5.029212,
              52.199743
            ],
            [
              5.029249,
              52.199719
            ],
            [
              5.029257,
              52.199713
            ],
            [
              5.029265,
              52.199707
            ],
            [
              5.029273,
              52.199701
            ],
            [
              5.029282,
              52.199694
            ],
            [
              5.029291,
              52.199689
            ],
            [
              5.029299,
              52.199683
            ],
            [
              5.029308,
              52.199677
            ],
            [
              5.029318,
              52.199671
            ],
            [
              5.029327,
              52.199665
            ],
            [
              5.029337,
              52.19966
            ],
            [
              5.029346,
              52.199654
            ],
            [
              5.029356,
              52.199649
            ],
            [
              5.029366,
              52.199644
            ],
            [
              5.029376,
              52.199639
            ],
            [
              5.029387,
              52.199634
            ],
            [
              5.029397,
              52.199629
            ],
            [
              5.029408,
              52.199624
            ],
            [
              5.029418,
              52.199619
            ],
            [
              5.029549,
              52.199564
            ],
            [
              5.029574,
              52.199558
            ],
            [
              5.029588,
              52.199556
            ],
            [
              5.029617,
              52.199555
            ],
            [
              5.029628,
              52.199555
            ],
            [
              5.029638,
              52.199556
            ],
            [
              5.029648,
              52.199556
            ],
            [
              5.029659,
              52.199556
            ],
            [
              5.029669,
              52.199556
            ],
            [
              5.029679,
              52.199556
            ],
            [
              5.029689,
              52.199556
            ],
            [
              5.0297,
              52.199556
            ],
            [
              5.02971,
              52.199555
            ],
            [
              5.02972,
              52.199554
            ],
            [
              5.02973,
              52.199554
            ],
            [
              5.02974,
              52.199553
            ],
            [
              5.029751,
              52.199552
            ],
            [
              5.029761,
              52.19955
            ],
            [
              5.029771,
              52.199549
            ],
            [
              5.029781,
              52.199548
            ],
            [
              5.029791,
              52.199546
            ],
            [
              5.029801,
              52.199545
            ],
            [
              5.029811,
              52.199543
            ],
            [
              5.02982,
              52.199541
            ],
            [
              5.02983,
              52.199539
            ],
            [
              5.02984,
              52.199537
            ],
            [
              5.029849,
              52.199534
            ],
            [
              5.030068,
              52.199446
            ],
            [
              5.030246,
              52.199354
            ],
            [
              5.030458,
              52.199233
            ],
            [
              5.03064,
              52.199106
            ],
            [
              5.03067,
              52.19908
            ],
            [
              5.030726,
              52.199003
            ],
            [
              5.030769,
              52.198941
            ],
            [
              5.030897,
              52.198819
            ],
            [
              5.030972,
              52.198764
            ],
            [
              5.030979,
              52.19876
            ],
            [
              5.030986,
              52.198757
            ],
            [
              5.030993,
              52.198753
            ],
            [
              5.031,
              52.19875
            ],
            [
              5.031007,
              52.198746
            ],
            [
              5.031014,
              52.198743
            ],
            [
              5.031022,
              52.19874
            ],
            [
              5.031029,
              52.198737
            ],
            [
              5.031037,
              52.198734
            ],
            [
              5.031045,
              52.198732
            ],
            [
              5.031053,
              52.198729
            ],
            [
              5.031061,
              52.198726
            ],
            [
              5.031069,
              52.198724
            ],
            [
              5.031077,
              52.198722
            ],
            [
              5.031086,
              52.19872
            ],
            [
              5.031094,
              52.198718
            ],
            [
              5.031103,
              52.198716
            ],
            [
              5.031111,
              52.198714
            ],
            [
              5.03112,
              52.198712
            ],
            [
              5.031128,
              52.198711
            ],
            [
              5.031137,
              52.198709
            ],
            [
              5.031146,
              52.198708
            ],
            [
              5.031155,
              52.198707
            ],
            [
              5.031164,
              52.198706
            ],
            [
              5.031173,
              52.198705
            ],
            [
              5.031181,
              52.198704
            ],
            [
              5.03119,
              52.198704
            ],
            [
              5.031432,
              52.198675
            ],
            [
              5.031689,
              52.19865
            ],
            [
              5.03171,
              52.198626
            ],
            [
              5.031709,
              52.198568
            ],
            [
              5.031733,
              52.198482
            ],
            [
              5.031755,
              52.198458
            ],
            [
              5.03178,
              52.198443
            ],
            [
              5.031814,
              52.198436
            ],
            [
              5.031847,
              52.198433
            ],
            [
              5.031853,
              52.198432
            ],
            [
              5.031859,
              52.198431
            ],
            [
              5.031865,
              52.198431
            ],
            [
              5.031871,
              52.198431
            ],
            [
              5.031877,
              52.19843
            ],
            [
              5.031884,
              52.19843
            ],
            [
              5.03189,
              52.19843
            ],
            [
              5.031896,
              52.19843
            ],
            [
              5.031902,
              52.198431
            ],
            [
              5.031909,
              52.198431
            ],
            [
              5.032029,
              52.198466
            ],
            [
              5.032115,
              52.198518
            ],
            [
              5.032178,
              52.198527
            ],
            [
              5.032236,
              52.198528
            ],
            [
              5.03259,
              52.198473
            ],
            [
              5.032888,
              52.198425
            ],
            [
              5.033278,
              52.198374
            ],
            [
              5.033575,
              52.19833
            ],
            [
              5.033612,
              52.198324
            ],
            [
              5.033645,
              52.198316
            ],
            [
              5.033709,
              52.19829
            ],
            [
              5.033941,
              52.198216
            ],
            [
              5.034355,
              52.198093
            ],
            [
              5.034732,
              52.198124
            ],
            [
              5.034778,
              52.198125
            ],
            [
              5.035492,
              52.198104
            ],
            [
              5.036596,
              52.198074
            ],
            [
              5.037125,
              52.198053
            ],
            [
              5.03714,
              52.19794
            ],
            [
              5.037201,
              52.197949
            ],
            [
              5.03734,
              52.197617
            ],
            [
              5.037423,
              52.197414
            ],
            [
              5.037401,
              52.197354
            ],
            [
              5.037334,
              52.197172
            ],
            [
              5.037251,
              52.196962
            ],
            [
              5.03718,
              52.196789
            ],
            [
              5.03712,
              52.19666
            ],
            [
              5.037121,
              52.196642
            ],
            [
              5.037123,
              52.196626
            ],
            [
              5.037353,
              52.196603
            ],
            [
              5.037619,
              52.196578
            ],
            [
              5.037765,
              52.196565
            ],
            [
              5.03784,
              52.196381
            ],
            [
              5.037938,
              52.196139
            ],
            [
              5.038067,
              52.19583
            ],
            [
              5.038088,
              52.195783
            ],
            [
              5.038113,
              52.19571
            ],
            [
              5.038125,
              52.195676
            ],
            [
              5.038144,
              52.195588
            ],
            [
              5.038155,
              52.19554
            ],
            [
              5.038171,
              52.195445
            ],
            [
              5.038173,
              52.195395
            ],
            [
              5.038151,
              52.195214
            ],
            [
              5.038134,
              52.195163
            ],
            [
              5.038107,
              52.195104
            ],
            [
              5.038056,
              52.194982
            ],
            [
              5.037987,
              52.194832
            ],
            [
              5.037951,
              52.194754
            ],
            [
              5.037944,
              52.194739
            ],
            [
              5.037889,
              52.19464
            ],
            [
              5.037857,
              52.1946
            ],
            [
              5.037792,
              52.194516
            ],
            [
              5.037719,
              52.194448
            ],
            [
              5.037718,
              52.194447
            ],
            [
              5.037655,
              52.194395
            ],
            [
              5.037579,
              52.194337
            ],
            [
              5.037494,
              52.194281
            ],
            [
              5.037339,
              52.194192
            ],
            [
              5.037225,
              52.194129
            ],
            [
              5.037098,
              52.194063
            ],
            [
              5.036979,
              52.193998
            ],
            [
              5.036867,
              52.193922
            ],
            [
              5.036778,
              52.193863
            ],
            [
              5.036742,
              52.19383
            ],
            [
              5.036691,
              52.19378
            ],
            [
              5.036646,
              52.193733
            ],
            [
              5.036602,
              52.193677
            ],
            [
              5.03655,
              52.193603
            ],
            [
              5.036516,
              52.193551
            ],
            [
              5.036496,
              52.19351
            ],
            [
              5.036467,
              52.193441
            ],
            [
              5.036454,
              52.193405
            ],
            [
              5.036443,
              52.193367
            ],
            [
              5.036435,
              52.193328
            ],
            [
              5.036428,
              52.193273
            ],
            [
              5.036417,
              52.193165
            ],
            [
              5.036399,
              52.19294
            ],
            [
              5.036389,
              52.192812
            ],
            [
              5.036383,
              52.192741
            ],
            [
              5.036349,
              52.19237
            ],
            [
              5.036338,
              52.192233
            ],
            [
              5.036323,
              52.192004
            ],
            [
              5.036308,
              52.191842
            ],
            [
              5.036307,
              52.191818
            ],
            [
              5.036301,
              52.191723
            ],
            [
              5.036271,
              52.191637
            ],
            [
              5.03622,
              52.191489
            ],
            [
              5.036214,
              52.191479
            ],
            [
              5.036068,
              52.191336
            ],
            [
              5.036008,
              52.191276
            ],
            [
              5.03595,
              52.191234
            ],
            [
              5.035882,
              52.191184
            ],
            [
              5.035777,
              52.191111
            ],
            [
              5.035674,
              52.191037
            ],
            [
              5.035615,
              52.190996
            ],
            [
              5.035584,
              52.190975
            ],
            [
              5.035513,
              52.190924
            ],
            [
              5.035477,
              52.190891
            ],
            [
              5.03545,
              52.190863
            ],
            [
              5.035404,
              52.190808
            ],
            [
              5.03538,
              52.190775
            ],
            [
              5.035336,
              52.1907
            ],
            [
              5.035312,
              52.190601
            ],
            [
              5.035305,
              52.190563
            ],
            [
              5.035305,
              52.19054
            ],
            [
              5.035307,
              52.190505
            ],
            [
              5.035309,
              52.190469
            ],
            [
              5.03532,
              52.190422
            ],
            [
              5.035343,
              52.19031
            ],
            [
              5.035347,
              52.190292
            ],
            [
              5.035375,
              52.190163
            ],
            [
              5.035403,
              52.190041
            ],
            [
              5.035423,
              52.189953
            ],
            [
              5.035431,
              52.18993
            ],
            [
              5.035449,
              52.189888
            ],
            [
              5.035478,
              52.189828
            ],
            [
              5.035507,
              52.189772
            ],
            [
              5.035552,
              52.189679
            ],
            [
              5.035585,
              52.189607
            ],
            [
              5.035636,
              52.189513
            ],
            [
              5.035675,
              52.189433
            ],
            [
              5.035686,
              52.189404
            ],
            [
              5.035705,
              52.189321
            ],
            [
              5.035706,
              52.18927
            ],
            [
              5.035708,
              52.189201
            ],
            [
              5.035699,
              52.189154
            ],
            [
              5.035662,
              52.189054
            ],
            [
              5.0356,
              52.188934
            ],
            [
              5.035554,
              52.188886
            ],
            [
              5.035496,
              52.188828
            ],
            [
              5.035431,
              52.188765
            ],
            [
              5.035387,
              52.188724
            ],
            [
              5.035357,
              52.188688
            ],
            [
              5.035299,
              52.188622
            ],
            [
              5.035283,
              52.188596
            ],
            [
              5.035259,
              52.188559
            ],
            [
              5.035223,
              52.18851
            ],
            [
              5.035202,
              52.188476
            ],
            [
              5.035188,
              52.188447
            ],
            [
              5.035177,
              52.188424
            ],
            [
              5.035159,
              52.188378
            ],
            [
              5.03515,
              52.188309
            ],
            [
              5.035137,
              52.188185
            ],
            [
              5.035124,
              52.188074
            ],
            [
              5.035115,
              52.187986
            ],
            [
              5.035113,
              52.187965
            ],
            [
              5.0351,
              52.187821
            ],
            [
              5.035086,
              52.187669
            ],
            [
              5.035071,
              52.187537
            ],
            [
              5.035062,
              52.187459
            ],
            [
              5.035046,
              52.187304
            ],
            [
              5.035029,
              52.187132
            ],
            [
              5.035026,
              52.187109
            ],
            [
              5.035008,
              52.186943
            ],
            [
              5.034977,
              52.186803
            ],
            [
              5.034943,
              52.186747
            ],
            [
              5.034907,
              52.1867
            ],
            [
              5.034848,
              52.186641
            ],
            [
              5.034805,
              52.186608
            ],
            [
              5.034751,
              52.18657
            ],
            [
              5.034693,
              52.186533
            ],
            [
              5.034619,
              52.18649
            ],
            [
              5.034583,
              52.186472
            ],
            [
              5.034508,
              52.186444
            ],
            [
              5.034427,
              52.186424
            ],
            [
              5.034358,
              52.1864
            ],
            [
              5.03427,
              52.186375
            ],
            [
              5.03418,
              52.18635
            ],
            [
              5.034092,
              52.186326
            ],
            [
              5.034027,
              52.186304
            ],
            [
              5.033985,
              52.186288
            ],
            [
              5.033908,
              52.186255
            ],
            [
              5.033875,
              52.186238
            ],
            [
              5.033849,
              52.186222
            ],
            [
              5.033815,
              52.1862
            ],
            [
              5.033765,
              52.186164
            ],
            [
              5.033698,
              52.186115
            ],
            [
              5.033695,
              52.186112
            ],
            [
              5.033681,
              52.186099
            ],
            [
              5.033618,
              52.186104
            ],
            [
              5.033635,
              52.186049
            ],
            [
              5.033606,
              52.186017
            ],
            [
              5.033586,
              52.185992
            ],
            [
              5.033566,
              52.185948
            ],
            [
              5.033534,
              52.185878
            ],
            [
              5.033503,
              52.185765
            ],
            [
              5.033451,
              52.18558
            ],
            [
              5.033394,
              52.185376
            ],
            [
              5.033328,
              52.18513
            ],
            [
              5.033263,
              52.184898
            ],
            [
              5.033253,
              52.18485
            ],
            [
              5.033247,
              52.18482
            ],
            [
              5.03324,
              52.1848
            ],
            [
              5.033199,
              52.184717
            ],
            [
              5.033164,
              52.184661
            ],
            [
              5.033125,
              52.184611
            ],
            [
              5.033078,
              52.184561
            ],
            [
              5.03297,
              52.184476
            ],
            [
              5.032861,
              52.184417
            ],
            [
              5.032831,
              52.184405
            ],
            [
              5.032804,
              52.184393
            ],
            [
              5.03277,
              52.184379
            ],
            [
              5.032653,
              52.184297
            ],
            [
              5.032675,
              52.18435
            ],
            [
              5.032619,
              52.184333
            ],
            [
              5.032549,
              52.184315
            ],
            [
              5.032503,
              52.184113
            ],
            [
              5.032593,
              52.18411
            ],
            [
              5.03261,
              52.184108
            ],
            [
              5.03283,
              52.184092
            ],
            [
              5.033186,
              52.184073
            ],
            [
              5.033206,
              52.184072
            ],
            [
              5.033286,
              52.184066
            ],
            [
              5.033426,
              52.18405
            ],
            [
              5.033429,
              52.18405
            ],
            [
              5.033442,
              52.18405
            ],
            [
              5.033471,
              52.18405
            ],
            [
              5.03353,
              52.184044
            ],
            [
              5.033659,
              52.184038
            ],
            [
              5.033819,
              52.184029
            ],
            [
              5.034546,
              52.183996
            ],
            [
              5.03516,
              52.183961
            ],
            [
              5.035353,
              52.18395
            ],
            [
              5.035947,
              52.18391
            ],
            [
              5.036081,
              52.183902
            ],
            [
              5.036198,
              52.183895
            ],
            [
              5.036275,
              52.183892
            ],
            [
              5.036456,
              52.1839
            ],
            [
              5.0367,
              52.183904
            ],
            [
              5.036797,
              52.183905
            ],
            [
              5.036962,
              52.183903
            ],
            [
              5.037238,
              52.183892
            ],
            [
              5.037346,
              52.183886
            ],
            [
              5.037424,
              52.183884
            ],
            [
              5.037536,
              52.183878
            ],
            [
              5.037626,
              52.183884
            ],
            [
              5.037877,
              52.183887
            ],
            [
              5.037988,
              52.183881
            ],
            [
              5.038232,
              52.183865
            ],
            [
              5.03845,
              52.183851
            ],
            [
              5.038924,
              52.183835
            ],
            [
              5.039203,
              52.183826
            ],
            [
              5.039433,
              52.183815
            ],
            [
              5.039858,
              52.183793
            ],
            [
              5.039947,
              52.183791
            ],
            [
              5.040095,
              52.183786
            ],
            [
              5.040645,
              52.183773
            ],
            [
              5.041046,
              52.183765
            ],
            [
              5.041549,
              52.183752
            ],
            [
              5.041551,
              52.183745
            ],
            [
              5.041658,
              52.183678
            ],
            [
              5.041666,
              52.183673
            ],
            [
              5.041688,
              52.183659
            ],
            [
              5.041875,
              52.183526
            ],
            [
              5.041947,
              52.183469
            ],
            [
              5.042012,
              52.183413
            ],
            [
              5.042049,
              52.18337
            ],
            [
              5.042072,
              52.183339
            ],
            [
              5.042099,
              52.183293
            ],
            [
              5.042128,
              52.183197
            ],
            [
              5.042152,
              52.183056
            ],
            [
              5.042199,
              52.182823
            ],
            [
              5.042217,
              52.182654
            ],
            [
              5.042224,
              52.182585
            ],
            [
              5.042308,
              52.182268
            ],
            [
              5.042362,
              52.182028
            ],
            [
              5.042377,
              52.181947
            ],
            [
              5.04239,
              52.181824
            ],
            [
              5.042402,
              52.181773
            ],
            [
              5.042436,
              52.18163
            ],
            [
              5.042449,
              52.18159
            ],
            [
              5.042475,
              52.181523
            ],
            [
              5.042499,
              52.181387
            ],
            [
              5.042529,
              52.181172
            ],
            [
              5.042537,
              52.18113
            ],
            [
              5.042559,
              52.181036
            ],
            [
              5.04265,
              52.180553
            ],
            [
              5.04267,
              52.18049
            ],
            [
              5.042671,
              52.180445
            ],
            [
              5.04272,
              52.180246
            ],
            [
              5.042749,
              52.17999
            ],
            [
              5.042772,
              52.179898
            ],
            [
              5.042805,
              52.179724
            ],
            [
              5.042839,
              52.179483
            ],
            [
              5.042881,
              52.179267
            ],
            [
              5.042906,
              52.179196
            ],
            [
              5.042932,
              52.179058
            ],
            [
              5.043007,
              52.178695
            ],
            [
              5.043034,
              52.178565
            ],
            [
              5.043058,
              52.178477
            ],
            [
              5.043109,
              52.178245
            ],
            [
              5.04314,
              52.178101
            ],
            [
              5.043213,
              52.177763
            ],
            [
              5.043237,
              52.177663
            ],
            [
              5.043244,
              52.177627
            ],
            [
              5.043244,
              52.177627
            ],
            [
              5.043315,
              52.177284
            ],
            [
              5.043359,
              52.17708
            ],
            [
              5.04346,
              52.17658
            ],
            [
              5.043531,
              52.176236
            ],
            [
              5.04357,
              52.17598
            ],
            [
              5.043589,
              52.175823
            ],
            [
              5.043608,
              52.175688
            ],
            [
              5.043621,
              52.175648
            ],
            [
              5.043653,
              52.175559
            ],
            [
              5.043704,
              52.175452
            ],
            [
              5.043795,
              52.175241
            ],
            [
              5.04385,
              52.175073
            ],
            [
              5.043855,
              52.17506
            ],
            [
              5.04395,
              52.174745
            ],
            [
              5.043986,
              52.174594
            ],
            [
              5.044005,
              52.174461
            ],
            [
              5.044016,
              52.174295
            ],
            [
              5.044036,
              52.174126
            ],
            [
              5.044069,
              52.173974
            ],
            [
              5.04416,
              52.173646
            ],
            [
              5.044194,
              52.173509
            ],
            [
              5.044213,
              52.173355
            ],
            [
              5.044227,
              52.173162
            ],
            [
              5.044242,
              52.173024
            ],
            [
              5.044297,
              52.17265
            ],
            [
              5.044395,
              52.172215
            ],
            [
              5.044464,
              52.171957
            ],
            [
              5.044522,
              52.171753
            ],
            [
              5.044573,
              52.17158
            ],
            [
              5.044638,
              52.171358
            ],
            [
              5.044638,
              52.171358
            ],
            [
              5.044658,
              52.171287
            ],
            [
              5.044721,
              52.171134
            ],
            [
              5.044805,
              52.170915
            ],
            [
              5.04493,
              52.170569
            ],
            [
              5.045041,
              52.170246
            ],
            [
              5.045197,
              52.169823
            ],
            [
              5.045305,
              52.16955
            ],
            [
              5.045345,
              52.169441
            ],
            [
              5.045444,
              52.169136
            ],
            [
              5.045491,
              52.168986
            ],
            [
              5.045513,
              52.168906
            ],
            [
              5.04555,
              52.168711
            ],
            [
              5.045598,
              52.168476
            ],
            [
              5.045629,
              52.168163
            ],
            [
              5.045658,
              52.167951
            ],
            [
              5.045698,
              52.167701
            ],
            [
              5.045801,
              52.167301
            ],
            [
              5.045891,
              52.166943
            ],
            [
              5.045982,
              52.166616
            ],
            [
              5.046076,
              52.166269
            ],
            [
              5.046134,
              52.166121
            ],
            [
              5.046136,
              52.166115
            ],
            [
              5.046138,
              52.166109
            ],
            [
              5.046141,
              52.166104
            ],
            [
              5.046144,
              52.166098
            ],
            [
              5.046147,
              52.166093
            ],
            [
              5.04615,
              52.166087
            ],
            [
              5.046154,
              52.166082
            ],
            [
              5.046158,
              52.166077
            ],
            [
              5.046162,
              52.166071
            ],
            [
              5.046166,
              52.166066
            ],
            [
              5.04617,
              52.166061
            ],
            [
              5.046175,
              52.166056
            ],
            [
              5.046179,
              52.166051
            ],
            [
              5.046184,
              52.166046
            ],
            [
              5.04619,
              52.166041
            ],
            [
              5.046195,
              52.166036
            ],
            [
              5.046201,
              52.166031
            ],
            [
              5.046206,
              52.166027
            ],
            [
              5.046212,
              52.166022
            ],
            [
              5.046218,
              52.166018
            ],
            [
              5.046225,
              52.166013
            ],
            [
              5.046231,
              52.166009
            ],
            [
              5.046238,
              52.166005
            ],
            [
              5.046244,
              52.166001
            ],
            [
              5.046251,
              52.165997
            ],
            [
              5.046258,
              52.165993
            ],
            [
              5.046266,
              52.165989
            ],
            [
              5.046421,
              52.165929
            ],
            [
              5.046604,
              52.165971
            ],
            [
              5.04668,
              52.165985
            ],
            [
              5.046795,
              52.166008
            ],
            [
              5.046861,
              52.166021
            ],
            [
              5.047006,
              52.16604
            ],
            [
              5.047128,
              52.16606
            ],
            [
              5.047735,
              52.166186
            ],
            [
              5.048096,
              52.166268
            ],
            [
              5.048789,
              52.166432
            ],
            [
              5.049405,
              52.166567
            ],
            [
              5.050077,
              52.166713
            ],
            [
              5.050323,
              52.166767
            ],
            [
              5.051022,
              52.166918
            ],
            [
              5.051778,
              52.167087
            ],
            [
              5.052449,
              52.167233
            ],
            [
              5.053271,
              52.167415
            ],
            [
              5.053883,
              52.167553
            ],
            [
              5.053969,
              52.167574
            ],
            [
              5.05422,
              52.167629
            ],
            [
              5.054738,
              52.167743
            ],
            [
              5.055211,
              52.16785
            ],
            [
              5.055515,
              52.167928
            ],
            [
              5.055764,
              52.167985
            ],
            [
              5.056275,
              52.168091
            ],
            [
              5.056722,
              52.168191
            ],
            [
              5.056923,
              52.168237
            ],
            [
              5.057553,
              52.168375
            ],
            [
              5.058094,
              52.168485
            ],
            [
              5.058538,
              52.168588
            ],
            [
              5.058706,
              52.168622
            ],
            [
              5.059052,
              52.168707
            ],
            [
              5.059215,
              52.168745
            ],
            [
              5.059605,
              52.168832
            ],
            [
              5.059969,
              52.168915
            ],
            [
              5.060329,
              52.168996
            ],
            [
              5.060797,
              52.169101
            ],
            [
              5.061039,
              52.169148
            ],
            [
              5.061273,
              52.169198
            ],
            [
              5.061592,
              52.169266
            ],
            [
              5.062095,
              52.169374
            ],
            [
              5.062651,
              52.169495
            ],
            [
              5.062947,
              52.169558
            ],
            [
              5.06382,
              52.169749
            ],
            [
              5.064127,
              52.169821
            ],
            [
              5.06442,
              52.16989
            ],
            [
              5.06464,
              52.169935
            ],
            [
              5.065148,
              52.170049
            ],
            [
              5.065618,
              52.170152
            ],
            [
              5.065727,
              52.170175
            ],
            [
              5.06621,
              52.170282
            ],
            [
              5.066677,
              52.170377
            ],
            [
              5.067118,
              52.170475
            ],
            [
              5.067139,
              52.17048
            ],
            [
              5.067521,
              52.170566
            ],
            [
              5.067967,
              52.170664
            ],
            [
              5.068299,
              52.170735
            ],
            [
              5.06841,
              52.170759
            ],
            [
              5.068516,
              52.170781
            ],
            [
              5.068789,
              52.170837
            ],
            [
              5.069271,
              52.170932
            ],
            [
              5.069339,
              52.170946
            ],
            [
              5.069555,
              52.170971
            ],
            [
              5.070114,
              52.171103
            ],
            [
              5.070119,
              52.171104
            ],
            [
              5.070147,
              52.171109
            ],
            [
              5.070203,
              52.171118
            ],
            [
              5.07023,
              52.171144
            ],
            [
              5.070216,
              52.171176
            ],
            [
              5.070205,
              52.171195
            ],
            [
              5.070254,
              52.171201
            ],
            [
              5.070365,
              52.171198
            ],
            [
              5.070498,
              52.171198
            ],
            [
              5.070549,
              52.1712
            ],
            [
              5.070591,
              52.171202
            ],
            [
              5.070658,
              52.171205
            ],
            [
              5.070771,
              52.171228
            ],
            [
              5.071262,
              52.171346
            ],
            [
              5.071494,
              52.171415
            ],
            [
              5.071635,
              52.171457
            ],
            [
              5.071702,
              52.171472
            ],
            [
              5.071983,
              52.171536
            ],
            [
              5.071989,
              52.171537
            ],
            [
              5.072279,
              52.171602
            ],
            [
              5.072799,
              52.171719
            ],
            [
              5.073033,
              52.171765
            ],
            [
              5.073281,
              52.171815
            ],
            [
              5.073467,
              52.171852
            ],
            [
              5.074686,
              52.172084
            ],
            [
              5.074966,
              52.172169
            ],
            [
              5.075024,
              52.172195
            ],
            [
              5.07546,
              52.172291
            ],
            [
              5.075549,
              52.172311
            ],
            [
              5.075612,
              52.172325
            ],
            [
              5.075915,
              52.172383
            ],
            [
              5.075921,
              52.172385
            ],
            [
              5.076018,
              52.172404
            ],
            [
              5.076263,
              52.172454
            ],
            [
              5.076315,
              52.172468
            ],
            [
              5.076523,
              52.172522
            ],
            [
              5.076573,
              52.172533
            ],
            [
              5.076693,
              52.172556
            ],
            [
              5.07683,
              52.172581
            ],
            [
              5.077076,
              52.172639
            ],
            [
              5.077253,
              52.172681
            ],
            [
              5.077267,
              52.172684
            ],
            [
              5.077317,
              52.172695
            ],
            [
              5.077526,
              52.172742
            ],
            [
              5.077528,
              52.172743
            ],
            [
              5.077845,
              52.172814
            ],
            [
              5.078009,
              52.172851
            ],
            [
              5.078083,
              52.172868
            ],
            [
              5.07821,
              52.172897
            ],
            [
              5.078406,
              52.172942
            ],
            [
              5.078651,
              52.172984
            ],
            [
              5.078665,
              52.172989
            ],
            [
              5.07875,
              52.173021
            ],
            [
              5.078937,
              52.173066
            ],
            [
              5.079204,
              52.173133
            ],
            [
              5.079298,
              52.173162
            ],
            [
              5.079351,
              52.173178
            ],
            [
              5.079383,
              52.173186
            ],
            [
              5.079503,
              52.17321
            ],
            [
              5.079709,
              52.173257
            ],
            [
              5.08023,
              52.173368
            ],
            [
              5.080711,
              52.173471
            ],
            [
              5.080995,
              52.173532
            ],
            [
              5.081858,
              52.173718
            ],
            [
              5.082452,
              52.173842
            ],
            [
              5.082985,
              52.17394
            ],
            [
              5.083424,
              52.17402
            ],
            [
              5.083568,
              52.174047
            ],
            [
              5.084154,
              52.174157
            ],
            [
              5.084795,
              52.174276
            ],
            [
              5.085047,
              52.174322
            ],
            [
              5.085113,
              52.174334
            ],
            [
              5.085318,
              52.17437
            ],
            [
              5.085967,
              52.17449
            ],
            [
              5.086135,
              52.174521
            ],
            [
              5.086478,
              52.174585
            ],
            [
              5.086785,
              52.174642
            ],
            [
              5.087103,
              52.174703
            ],
            [
              5.087292,
              52.174737
            ],
            [
              5.087662,
              52.174807
            ],
            [
              5.0879,
              52.174851
            ],
            [
              5.088144,
              52.174898
            ],
            [
              5.08834,
              52.174933
            ],
            [
              5.08911,
              52.175075
            ],
            [
              5.090766,
              52.175382
            ],
            [
              5.091359,
              52.175486
            ],
            [
              5.091434,
              52.1755
            ],
            [
              5.091669,
              52.175544
            ],
            [
              5.091917,
              52.175588
            ],
            [
              5.092518,
              52.175701
            ],
            [
              5.093,
              52.175793
            ],
            [
              5.093041,
              52.175801
            ],
            [
              5.093974,
              52.175962
            ],
            [
              5.094169,
              52.175995
            ],
            [
              5.094332,
              52.176023
            ],
            [
              5.094464,
              52.176045
            ],
            [
              5.094642,
              52.176077
            ],
            [
              5.094814,
              52.176114
            ],
            [
              5.095128,
              52.17617
            ],
            [
              5.098397,
              52.176776
            ],
            [
              5.098844,
              52.176864
            ],
            [
              5.099042,
              52.176903
            ],
            [
              5.100659,
              52.177191
            ],
            [
              5.100706,
              52.177202
            ],
            [
              5.100743,
              52.177208
            ],
            [
              5.101129,
              52.177277
            ],
            [
              5.101238,
              52.177296
            ],
            [
              5.101909,
              52.177417
            ],
            [
              5.10258,
              52.177543
            ],
            [
              5.102933,
              52.177609
            ],
            [
              5.105214,
              52.178018
            ],
            [
              5.105333,
              52.178039
            ],
            [
              5.105736,
              52.178124
            ],
            [
              5.105874,
              52.178158
            ],
            [
              5.105896,
              52.178162
            ],
            [
              5.106062,
              52.178192
            ],
            [
              5.106215,
              52.178219
            ],
            [
              5.106874,
              52.17835
            ],
            [
              5.107115,
              52.178397
            ],
            [
              5.107278,
              52.178425
            ],
            [
              5.10744,
              52.178454
            ],
            [
              5.1077,
              52.178499
            ],
            [
              5.107845,
              52.178523
            ],
            [
              5.108116,
              52.178573
            ],
            [
              5.108285,
              52.178608
            ],
            [
              5.108463,
              52.178651
            ],
            [
              5.108528,
              52.178661
            ],
            [
              5.108617,
              52.178683
            ],
            [
              5.108661,
              52.178694
            ],
            [
              5.109589,
              52.178851
            ],
            [
              5.109908,
              52.178913
            ],
            [
              5.109941,
              52.178919
            ],
            [
              5.111171,
              52.17916
            ],
            [
              5.11121,
              52.17917
            ],
            [
              5.111268,
              52.179179
            ],
            [
              5.111331,
              52.17917
            ],
            [
              5.112247,
              52.179338
            ],
            [
              5.11236,
              52.179359
            ],
            [
              5.112896,
              52.179463
            ],
            [
              5.113001,
              52.179482
            ],
            [
              5.113146,
              52.179507
            ],
            [
              5.113222,
              52.17952
            ],
            [
              5.113289,
              52.179532
            ],
            [
              5.113427,
              52.179557
            ],
            [
              5.113603,
              52.179587
            ],
            [
              5.113765,
              52.179619
            ],
            [
              5.113913,
              52.179652
            ],
            [
              5.113985,
              52.179668
            ],
            [
              5.114044,
              52.17968
            ],
            [
              5.114129,
              52.179698
            ],
            [
              5.114199,
              52.179711
            ],
            [
              5.11438,
              52.179744
            ],
            [
              5.114512,
              52.179763
            ],
            [
              5.114696,
              52.179784
            ],
            [
              5.114944,
              52.179812
            ],
            [
              5.115294,
              52.179853
            ],
            [
              5.115353,
              52.179865
            ],
            [
              5.115401,
              52.179876
            ],
            [
              5.11602,
              52.180007
            ],
            [
              5.116398,
              52.180123
            ],
            [
              5.116523,
              52.180105
            ],
            [
              5.116585,
              52.180116
            ],
            [
              5.116734,
              52.180141
            ],
            [
              5.116953,
              52.180181
            ],
            [
              5.117101,
              52.180207
            ],
            [
              5.117314,
              52.180249
            ],
            [
              5.117486,
              52.180276
            ],
            [
              5.117721,
              52.180313
            ],
            [
              5.117963,
              52.180355
            ],
            [
              5.118224,
              52.180397
            ],
            [
              5.118347,
              52.180419
            ],
            [
              5.118601,
              52.180464
            ],
            [
              5.11892,
              52.18053
            ],
            [
              5.119222,
              52.18059
            ],
            [
              5.119568,
              52.180663
            ],
            [
              5.119826,
              52.180711
            ],
            [
              5.119976,
              52.18074
            ],
            [
              5.120347,
              52.180799
            ],
            [
              5.120523,
              52.180861
            ],
            [
              5.120662,
              52.180866
            ],
            [
              5.120779,
              52.18088
            ],
            [
              5.1208,
              52.180884
            ],
            [
              5.120939,
              52.180908
            ],
            [
              5.121048,
              52.180929
            ],
            [
              5.121122,
              52.180943
            ],
            [
              5.121176,
              52.180948
            ],
            [
              5.12123,
              52.180951
            ],
            [
              5.121304,
              52.180953
            ],
            [
              5.121347,
              52.180955
            ],
            [
              5.121359,
              52.180955
            ],
            [
              5.121413,
              52.180953
            ],
            [
              5.124111,
              52.180827
            ],
            [
              5.124024,
              52.181006
            ],
            [
              5.123971,
              52.181115
            ],
            [
              5.123906,
              52.181255
            ],
            [
              5.123838,
              52.181395
            ],
            [
              5.123771,
              52.181539
            ],
            [
              5.123706,
              52.181683
            ],
            [
              5.123638,
              52.181842
            ],
            [
              5.123637,
              52.181843
            ],
            [
              5.12356,
              52.182033
            ],
            [
              5.123507,
              52.18216
            ],
            [
              5.123435,
              52.182338
            ],
            [
              5.123432,
              52.182346
            ],
            [
              5.123364,
              52.182503
            ],
            [
              5.123295,
              52.182663
            ],
            [
              5.123264,
              52.182733
            ],
            [
              5.123238,
              52.182783
            ],
            [
              5.123202,
              52.182845
            ],
            [
              5.123165,
              52.182918
            ],
            [
              5.123125,
              52.182993
            ],
            [
              5.123092,
              52.183064
            ],
            [
              5.123027,
              52.183195
            ],
            [
              5.122964,
              52.18332
            ],
            [
              5.12294,
              52.183364
            ],
            [
              5.122904,
              52.183459
            ],
            [
              5.122877,
              52.183535
            ],
            [
              5.122866,
              52.18356
            ],
            [
              5.122858,
              52.183577
            ],
            [
              5.122847,
              52.183596
            ],
            [
              5.122838,
              52.183613
            ],
            [
              5.122824,
              52.183634
            ],
            [
              5.122806,
              52.183673
            ],
            [
              5.122781,
              52.183721
            ],
            [
              5.122767,
              52.183751
            ],
            [
              5.122748,
              52.183794
            ],
            [
              5.122727,
              52.183849
            ],
            [
              5.122698,
              52.183914
            ],
            [
              5.122639,
              52.184055
            ],
            [
              5.122606,
              52.184119
            ],
            [
              5.122597,
              52.184137
            ],
            [
              5.122578,
              52.18418
            ],
            [
              5.122518,
              52.184306
            ],
            [
              5.122486,
              52.184379
            ],
            [
              5.122453,
              52.184446
            ],
            [
              5.122375,
              52.184613
            ],
            [
              5.122335,
              52.184702
            ],
            [
              5.122295,
              52.184786
            ],
            [
              5.122287,
              52.184808
            ],
            [
              5.122277,
              52.184833
            ],
            [
              5.122262,
              52.184877
            ],
            [
              5.122252,
              52.184904
            ],
            [
              5.122238,
              52.184942
            ],
            [
              5.122225,
              52.184971
            ],
            [
              5.122208,
              52.18501
            ],
            [
              5.122175,
              52.185079
            ],
            [
              5.122148,
              52.185137
            ],
            [
              5.122124,
              52.185197
            ],
            [
              5.122091,
              52.185266
            ],
            [
              5.122067,
              52.185321
            ],
            [
              5.122049,
              52.185355
            ],
            [
              5.122012,
              52.185431
            ],
            [
              5.121981,
              52.185496
            ],
            [
              5.121939,
              52.18558
            ],
            [
              5.12239,
              52.185674
            ],
            [
              5.122859,
              52.185772
            ],
            [
              5.123583,
              52.18595
            ],
            [
              5.123995,
              52.186054
            ],
            [
              5.124044,
              52.186066
            ],
            [
              5.124606,
              52.186212
            ],
            [
              5.124705,
              52.186238
            ],
            [
              5.125124,
              52.186339
            ],
            [
              5.125449,
              52.186418
            ],
            [
              5.12545,
              52.186418
            ],
            [
              5.125615,
              52.186453
            ],
            [
              5.125781,
              52.18649
            ],
            [
              5.125912,
              52.186513
            ],
            [
              5.125989,
              52.186523
            ],
            [
              5.126059,
              52.18653
            ],
            [
              5.126119,
              52.186536
            ],
            [
              5.126242,
              52.186541
            ],
            [
              5.126314,
              52.186543
            ],
            [
              5.126445,
              52.186563
            ],
            [
              5.126593,
              52.186597
            ],
            [
              5.126709,
              52.186632
            ],
            [
              5.126856,
              52.18668
            ],
            [
              5.126989,
              52.186725
            ],
            [
              5.127143,
              52.18678
            ],
            [
              5.127289,
              52.186826
            ],
            [
              5.127434,
              52.186867
            ],
            [
              5.127662,
              52.186925
            ],
            [
              5.127866,
              52.186974
            ],
            [
              5.128006,
              52.187008
            ],
            [
              5.128142,
              52.187045
            ],
            [
              5.128405,
              52.187115
            ],
            [
              5.128667,
              52.187182
            ],
            [
              5.128791,
              52.18723
            ],
            [
              5.128938,
              52.187283
            ],
            [
              5.12906,
              52.187318
            ],
            [
              5.129204,
              52.187377
            ],
            [
              5.129394,
              52.187455
            ],
            [
              5.129703,
              52.187572
            ],
            [
              5.129801,
              52.187611
            ],
            [
              5.129801,
              52.187611
            ],
            [
              5.12984,
              52.187626
            ],
            [
              5.129889,
              52.187643
            ],
            [
              5.130587,
              52.187917
            ],
            [
              5.130769,
              52.18799
            ],
            [
              5.130775,
              52.187993
            ],
            [
              5.130995,
              52.188074
            ],
            [
              5.131319,
              52.18819
            ],
            [
              5.131545,
              52.188275
            ],
            [
              5.131716,
              52.188342
            ],
            [
              5.131725,
              52.188345
            ],
            [
              5.131868,
              52.188403
            ],
            [
              5.131986,
              52.188452
            ],
            [
              5.132145,
              52.188522
            ],
            [
              5.132209,
              52.188552
            ],
            [
              5.132649,
              52.188766
            ],
            [
              5.13265,
              52.188767
            ],
            [
              5.132769,
              52.188825
            ],
            [
              5.133052,
              52.188963
            ],
            [
              5.133125,
              52.188998
            ],
            [
              5.13313,
              52.189
            ],
            [
              5.133294,
              52.189078
            ],
            [
              5.133517,
              52.189187
            ],
            [
              5.133531,
              52.189193
            ],
            [
              5.133636,
              52.18924
            ],
            [
              5.133638,
              52.189241
            ],
            [
              5.133938,
              52.189381
            ],
            [
              5.13436,
              52.18958
            ],
            [
              5.134604,
              52.189697
            ],
            [
              5.134766,
              52.189775
            ],
            [
              5.135194,
              52.189977
            ],
            [
              5.135573,
              52.190156
            ],
            [
              5.135621,
              52.190178
            ],
            [
              5.135892,
              52.190306
            ],
            [
              5.136193,
              52.190452
            ],
            [
              5.136496,
              52.190602
            ],
            [
              5.136529,
              52.190619
            ],
            [
              5.136682,
              52.190701
            ],
            [
              5.136966,
              52.190857
            ],
            [
              5.136971,
              52.190859
            ],
            [
              5.137259,
              52.191005
            ],
            [
              5.1374,
              52.191077
            ],
            [
              5.137456,
              52.191107
            ],
            [
              5.137629,
              52.191199
            ],
            [
              5.137864,
              52.191323
            ],
            [
              5.138081,
              52.191437
            ],
            [
              5.138306,
              52.19156
            ],
            [
              5.138398,
              52.191611
            ],
            [
              5.138387,
              52.191616
            ],
            [
              5.138428,
              52.191644
            ],
            [
              5.138451,
              52.191657
            ],
            [
              5.138543,
              52.191709
            ],
            [
              5.138586,
              52.191734
            ],
            [
              5.138589,
              52.191735
            ],
            [
              5.138943,
              52.191926
            ],
            [
              5.139182,
              52.192057
            ],
            [
              5.139522,
              52.192243
            ],
            [
              5.139864,
              52.192442
            ],
            [
              5.140129,
              52.192596
            ],
            [
              5.140379,
              52.192742
            ],
            [
              5.140666,
              52.192918
            ],
            [
              5.140879,
              52.19305
            ],
            [
              5.141079,
              52.193162
            ],
            [
              5.14122,
              52.193241
            ],
            [
              5.141254,
              52.193264
            ],
            [
              5.141131,
              52.193303
            ],
            [
              5.14135,
              52.193483
            ],
            [
              5.141402,
              52.193525
            ],
            [
              5.141451,
              52.193566
            ],
            [
              5.141465,
              52.193578
            ],
            [
              5.141528,
              52.193634
            ],
            [
              5.141546,
              52.193645
            ],
            [
              5.141575,
              52.193637
            ],
            [
              5.141583,
              52.193641
            ],
            [
              5.141689,
              52.193735
            ],
            [
              5.141959,
              52.193975
            ],
            [
              5.142135,
              52.194124
            ],
            [
              5.142494,
              52.194405
            ],
            [
              5.142723,
              52.194587
            ],
            [
              5.142921,
              52.194744
            ],
            [
              5.14335,
              52.195082
            ],
            [
              5.143446,
              52.195158
            ],
            [
              5.143704,
              52.195366
            ],
            [
              5.143705,
              52.195367
            ],
            [
              5.143824,
              52.195462
            ],
            [
              5.144005,
              52.195609
            ],
            [
              5.144084,
              52.195673
            ],
            [
              5.144187,
              52.195767
            ],
            [
              5.144303,
              52.195871
            ],
            [
              5.144476,
              52.196039
            ],
            [
              5.144545,
              52.196108
            ],
            [
              5.144865,
              52.196392
            ],
            [
              5.144914,
              52.196432
            ],
            [
              5.145002,
              52.19651
            ],
            [
              5.145065,
              52.196564
            ],
            [
              5.145092,
              52.196588
            ],
            [
              5.145106,
              52.196602
            ],
            [
              5.14512,
              52.196616
            ],
            [
              5.145141,
              52.196637
            ],
            [
              5.145161,
              52.196662
            ],
            [
              5.145192,
              52.196705
            ],
            [
              5.14526,
              52.196794
            ],
            [
              5.145297,
              52.19685
            ],
            [
              5.145301,
              52.196856
            ],
            [
              5.145335,
              52.196908
            ],
            [
              5.145411,
              52.197036
            ],
            [
              5.145441,
              52.197101
            ],
            [
              5.14547,
              52.197167
            ],
            [
              5.145515,
              52.197278
            ],
            [
              5.145574,
              52.197447
            ],
            [
              5.145594,
              52.19751
            ],
            [
              5.145605,
              52.197548
            ],
            [
              5.145653,
              52.197698
            ],
            [
              5.145679,
              52.197774
            ],
            [
              5.145718,
              52.197925
            ],
            [
              5.145727,
              52.197995
            ],
            [
              5.145728,
              52.198092
            ],
            [
              5.145727,
              52.198241
            ],
            [
              5.145726,
              52.198247
            ],
            [
              5.145724,
              52.198378
            ],
            [
              5.145764,
              52.198374
            ],
            [
              5.145764,
              52.198504
            ],
            [
              5.145767,
              52.198688
            ],
            [
              5.145769,
              52.198879
            ],
            [
              5.145737,
              52.198879
            ],
            [
              5.145739,
              52.199036
            ],
            [
              5.145742,
              52.199197
            ],
            [
              5.145745,
              52.19932
            ],
            [
              5.145741,
              52.199396
            ],
            [
              5.145731,
              52.199534
            ],
            [
              5.145717,
              52.199751
            ],
            [
              5.145705,
              52.199863
            ],
            [
              5.145705,
              52.199865
            ],
            [
              5.14568,
              52.200047
            ],
            [
              5.145658,
              52.200201
            ],
            [
              5.14562,
              52.200445
            ],
            [
              5.145612,
              52.200504
            ],
            [
              5.145597,
              52.200546
            ],
            [
              5.145577,
              52.200585
            ],
            [
              5.145555,
              52.200622
            ],
            [
              5.145536,
              52.200648
            ],
            [
              5.145517,
              52.20067
            ],
            [
              5.145485,
              52.200699
            ],
            [
              5.145459,
              52.200726
            ],
            [
              5.14542,
              52.200763
            ],
            [
              5.145386,
              52.200797
            ],
            [
              5.14535,
              52.200832
            ],
            [
              5.145328,
              52.200852
            ],
            [
              5.145293,
              52.200887
            ],
            [
              5.145229,
              52.200947
            ],
            [
              5.145197,
              52.200984
            ],
            [
              5.145174,
              52.201018
            ],
            [
              5.145151,
              52.201063
            ],
            [
              5.145137,
              52.201085
            ],
            [
              5.145108,
              52.201145
            ],
            [
              5.145084,
              52.201193
            ],
            [
              5.145064,
              52.201234
            ],
            [
              5.145041,
              52.201287
            ],
            [
              5.145022,
              52.20134
            ],
            [
              5.145005,
              52.201382
            ],
            [
              5.144923,
              52.201632
            ],
            [
              5.144881,
              52.201755
            ],
            [
              5.144861,
              52.201798
            ],
            [
              5.144836,
              52.201841
            ],
            [
              5.144749,
              52.201973
            ],
            [
              5.144594,
              52.202208
            ],
            [
              5.14443,
              52.202472
            ],
            [
              5.144297,
              52.202672
            ],
            [
              5.144122,
              52.202887
            ],
            [
              5.143901,
              52.203164
            ],
            [
              5.143785,
              52.203308
            ],
            [
              5.143543,
              52.203608
            ],
            [
              5.143274,
              52.203942
            ],
            [
              5.143052,
              52.204221
            ],
            [
              5.142951,
              52.204353
            ],
            [
              5.14295,
              52.204353
            ],
            [
              5.142887,
              52.204425
            ],
            [
              5.14276,
              52.204581
            ],
            [
              5.14263,
              52.204743
            ],
            [
              5.142541,
              52.20485
            ],
            [
              5.142442,
              52.204968
            ],
            [
              5.142241,
              52.205202
            ],
            [
              5.142135,
              52.205325
            ],
            [
              5.142047,
              52.205427
            ],
            [
              5.141947,
              52.205544
            ],
            [
              5.141865,
              52.205641
            ],
            [
              5.141777,
              52.205744
            ],
            [
              5.141659,
              52.205883
            ],
            [
              5.141543,
              52.206018
            ],
            [
              5.141472,
              52.2061
            ],
            [
              5.141392,
              52.206194
            ],
            [
              5.141321,
              52.206278
            ],
            [
              5.14122,
              52.206396
            ],
            [
              5.141147,
              52.206481
            ],
            [
              5.141108,
              52.206525
            ],
            [
              5.141076,
              52.206561
            ],
            [
              5.141007,
              52.206638
            ],
            [
              5.140896,
              52.206791
            ],
            [
              5.140819,
              52.206885
            ],
            [
              5.140747,
              52.20698
            ],
            [
              5.140666,
              52.207086
            ],
            [
              5.14056,
              52.207228
            ],
            [
              5.140527,
              52.207273
            ],
            [
              5.140581,
              52.207287
            ],
            [
              5.140752,
              52.207334
            ],
            [
              5.141307,
              52.207484
            ],
            [
              5.141896,
              52.207639
            ],
            [
              5.142413,
              52.207776
            ],
            [
              5.142511,
              52.207805
            ],
            [
              5.142356,
              52.208086
            ],
            [
              5.142638,
              52.208123
            ],
            [
              5.142599,
              52.208236
            ],
            [
              5.142436,
              52.208707
            ],
            [
              5.142343,
              52.20869
            ],
            [
              5.142314,
              52.208688
            ],
            [
              5.142295,
              52.208685
            ],
            [
              5.141785,
              52.208599
            ],
            [
              5.142016,
              52.208166
            ],
            [
              5.141756,
              52.208113
            ],
            [
              5.141441,
              52.20805
            ],
            [
              5.141267,
              52.208272
            ],
            [
              5.141107,
              52.208477
            ],
            [
              5.140866,
              52.208437
            ],
            [
              5.140645,
              52.208401
            ],
            [
              5.140423,
              52.208364
            ],
            [
              5.140103,
              52.208309
            ],
            [
              5.139983,
              52.208288
            ],
            [
              5.139982,
              52.208276
            ],
            [
              5.139972,
              52.208103
            ],
            [
              5.139955,
              52.208018
            ],
            [
              5.139828,
              52.20798
            ],
            [
              5.139823,
              52.207987
            ],
            [
              5.139794,
              52.208024
            ],
            [
              5.139724,
              52.208118
            ],
            [
              5.139717,
              52.208123
            ],
            [
              5.13965,
              52.208207
            ],
            [
              5.139511,
              52.208381
            ],
            [
              5.139506,
              52.208387
            ],
            [
              5.139428,
              52.208491
            ],
            [
              5.13931,
              52.208649
            ],
            [
              5.139226,
              52.208788
            ],
            [
              5.139196,
              52.20884
            ],
            [
              5.139198,
              52.208844
            ],
            [
              5.139117,
              52.208973
            ],
            [
              5.138988,
              52.209144
            ],
            [
              5.138987,
              52.209145
            ],
            [
              5.138868,
              52.209298
            ],
            [
              5.138862,
              52.20931
            ],
            [
              5.138849,
              52.209333
            ],
            [
              5.138817,
              52.209392
            ],
            [
              5.138779,
              52.209444
            ],
            [
              5.138768,
              52.20946
            ],
            [
              5.138706,
              52.209564
            ],
            [
              5.138679,
              52.209607
            ],
            [
              5.138613,
              52.209698
            ],
            [
              5.138594,
              52.209725
            ],
            [
              5.138485,
              52.209873
            ],
            [
              5.138484,
              52.209874
            ],
            [
              5.138417,
              52.209967
            ],
            [
              5.138376,
              52.21003
            ],
            [
              5.138374,
              52.210034
            ],
            [
              5.138321,
              52.210096
            ],
            [
              5.138279,
              52.210148
            ],
            [
              5.138232,
              52.210208
            ],
            [
              5.138098,
              52.210363
            ],
            [
              5.13794,
              52.210546
            ],
            [
              5.137819,
              52.210684
            ],
            [
              5.137717,
              52.210804
            ],
            [
              5.137659,
              52.210856
            ],
            [
              5.137624,
              52.210909
            ],
            [
              5.137576,
              52.210976
            ],
            [
              5.137448,
              52.2111
            ],
            [
              5.137297,
              52.211245
            ],
            [
              5.137181,
              52.211357
            ],
            [
              5.136974,
              52.211557
            ],
            [
              5.136784,
              52.211737
            ],
            [
              5.136586,
              52.21192
            ],
            [
              5.136534,
              52.211946
            ],
            [
              5.136464,
              52.212006
            ],
            [
              5.136425,
              52.212039
            ],
            [
              5.136392,
              52.212066
            ],
            [
              5.136236,
              52.212226
            ],
            [
              5.136216,
              52.212247
            ],
            [
              5.136071,
              52.212398
            ],
            [
              5.136007,
              52.212471
            ],
            [
              5.135925,
              52.212567
            ],
            [
              5.135715,
              52.212807
            ],
            [
              5.135673,
              52.212846
            ],
            [
              5.135623,
              52.212913
            ],
            [
              5.135524,
              52.21301
            ],
            [
              5.135468,
              52.213065
            ],
            [
              5.13542,
              52.213104
            ],
            [
              5.135364,
              52.21315
            ],
            [
              5.135262,
              52.213235
            ],
            [
              5.135158,
              52.213325
            ],
            [
              5.134984,
              52.213456
            ],
            [
              5.134946,
              52.213486
            ],
            [
              5.134907,
              52.213513
            ],
            [
              5.134688,
              52.213657
            ],
            [
              5.134592,
              52.213724
            ],
            [
              5.134482,
              52.2138
            ],
            [
              5.134357,
              52.213892
            ],
            [
              5.134243,
              52.213977
            ],
            [
              5.134177,
              52.214028
            ],
            [
              5.134149,
              52.214053
            ],
            [
              5.134033,
              52.214166
            ],
            [
              5.133996,
              52.214204
            ],
            [
              5.133943,
              52.214295
            ],
            [
              5.133587,
              52.214368
            ],
            [
              5.133506,
              52.214385
            ],
            [
              5.133481,
              52.21439
            ],
            [
              5.133411,
              52.214406
            ],
            [
              5.133202,
              52.214449
            ],
            [
              5.133158,
              52.214459
            ],
            [
              5.133149,
              52.214461
            ],
            [
              5.132965,
              52.214551
            ],
            [
              5.132578,
              52.214737
            ],
            [
              5.132248,
              52.214895
            ],
            [
              5.132219,
              52.21491
            ],
            [
              5.131995,
              52.215018
            ],
            [
              5.131687,
              52.21517
            ],
            [
              5.131307,
              52.215353
            ],
            [
              5.131295,
              52.215359
            ],
            [
              5.131184,
              52.215414
            ],
            [
              5.130794,
              52.2156
            ],
            [
              5.130508,
              52.215738
            ],
            [
              5.130338,
              52.215819
            ],
            [
              5.130318,
              52.215827
            ],
            [
              5.130207,
              52.215884
            ],
            [
              5.129895,
              52.216032
            ],
            [
              5.129746,
              52.216104
            ],
            [
              5.129669,
              52.21614
            ],
            [
              5.129644,
              52.216167
            ],
            [
              5.129536,
              52.216212
            ],
            [
              5.129518,
              52.216223
            ],
            [
              5.129504,
              52.216232
            ],
            [
              5.129461,
              52.216257
            ],
            [
              5.129439,
              52.216238
            ],
            [
              5.129369,
              52.216269
            ],
            [
              5.1293,
              52.2163
            ],
            [
              5.129243,
              52.216326
            ],
            [
              5.129236,
              52.216329
            ],
            [
              5.129169,
              52.216359
            ],
            [
              5.129103,
              52.216388
            ],
            [
              5.129037,
              52.216417
            ],
            [
              5.128973,
              52.216445
            ],
            [
              5.128968,
              52.216448
            ],
            [
              5.128908,
              52.216473
            ],
            [
              5.128907,
              52.216473
            ],
            [
              5.128892,
              52.216481
            ],
            [
              5.128882,
              52.216486
            ],
            [
              5.128838,
              52.216508
            ],
            [
              5.128777,
              52.21654
            ],
            [
              5.128713,
              52.216573
            ],
            [
              5.128672,
              52.216595
            ],
            [
              5.128653,
              52.216604
            ],
            [
              5.12859,
              52.216637
            ],
            [
              5.128527,
              52.21667
            ],
            [
              5.128465,
              52.216702
            ],
            [
              5.128403,
              52.216734
            ],
            [
              5.128419,
              52.21684
            ],
            [
              5.128416,
              52.216842
            ],
            [
              5.128349,
              52.216868
            ],
            [
              5.128325,
              52.216878
            ],
            [
              5.128273,
              52.216898
            ],
            [
              5.128203,
              52.216924
            ],
            [
              5.128156,
              52.216942
            ],
            [
              5.128135,
              52.21695
            ],
            [
              5.128063,
              52.216978
            ],
            [
              5.127995,
              52.217005
            ],
            [
              5.127927,
              52.217031
            ],
            [
              5.127859,
              52.217058
            ],
            [
              5.127836,
              52.217067
            ],
            [
              5.127788,
              52.217086
            ],
            [
              5.127724,
              52.21711
            ],
            [
              5.12772,
              52.217112
            ],
            [
              5.127655,
              52.217138
            ],
            [
              5.127651,
              52.217139
            ],
            [
              5.127586,
              52.217165
            ],
            [
              5.127581,
              52.217167
            ],
            [
              5.127516,
              52.217192
            ],
            [
              5.127445,
              52.21722
            ],
            [
              5.127376,
              52.217247
            ],
            [
              5.127315,
              52.217271
            ],
            [
              5.127308,
              52.217274
            ],
            [
              5.127275,
              52.217286
            ],
            [
              5.127244,
              52.217299
            ],
            [
              5.127238,
              52.217301
            ],
            [
              5.12717,
              52.217329
            ],
            [
              5.127101,
              52.217356
            ],
            [
              5.1271,
              52.217357
            ],
            [
              5.127031,
              52.217383
            ],
            [
              5.12697,
              52.217406
            ],
            [
              5.126959,
              52.21741
            ],
            [
              5.126889,
              52.217431
            ],
            [
              5.1268,
              52.217457
            ],
            [
              5.126728,
              52.217478
            ],
            [
              5.12664,
              52.217504
            ],
            [
              5.126609,
              52.217512
            ],
            [
              5.126552,
              52.217529
            ],
            [
              5.12653,
              52.217535
            ],
            [
              5.126522,
              52.217538
            ],
            [
              5.126453,
              52.217554
            ],
            [
              5.126375,
              52.217573
            ],
            [
              5.126334,
              52.217584
            ],
            [
              5.126296,
              52.217591
            ],
            [
              5.126271,
              52.217595
            ],
            [
              5.126207,
              52.217607
            ],
            [
              5.126204,
              52.217608
            ],
            [
              5.126136,
              52.217627
            ],
            [
              5.126099,
              52.217638
            ],
            [
              5.126058,
              52.217646
            ],
            [
              5.125976,
              52.217662
            ],
            [
              5.125924,
              52.217672
            ],
            [
              5.1259,
              52.217682
            ],
            [
              5.125833,
              52.21771
            ],
            [
              5.125802,
              52.217723
            ],
            [
              5.125762,
              52.217736
            ],
            [
              5.125693,
              52.217758
            ],
            [
              5.125688,
              52.217759
            ],
            [
              5.125617,
              52.217782
            ],
            [
              5.125567,
              52.217798
            ],
            [
              5.125564,
              52.217799
            ],
            [
              5.125546,
              52.217805
            ],
            [
              5.125472,
              52.217828
            ],
            [
              5.125467,
              52.217829
            ],
            [
              5.125397,
              52.21785
            ],
            [
              5.125367,
              52.21786
            ],
            [
              5.125316,
              52.217875
            ],
            [
              5.125278,
              52.217886
            ],
            [
              5.125217,
              52.217906
            ],
            [
              5.125206,
              52.217911
            ],
            [
              5.125166,
              52.217927
            ],
            [
              5.125115,
              52.217945
            ],
            [
              5.125007,
              52.217982
            ],
            [
              5.124884,
              52.218015
            ],
            [
              5.124875,
              52.218019
            ],
            [
              5.124729,
              52.21807
            ],
            [
              5.124533,
              52.218134
            ],
            [
              5.124401,
              52.218178
            ],
            [
              5.124308,
              52.218207
            ],
            [
              5.124282,
              52.218218
            ],
            [
              5.123804,
              52.218391
            ],
            [
              5.123803,
              52.218392
            ],
            [
              5.123733,
              52.218417
            ],
            [
              5.123669,
              52.21844
            ],
            [
              5.123207,
              52.218605
            ],
            [
              5.123163,
              52.21862
            ],
            [
              5.123104,
              52.218635
            ],
            [
              5.123054,
              52.218643
            ],
            [
              5.123026,
              52.218649
            ],
            [
              5.122973,
              52.218666
            ],
            [
              5.12281,
              52.218725
            ],
            [
              5.12271,
              52.218762
            ],
            [
              5.122691,
              52.218767
            ],
            [
              5.122653,
              52.21878
            ],
            [
              5.122597,
              52.218799
            ],
            [
              5.122527,
              52.218825
            ],
            [
              5.122577,
              52.218898
            ],
            [
              5.12258,
              52.218903
            ],
            [
              5.122615,
              52.218999
            ],
            [
              5.122629,
              52.219044
            ],
            [
              5.122632,
              52.219059
            ],
            [
              5.122634,
              52.219069
            ],
            [
              5.122634,
              52.219137
            ],
            [
              5.122636,
              52.219238
            ],
            [
              5.122639,
              52.219275
            ],
            [
              5.122637,
              52.219481
            ],
            [
              5.122652,
              52.219618
            ],
            [
              5.122662,
              52.219716
            ],
            [
              5.122523,
              52.219932
            ],
            [
              5.122383,
              52.220153
            ],
            [
              5.122375,
              52.220353
            ],
            [
              5.122374,
              52.220365
            ],
            [
              5.122351,
              52.220479
            ],
            [
              5.122299,
              52.220751
            ],
            [
              5.122341,
              52.220751
            ],
            [
              5.122332,
              52.220812
            ],
            [
              5.122337,
              52.220815
            ],
            [
              5.122562,
              52.220947
            ],
            [
              5.122873,
              52.221131
            ],
            [
              5.12304,
              52.22123
            ],
            [
              5.12331,
              52.221389
            ],
            [
              5.123402,
              52.221391
            ],
            [
              5.124324,
              52.22141
            ],
            [
              5.124606,
              52.221415
            ],
            [
              5.125666,
              52.22143
            ],
            [
              5.126365,
              52.221444
            ],
            [
              5.127855,
              52.221474
            ],
            [
              5.128747,
              52.221482
            ],
            [
              5.129003,
              52.221484
            ],
            [
              5.130008,
              52.221491
            ],
            [
              5.129955,
              52.222392
            ],
            [
              5.129639,
              52.222412
            ],
            [
              5.128063,
              52.222383
            ],
            [
              5.128016,
              52.223176
            ],
            [
              5.12796,
              52.224137
            ],
            [
              5.12795,
              52.224314
            ],
            [
              5.127945,
              52.224404
            ],
            [
              5.128918,
              52.224424
            ],
            [
              5.129798,
              52.22443
            ],
            [
              5.129836,
              52.224432
            ],
            [
              5.12991,
              52.224438
            ],
            [
              5.130135,
              52.224448
            ],
            [
              5.130567,
              52.22446
            ],
            [
              5.131159,
              52.22448
            ],
            [
              5.131539,
              52.224486
            ],
            [
              5.131944,
              52.224491
            ],
            [
              5.132139,
              52.224493
            ],
            [
              5.132372,
              52.224496
            ],
            [
              5.13276,
              52.2245
            ],
            [
              5.133021,
              52.224502
            ],
            [
              5.134477,
              52.224527
            ],
            [
              5.135114,
              52.224542
            ],
            [
              5.135732,
              52.224544
            ],
            [
              5.136451,
              52.224554
            ],
            [
              5.136812,
              52.224561
            ],
            [
              5.137579,
              52.224573
            ],
            [
              5.137845,
              52.224584
            ],
            [
              5.138092,
              52.224585
            ],
            [
              5.138311,
              52.224585
            ],
            [
              5.13852,
              52.22459
            ],
            [
              5.138516,
              52.224669
            ],
            [
              5.139124,
              52.22462
            ],
            [
              5.140233,
              52.224536
            ],
            [
              5.140245,
              52.224593
            ],
            [
              5.140258,
              52.224658
            ],
            [
              5.140261,
              52.224673
            ],
            [
              5.140593,
              52.224855
            ],
            [
              5.140696,
              52.224912
            ],
            [
              5.141308,
              52.225237
            ],
            [
              5.141791,
              52.225493
            ],
            [
              5.141784,
              52.225723
            ],
            [
              5.141783,
              52.225751
            ],
            [
              5.141778,
              52.225893
            ],
            [
              5.141777,
              52.225927
            ],
            [
              5.141776,
              52.225955
            ],
            [
              5.141764,
              52.226275
            ],
            [
              5.141748,
              52.226752
            ],
            [
              5.141732,
              52.227231
            ],
            [
              5.141715,
              52.227719
            ],
            [
              5.141717,
              52.227766
            ],
            [
              5.1417,
              52.228284
            ],
            [
              5.141682,
              52.228689
            ],
            [
              5.141633,
              52.230158
            ],
            [
              5.141597,
              52.230886
            ],
            [
              5.141578,
              52.231552
            ],
            [
              5.141576,
              52.231622
            ],
            [
              5.14154,
              52.232365
            ],
            [
              5.141524,
              52.23257
            ],
            [
              5.141505,
              52.233066
            ],
            [
              5.141488,
              52.233509
            ],
            [
              5.141472,
              52.233908
            ],
            [
              5.141461,
              52.234198
            ],
            [
              5.141441,
              52.234777
            ],
            [
              5.141432,
              52.235052
            ],
            [
              5.141402,
              52.235675
            ],
            [
              5.141401,
              52.235694
            ],
            [
              5.141383,
              52.236047
            ],
            [
              5.141384,
              52.23625
            ],
            [
              5.141371,
              52.236534
            ],
            [
              5.141363,
              52.236813
            ],
            [
              5.141356,
              52.237108
            ],
            [
              5.141346,
              52.237373
            ],
            [
              5.14134,
              52.237534
            ],
            [
              5.141337,
              52.237743
            ],
            [
              5.141335,
              52.23789
            ],
            [
              5.141326,
              52.238273
            ],
            [
              5.141386,
              52.238325
            ],
            [
              5.141504,
              52.238397
            ],
            [
              5.141949,
              52.238953
            ],
            [
              5.141973,
              52.238984
            ],
            [
              5.142005,
              52.239106
            ],
            [
              5.142019,
              52.23916
            ],
            [
              5.142019,
              52.239192
            ],
            [
              5.142023,
              52.239611
            ],
            [
              5.142057,
              52.239879
            ],
            [
              5.142103,
              52.240094
            ],
            [
              5.142209,
              52.240788
            ],
            [
              5.142216,
              52.240839
            ],
            [
              5.142211,
              52.240888
            ],
            [
              5.142178,
              52.241191
            ],
            [
              5.142174,
              52.241368
            ],
            [
              5.142168,
              52.241678
            ],
            [
              5.142175,
              52.241744
            ],
            [
              5.142182,
              52.24182
            ],
            [
              5.142261,
              52.242606
            ],
            [
              5.142293,
              52.243145
            ],
            [
              5.142277,
              52.243317
            ],
            [
              5.142185,
              52.243421
            ],
            [
              5.142126,
              52.24346
            ],
            [
              5.14149,
              52.243871
            ],
            [
              5.141318,
              52.243997
            ],
            [
              5.141226,
              52.244098
            ],
            [
              5.140115,
              52.245615
            ],
            [
              5.140048,
              52.245774
            ],
            [
              5.140011,
              52.246302
            ],
            [
              5.14001,
              52.24632
            ],
            [
              5.140003,
              52.246526
            ],
            [
              5.139995,
              52.246749
            ],
            [
              5.13999,
              52.24692
            ],
            [
              5.139985,
              52.247046
            ],
            [
              5.139981,
              52.247183
            ],
            [
              5.139977,
              52.247312
            ],
            [
              5.139973,
              52.247406
            ],
            [
              5.139939,
              52.24844
            ],
            [
              5.139932,
              52.248654
            ],
            [
              5.139925,
              52.248864
            ],
            [
              5.13992,
              52.249006
            ],
            [
              5.139916,
              52.249125
            ],
            [
              5.139885,
              52.249132
            ],
            [
              5.139883,
              52.249169
            ],
            [
              5.139785,
              52.25055
            ],
            [
              5.139781,
              52.250616
            ],
            [
              5.139767,
              52.250894
            ],
            [
              5.139758,
              52.251052
            ],
            [
              5.139746,
              52.2513
            ],
            [
              5.139732,
              52.251529
            ],
            [
              5.139721,
              52.251738
            ],
            [
              5.139709,
              52.251964
            ],
            [
              5.139699,
              52.252188
            ],
            [
              5.139679,
              52.252562
            ],
            [
              5.139678,
              52.252595
            ],
            [
              5.139676,
              52.252626
            ],
            [
              5.139671,
              52.25272
            ],
            [
              5.139663,
              52.252854
            ],
            [
              5.139656,
              52.25299
            ],
            [
              5.139649,
              52.25312
            ],
            [
              5.139644,
              52.25326
            ],
            [
              5.139635,
              52.253416
            ],
            [
              5.139626,
              52.253593
            ],
            [
              5.139604,
              52.254015
            ],
            [
              5.139443,
              52.254011
            ],
            [
              5.136916,
              52.253953
            ],
            [
              5.136867,
              52.253952
            ],
            [
              5.136801,
              52.253951
            ],
            [
              5.136777,
              52.254718
            ],
            [
              5.136756,
              52.255409
            ],
            [
              5.136743,
              52.255784
            ],
            [
              5.136725,
              52.255954
            ],
            [
              5.136725,
              52.25596
            ],
            [
              5.13669,
              52.256298
            ],
            [
              5.136652,
              52.257006
            ],
            [
              5.136595,
              52.257926
            ],
            [
              5.136507,
              52.259524
            ],
            [
              5.136504,
              52.259548
            ],
            [
              5.1365,
              52.259583
            ],
            [
              5.136471,
              52.259816
            ],
            [
              5.135275,
              52.259797
            ],
            [
              5.134115,
              52.259768
            ],
            [
              5.13234,
              52.259727
            ],
            [
              5.132262,
              52.259724
            ],
            [
              5.131338,
              52.259697
            ],
            [
              5.130505,
              52.259672
            ],
            [
              5.129847,
              52.259651
            ],
            [
              5.128644,
              52.259617
            ],
            [
              5.128286,
              52.259604
            ],
            [
              5.12744,
              52.259575
            ],
            [
              5.127331,
              52.259579
            ],
            [
              5.12728,
              52.259582
            ],
            [
              5.12713,
              52.259594
            ],
            [
              5.126601,
              52.259709
            ],
            [
              5.126348,
              52.259789
            ],
            [
              5.126151,
              52.259862
            ],
            [
              5.126026,
              52.259928
            ],
            [
              5.125661,
              52.260147
            ],
            [
              5.125574,
              52.260218
            ],
            [
              5.125519,
              52.260284
            ],
            [
              5.12547,
              52.260346
            ],
            [
              5.125423,
              52.26041
            ],
            [
              5.12537,
              52.260479
            ],
            [
              5.125332,
              52.260542
            ],
            [
              5.125298,
              52.26061
            ],
            [
              5.125265,
              52.260688
            ],
            [
              5.12485,
              52.261875
            ],
            [
              5.124538,
              52.262735
            ],
            [
              5.123528,
              52.264958
            ],
            [
              5.123496,
              52.265029
            ],
            [
              5.122959,
              52.266165
            ],
            [
              5.122832,
              52.266466
            ],
            [
              5.122668,
              52.266911
            ],
            [
              5.122528,
              52.267399
            ],
            [
              5.122325,
              52.268016
            ],
            [
              5.12218,
              52.268353
            ],
            [
              5.122,
              52.268694
            ],
            [
              5.121691,
              52.269224
            ],
            [
              5.121508,
              52.269539
            ],
            [
              5.121479,
              52.26961
            ],
            [
              5.121247,
              52.270093
            ],
            [
              5.121199,
              52.270185
            ],
            [
              5.121163,
              52.270237
            ],
            [
              5.12107,
              52.270351
            ],
            [
              5.120902,
              52.270637
            ],
            [
              5.120721,
              52.270956
            ],
            [
              5.120692,
              52.271015
            ],
            [
              5.120545,
              52.271341
            ],
            [
              5.120534,
              52.271363
            ],
            [
              5.120495,
              52.271438
            ],
            [
              5.120287,
              52.27174
            ],
            [
              5.120092,
              52.272045
            ],
            [
              5.11994,
              52.272316
            ],
            [
              5.119704,
              52.272788
            ],
            [
              5.11951,
              52.273149
            ],
            [
              5.119402,
              52.273347
            ],
            [
              5.119387,
              52.27337
            ],
            [
              5.119367,
              52.273394
            ],
            [
              5.119345,
              52.273418
            ],
            [
              5.119304,
              52.273452
            ],
            [
              5.119258,
              52.273483
            ],
            [
              5.119207,
              52.273512
            ],
            [
              5.119152,
              52.273538
            ],
            [
              5.119116,
              52.27355
            ],
            [
              5.119054,
              52.273565
            ],
            [
              5.115978,
              52.274144
            ],
            [
              5.110774,
              52.27512
            ],
            [
              5.108762,
              52.275571
            ],
            [
              5.108526,
              52.275615
            ],
            [
              5.107475,
              52.275964
            ],
            [
              5.107343,
              52.27601
            ],
            [
              5.106859,
              52.276212
            ],
            [
              5.10614,
              52.27652
            ],
            [
              5.105467,
              52.276792
            ],
            [
              5.105344,
              52.276839
            ],
            [
              5.105089,
              52.276936
            ],
            [
              5.105026,
              52.276959
            ],
            [
              5.104953,
              52.276977
            ],
            [
              5.104882,
              52.276991
            ],
            [
              5.104808,
              52.277
            ],
            [
              5.104735,
              52.277007
            ],
            [
              5.104663,
              52.277007
            ],
            [
              5.104593,
              52.277006
            ],
            [
              5.104515,
              52.277013
            ],
            [
              5.104443,
              52.277027
            ],
            [
              5.104378,
              52.277048
            ],
            [
              5.104255,
              52.27709
            ],
            [
              5.10412,
              52.277138
            ],
            [
              5.103749,
              52.277272
            ],
            [
              5.103496,
              52.277365
            ],
            [
              5.103374,
              52.277414
            ],
            [
              5.103255,
              52.277465
            ],
            [
              5.103144,
              52.277522
            ],
            [
              5.103032,
              52.277585
            ],
            [
              5.102929,
              52.277649
            ],
            [
              5.102828,
              52.277717
            ],
            [
              5.102741,
              52.277784
            ],
            [
              5.10265,
              52.277857
            ],
            [
              5.102564,
              52.277935
            ],
            [
              5.10249,
              52.278011
            ],
            [
              5.102428,
              52.278091
            ],
            [
              5.102408,
              52.278121
            ],
            [
              5.102371,
              52.278174
            ],
            [
              5.102315,
              52.278257
            ],
            [
              5.102271,
              52.278343
            ],
            [
              5.102238,
              52.278429
            ],
            [
              5.102207,
              52.278515
            ],
            [
              5.102178,
              52.278605
            ],
            [
              5.102159,
              52.2787
            ],
            [
              5.102138,
              52.278788
            ],
            [
              5.10212,
              52.278881
            ],
            [
              5.102101,
              52.27897
            ],
            [
              5.102087,
              52.27906
            ],
            [
              5.102072,
              52.27915
            ],
            [
              5.10206,
              52.27924
            ],
            [
              5.102044,
              52.27959
            ],
            [
              5.102066,
              52.279891
            ],
            [
              5.101967,
              52.279903
            ],
            [
              5.101966,
              52.279903
            ],
            [
              5.101825,
              52.27992
            ],
            [
              5.101567,
              52.279952
            ],
            [
              5.101562,
              52.279953
            ],
            [
              5.101542,
              52.279955
            ],
            [
              5.10146,
              52.279965
            ],
            [
              5.10136,
              52.279977
            ],
            [
              5.101342,
              52.279979
            ],
            [
              5.101319,
              52.279982
            ],
            [
              5.101326,
              52.27998
            ],
            [
              5.101342,
              52.279972
            ],
            [
              5.10128,
              52.279979
            ],
            [
              5.101212,
              52.279986
            ],
            [
              5.101129,
              52.279998
            ],
            [
              5.101064,
              52.280006
            ],
            [
              5.100956,
              52.280021
            ],
            [
              5.100793,
              52.280043
            ],
            [
              5.100743,
              52.280049
            ],
            [
              5.100645,
              52.28006
            ],
            [
              5.100552,
              52.28007
            ],
            [
              5.100453,
              52.280081
            ],
            [
              5.100328,
              52.280095
            ],
            [
              5.100229,
              52.280107
            ],
            [
              5.100109,
              52.280123
            ],
            [
              5.10006,
              52.280128
            ],
            [
              5.099965,
              52.28014
            ],
            [
              5.099904,
              52.280148
            ],
            [
              5.099773,
              52.280166
            ],
            [
              5.099654,
              52.280181
            ],
            [
              5.099458,
              52.280205
            ],
            [
              5.099357,
              52.280218
            ],
            [
              5.099129,
              52.280245
            ],
            [
              5.099054,
              52.280253
            ],
            [
              5.098951,
              52.280258
            ],
            [
              5.098895,
              52.280265
            ],
            [
              5.098728,
              52.280288
            ],
            [
              5.098613,
              52.280301
            ],
            [
              5.098445,
              52.280325
            ],
            [
              5.098289,
              52.280345
            ],
            [
              5.098127,
              52.280366
            ],
            [
              5.097951,
              52.280387
            ],
            [
              5.097762,
              52.28041
            ],
            [
              5.097577,
              52.280431
            ],
            [
              5.097502,
              52.280441
            ],
            [
              5.097397,
              52.280457
            ],
            [
              5.097252,
              52.280478
            ],
            [
              5.097134,
              52.280492
            ],
            [
              5.096977,
              52.280512
            ],
            [
              5.096824,
              52.280529
            ],
            [
              5.096633,
              52.28055
            ],
            [
              5.096412,
              52.28058
            ],
            [
              5.096242,
              52.2806
            ],
            [
              5.096054,
              52.280628
            ],
            [
              5.095889,
              52.280645
            ],
            [
              5.095738,
              52.280664
            ],
            [
              5.095517,
              52.280693
            ],
            [
              5.095272,
              52.280722
            ],
            [
              5.094987,
              52.280759
            ],
            [
              5.094839,
              52.280778
            ],
            [
              5.094671,
              52.280801
            ],
            [
              5.094229,
              52.280856
            ],
            [
              5.093984,
              52.280889
            ],
            [
              5.09373,
              52.280918
            ],
            [
              5.093366,
              52.280963
            ],
            [
              5.093191,
              52.280985
            ],
            [
              5.092908,
              52.281019
            ],
            [
              5.092689,
              52.281045
            ],
            [
              5.092388,
              52.281082
            ],
            [
              5.092193,
              52.281106
            ],
            [
              5.092004,
              52.281131
            ],
            [
              5.091841,
              52.28115
            ],
            [
              5.091622,
              52.28118
            ],
            [
              5.091198,
              52.281236
            ],
            [
              5.091155,
              52.281241
            ],
            [
              5.09105,
              52.281252
            ],
            [
              5.090746,
              52.281289
            ],
            [
              5.09043,
              52.281328
            ],
            [
              5.090038,
              52.281376
            ],
            [
              5.089684,
              52.281419
            ],
            [
              5.089382,
              52.281454
            ],
            [
              5.08873,
              52.281539
            ],
            [
              5.088317,
              52.281592
            ],
            [
              5.087943,
              52.281638
            ],
            [
              5.087804,
              52.281657
            ],
            [
              5.087767,
              52.281663
            ],
            [
              5.087735,
              52.28167
            ],
            [
              5.087704,
              52.281685
            ],
            [
              5.087457,
              52.281503
            ],
            [
              5.087212,
              52.28132
            ],
            [
              5.086981,
              52.281148
            ],
            [
              5.086844,
              52.281046
            ],
            [
              5.08679,
              52.281014
            ],
            [
              5.086592,
              52.280861
            ],
            [
              5.086376,
              52.280704
            ],
            [
              5.086264,
              52.280629
            ],
            [
              5.086237,
              52.280611
            ],
            [
              5.086214,
              52.280588
            ],
            [
              5.086134,
              52.280525
            ],
            [
              5.08601,
              52.280432
            ],
            [
              5.085803,
              52.280283
            ],
            [
              5.085552,
              52.280097
            ],
            [
              5.085266,
              52.279883
            ],
            [
              5.085,
              52.27969
            ],
            [
              5.084824,
              52.279563
            ],
            [
              5.084635,
              52.279418
            ],
            [
              5.084615,
              52.279407
            ],
            [
              5.084596,
              52.279401
            ],
            [
              5.084548,
              52.279392
            ],
            [
              5.084323,
              52.279347
            ],
            [
              5.084285,
              52.27934
            ],
            [
              5.08402,
              52.279291
            ],
            [
              5.083583,
              52.279209
            ],
            [
              5.083248,
              52.279143
            ],
            [
              5.082945,
              52.279084
            ],
            [
              5.082558,
              52.279012
            ],
            [
              5.082169,
              52.278939
            ],
            [
              5.081736,
              52.278857
            ],
            [
              5.08147,
              52.278804
            ],
            [
              5.081285,
              52.278769
            ],
            [
              5.081251,
              52.278763
            ],
            [
              5.081032,
              52.278722
            ],
            [
              5.080622,
              52.278647
            ],
            [
              5.080213,
              52.27857
            ],
            [
              5.079911,
              52.278511
            ],
            [
              5.079676,
              52.278464
            ],
            [
              5.079546,
              52.27844
            ],
            [
              5.079165,
              52.278368
            ],
            [
              5.078834,
              52.278307
            ],
            [
              5.078562,
              52.278254
            ],
            [
              5.078365,
              52.278216
            ],
            [
              5.078037,
              52.278155
            ],
            [
              5.077706,
              52.27809
            ],
            [
              5.077484,
              52.278047
            ],
            [
              5.077218,
              52.277999
            ],
            [
              5.077082,
              52.277977
            ],
            [
              5.077047,
              52.277977
            ],
            [
              5.076744,
              52.277982
            ],
            [
              5.076405,
              52.277988
            ],
            [
              5.076287,
              52.277993
            ],
            [
              5.07585,
              52.278002
            ],
            [
              5.075724,
              52.278006
            ],
            [
              5.075392,
              52.278015
            ],
            [
              5.075059,
              52.278024
            ],
            [
              5.074723,
              52.278028
            ],
            [
              5.074556,
              52.27803
            ],
            [
              5.074227,
              52.278039
            ],
            [
              5.073731,
              52.278053
            ],
            [
              5.073487,
              52.278062
            ],
            [
              5.073323,
              52.278067
            ],
            [
              5.072932,
              52.278073
            ],
            [
              5.072156,
              52.278094
            ],
            [
              5.071445,
              52.278111
            ],
            [
              5.070926,
              52.278123
            ],
            [
              5.070497,
              52.278128
            ],
            [
              5.07033,
              52.278136
            ],
            [
              5.069224,
              52.278161
            ],
            [
              5.06906,
              52.278163
            ],
            [
              5.068816,
              52.278167
            ],
            [
              5.068269,
              52.278178
            ],
            [
              5.067697,
              52.278194
            ],
            [
              5.06744,
              52.278202
            ],
            [
              5.066665,
              52.278217
            ],
            [
              5.066606,
              52.278219
            ],
            [
              5.066532,
              52.278224
            ],
            [
              5.066451,
              52.278227
            ],
            [
              5.066364,
              52.278229
            ],
            [
              5.065971,
              52.278239
            ],
            [
              5.065186,
              52.278258
            ],
            [
              5.06477,
              52.278268
            ],
            [
              5.064628,
              52.278264
            ],
            [
              5.064601,
              52.278274
            ],
            [
              5.064546,
              52.278295
            ],
            [
              5.064508,
              52.278306
            ],
            [
              5.064487,
              52.278313
            ],
            [
              5.064439,
              52.278328
            ],
            [
              5.064405,
              52.278342
            ],
            [
              5.064359,
              52.278356
            ],
            [
              5.064272,
              52.27838
            ],
            [
              5.064099,
              52.278428
            ],
            [
              5.064045,
              52.278446
            ],
            [
              5.063985,
              52.278464
            ],
            [
              5.063913,
              52.278493
            ],
            [
              5.063856,
              52.278524
            ],
            [
              5.063812,
              52.27856
            ],
            [
              5.063813,
              52.278577
            ],
            [
              5.063832,
              52.278597
            ],
            [
              5.063868,
              52.278621
            ],
            [
              5.063957,
              52.278681
            ],
            [
              5.064007,
              52.278709
            ],
            [
              5.06406,
              52.278742
            ],
            [
              5.064083,
              52.27876
            ],
            [
              5.064111,
              52.278784
            ],
            [
              5.064147,
              52.278821
            ],
            [
              5.064174,
              52.278841
            ],
            [
              5.064211,
              52.278861
            ],
            [
              5.064247,
              52.278878
            ],
            [
              5.064284,
              52.278894
            ],
            [
              5.064326,
              52.278914
            ],
            [
              5.064374,
              52.27894
            ],
            [
              5.064411,
              52.278962
            ],
            [
              5.06446,
              52.278989
            ],
            [
              5.064531,
              52.279022
            ],
            [
              5.064513,
              52.279036
            ],
            [
              5.064455,
              52.279089
            ],
            [
              5.064329,
              52.279203
            ],
            [
              5.064318,
              52.279231
            ],
            [
              5.064318,
              52.279241
            ],
            [
              5.064336,
              52.27926
            ],
            [
              5.064362,
              52.279277
            ],
            [
              5.064613,
              52.279359
            ],
            [
              5.064837,
              52.279435
            ],
            [
              5.065111,
              52.279519
            ],
            [
              5.065168,
              52.279536
            ],
            [
              5.065279,
              52.279585
            ],
            [
              5.065288,
              52.279589
            ],
            [
              5.065295,
              52.279592
            ],
            [
              5.065319,
              52.279631
            ],
            [
              5.065327,
              52.279643
            ],
            [
              5.065326,
              52.279654
            ],
            [
              5.065326,
              52.279659
            ],
            [
              5.065304,
              52.279679
            ],
            [
              5.0653,
              52.279686
            ],
            [
              5.064984,
              52.279776
            ],
            [
              5.064971,
              52.279775
            ],
            [
              5.06504,
              52.279812
            ],
            [
              5.064939,
              52.279873
            ],
            [
              5.064563,
              52.279909
            ],
            [
              5.064098,
              52.279956
            ],
            [
              5.063886,
              52.279976
            ],
            [
              5.063921,
              52.280085
            ],
            [
              5.063929,
              52.280084
            ],
            [
              5.063934,
              52.280098
            ],
            [
              5.063985,
              52.280261
            ],
            [
              5.064155,
              52.280451
            ],
            [
              5.064412,
              52.280738
            ],
            [
              5.064411,
              52.280738
            ],
            [
              5.064397,
              52.280744
            ],
            [
              5.064383,
              52.280751
            ],
            [
              5.06437,
              52.280757
            ],
            [
              5.064356,
              52.280763
            ],
            [
              5.064343,
              52.280769
            ],
            [
              5.06433,
              52.280776
            ],
            [
              5.064317,
              52.280782
            ],
            [
              5.064305,
              52.280789
            ],
            [
              5.064292,
              52.280796
            ],
            [
              5.064279,
              52.280803
            ],
            [
              5.064267,
              52.280809
            ],
            [
              5.064255,
              52.280816
            ],
            [
              5.064243,
              52.280823
            ],
            [
              5.064231,
              52.280831
            ],
            [
              5.064173,
              52.280869
            ],
            [
              5.064059,
              52.280952
            ],
            [
              5.063814,
              52.281132
            ],
            [
              5.063648,
              52.281249
            ],
            [
              5.06358,
              52.281306
            ],
            [
              5.063559,
              52.281324
            ],
            [
              5.063481,
              52.281394
            ],
            [
              5.063359,
              52.281508
            ],
            [
              5.063338,
              52.28153
            ],
            [
              5.063316,
              52.281552
            ],
            [
              5.063295,
              52.281574
            ],
            [
              5.063274,
              52.281596
            ],
            [
              5.063254,
              52.281618
            ],
            [
              5.063233,
              52.281641
            ],
            [
              5.063213,
              52.281663
            ],
            [
              5.063192,
              52.281686
            ],
            [
              5.063172,
              52.281708
            ],
            [
              5.063159,
              52.281725
            ],
            [
              5.063146,
              52.281741
            ],
            [
              5.063133,
              52.281758
            ],
            [
              5.06312,
              52.281774
            ],
            [
              5.063107,
              52.281791
            ],
            [
              5.063095,
              52.281808
            ],
            [
              5.063082,
              52.281824
            ],
            [
              5.06307,
              52.281841
            ],
            [
              5.063058,
              52.281858
            ],
            [
              5.063047,
              52.281875
            ],
            [
              5.063035,
              52.281892
            ],
            [
              5.063024,
              52.281909
            ],
            [
              5.063013,
              52.281926
            ],
            [
              5.063002,
              52.281943
            ],
            [
              5.062959,
              52.282015
            ],
            [
              5.062951,
              52.282031
            ],
            [
              5.062943,
              52.282046
            ],
            [
              5.062935,
              52.282061
            ],
            [
              5.062927,
              52.282076
            ],
            [
              5.06292,
              52.282092
            ],
            [
              5.062912,
              52.282107
            ],
            [
              5.062905,
              52.282122
            ],
            [
              5.062898,
              52.282138
            ],
            [
              5.062892,
              52.282153
            ],
            [
              5.062885,
              52.282169
            ],
            [
              5.062879,
              52.282184
            ],
            [
              5.062873,
              52.2822
            ],
            [
              5.062867,
              52.282215
            ],
            [
              5.062862,
              52.282231
            ],
            [
              5.062841,
              52.282308
            ],
            [
              5.062829,
              52.282379
            ],
            [
              5.062812,
              52.282477
            ],
            [
              5.0628,
              52.282572
            ],
            [
              5.062796,
              52.28267
            ],
            [
              5.062795,
              52.282777
            ],
            [
              5.062802,
              52.28287
            ],
            [
              5.062815,
              52.283042
            ],
            [
              5.062837,
              52.283343
            ],
            [
              5.062861,
              52.283647
            ],
            [
              5.062886,
              52.283971
            ],
            [
              5.062905,
              52.284239
            ],
            [
              5.062921,
              52.284387
            ],
            [
              5.062922,
              52.284506
            ],
            [
              5.062915,
              52.284586
            ],
            [
              5.062907,
              52.284671
            ],
            [
              5.062903,
              52.284695
            ],
            [
              5.062901,
              52.2847
            ],
            [
              5.0629,
              52.284706
            ],
            [
              5.062899,
              52.284711
            ],
            [
              5.062897,
              52.284716
            ],
            [
              5.062895,
              52.284721
            ],
            [
              5.062893,
              52.284726
            ],
            [
              5.062891,
              52.284731
            ],
            [
              5.062888,
              52.284736
            ],
            [
              5.062886,
              52.284741
            ],
            [
              5.062883,
              52.284746
            ],
            [
              5.06288,
              52.284751
            ],
            [
              5.062877,
              52.284756
            ],
            [
              5.062874,
              52.28476
            ],
            [
              5.06287,
              52.284765
            ],
            [
              5.062866,
              52.28477
            ],
            [
              5.062862,
              52.284774
            ],
            [
              5.062858,
              52.284779
            ],
            [
              5.062854,
              52.284783
            ],
            [
              5.06285,
              52.284788
            ],
            [
              5.062846,
              52.284792
            ],
            [
              5.062841,
              52.284796
            ],
            [
              5.062837,
              52.2848
            ],
            [
              5.062832,
              52.284804
            ],
            [
              5.062827,
              52.284807
            ],
            [
              5.062818,
              52.284814
            ],
            [
              5.06281,
              52.284821
            ],
            [
              5.062801,
              52.284828
            ],
            [
              5.062792,
              52.284834
            ],
            [
              5.062782,
              52.284841
            ],
            [
              5.062773,
              52.284847
            ],
            [
              5.062764,
              52.284853
            ],
            [
              5.062754,
              52.28486
            ],
            [
              5.062744,
              52.284866
            ],
            [
              5.062734,
              52.284872
            ],
            [
              5.062723,
              52.284878
            ],
            [
              5.062713,
              52.284884
            ],
            [
              5.062702,
              52.28489
            ],
            [
              5.062692,
              52.284896
            ],
            [
              5.062681,
              52.284901
            ],
            [
              5.06267,
              52.284907
            ],
            [
              5.062658,
              52.284913
            ],
            [
              5.062647,
              52.284918
            ],
            [
              5.062636,
              52.284923
            ],
            [
              5.062624,
              52.284928
            ],
            [
              5.062612,
              52.284934
            ],
            [
              5.062601,
              52.284939
            ],
            [
              5.062589,
              52.284943
            ],
            [
              5.062576,
              52.284948
            ],
            [
              5.062564,
              52.284953
            ],
            [
              5.062552,
              52.284957
            ],
            [
              5.062534,
              52.284964
            ],
            [
              5.062516,
              52.28497
            ],
            [
              5.062498,
              52.284977
            ],
            [
              5.06248,
              52.284983
            ],
            [
              5.062461,
              52.284989
            ],
            [
              5.062443,
              52.284995
            ],
            [
              5.062424,
              52.285001
            ],
            [
              5.062406,
              52.285007
            ],
            [
              5.062387,
              52.285012
            ],
            [
              5.062368,
              52.285018
            ],
            [
              5.062349,
              52.285023
            ],
            [
              5.06233,
              52.285028
            ],
            [
              5.062311,
              52.285033
            ],
            [
              5.062292,
              52.285038
            ],
            [
              5.062273,
              52.285043
            ],
            [
              5.062253,
              52.285048
            ],
            [
              5.06222,
              52.285056
            ],
            [
              5.062188,
              52.285063
            ],
            [
              5.062155,
              52.28507
            ],
            [
              5.062122,
              52.285077
            ],
            [
              5.062089,
              52.285084
            ],
            [
              5.062056,
              52.285091
            ],
            [
              5.062023,
              52.285098
            ],
            [
              5.061989,
              52.285105
            ],
            [
              5.061956,
              52.285111
            ],
            [
              5.061923,
              52.285117
            ],
            [
              5.061889,
              52.285124
            ],
            [
              5.061856,
              52.28513
            ],
            [
              5.061711,
              52.285153
            ],
            [
              5.061681,
              52.285157
            ],
            [
              5.061652,
              52.285162
            ],
            [
              5.061622,
              52.285166
            ],
            [
              5.061592,
              52.28517
            ],
            [
              5.061562,
              52.285173
            ],
            [
              5.061532,
              52.285177
            ],
            [
              5.061502,
              52.285181
            ],
            [
              5.061472,
              52.285184
            ],
            [
              5.061442,
              52.285187
            ],
            [
              5.061412,
              52.285191
            ],
            [
              5.061382,
              52.285194
            ],
            [
              5.061352,
              52.285197
            ],
            [
              5.061159,
              52.285213
            ],
            [
              5.061119,
              52.285214
            ],
            [
              5.061097,
              52.285215
            ],
            [
              5.061075,
              52.285215
            ],
            [
              5.061052,
              52.285215
            ],
            [
              5.06103,
              52.285215
            ],
            [
              5.061008,
              52.285215
            ],
            [
              5.060986,
              52.285215
            ],
            [
              5.060964,
              52.285215
            ],
            [
              5.060942,
              52.285214
            ],
            [
              5.06092,
              52.285214
            ],
            [
              5.060898,
              52.285213
            ],
            [
              5.060876,
              52.285212
            ],
            [
              5.060854,
              52.285211
            ],
            [
              5.060832,
              52.28521
            ],
            [
              5.06081,
              52.285208
            ],
            [
              5.06079,
              52.285206
            ],
            [
              5.06077,
              52.285204
            ],
            [
              5.06075,
              52.285202
            ],
            [
              5.06073,
              52.2852
            ],
            [
              5.06071,
              52.285198
            ],
            [
              5.06069,
              52.285196
            ],
            [
              5.06067,
              52.285193
            ],
            [
              5.06065,
              52.28519
            ],
            [
              5.06063,
              52.285187
            ],
            [
              5.060611,
              52.285184
            ],
            [
              5.060591,
              52.285181
            ],
            [
              5.060572,
              52.285178
            ],
            [
              5.060552,
              52.285175
            ],
            [
              5.060532,
              52.285171
            ],
            [
              5.060513,
              52.285168
            ],
            [
              5.060494,
              52.285164
            ],
            [
              5.060474,
              52.28516
            ],
            [
              5.060455,
              52.285156
            ],
            [
              5.060436,
              52.285152
            ],
            [
              5.060417,
              52.285148
            ],
            [
              5.060398,
              52.285143
            ],
            [
              5.06037,
              52.285136
            ],
            [
              5.060342,
              52.285129
            ],
            [
              5.060314,
              52.285122
            ],
            [
              5.060285,
              52.285114
            ],
            [
              5.060258,
              52.285107
            ],
            [
              5.06023,
              52.2851
            ],
            [
              5.060202,
              52.285092
            ],
            [
              5.060174,
              52.285084
            ],
            [
              5.060147,
              52.285076
            ],
            [
              5.060119,
              52.285068
            ],
            [
              5.060092,
              52.28506
            ],
            [
              5.060064,
              52.285052
            ],
            [
              5.060037,
              52.285043
            ],
            [
              5.06001,
              52.285035
            ],
            [
              5.059983,
              52.285026
            ],
            [
              5.059956,
              52.285018
            ],
            [
              5.059931,
              52.28501
            ],
            [
              5.059906,
              52.285001
            ],
            [
              5.059881,
              52.284993
            ],
            [
              5.059857,
              52.284984
            ],
            [
              5.059832,
              52.284976
            ],
            [
              5.059808,
              52.284967
            ],
            [
              5.059784,
              52.284958
            ],
            [
              5.059759,
              52.28495
            ],
            [
              5.059735,
              52.28494
            ],
            [
              5.059711,
              52.284931
            ],
            [
              5.059687,
              52.284922
            ],
            [
              5.059664,
              52.284913
            ],
            [
              5.05964,
              52.284903
            ],
            [
              5.059616,
              52.284894
            ],
            [
              5.059294,
              52.284763
            ],
            [
              5.058906,
              52.284608
            ],
            [
              5.058795,
              52.284559
            ],
            [
              5.058777,
              52.284551
            ],
            [
              5.058324,
              52.284348
            ],
            [
              5.05794,
              52.284177
            ],
            [
              5.057535,
              52.283995
            ],
            [
              5.057215,
              52.28385
            ],
            [
              5.057158,
              52.283824
            ],
            [
              5.057148,
              52.283819
            ],
            [
              5.056643,
              52.283595
            ],
            [
              5.05612,
              52.28336
            ],
            [
              5.05575,
              52.283189
            ],
            [
              5.055726,
              52.283178
            ],
            [
              5.055702,
              52.283167
            ],
            [
              5.055678,
              52.283157
            ],
            [
              5.055654,
              52.283146
            ],
            [
              5.055629,
              52.283136
            ],
            [
              5.055605,
              52.283125
            ],
            [
              5.05558,
              52.283115
            ],
            [
              5.055555,
              52.283105
            ],
            [
              5.05553,
              52.283095
            ],
            [
              5.055505,
              52.283085
            ],
            [
              5.05548,
              52.283075
            ],
            [
              5.055454,
              52.283065
            ],
            [
              5.055429,
              52.283056
            ],
            [
              5.055403,
              52.283046
            ],
            [
              5.055378,
              52.283037
            ],
            [
              5.055293,
              52.283006
            ],
            [
              5.055286,
              52.283004
            ],
            [
              5.055278,
              52.283001
            ],
            [
              5.055226,
              52.282985
            ],
            [
              5.055173,
              52.282968
            ],
            [
              5.055121,
              52.282952
            ],
            [
              5.055068,
              52.282935
            ],
            [
              5.055015,
              52.282919
            ],
            [
              5.054962,
              52.282903
            ],
            [
              5.054909,
              52.282887
            ],
            [
              5.054651,
              52.282815
            ],
            [
              5.054412,
              52.282754
            ],
            [
              5.054164,
              52.282696
            ],
            [
              5.053922,
              52.282643
            ],
            [
              5.053782,
              52.282615
            ],
            [
              5.053533,
              52.282568
            ],
            [
              5.053169,
              52.2825
            ],
            [
              5.05273,
              52.282417
            ],
            [
              5.052219,
              52.282324
            ],
            [
              5.051872,
              52.282259
            ],
            [
              5.051848,
              52.282254
            ],
            [
              5.051825,
              52.282249
            ],
            [
              5.051801,
              52.282244
            ],
            [
              5.051778,
              52.282239
            ],
            [
              5.051755,
              52.282234
            ],
            [
              5.051731,
              52.282229
            ],
            [
              5.051708,
              52.282224
            ],
            [
              5.051685,
              52.282218
            ],
            [
              5.051662,
              52.282212
            ],
            [
              5.05164,
              52.282207
            ],
            [
              5.051617,
              52.282201
            ],
            [
              5.051594,
              52.282195
            ],
            [
              5.051571,
              52.282189
            ],
            [
              5.051549,
              52.282182
            ],
            [
              5.051526,
              52.282176
            ],
            [
              5.051504,
              52.28217
            ],
            [
              5.051482,
              52.282163
            ],
            [
              5.05146,
              52.282156
            ],
            [
              5.05144,
              52.28215
            ],
            [
              5.051421,
              52.282144
            ],
            [
              5.051402,
              52.282138
            ],
            [
              5.051383,
              52.282131
            ],
            [
              5.051364,
              52.282125
            ],
            [
              5.051345,
              52.282118
            ],
            [
              5.051327,
              52.282111
            ],
            [
              5.051308,
              52.282105
            ],
            [
              5.05129,
              52.282098
            ],
            [
              5.051271,
              52.282091
            ],
            [
              5.051253,
              52.282083
            ],
            [
              5.051235,
              52.282076
            ],
            [
              5.051217,
              52.282069
            ],
            [
              5.051199,
              52.282061
            ],
            [
              5.051181,
              52.282054
            ],
            [
              5.051164,
              52.282046
            ],
            [
              5.051146,
              52.282038
            ],
            [
              5.051129,
              52.28203
            ],
            [
              5.051111,
              52.282022
            ],
            [
              5.051092,
              52.282013
            ],
            [
              5.051073,
              52.282003
            ],
            [
              5.051054,
              52.281994
            ],
            [
              5.051035,
              52.281984
            ],
            [
              5.051016,
              52.281974
            ],
            [
              5.050997,
              52.281964
            ],
            [
              5.050978,
              52.281954
            ],
            [
              5.05096,
              52.281944
            ],
            [
              5.050942,
              52.281934
            ],
            [
              5.050923,
              52.281924
            ],
            [
              5.050905,
              52.281913
            ],
            [
              5.050887,
              52.281903
            ],
            [
              5.05087,
              52.281892
            ],
            [
              5.050852,
              52.281882
            ],
            [
              5.050835,
              52.281871
            ],
            [
              5.050818,
              52.28186
            ],
            [
              5.050801,
              52.281849
            ],
            [
              5.050784,
              52.281838
            ],
            [
              5.050767,
              52.281827
            ],
            [
              5.05075,
              52.281816
            ],
            [
              5.050734,
              52.281804
            ],
            [
              5.050718,
              52.281793
            ],
            [
              5.050704,
              52.281784
            ],
            [
              5.05069,
              52.281774
            ],
            [
              5.050676,
              52.281765
            ],
            [
              5.050663,
              52.281755
            ],
            [
              5.050649,
              52.281745
            ],
            [
              5.050636,
              52.281735
            ],
            [
              5.050623,
              52.281726
            ],
            [
              5.050611,
              52.281716
            ],
            [
              5.050598,
              52.281706
            ],
            [
              5.050585,
              52.281695
            ],
            [
              5.050573,
              52.281685
            ],
            [
              5.050561,
              52.281675
            ],
            [
              5.050549,
              52.281665
            ],
            [
              5.050537,
              52.281654
            ],
            [
              5.050526,
              52.281644
            ],
            [
              5.050514,
              52.281633
            ],
            [
              5.050503,
              52.281622
            ],
            [
              5.050381,
              52.28151
            ],
            [
              5.050272,
              52.281396
            ],
            [
              5.050151,
              52.281258
            ],
            [
              5.05006,
              52.281141
            ],
            [
              5.049957,
              52.280998
            ],
            [
              5.049947,
              52.280983
            ],
            [
              5.049936,
              52.280967
            ],
            [
              5.049926,
              52.280951
            ],
            [
              5.049916,
              52.280935
            ],
            [
              5.049906,
              52.280919
            ],
            [
              5.049897,
              52.280903
            ],
            [
              5.049887,
              52.280887
            ],
            [
              5.049878,
              52.280871
            ],
            [
              5.049869,
              52.280855
            ],
            [
              5.049861,
              52.280839
            ],
            [
              5.049852,
              52.280823
            ],
            [
              5.049844,
              52.280807
            ],
            [
              5.049836,
              52.28079
            ],
            [
              5.049828,
              52.280774
            ],
            [
              5.04982,
              52.280758
            ],
            [
              5.049813,
              52.280741
            ],
            [
              5.049806,
              52.280725
            ],
            [
              5.049799,
              52.280708
            ],
            [
              5.049792,
              52.280692
            ],
            [
              5.049786,
              52.280675
            ],
            [
              5.049779,
              52.280658
            ],
            [
              5.049772,
              52.280641
            ],
            [
              5.049766,
              52.280623
            ],
            [
              5.049759,
              52.280606
            ],
            [
              5.049753,
              52.280588
            ],
            [
              5.049747,
              52.280571
            ],
            [
              5.049742,
              52.280553
            ],
            [
              5.049736,
              52.280535
            ],
            [
              5.049731,
              52.280518
            ],
            [
              5.049726,
              52.2805
            ],
            [
              5.049721,
              52.280483
            ],
            [
              5.049717,
              52.280465
            ],
            [
              5.049712,
              52.280447
            ],
            [
              5.049708,
              52.28043
            ],
            [
              5.049704,
              52.280412
            ],
            [
              5.049701,
              52.280394
            ],
            [
              5.049697,
              52.280376
            ],
            [
              5.049694,
              52.280359
            ],
            [
              5.049666,
              52.280206
            ],
            [
              5.049652,
              52.280072
            ],
            [
              5.049644,
              52.280011
            ],
            [
              5.049642,
              52.27974
            ],
            [
              5.049637,
              52.279539
            ],
            [
              5.049635,
              52.279434
            ],
            [
              5.049628,
              52.279229
            ],
            [
              5.049633,
              52.278919
            ],
            [
              5.049648,
              52.278624
            ],
            [
              5.049667,
              52.278398
            ],
            [
              5.049684,
              52.278204
            ],
            [
              5.049685,
              52.278189
            ],
            [
              5.049686,
              52.278175
            ],
            [
              5.049687,
              52.278161
            ],
            [
              5.049688,
              52.278146
            ],
            [
              5.049688,
              52.278132
            ],
            [
              5.049688,
              52.278118
            ],
            [
              5.049688,
              52.278103
            ],
            [
              5.049688,
              52.278089
            ],
            [
              5.049687,
              52.278075
            ],
            [
              5.049687,
              52.27806
            ],
            [
              5.049686,
              52.278046
            ],
            [
              5.049685,
              52.278032
            ],
            [
              5.049683,
              52.278017
            ],
            [
              5.049682,
              52.278003
            ],
            [
              5.04968,
              52.277989
            ],
            [
              5.049677,
              52.277975
            ],
            [
              5.049675,
              52.277962
            ],
            [
              5.049672,
              52.277949
            ],
            [
              5.049669,
              52.277936
            ],
            [
              5.049665,
              52.277922
            ],
            [
              5.049662,
              52.277909
            ],
            [
              5.049658,
              52.277896
            ],
            [
              5.049654,
              52.277883
            ],
            [
              5.04965,
              52.27787
            ],
            [
              5.049645,
              52.277857
            ],
            [
              5.04964,
              52.277844
            ],
            [
              5.049635,
              52.27783
            ],
            [
              5.04963,
              52.277817
            ],
            [
              5.049625,
              52.277804
            ],
            [
              5.049619,
              52.277791
            ],
            [
              5.049614,
              52.277778
            ],
            [
              5.049607,
              52.277766
            ],
            [
              5.049601,
              52.277753
            ],
            [
              5.049595,
              52.27774
            ],
            [
              5.049588,
              52.277727
            ],
            [
              5.049581,
              52.277715
            ],
            [
              5.049574,
              52.277702
            ],
            [
              5.049566,
              52.277689
            ],
            [
              5.049557,
              52.277676
            ],
            [
              5.049548,
              52.277663
            ],
            [
              5.049539,
              52.27765
            ],
            [
              5.04953,
              52.277637
            ],
            [
              5.04952,
              52.277624
            ],
            [
              5.04951,
              52.277611
            ],
            [
              5.0495,
              52.277598
            ],
            [
              5.04949,
              52.277586
            ],
            [
              5.049479,
              52.277573
            ],
            [
              5.049468,
              52.27756
            ],
            [
              5.049458,
              52.277548
            ],
            [
              5.049447,
              52.277535
            ],
            [
              5.049435,
              52.277523
            ],
            [
              5.049424,
              52.27751
            ],
            [
              5.049412,
              52.277498
            ],
            [
              5.0494,
              52.277486
            ],
            [
              5.049388,
              52.277473
            ],
            [
              5.049376,
              52.277461
            ],
            [
              5.049364,
              52.277449
            ],
            [
              5.049351,
              52.277437
            ],
            [
              5.049339,
              52.277425
            ],
            [
              5.049326,
              52.277414
            ],
            [
              5.049313,
              52.277403
            ],
            [
              5.0493,
              52.277392
            ],
            [
              5.049289,
              52.277383
            ],
            [
              5.049277,
              52.277374
            ],
            [
              5.049266,
              52.277365
            ],
            [
              5.049254,
              52.277356
            ],
            [
              5.049242,
              52.277347
            ],
            [
              5.04923,
              52.277338
            ],
            [
              5.049218,
              52.27733
            ],
            [
              5.049205,
              52.277321
            ],
            [
              5.049192,
              52.277312
            ],
            [
              5.04918,
              52.277304
            ],
            [
              5.049167,
              52.277296
            ],
            [
              5.049154,
              52.277287
            ],
            [
              5.049141,
              52.277279
            ],
            [
              5.049127,
              52.277271
            ],
            [
              5.049114,
              52.277263
            ],
            [
              5.0491,
              52.277255
            ],
            [
              5.049086,
              52.277247
            ],
            [
              5.04901,
              52.277203
            ],
            [
              5.048919,
              52.277163
            ],
            [
              5.048679,
              52.277059
            ],
            [
              5.048602,
              52.27703
            ],
            [
              5.048587,
              52.277026
            ],
            [
              5.048572,
              52.277021
            ],
            [
              5.048558,
              52.277017
            ],
            [
              5.048543,
              52.277014
            ],
            [
              5.048528,
              52.27701
            ],
            [
              5.048513,
              52.277006
            ],
            [
              5.048498,
              52.277003
            ],
            [
              5.048481,
              52.276999
            ],
            [
              5.048464,
              52.276995
            ],
            [
              5.048447,
              52.276992
            ],
            [
              5.04843,
              52.276989
            ],
            [
              5.048413,
              52.276985
            ],
            [
              5.048395,
              52.276982
            ],
            [
              5.048378,
              52.276979
            ],
            [
              5.048361,
              52.276976
            ],
            [
              5.048343,
              52.276974
            ],
            [
              5.048326,
              52.276971
            ],
            [
              5.048309,
              52.276969
            ],
            [
              5.048291,
              52.276967
            ],
            [
              5.048273,
              52.276964
            ],
            [
              5.048256,
              52.276962
            ],
            [
              5.048238,
              52.276961
            ],
            [
              5.048217,
              52.276958
            ],
            [
              5.048197,
              52.276957
            ],
            [
              5.048176,
              52.276955
            ],
            [
              5.048155,
              52.276953
            ],
            [
              5.048135,
              52.276952
            ],
            [
              5.048114,
              52.276951
            ],
            [
              5.048093,
              52.27695
            ],
            [
              5.048072,
              52.276949
            ],
            [
              5.048051,
              52.276948
            ],
            [
              5.048031,
              52.276947
            ],
            [
              5.04801,
              52.276946
            ],
            [
              5.047989,
              52.276946
            ],
            [
              5.047968,
              52.276945
            ],
            [
              5.047947,
              52.276945
            ],
            [
              5.047926,
              52.276945
            ],
            [
              5.047905,
              52.276945
            ],
            [
              5.047885,
              52.276945
            ],
            [
              5.047864,
              52.276946
            ],
            [
              5.047843,
              52.276946
            ],
            [
              5.047822,
              52.276947
            ],
            [
              5.047801,
              52.276947
            ],
            [
              5.047781,
              52.276948
            ],
            [
              5.04776,
              52.276949
            ],
            [
              5.047739,
              52.27695
            ],
            [
              5.047715,
              52.276952
            ],
            [
              5.047692,
              52.276953
            ],
            [
              5.047668,
              52.276955
            ],
            [
              5.047644,
              52.276957
            ],
            [
              5.047621,
              52.276959
            ],
            [
              5.047597,
              52.276961
            ],
            [
              5.047574,
              52.276963
            ],
            [
              5.04755,
              52.276965
            ],
            [
              5.047527,
              52.276967
            ],
            [
              5.047504,
              52.27697
            ],
            [
              5.04748,
              52.276973
            ],
            [
              5.047457,
              52.276976
            ],
            [
              5.047434,
              52.276979
            ],
            [
              5.04741,
              52.276982
            ],
            [
              5.047387,
              52.276985
            ],
            [
              5.047364,
              52.276988
            ],
            [
              5.047341,
              52.276992
            ],
            [
              5.047318,
              52.276995
            ],
            [
              5.047295,
              52.276999
            ],
            [
              5.047272,
              52.277003
            ],
            [
              5.047246,
              52.277007
            ],
            [
              5.047219,
              52.277012
            ],
            [
              5.047193,
              52.277017
            ],
            [
              5.047167,
              52.277022
            ],
            [
              5.047141,
              52.277027
            ],
            [
              5.047115,
              52.277032
            ],
            [
              5.047089,
              52.277038
            ],
            [
              5.047063,
              52.277043
            ],
            [
              5.047038,
              52.277049
            ],
            [
              5.047012,
              52.277055
            ],
            [
              5.046986,
              52.277061
            ],
            [
              5.046961,
              52.277067
            ],
            [
              5.046935,
              52.277073
            ],
            [
              5.04691,
              52.277079
            ],
            [
              5.046885,
              52.277085
            ],
            [
              5.046859,
              52.277092
            ],
            [
              5.046834,
              52.277099
            ],
            [
              5.046451,
              52.277205
            ],
            [
              5.046086,
              52.277312
            ],
            [
              5.045656,
              52.277442
            ],
            [
              5.045364,
              52.277528
            ],
            [
              5.045276,
              52.277554
            ],
            [
              5.045224,
              52.27757
            ],
            [
              5.045172,
              52.277585
            ],
            [
              5.04512,
              52.2776
            ],
            [
              5.045068,
              52.277616
            ],
            [
              5.045015,
              52.277631
            ],
            [
              5.044963,
              52.277645
            ],
            [
              5.04491,
              52.27766
            ],
            [
              5.044858,
              52.277675
            ],
            [
              5.044805,
              52.277689
            ],
            [
              5.044566,
              52.277749
            ],
            [
              5.044389,
              52.277792
            ],
            [
              5.044209,
              52.27783
            ],
            [
              5.044176,
              52.277837
            ],
            [
              5.044142,
              52.277843
            ],
            [
              5.044109,
              52.277849
            ],
            [
              5.044075,
              52.277855
            ],
            [
              5.044041,
              52.277861
            ],
            [
              5.044007,
              52.277867
            ],
            [
              5.043973,
              52.277873
            ],
            [
              5.043939,
              52.277878
            ],
            [
              5.043905,
              52.277884
            ],
            [
              5.043871,
              52.277889
            ],
            [
              5.043837,
              52.277894
            ],
            [
              5.043802,
              52.277899
            ],
            [
              5.043768,
              52.277904
            ],
            [
              5.043734,
              52.277909
            ],
            [
              5.043705,
              52.277913
            ],
            [
              5.043677,
              52.277916
            ],
            [
              5.043648,
              52.277919
            ],
            [
              5.04362,
              52.277923
            ],
            [
              5.043591,
              52.277926
            ],
            [
              5.043563,
              52.277929
            ],
            [
              5.043534,
              52.277931
            ],
            [
              5.043505,
              52.277934
            ],
            [
              5.043477,
              52.277937
            ],
            [
              5.043448,
              52.277939
            ],
            [
              5.043419,
              52.277941
            ],
            [
              5.04339,
              52.277944
            ],
            [
              5.043361,
              52.277946
            ],
            [
              5.043289,
              52.277951
            ],
            [
              5.043224,
              52.277955
            ],
            [
              5.043199,
              52.277956
            ],
            [
              5.043175,
              52.277957
            ],
            [
              5.04315,
              52.277958
            ],
            [
              5.043125,
              52.277959
            ],
            [
              5.0431,
              52.277959
            ],
            [
              5.043076,
              52.277959
            ],
            [
              5.043051,
              52.27796
            ],
            [
              5.043026,
              52.27796
            ],
            [
              5.043001,
              52.27796
            ],
            [
              5.042977,
              52.277959
            ],
            [
              5.042952,
              52.277959
            ],
            [
              5.042927,
              52.277959
            ],
            [
              5.042903,
              52.277958
            ],
            [
              5.042878,
              52.277957
            ],
            [
              5.042853,
              52.277956
            ],
            [
              5.042829,
              52.277955
            ],
            [
              5.042804,
              52.277954
            ],
            [
              5.042777,
              52.277953
            ],
            [
              5.042751,
              52.277951
            ],
            [
              5.042724,
              52.277949
            ],
            [
              5.042698,
              52.277947
            ],
            [
              5.042671,
              52.277945
            ],
            [
              5.042644,
              52.277943
            ],
            [
              5.042618,
              52.27794
            ],
            [
              5.042591,
              52.277938
            ],
            [
              5.042565,
              52.277935
            ],
            [
              5.042539,
              52.277932
            ],
            [
              5.042512,
              52.277929
            ],
            [
              5.042486,
              52.277926
            ],
            [
              5.04246,
              52.277923
            ],
            [
              5.042433,
              52.27792
            ],
            [
              5.042407,
              52.277916
            ],
            [
              5.042381,
              52.277912
            ],
            [
              5.042355,
              52.277909
            ],
            [
              5.042165,
              52.277879
            ],
            [
              5.042135,
              52.277874
            ],
            [
              5.042106,
              52.277869
            ],
            [
              5.042077,
              52.277864
            ],
            [
              5.042047,
              52.277858
            ],
            [
              5.042018,
              52.277853
            ],
            [
              5.041989,
              52.277847
            ],
            [
              5.04196,
              52.277841
            ],
            [
              5.041931,
              52.277835
            ],
            [
              5.041902,
              52.277829
            ],
            [
              5.041874,
              52.277822
            ],
            [
              5.041845,
              52.277816
            ],
            [
              5.041816,
              52.27781
            ],
            [
              5.041788,
              52.277803
            ],
            [
              5.041601,
              52.277756
            ],
            [
              5.04141,
              52.277704
            ],
            [
              5.041242,
              52.277652
            ],
            [
              5.041147,
              52.277626
            ],
            [
              5.040722,
              52.277521
            ],
            [
              5.040324,
              52.277427
            ],
            [
              5.040013,
              52.277358
            ],
            [
              5.039794,
              52.277311
            ],
            [
              5.039287,
              52.277206
            ],
            [
              5.039005,
              52.277147
            ],
            [
              5.038471,
              52.277038
            ],
            [
              5.038357,
              52.277005
            ],
            [
              5.038224,
              52.276971
            ],
            [
              5.038051,
              52.276918
            ],
            [
              5.037864,
              52.276857
            ],
            [
              5.03773,
              52.276812
            ],
            [
              5.037546,
              52.27675
            ],
            [
              5.037396,
              52.276695
            ],
            [
              5.036871,
              52.276518
            ],
            [
              5.036524,
              52.276401
            ],
            [
              5.036308,
              52.276325
            ],
            [
              5.036069,
              52.276245
            ],
            [
              5.035748,
              52.276142
            ],
            [
              5.035429,
              52.276044
            ],
            [
              5.035257,
              52.275984
            ],
            [
              5.03523,
              52.275975
            ],
            [
              5.035156,
              52.275952
            ],
            [
              5.03508,
              52.275928
            ],
            [
              5.035012,
              52.275911
            ],
            [
              5.034912,
              52.275889
            ],
            [
              5.034816,
              52.275868
            ],
            [
              5.034707,
              52.275849
            ],
            [
              5.034582,
              52.275829
            ],
            [
              5.034478,
              52.275815
            ],
            [
              5.034333,
              52.275796
            ],
            [
              5.034263,
              52.275785
            ],
            [
              5.0342,
              52.275774
            ],
            [
              5.034063,
              52.275739
            ],
            [
              5.034001,
              52.275719
            ],
            [
              5.033941,
              52.275699
            ],
            [
              5.033859,
              52.275668
            ],
            [
              5.033794,
              52.27564
            ],
            [
              5.033648,
              52.27558
            ],
            [
              5.033548,
              52.275539
            ],
            [
              5.033475,
              52.275506
            ],
            [
              5.033398,
              52.275471
            ],
            [
              5.033328,
              52.275437
            ],
            [
              5.033278,
              52.275412
            ],
            [
              5.033211,
              52.275375
            ],
            [
              5.033156,
              52.275344
            ],
            [
              5.033093,
              52.275305
            ],
            [
              5.03307,
              52.27529
            ],
            [
              5.032999,
              52.275241
            ],
            [
              5.032959,
              52.275212
            ],
            [
              5.03288,
              52.275148
            ],
            [
              5.032826,
              52.2751
            ],
            [
              5.032779,
              52.275054
            ],
            [
              5.032734,
              52.275006
            ],
            [
              5.032687,
              52.274956
            ],
            [
              5.032586,
              52.274835
            ],
            [
              5.032455,
              52.274675
            ],
            [
              5.032396,
              52.274605
            ],
            [
              5.032343,
              52.27454
            ],
            [
              5.032135,
              52.274279
            ],
            [
              5.03205,
              52.27417
            ],
            [
              5.031961,
              52.274059
            ],
            [
              5.031872,
              52.273954
            ],
            [
              5.031752,
              52.273812
            ],
            [
              5.031687,
              52.273734
            ],
            [
              5.031559,
              52.273582
            ],
            [
              5.031532,
              52.273551
            ],
            [
              5.031482,
              52.273476
            ],
            [
              5.031439,
              52.27342
            ],
            [
              5.031272,
              52.273195
            ],
            [
              5.031256,
              52.273173
            ],
            [
              5.031225,
              52.273116
            ],
            [
              5.031173,
              52.273011
            ],
            [
              5.031122,
              52.272914
            ],
            [
              5.031116,
              52.272905
            ],
            [
              5.031098,
              52.272858
            ],
            [
              5.03106,
              52.272765
            ],
            [
              5.031025,
              52.272678
            ],
            [
              5.030995,
              52.272606
            ],
            [
              5.030954,
              52.272533
            ],
            [
              5.030933,
              52.272503
            ],
            [
              5.030917,
              52.272488
            ],
            [
              5.030811,
              52.272395
            ],
            [
              5.030775,
              52.272365
            ],
            [
              5.030715,
              52.272329
            ],
            [
              5.030579,
              52.272248
            ],
            [
              5.030368,
              52.272209
            ],
            [
              5.030131,
              52.272136
            ],
            [
              5.029954,
              52.272085
            ],
            [
              5.029814,
              52.272044
            ],
            [
              5.029657,
              52.272026
            ],
            [
              5.029538,
              52.272014
            ],
            [
              5.029518,
              52.272013
            ],
            [
              5.029239,
              52.272021
            ],
            [
              5.029007,
              52.272025
            ],
            [
              5.028903,
              52.272028
            ],
            [
              5.028793,
              52.272036
            ],
            [
              5.028649,
              52.272048
            ],
            [
              5.028559,
              52.27206
            ],
            [
              5.028331,
              52.272091
            ],
            [
              5.028172,
              52.272133
            ],
            [
              5.027919,
              52.272203
            ],
            [
              5.027729,
              52.272256
            ],
            [
              5.027584,
              52.272293
            ],
            [
              5.027395,
              52.272339
            ],
            [
              5.027251,
              52.272377
            ],
            [
              5.02706,
              52.272432
            ],
            [
              5.026854,
              52.272492
            ],
            [
              5.026594,
              52.272567
            ],
            [
              5.026378,
              52.27263
            ],
            [
              5.026058,
              52.272722
            ],
            [
              5.025773,
              52.272804
            ],
            [
              5.025525,
              52.272876
            ],
            [
              5.025405,
              52.27291
            ],
            [
              5.025155,
              52.272974
            ],
            [
              5.025097,
              52.272989
            ],
            [
              5.024926,
              52.27304
            ],
            [
              5.02472,
              52.273101
            ],
            [
              5.02456,
              52.273144
            ],
            [
              5.024444,
              52.273175
            ],
            [
              5.024387,
              52.273189
            ],
            [
              5.024357,
              52.273196
            ],
            [
              5.024213,
              52.273217
            ],
            [
              5.024078,
              52.273236
            ],
            [
              5.023846,
              52.27323
            ],
            [
              5.02371,
              52.273208
            ],
            [
              5.023702,
              52.273206
            ],
            [
              5.023464,
              52.273118
            ],
            [
              5.02334,
              52.273073
            ],
            [
              5.023273,
              52.273029
            ],
            [
              5.02324,
              52.273007
            ],
            [
              5.023021,
              52.272848
            ],
            [
              5.022974,
              52.272719
            ],
            [
              5.02293,
              52.2726
            ],
            [
              5.022909,
              52.272539
            ],
            [
              5.022887,
              52.272483
            ],
            [
              5.022886,
              52.272416
            ],
            [
              5.022914,
              52.272351
            ],
            [
              5.022922,
              52.272333
            ],
            [
              5.023014,
              52.27213
            ],
            [
              5.023079,
              52.27198
            ],
            [
              5.023138,
              52.271852
            ],
            [
              5.023204,
              52.271702
            ],
            [
              5.023291,
              52.271509
            ],
            [
              5.02331,
              52.271472
            ],
            [
              5.023323,
              52.271454
            ],
            [
              5.023479,
              52.271206
            ],
            [
              5.023553,
              52.271106
            ],
            [
              5.023673,
              52.270951
            ],
            [
              5.023719,
              52.270891
            ],
            [
              5.023765,
              52.270832
            ],
            [
              5.02381,
              52.270772
            ],
            [
              5.023856,
              52.270711
            ],
            [
              5.023901,
              52.270651
            ],
            [
              5.023946,
              52.270591
            ],
            [
              5.024092,
              52.27042
            ],
            [
              5.024237,
              52.270248
            ],
            [
              5.024257,
              52.270225
            ],
            [
              5.024276,
              52.270202
            ],
            [
              5.024296,
              52.270179
            ],
            [
              5.024316,
              52.270156
            ],
            [
              5.024337,
              52.270134
            ],
            [
              5.024357,
              52.270111
            ],
            [
              5.024378,
              52.270089
            ],
            [
              5.024399,
              52.270066
            ],
            [
              5.02442,
              52.270044
            ],
            [
              5.024441,
              52.270021
            ],
            [
              5.024463,
              52.269999
            ],
            [
              5.024484,
              52.269977
            ],
            [
              5.024613,
              52.269843
            ],
            [
              5.024742,
              52.269709
            ],
            [
              5.024817,
              52.269633
            ],
            [
              5.024938,
              52.269516
            ],
            [
              5.024954,
              52.269501
            ],
            [
              5.024971,
              52.269486
            ],
            [
              5.024987,
              52.269471
            ],
            [
              5.025004,
              52.269455
            ],
            [
              5.025022,
              52.26944
            ],
            [
              5.025039,
              52.269425
            ],
            [
              5.025056,
              52.269411
            ],
            [
              5.025074,
              52.269396
            ],
            [
              5.025092,
              52.269381
            ],
            [
              5.02511,
              52.269366
            ],
            [
              5.025128,
              52.269352
            ],
            [
              5.025146,
              52.269337
            ],
            [
              5.025165,
              52.269323
            ],
            [
              5.025184,
              52.269309
            ],
            [
              5.025203,
              52.269294
            ],
            [
              5.025218,
              52.269283
            ],
            [
              5.025233,
              52.269271
            ],
            [
              5.025248,
              52.269259
            ],
            [
              5.025264,
              52.269248
            ],
            [
              5.025279,
              52.269236
            ],
            [
              5.025295,
              52.269225
            ],
            [
              5.025311,
              52.269213
            ],
            [
              5.025327,
              52.269202
            ],
            [
              5.025343,
              52.269191
            ],
            [
              5.02536,
              52.26918
            ],
            [
              5.025376,
              52.269169
            ],
            [
              5.025393,
              52.269158
            ],
            [
              5.02541,
              52.269147
            ],
            [
              5.025427,
              52.269136
            ],
            [
              5.025444,
              52.269126
            ],
            [
              5.025462,
              52.269115
            ],
            [
              5.025481,
              52.269103
            ],
            [
              5.025502,
              52.26909
            ],
            [
              5.025522,
              52.269078
            ],
            [
              5.025542,
              52.269066
            ],
            [
              5.025563,
              52.269053
            ],
            [
              5.025583,
              52.269041
            ],
            [
              5.025604,
              52.269029
            ],
            [
              5.025625,
              52.269017
            ],
            [
              5.025646,
              52.269005
            ],
            [
              5.025667,
              52.268994
            ],
            [
              5.025689,
              52.268982
            ],
            [
              5.02571,
              52.268971
            ],
            [
              5.025732,
              52.268959
            ],
            [
              5.025754,
              52.268948
            ],
            [
              5.025786,
              52.268931
            ],
            [
              5.025818,
              52.268914
            ],
            [
              5.02585,
              52.268897
            ],
            [
              5.025882,
              52.26888
            ],
            [
              5.025915,
              52.268863
            ],
            [
              5.025948,
              52.268847
            ],
            [
              5.02598,
              52.26883
            ],
            [
              5.026013,
              52.268814
            ],
            [
              5.026046,
              52.268797
            ],
            [
              5.02614,
              52.268754
            ],
            [
              5.026271,
              52.268693
            ],
            [
              5.026479,
              52.268596
            ],
            [
              5.026607,
              52.268534
            ],
            [
              5.026727,
              52.268474
            ],
            [
              5.026748,
              52.268463
            ],
            [
              5.02677,
              52.268452
            ],
            [
              5.026791,
              52.26844
            ],
            [
              5.026812,
              52.268429
            ],
            [
              5.026833,
              52.268417
            ],
            [
              5.026854,
              52.268405
            ],
            [
              5.026875,
              52.268393
            ],
            [
              5.026896,
              52.268381
            ],
            [
              5.026916,
              52.268369
            ],
            [
              5.026936,
              52.268357
            ],
            [
              5.026956,
              52.268345
            ],
            [
              5.026977,
              52.268332
            ],
            [
              5.026996,
              52.26832
            ],
            [
              5.027013,
              52.26831
            ],
            [
              5.02703,
              52.268299
            ],
            [
              5.027046,
              52.268289
            ],
            [
              5.027062,
              52.268279
            ],
            [
              5.027079,
              52.268268
            ],
            [
              5.027094,
              52.268258
            ],
            [
              5.02711,
              52.268247
            ],
            [
              5.027126,
              52.268237
            ],
            [
              5.027141,
              52.268226
            ],
            [
              5.027157,
              52.268215
            ],
            [
              5.027172,
              52.268204
            ],
            [
              5.027187,
              52.268193
            ],
            [
              5.027202,
              52.268182
            ],
            [
              5.027232,
              52.268159
            ],
            [
              5.027261,
              52.268135
            ],
            [
              5.027291,
              52.268112
            ],
            [
              5.02732,
              52.268089
            ],
            [
              5.027349,
              52.268066
            ],
            [
              5.027378,
              52.268042
            ],
            [
              5.027407,
              52.268019
            ],
            [
              5.027424,
              52.268002
            ],
            [
              5.027442,
              52.267985
            ],
            [
              5.027459,
              52.267967
            ],
            [
              5.027476,
              52.26795
            ],
            [
              5.027493,
              52.267933
            ],
            [
              5.027509,
              52.267915
            ],
            [
              5.027525,
              52.267898
            ],
            [
              5.027541,
              52.26788
            ],
            [
              5.027557,
              52.267862
            ],
            [
              5.027573,
              52.267845
            ],
            [
              5.027589,
              52.267827
            ],
            [
              5.027604,
              52.267809
            ],
            [
              5.027617,
              52.267792
            ],
            [
              5.027629,
              52.267775
            ],
            [
              5.027641,
              52.267758
            ],
            [
              5.027653,
              52.26774
            ],
            [
              5.027665,
              52.267723
            ],
            [
              5.027676,
              52.267705
            ],
            [
              5.027687,
              52.267688
            ],
            [
              5.027698,
              52.267671
            ],
            [
              5.027709,
              52.267653
            ],
            [
              5.02772,
              52.267635
            ],
            [
              5.02773,
              52.267618
            ],
            [
              5.02775,
              52.267574
            ],
            [
              5.027779,
              52.267507
            ],
            [
              5.027788,
              52.267486
            ],
            [
              5.027796,
              52.267465
            ],
            [
              5.027804,
              52.267443
            ],
            [
              5.027812,
              52.267422
            ],
            [
              5.02782,
              52.2674
            ],
            [
              5.027828,
              52.267379
            ],
            [
              5.027835,
              52.267357
            ],
            [
              5.027842,
              52.267336
            ],
            [
              5.027849,
              52.267314
            ],
            [
              5.027856,
              52.267293
            ],
            [
              5.027862,
              52.267271
            ],
            [
              5.027868,
              52.267249
            ],
            [
              5.027874,
              52.267228
            ],
            [
              5.027878,
              52.267209
            ],
            [
              5.027882,
              52.26719
            ],
            [
              5.027885,
              52.267171
            ],
            [
              5.027888,
              52.267152
            ],
            [
              5.027891,
              52.267134
            ],
            [
              5.027894,
              52.267115
            ],
            [
              5.027896,
              52.267096
            ],
            [
              5.027898,
              52.267077
            ],
            [
              5.0279,
              52.267058
            ],
            [
              5.027902,
              52.267039
            ],
            [
              5.027904,
              52.26702
            ],
            [
              5.027905,
              52.267001
            ],
            [
              5.027906,
              52.266982
            ],
            [
              5.027906,
              52.266978
            ],
            [
              5.027907,
              52.266975
            ],
            [
              5.027908,
              52.266954
            ],
            [
              5.02791,
              52.266934
            ],
            [
              5.027911,
              52.266914
            ],
            [
              5.027912,
              52.266894
            ],
            [
              5.027912,
              52.266874
            ],
            [
              5.027913,
              52.266854
            ],
            [
              5.027913,
              52.266833
            ],
            [
              5.027913,
              52.266813
            ],
            [
              5.027913,
              52.266793
            ],
            [
              5.027913,
              52.266773
            ],
            [
              5.027912,
              52.266753
            ],
            [
              5.027911,
              52.266733
            ],
            [
              5.02791,
              52.266712
            ],
            [
              5.027909,
              52.266692
            ],
            [
              5.027904,
              52.266597
            ],
            [
              5.02789,
              52.266463
            ],
            [
              5.027871,
              52.266338
            ],
            [
              5.027855,
              52.266246
            ],
            [
              5.027848,
              52.26622
            ],
            [
              5.027842,
              52.266194
            ],
            [
              5.027835,
              52.266168
            ],
            [
              5.027828,
              52.266142
            ],
            [
              5.027821,
              52.266117
            ],
            [
              5.027813,
              52.266092
            ],
            [
              5.027806,
              52.266067
            ],
            [
              5.027799,
              52.266042
            ],
            [
              5.027792,
              52.266023
            ],
            [
              5.027785,
              52.266004
            ],
            [
              5.027778,
              52.265985
            ],
            [
              5.027771,
              52.265967
            ],
            [
              5.027764,
              52.265948
            ],
            [
              5.027756,
              52.26593
            ],
            [
              5.027749,
              52.265911
            ],
            [
              5.027741,
              52.265893
            ],
            [
              5.027732,
              52.265874
            ],
            [
              5.027724,
              52.265856
            ],
            [
              5.027705,
              52.265816
            ],
            [
              5.027685,
              52.265775
            ],
            [
              5.027666,
              52.265735
            ],
            [
              5.027646,
              52.265695
            ],
            [
              5.027623,
              52.26566
            ],
            [
              5.027599,
              52.265625
            ],
            [
              5.027575,
              52.26559
            ],
            [
              5.027551,
              52.265555
            ],
            [
              5.027526,
              52.265521
            ],
            [
              5.027497,
              52.265485
            ],
            [
              5.027487,
              52.265472
            ],
            [
              5.027477,
              52.265459
            ],
            [
              5.027466,
              52.265447
            ],
            [
              5.027455,
              52.265434
            ],
            [
              5.027444,
              52.265422
            ],
            [
              5.027433,
              52.26541
            ],
            [
              5.027422,
              52.265397
            ],
            [
              5.02741,
              52.265385
            ],
            [
              5.027399,
              52.265373
            ],
            [
              5.027387,
              52.265361
            ],
            [
              5.027375,
              52.265349
            ],
            [
              5.027363,
              52.265337
            ],
            [
              5.027354,
              52.265327
            ],
            [
              5.027344,
              52.265317
            ],
            [
              5.027335,
              52.265307
            ],
            [
              5.027325,
              52.265297
            ],
            [
              5.027315,
              52.265287
            ],
            [
              5.027305,
              52.265278
            ],
            [
              5.027295,
              52.265268
            ],
            [
              5.027285,
              52.265258
            ],
            [
              5.027274,
              52.265249
            ],
            [
              5.027263,
              52.265239
            ],
            [
              5.027252,
              52.26523
            ],
            [
              5.027241,
              52.265221
            ],
            [
              5.027227,
              52.265208
            ],
            [
              5.027214,
              52.265196
            ],
            [
              5.0272,
              52.265183
            ],
            [
              5.027185,
              52.265171
            ],
            [
              5.027171,
              52.265159
            ],
            [
              5.027157,
              52.265147
            ],
            [
              5.027142,
              52.265135
            ],
            [
              5.027127,
              52.265123
            ],
            [
              5.027112,
              52.265112
            ],
            [
              5.027097,
              52.2651
            ],
            [
              5.027081,
              52.265088
            ],
            [
              5.027066,
              52.265077
            ],
            [
              5.02705,
              52.265065
            ],
            [
              5.027034,
              52.265054
            ],
            [
              5.027018,
              52.265043
            ],
            [
              5.026947,
              52.264991
            ],
            [
              5.026879,
              52.264937
            ],
            [
              5.026867,
              52.264927
            ],
            [
              5.026854,
              52.264918
            ],
            [
              5.026842,
              52.264908
            ],
            [
              5.02683,
              52.264898
            ],
            [
              5.026818,
              52.264888
            ],
            [
              5.026807,
              52.264878
            ],
            [
              5.026795,
              52.264868
            ],
            [
              5.026784,
              52.264857
            ],
            [
              5.026773,
              52.264847
            ],
            [
              5.026762,
              52.264837
            ],
            [
              5.026751,
              52.264826
            ],
            [
              5.026741,
              52.264815
            ],
            [
              5.026731,
              52.264805
            ],
            [
              5.02672,
              52.264795
            ],
            [
              5.02671,
              52.264784
            ],
            [
              5.0267,
              52.264774
            ],
            [
              5.02669,
              52.264764
            ],
            [
              5.02668,
              52.264753
            ],
            [
              5.02667,
              52.264743
            ],
            [
              5.026661,
              52.264733
            ],
            [
              5.026652,
              52.264722
            ],
            [
              5.026643,
              52.264711
            ],
            [
              5.026634,
              52.2647
            ],
            [
              5.026625,
              52.26469
            ],
            [
              5.026617,
              52.264679
            ],
            [
              5.026609,
              52.264668
            ],
            [
              5.0266,
              52.264657
            ],
            [
              5.026592,
              52.264646
            ],
            [
              5.026585,
              52.264635
            ],
            [
              5.026559,
              52.264592
            ],
            [
              5.026555,
              52.264584
            ],
            [
              5.02655,
              52.264576
            ],
            [
              5.026546,
              52.264567
            ],
            [
              5.026542,
              52.264559
            ],
            [
              5.026539,
              52.264551
            ],
            [
              5.026535,
              52.264542
            ],
            [
              5.026532,
              52.264534
            ],
            [
              5.026529,
              52.264525
            ],
            [
              5.026526,
              52.264517
            ],
            [
              5.026524,
              52.264508
            ],
            [
              5.026521,
              52.264499
            ],
            [
              5.026519,
              52.264491
            ],
            [
              5.026517,
              52.264482
            ],
            [
              5.026516,
              52.264473
            ],
            [
              5.026514,
              52.264465
            ],
            [
              5.026513,
              52.264456
            ],
            [
              5.026512,
              52.264447
            ],
            [
              5.026511,
              52.26444
            ],
            [
              5.02651,
              52.264433
            ],
            [
              5.026509,
              52.264424
            ],
            [
              5.026508,
              52.264415
            ],
            [
              5.026507,
              52.264405
            ],
            [
              5.026507,
              52.264396
            ],
            [
              5.026507,
              52.264387
            ],
            [
              5.026507,
              52.264378
            ],
            [
              5.026507,
              52.264368
            ],
            [
              5.026508,
              52.264359
            ],
            [
              5.026508,
              52.26435
            ],
            [
              5.026509,
              52.264341
            ],
            [
              5.02651,
              52.264331
            ],
            [
              5.026512,
              52.264322
            ],
            [
              5.026513,
              52.264314
            ],
            [
              5.026514,
              52.264305
            ],
            [
              5.026516,
              52.264297
            ],
            [
              5.026518,
              52.264288
            ],
            [
              5.02652,
              52.26428
            ],
            [
              5.026522,
              52.264271
            ],
            [
              5.026525,
              52.264263
            ],
            [
              5.026527,
              52.264254
            ],
            [
              5.02653,
              52.264246
            ],
            [
              5.026533,
              52.264238
            ],
            [
              5.026537,
              52.264229
            ],
            [
              5.02654,
              52.264221
            ],
            [
              5.026544,
              52.264213
            ],
            [
              5.026548,
              52.264204
            ],
            [
              5.026552,
              52.264196
            ],
            [
              5.026557,
              52.264188
            ],
            [
              5.026561,
              52.26418
            ],
            [
              5.026566,
              52.264172
            ],
            [
              5.026571,
              52.264164
            ],
            [
              5.026577,
              52.264156
            ],
            [
              5.026582,
              52.264148
            ],
            [
              5.026609,
              52.264123
            ],
            [
              5.026675,
              52.264049
            ],
            [
              5.026692,
              52.264033
            ],
            [
              5.026709,
              52.264017
            ],
            [
              5.026726,
              52.264001
            ],
            [
              5.026743,
              52.263985
            ],
            [
              5.026761,
              52.26397
            ],
            [
              5.026778,
              52.263954
            ],
            [
              5.026796,
              52.263939
            ],
            [
              5.026814,
              52.263923
            ],
            [
              5.026833,
              52.263908
            ],
            [
              5.026851,
              52.263893
            ],
            [
              5.026872,
              52.263876
            ],
            [
              5.026893,
              52.263859
            ],
            [
              5.026915,
              52.263843
            ],
            [
              5.026937,
              52.263826
            ],
            [
              5.026959,
              52.26381
            ],
            [
              5.026981,
              52.263793
            ],
            [
              5.027003,
              52.263777
            ],
            [
              5.027082,
              52.263722
            ],
            [
              5.027198,
              52.263639
            ],
            [
              5.027318,
              52.263566
            ],
            [
              5.027444,
              52.263492
            ],
            [
              5.027557,
              52.263429
            ],
            [
              5.027757,
              52.263323
            ],
            [
              5.028014,
              52.26319
            ],
            [
              5.028255,
              52.263063
            ],
            [
              5.028511,
              52.262934
            ],
            [
              5.028986,
              52.262699
            ],
            [
              5.029331,
              52.262529
            ],
            [
              5.029653,
              52.262373
            ],
            [
              5.029765,
              52.262319
            ],
            [
              5.029923,
              52.262241
            ],
            [
              5.030126,
              52.262136
            ],
            [
              5.030149,
              52.262124
            ],
            [
              5.030172,
              52.262113
            ],
            [
              5.030195,
              52.262101
            ],
            [
              5.030218,
              52.262089
            ],
            [
              5.03024,
              52.262077
            ],
            [
              5.030263,
              52.262065
            ],
            [
              5.030285,
              52.262053
            ],
            [
              5.030307,
              52.26204
            ],
            [
              5.030329,
              52.262028
            ],
            [
              5.030351,
              52.262016
            ],
            [
              5.030373,
              52.262003
            ],
            [
              5.030395,
              52.26199
            ],
            [
              5.030416,
              52.261978
            ],
            [
              5.030437,
              52.261965
            ],
            [
              5.030571,
              52.261888
            ],
            [
              5.030788,
              52.261758
            ],
            [
              5.030817,
              52.26174
            ],
            [
              5.030847,
              52.261722
            ],
            [
              5.030876,
              52.261703
            ],
            [
              5.030905,
              52.261685
            ],
            [
              5.030934,
              52.261666
            ],
            [
              5.030963,
              52.261648
            ],
            [
              5.030991,
              52.261629
            ],
            [
              5.03102,
              52.261611
            ],
            [
              5.031048,
              52.261592
            ],
            [
              5.031076,
              52.261573
            ],
            [
              5.031104,
              52.261554
            ],
            [
              5.031132,
              52.261535
            ],
            [
              5.03116,
              52.261516
            ],
            [
              5.031302,
              52.261416
            ],
            [
              5.031321,
              52.261402
            ],
            [
              5.031341,
              52.261389
            ],
            [
              5.03136,
              52.261375
            ],
            [
              5.031379,
              52.261361
            ],
            [
              5.031398,
              52.261348
            ],
            [
              5.031417,
              52.261334
            ],
            [
              5.031435,
              52.26132
            ],
            [
              5.031454,
              52.261306
            ],
            [
              5.031472,
              52.261292
            ],
            [
              5.03149,
              52.261277
            ],
            [
              5.031508,
              52.261263
            ],
            [
              5.031526,
              52.261249
            ],
            [
              5.031548,
              52.261231
            ],
            [
              5.031595,
              52.261193
            ],
            [
              5.031628,
              52.261166
            ],
            [
              5.031651,
              52.261148
            ],
            [
              5.0317,
              52.261109
            ],
            [
              5.031731,
              52.261084
            ],
            [
              5.031751,
              52.261067
            ],
            [
              5.03177,
              52.26105
            ],
            [
              5.031789,
              52.261033
            ],
            [
              5.031808,
              52.261016
            ],
            [
              5.031827,
              52.260999
            ],
            [
              5.031846,
              52.260982
            ],
            [
              5.031865,
              52.260965
            ],
            [
              5.031883,
              52.260947
            ],
            [
              5.031901,
              52.26093
            ],
            [
              5.031919,
              52.260912
            ],
            [
              5.031937,
              52.260895
            ],
            [
              5.031955,
              52.260877
            ],
            [
              5.031972,
              52.26086
            ],
            [
              5.03199,
              52.260842
            ],
            [
              5.032006,
              52.260824
            ],
            [
              5.032023,
              52.260807
            ],
            [
              5.032039,
              52.260789
            ],
            [
              5.032055,
              52.260771
            ],
            [
              5.032071,
              52.260753
            ],
            [
              5.032087,
              52.260736
            ],
            [
              5.032103,
              52.260717
            ],
            [
              5.032118,
              52.2607
            ],
            [
              5.032133,
              52.260681
            ],
            [
              5.032148,
              52.260663
            ],
            [
              5.032163,
              52.260645
            ],
            [
              5.032178,
              52.260627
            ],
            [
              5.032191,
              52.260611
            ],
            [
              5.032204,
              52.260594
            ],
            [
              5.032217,
              52.260578
            ],
            [
              5.032229,
              52.260561
            ],
            [
              5.032242,
              52.260545
            ],
            [
              5.032254,
              52.260528
            ],
            [
              5.032266,
              52.260511
            ],
            [
              5.032278,
              52.260495
            ],
            [
              5.03229,
              52.260478
            ],
            [
              5.032301,
              52.260461
            ],
            [
              5.032312,
              52.260444
            ],
            [
              5.032323,
              52.260427
            ],
            [
              5.032334,
              52.26041
            ],
            [
              5.032413,
              52.260293
            ],
            [
              5.032461,
              52.260214
            ],
            [
              5.032469,
              52.260202
            ],
            [
              5.032476,
              52.26019
            ],
            [
              5.032483,
              52.260178
            ],
            [
              5.032489,
              52.260166
            ],
            [
              5.032495,
              52.260154
            ],
            [
              5.032502,
              52.260141
            ],
            [
              5.032508,
              52.260129
            ],
            [
              5.032513,
              52.260117
            ],
            [
              5.032519,
              52.260104
            ],
            [
              5.032524,
              52.260092
            ],
            [
              5.032529,
              52.260079
            ],
            [
              5.032534,
              52.260067
            ],
            [
              5.032542,
              52.26005
            ],
            [
              5.032549,
              52.260033
            ],
            [
              5.032556,
              52.260017
            ],
            [
              5.032563,
              52.26
            ],
            [
              5.032569,
              52.259983
            ],
            [
              5.032576,
              52.259966
            ],
            [
              5.032582,
              52.25995
            ],
            [
              5.032588,
              52.259933
            ],
            [
              5.032594,
              52.259916
            ],
            [
              5.032599,
              52.259899
            ],
            [
              5.032605,
              52.259882
            ],
            [
              5.03261,
              52.259868
            ],
            [
              5.032615,
              52.259853
            ],
            [
              5.032619,
              52.259839
            ],
            [
              5.032624,
              52.259825
            ],
            [
              5.032628,
              52.25981
            ],
            [
              5.032632,
              52.259796
            ],
            [
              5.032636,
              52.259782
            ],
            [
              5.03264,
              52.259767
            ],
            [
              5.032643,
              52.259753
            ],
            [
              5.032646,
              52.259738
            ],
            [
              5.032649,
              52.259724
            ],
            [
              5.032652,
              52.259709
            ],
            [
              5.032654,
              52.259695
            ],
            [
              5.032657,
              52.25968
            ],
            [
              5.032659,
              52.259665
            ],
            [
              5.032661,
              52.259651
            ],
            [
              5.032662,
              52.259636
            ],
            [
              5.032664,
              52.259623
            ],
            [
              5.032666,
              52.259609
            ],
            [
              5.032667,
              52.259596
            ],
            [
              5.032669,
              52.259582
            ],
            [
              5.03267,
              52.259568
            ],
            [
              5.032671,
              52.259555
            ],
            [
              5.032671,
              52.259541
            ],
            [
              5.032672,
              52.259527
            ],
            [
              5.032672,
              52.259513
            ],
            [
              5.032672,
              52.2595
            ],
            [
              5.032672,
              52.259486
            ],
            [
              5.032672,
              52.259473
            ],
            [
              5.032672,
              52.259459
            ],
            [
              5.032671,
              52.259446
            ],
            [
              5.03267,
              52.259432
            ],
            [
              5.032669,
              52.259419
            ],
            [
              5.032668,
              52.259405
            ],
            [
              5.032667,
              52.259392
            ],
            [
              5.032665,
              52.259378
            ],
            [
              5.032663,
              52.259365
            ],
            [
              5.032661,
              52.259352
            ],
            [
              5.032659,
              52.259338
            ],
            [
              5.032656,
              52.259325
            ],
            [
              5.032653,
              52.259311
            ],
            [
              5.03265,
              52.259298
            ],
            [
              5.032647,
              52.259285
            ],
            [
              5.032644,
              52.259271
            ],
            [
              5.03264,
              52.259258
            ],
            [
              5.032636,
              52.259245
            ],
            [
              5.032622,
              52.259192
            ],
            [
              5.032607,
              52.25914
            ],
            [
              5.032592,
              52.259087
            ],
            [
              5.032577,
              52.259035
            ],
            [
              5.032561,
              52.258982
            ],
            [
              5.032546,
              52.25893
            ],
            [
              5.032538,
              52.258909
            ],
            [
              5.032531,
              52.258887
            ],
            [
              5.032523,
              52.258866
            ],
            [
              5.032515,
              52.258845
            ],
            [
              5.032507,
              52.258823
            ],
            [
              5.032499,
              52.258802
            ],
            [
              5.03249,
              52.258781
            ],
            [
              5.032481,
              52.25876
            ],
            [
              5.032472,
              52.258739
            ],
            [
              5.032463,
              52.258718
            ],
            [
              5.032453,
              52.258697
            ],
            [
              5.032444,
              52.258676
            ],
            [
              5.032434,
              52.258655
            ],
            [
              5.032423,
              52.258634
            ],
            [
              5.032413,
              52.258613
            ],
            [
              5.032402,
              52.258592
            ],
            [
              5.032392,
              52.258572
            ],
            [
              5.032381,
              52.258551
            ],
            [
              5.032369,
              52.25853
            ],
            [
              5.0323,
              52.258419
            ],
            [
              5.032293,
              52.258406
            ],
            [
              5.032286,
              52.258394
            ],
            [
              5.032279,
              52.258382
            ],
            [
              5.032271,
              52.25837
            ],
            [
              5.032263,
              52.258358
            ],
            [
              5.032255,
              52.258346
            ],
            [
              5.032247,
              52.258334
            ],
            [
              5.032239,
              52.258322
            ],
            [
              5.03223,
              52.258311
            ],
            [
              5.032222,
              52.258299
            ],
            [
              5.032213,
              52.258287
            ],
            [
              5.032203,
              52.258276
            ],
            [
              5.032194,
              52.258264
            ],
            [
              5.032185,
              52.258252
            ],
            [
              5.032175,
              52.258241
            ],
            [
              5.032161,
              52.258224
            ],
            [
              5.032147,
              52.258207
            ],
            [
              5.032132,
              52.25819
            ],
            [
              5.032117,
              52.258173
            ],
            [
              5.032102,
              52.258156
            ],
            [
              5.032088,
              52.258139
            ],
            [
              5.032072,
              52.258122
            ],
            [
              5.032057,
              52.258105
            ],
            [
              5.032041,
              52.258088
            ],
            [
              5.032025,
              52.258072
            ],
            [
              5.032009,
              52.258055
            ],
            [
              5.031993,
              52.258039
            ],
            [
              5.03199,
              52.258035
            ],
            [
              5.031986,
              52.258032
            ],
            [
              5.031952,
              52.257999
            ],
            [
              5.03193,
              52.257978
            ],
            [
              5.031909,
              52.257958
            ],
            [
              5.031887,
              52.257938
            ],
            [
              5.031865,
              52.257917
            ],
            [
              5.031842,
              52.257897
            ],
            [
              5.03182,
              52.257877
            ],
            [
              5.031797,
              52.257857
            ],
            [
              5.031775,
              52.257837
            ],
            [
              5.031752,
              52.257817
            ],
            [
              5.031729,
              52.257797
            ],
            [
              5.031632,
              52.257717
            ],
            [
              5.031614,
              52.257704
            ],
            [
              5.031596,
              52.257691
            ],
            [
              5.031578,
              52.257677
            ],
            [
              5.03156,
              52.257663
            ],
            [
              5.031542,
              52.257649
            ],
            [
              5.031525,
              52.257635
            ],
            [
              5.031507,
              52.257621
            ],
            [
              5.03149,
              52.257607
            ],
            [
              5.031473,
              52.257593
            ],
            [
              5.031457,
              52.257579
            ],
            [
              5.03144,
              52.257564
            ],
            [
              5.031424,
              52.25755
            ],
            [
              5.031408,
              52.257535
            ],
            [
              5.031392,
              52.257521
            ],
            [
              5.031379,
              52.257509
            ],
            [
              5.031366,
              52.257497
            ],
            [
              5.031353,
              52.257485
            ],
            [
              5.031341,
              52.257473
            ],
            [
              5.031328,
              52.257461
            ],
            [
              5.031316,
              52.257449
            ],
            [
              5.031304,
              52.257437
            ],
            [
              5.031292,
              52.257425
            ],
            [
              5.031281,
              52.257412
            ],
            [
              5.031269,
              52.2574
            ],
            [
              5.031258,
              52.257388
            ],
            [
              5.031247,
              52.257375
            ],
            [
              5.031236,
              52.257362
            ],
            [
              5.031225,
              52.25735
            ],
            [
              5.031215,
              52.257337
            ],
            [
              5.031205,
              52.257324
            ],
            [
              5.031195,
              52.257312
            ],
            [
              5.031185,
              52.257299
            ],
            [
              5.031175,
              52.257286
            ],
            [
              5.031166,
              52.257273
            ],
            [
              5.031156,
              52.25726
            ],
            [
              5.031147,
              52.257248
            ],
            [
              5.031138,
              52.257236
            ],
            [
              5.03113,
              52.257224
            ],
            [
              5.031122,
              52.257211
            ],
            [
              5.031114,
              52.257199
            ],
            [
              5.031106,
              52.257187
            ],
            [
              5.031098,
              52.257175
            ],
            [
              5.031091,
              52.257162
            ],
            [
              5.031083,
              52.25715
            ],
            [
              5.031076,
              52.257137
            ],
            [
              5.03107,
              52.257125
            ],
            [
              5.031063,
              52.257112
            ],
            [
              5.031057,
              52.2571
            ],
            [
              5.03105,
              52.257087
            ],
            [
              5.031045,
              52.257075
            ],
            [
              5.031039,
              52.257062
            ],
            [
              5.031033,
              52.257049
            ],
            [
              5.031028,
              52.257036
            ],
            [
              5.031023,
              52.257023
            ],
            [
              5.031018,
              52.257009
            ],
            [
              5.031014,
              52.256996
            ],
            [
              5.031009,
              52.256982
            ],
            [
              5.031005,
              52.256968
            ],
            [
              5.031001,
              52.256955
            ],
            [
              5.030997,
              52.256941
            ],
            [
              5.030993,
              52.256928
            ],
            [
              5.03099,
              52.256914
            ],
            [
              5.030987,
              52.2569
            ],
            [
              5.030984,
              52.256886
            ],
            [
              5.030981,
              52.256873
            ],
            [
              5.030978,
              52.256859
            ],
            [
              5.030976,
              52.256845
            ],
            [
              5.030974,
              52.256833
            ],
            [
              5.030972,
              52.25682
            ],
            [
              5.030971,
              52.256808
            ],
            [
              5.030969,
              52.256796
            ],
            [
              5.030968,
              52.256783
            ],
            [
              5.030967,
              52.256771
            ],
            [
              5.030967,
              52.256758
            ],
            [
              5.030966,
              52.256746
            ],
            [
              5.030966,
              52.256734
            ],
            [
              5.030966,
              52.256721
            ],
            [
              5.030966,
              52.256709
            ],
            [
              5.030967,
              52.256696
            ],
            [
              5.030968,
              52.256684
            ],
            [
              5.030969,
              52.256671
            ],
            [
              5.03097,
              52.256659
            ],
            [
              5.030971,
              52.256647
            ],
            [
              5.030973,
              52.256634
            ],
            [
              5.030975,
              52.256622
            ],
            [
              5.030976,
              52.256605
            ],
            [
              5.030978,
              52.256589
            ],
            [
              5.030981,
              52.256572
            ],
            [
              5.030983,
              52.256556
            ],
            [
              5.030986,
              52.256539
            ],
            [
              5.030989,
              52.256523
            ],
            [
              5.030992,
              52.256506
            ],
            [
              5.030995,
              52.25649
            ],
            [
              5.030999,
              52.256473
            ],
            [
              5.031002,
              52.256457
            ],
            [
              5.031007,
              52.25644
            ],
            [
              5.031011,
              52.256424
            ],
            [
              5.031015,
              52.256408
            ],
            [
              5.03102,
              52.256391
            ],
            [
              5.031024,
              52.256375
            ],
            [
              5.031029,
              52.256359
            ],
            [
              5.031039,
              52.256332
            ],
            [
              5.031049,
              52.256306
            ],
            [
              5.031059,
              52.25628
            ],
            [
              5.031069,
              52.256253
            ],
            [
              5.03108,
              52.256227
            ],
            [
              5.031091,
              52.256201
            ],
            [
              5.031102,
              52.256175
            ],
            [
              5.031113,
              52.256149
            ],
            [
              5.031124,
              52.256122
            ],
            [
              5.031136,
              52.256096
            ],
            [
              5.031144,
              52.256078
            ],
            [
              5.031153,
              52.25606
            ],
            [
              5.031162,
              52.256042
            ],
            [
              5.031171,
              52.256024
            ],
            [
              5.031181,
              52.256006
            ],
            [
              5.031191,
              52.255988
            ],
            [
              5.0312,
              52.25597
            ],
            [
              5.031211,
              52.255952
            ],
            [
              5.031221,
              52.255935
            ],
            [
              5.031231,
              52.255917
            ],
            [
              5.031242,
              52.255899
            ],
            [
              5.031253,
              52.255882
            ],
            [
              5.031264,
              52.255864
            ],
            [
              5.031275,
              52.255846
            ],
            [
              5.031287,
              52.255829
            ],
            [
              5.031299,
              52.255812
            ],
            [
              5.03131,
              52.255794
            ],
            [
              5.031322,
              52.255777
            ],
            [
              5.03134,
              52.255752
            ],
            [
              5.031357,
              52.255726
            ],
            [
              5.031374,
              52.255701
            ],
            [
              5.031392,
              52.255676
            ],
            [
              5.03141,
              52.255651
            ],
            [
              5.031428,
              52.255626
            ],
            [
              5.031446,
              52.255601
            ],
            [
              5.031465,
              52.255577
            ],
            [
              5.031484,
              52.255552
            ],
            [
              5.031503,
              52.255527
            ],
            [
              5.031522,
              52.255503
            ],
            [
              5.031541,
              52.255478
            ],
            [
              5.031561,
              52.255454
            ],
            [
              5.03158,
              52.255429
            ],
            [
              5.0316,
              52.255405
            ],
            [
              5.031621,
              52.25538
            ],
            [
              5.031641,
              52.255356
            ],
            [
              5.031668,
              52.255326
            ],
            [
              5.031695,
              52.255296
            ],
            [
              5.031722,
              52.255266
            ],
            [
              5.031749,
              52.255236
            ],
            [
              5.031776,
              52.255206
            ],
            [
              5.031804,
              52.255176
            ],
            [
              5.031832,
              52.255147
            ],
            [
              5.03186,
              52.255117
            ],
            [
              5.031888,
              52.255087
            ],
            [
              5.031916,
              52.255058
            ],
            [
              5.031944,
              52.255028
            ],
            [
              5.031973,
              52.254999
            ],
            [
              5.032002,
              52.25497
            ],
            [
              5.032031,
              52.25494
            ],
            [
              5.032064,
              52.254906
            ],
            [
              5.032098,
              52.254873
            ],
            [
              5.032131,
              52.254839
            ],
            [
              5.032165,
              52.254806
            ],
            [
              5.032199,
              52.254772
            ],
            [
              5.032233,
              52.254739
            ],
            [
              5.032267,
              52.254706
            ],
            [
              5.032301,
              52.254672
            ],
            [
              5.032336,
              52.254639
            ],
            [
              5.032371,
              52.254606
            ],
            [
              5.032406,
              52.254573
            ],
            [
              5.032441,
              52.25454
            ],
            [
              5.032563,
              52.254427
            ],
            [
              5.032677,
              52.254321
            ],
            [
              5.032791,
              52.254217
            ],
            [
              5.03294,
              52.254086
            ],
            [
              5.033107,
              52.253946
            ],
            [
              5.033147,
              52.253913
            ],
            [
              5.033187,
              52.25388
            ],
            [
              5.033227,
              52.253847
            ],
            [
              5.033267,
              52.253814
            ],
            [
              5.033307,
              52.253782
            ],
            [
              5.033348,
              52.253749
            ],
            [
              5.033389,
              52.253716
            ],
            [
              5.033429,
              52.253684
            ],
            [
              5.03347,
              52.253651
            ],
            [
              5.033645,
              52.25351
            ],
            [
              5.034055,
              52.2532
            ],
            [
              5.034277,
              52.253031
            ],
            [
              5.034414,
              52.252922
            ],
            [
              5.034426,
              52.252913
            ],
            [
              5.034439,
              52.252904
            ],
            [
              5.034451,
              52.252895
            ],
            [
              5.034464,
              52.252886
            ],
            [
              5.034477,
              52.252878
            ],
            [
              5.03449,
              52.252869
            ],
            [
              5.034503,
              52.25286
            ],
            [
              5.034517,
              52.252852
            ],
            [
              5.03453,
              52.252843
            ],
            [
              5.034544,
              52.252835
            ],
            [
              5.034558,
              52.252827
            ],
            [
              5.034572,
              52.252819
            ],
            [
              5.034586,
              52.252811
            ],
            [
              5.034597,
              52.252804
            ],
            [
              5.034607,
              52.252798
            ],
            [
              5.034618,
              52.252792
            ],
            [
              5.034628,
              52.252786
            ],
            [
              5.034639,
              52.25278
            ],
            [
              5.03465,
              52.252774
            ],
            [
              5.034661,
              52.252768
            ],
            [
              5.034673,
              52.252763
            ],
            [
              5.034684,
              52.252757
            ],
            [
              5.034696,
              52.252752
            ],
            [
              5.034708,
              52.252747
            ],
            [
              5.034719,
              52.252741
            ],
            [
              5.034729,
              52.252737
            ],
            [
              5.034738,
              52.252733
            ],
            [
              5.034748,
              52.25273
            ],
            [
              5.034758,
              52.252726
            ],
            [
              5.034768,
              52.252722
            ],
            [
              5.034778,
              52.252718
            ],
            [
              5.034788,
              52.252715
            ],
            [
              5.034798,
              52.252712
            ],
            [
              5.034808,
              52.252708
            ],
            [
              5.034819,
              52.252705
            ],
            [
              5.034829,
              52.252702
            ],
            [
              5.03484,
              52.252699
            ],
            [
              5.03485,
              52.252697
            ],
            [
              5.034861,
              52.252694
            ],
            [
              5.034872,
              52.252691
            ],
            [
              5.034883,
              52.252689
            ],
            [
              5.034902,
              52.252686
            ],
            [
              5.03492,
              52.252682
            ],
            [
              5.034939,
              52.252679
            ],
            [
              5.034959,
              52.252676
            ],
            [
              5.034978,
              52.252673
            ],
            [
              5.034997,
              52.25267
            ],
            [
              5.035016,
              52.252667
            ],
            [
              5.035035,
              52.252665
            ],
            [
              5.035055,
              52.252662
            ],
            [
              5.035074,
              52.25266
            ],
            [
              5.035135,
              52.252653
            ],
            [
              5.035269,
              52.252644
            ],
            [
              5.03533,
              52.252641
            ],
            [
              5.035408,
              52.252641
            ],
            [
              5.035507,
              52.252643
            ],
            [
              5.035601,
              52.252646
            ],
            [
              5.035733,
              52.252654
            ],
            [
              5.035852,
              52.25269
            ],
            [
              5.035933,
              52.252714
            ],
            [
              5.036006,
              52.252739
            ],
            [
              5.036033,
              52.252749
            ],
            [
              5.036103,
              52.252776
            ],
            [
              5.036162,
              52.252801
            ],
            [
              5.036248,
              52.252841
            ],
            [
              5.036346,
              52.252889
            ],
            [
              5.036413,
              52.252924
            ],
            [
              5.036474,
              52.252958
            ],
            [
              5.036558,
              52.253007
            ],
            [
              5.036644,
              52.253057
            ],
            [
              5.036727,
              52.253108
            ],
            [
              5.0368,
              52.253156
            ],
            [
              5.036923,
              52.253241
            ],
            [
              5.037001,
              52.253297
            ],
            [
              5.037077,
              52.25335
            ],
            [
              5.037138,
              52.253396
            ],
            [
              5.037244,
              52.253479
            ],
            [
              5.037384,
              52.253595
            ],
            [
              5.037459,
              52.253658
            ],
            [
              5.037559,
              52.253747
            ],
            [
              5.037627,
              52.253814
            ],
            [
              5.037672,
              52.253861
            ],
            [
              5.037703,
              52.253894
            ],
            [
              5.037758,
              52.253956
            ],
            [
              5.037808,
              52.254016
            ],
            [
              5.037856,
              52.254074
            ],
            [
              5.037911,
              52.254144
            ],
            [
              5.037974,
              52.254227
            ],
            [
              5.038019,
              52.254289
            ],
            [
              5.038075,
              52.254371
            ],
            [
              5.038122,
              52.254444
            ],
            [
              5.038179,
              52.254533
            ],
            [
              5.038307,
              52.254746
            ],
            [
              5.038372,
              52.254857
            ],
            [
              5.038541,
              52.255134
            ],
            [
              5.038593,
              52.25522
            ],
            [
              5.03863,
              52.255277
            ],
            [
              5.038754,
              52.255445
            ],
            [
              5.038814,
              52.25552
            ],
            [
              5.038863,
              52.255579
            ],
            [
              5.038999,
              52.255726
            ],
            [
              5.039063,
              52.255795
            ],
            [
              5.039113,
              52.255846
            ],
            [
              5.03916,
              52.255892
            ],
            [
              5.039218,
              52.255947
            ],
            [
              5.039273,
              52.255996
            ],
            [
              5.039385,
              52.256084
            ],
            [
              5.03944,
              52.256128
            ],
            [
              5.039519,
              52.256185
            ],
            [
              5.039592,
              52.256231
            ],
            [
              5.039685,
              52.256297
            ],
            [
              5.039761,
              52.256344
            ],
            [
              5.039869,
              52.256402
            ],
            [
              5.039982,
              52.256459
            ],
            [
              5.040048,
              52.256492
            ],
            [
              5.040082,
              52.256508
            ],
            [
              5.040138,
              52.256532
            ],
            [
              5.040226,
              52.256566
            ],
            [
              5.040289,
              52.256588
            ],
            [
              5.040457,
              52.256644
            ],
            [
              5.040518,
              52.256661
            ],
            [
              5.040569,
              52.256673
            ],
            [
              5.040635,
              52.256687
            ],
            [
              5.040695,
              52.256697
            ],
            [
              5.040785,
              52.25671
            ],
            [
              5.040826,
              52.256715
            ],
            [
              5.040926,
              52.256726
            ],
            [
              5.04099,
              52.256731
            ],
            [
              5.041075,
              52.256733
            ],
            [
              5.041145,
              52.256731
            ],
            [
              5.041219,
              52.256723
            ],
            [
              5.041268,
              52.256716
            ],
            [
              5.041317,
              52.256709
            ],
            [
              5.041371,
              52.2567
            ],
            [
              5.041418,
              52.256691
            ],
            [
              5.041434,
              52.256687
            ],
            [
              5.041457,
              52.256681
            ],
            [
              5.04151,
              52.256669
            ],
            [
              5.041527,
              52.256664
            ],
            [
              5.04158,
              52.256651
            ],
            [
              5.041638,
              52.256637
            ],
            [
              5.041691,
              52.256623
            ],
            [
              5.041757,
              52.256602
            ],
            [
              5.041818,
              52.256581
            ],
            [
              5.041868,
              52.256564
            ],
            [
              5.041918,
              52.256546
            ],
            [
              5.041971,
              52.256526
            ],
            [
              5.042022,
              52.256506
            ],
            [
              5.042065,
              52.25649
            ],
            [
              5.042112,
              52.25647
            ],
            [
              5.042155,
              52.256451
            ],
            [
              5.0422,
              52.256429
            ],
            [
              5.042228,
              52.256415
            ],
            [
              5.042238,
              52.25641
            ],
            [
              5.042247,
              52.256405
            ],
            [
              5.042275,
              52.256389
            ],
            [
              5.042308,
              52.256371
            ],
            [
              5.042348,
              52.256346
            ],
            [
              5.042475,
              52.256276
            ],
            [
              5.042515,
              52.256252
            ],
            [
              5.042556,
              52.256228
            ],
            [
              5.042572,
              52.256219
            ],
            [
              5.042604,
              52.256202
            ],
            [
              5.042646,
              52.256178
            ],
            [
              5.04268,
              52.256158
            ],
            [
              5.042708,
              52.256141
            ],
            [
              5.042736,
              52.256123
            ],
            [
              5.042772,
              52.256099
            ],
            [
              5.042814,
              52.256069
            ],
            [
              5.042844,
              52.256049
            ],
            [
              5.042877,
              52.256026
            ],
            [
              5.042914,
              52.256
            ],
            [
              5.04296,
              52.255964
            ],
            [
              5.043,
              52.255932
            ],
            [
              5.043027,
              52.255909
            ],
            [
              5.043062,
              52.255879
            ],
            [
              5.043083,
              52.255861
            ],
            [
              5.04311,
              52.255838
            ],
            [
              5.043144,
              52.255808
            ],
            [
              5.043172,
              52.255783
            ],
            [
              5.043196,
              52.25576
            ],
            [
              5.043223,
              52.255733
            ],
            [
              5.043241,
              52.255715
            ],
            [
              5.043271,
              52.25568
            ],
            [
              5.043287,
              52.255662
            ],
            [
              5.043306,
              52.255637
            ],
            [
              5.043326,
              52.255611
            ],
            [
              5.043342,
              52.255588
            ],
            [
              5.043365,
              52.255553
            ],
            [
              5.043387,
              52.255518
            ],
            [
              5.043406,
              52.255491
            ],
            [
              5.043413,
              52.255478
            ],
            [
              5.043419,
              52.255466
            ],
            [
              5.043432,
              52.25544
            ],
            [
              5.043451,
              52.255399
            ],
            [
              5.043469,
              52.255352
            ],
            [
              5.043485,
              52.255303
            ],
            [
              5.043505,
              52.25524
            ],
            [
              5.043517,
              52.255194
            ],
            [
              5.043528,
              52.255144
            ],
            [
              5.043538,
              52.255086
            ],
            [
              5.043542,
              52.255057
            ],
            [
              5.043546,
              52.255021
            ],
            [
              5.043548,
              52.255007
            ],
            [
              5.04355,
              52.254975
            ],
            [
              5.043552,
              52.254932
            ],
            [
              5.043553,
              52.254892
            ],
            [
              5.043552,
              52.254855
            ],
            [
              5.04355,
              52.254807
            ],
            [
              5.04355,
              52.2548
            ],
            [
              5.043548,
              52.254763
            ],
            [
              5.043547,
              52.25473
            ],
            [
              5.043546,
              52.254692
            ],
            [
              5.043545,
              52.254655
            ],
            [
              5.043544,
              52.254625
            ],
            [
              5.043548,
              52.254555
            ],
            [
              5.043549,
              52.254547
            ],
            [
              5.043551,
              52.254518
            ],
            [
              5.043556,
              52.254468
            ],
            [
              5.043558,
              52.254441
            ],
            [
              5.04356,
              52.254422
            ],
            [
              5.043563,
              52.254405
            ],
            [
              5.04358,
              52.254298
            ],
            [
              5.043597,
              52.254222
            ],
            [
              5.043604,
              52.254193
            ],
            [
              5.04362,
              52.254142
            ],
            [
              5.043644,
              52.254073
            ],
            [
              5.043659,
              52.254031
            ],
            [
              5.043715,
              52.25389
            ],
            [
              5.043773,
              52.253749
            ],
            [
              5.043793,
              52.253706
            ],
            [
              5.043823,
              52.253642
            ],
            [
              5.043841,
              52.253603
            ],
            [
              5.04389,
              52.253467
            ],
            [
              5.043903,
              52.253427
            ],
            [
              5.043911,
              52.253399
            ],
            [
              5.043921,
              52.253354
            ],
            [
              5.043927,
              52.253315
            ],
            [
              5.043931,
              52.253279
            ],
            [
              5.043932,
              52.253258
            ],
            [
              5.043933,
              52.253242
            ],
            [
              5.043933,
              52.253234
            ],
            [
              5.043934,
              52.253213
            ],
            [
              5.04393,
              52.253046
            ],
            [
              5.043919,
              52.252862
            ],
            [
              5.04392,
              52.252834
            ],
            [
              5.043922,
              52.252804
            ],
            [
              5.043924,
              52.252772
            ],
            [
              5.043925,
              52.252753
            ],
            [
              5.043927,
              52.252736
            ],
            [
              5.043929,
              52.252703
            ],
            [
              5.043939,
              52.25263
            ],
            [
              5.043943,
              52.252608
            ],
            [
              5.043949,
              52.252574
            ],
            [
              5.043956,
              52.252541
            ],
            [
              5.043965,
              52.252505
            ],
            [
              5.043974,
              52.252467
            ],
            [
              5.043984,
              52.252432
            ],
            [
              5.044009,
              52.252346
            ],
            [
              5.044017,
              52.252323
            ],
            [
              5.044029,
              52.25229
            ],
            [
              5.044041,
              52.252254
            ],
            [
              5.04405,
              52.25223
            ],
            [
              5.044066,
              52.252193
            ],
            [
              5.044085,
              52.252148
            ],
            [
              5.044099,
              52.252116
            ],
            [
              5.044168,
              52.251967
            ],
            [
              5.044355,
              52.251584
            ],
            [
              5.044438,
              52.251417
            ],
            [
              5.04447,
              52.251352
            ],
            [
              5.044496,
              52.251295
            ],
            [
              5.044542,
              52.251198
            ],
            [
              5.044644,
              52.250991
            ],
            [
              5.044663,
              52.250953
            ],
            [
              5.044689,
              52.250904
            ],
            [
              5.044706,
              52.25087
            ],
            [
              5.04474,
              52.250801
            ],
            [
              5.044758,
              52.250759
            ],
            [
              5.044803,
              52.250666
            ],
            [
              5.044875,
              52.250521
            ],
            [
              5.044897,
              52.250479
            ],
            [
              5.044937,
              52.250403
            ],
            [
              5.044975,
              52.250337
            ],
            [
              5.04506,
              52.250197
            ],
            [
              5.045081,
              52.250164
            ],
            [
              5.045105,
              52.250128
            ],
            [
              5.04512,
              52.250107
            ],
            [
              5.045129,
              52.250093
            ],
            [
              5.045146,
              52.250069
            ],
            [
              5.045182,
              52.250019
            ],
            [
              5.045221,
              52.249967
            ],
            [
              5.045264,
              52.249912
            ],
            [
              5.045306,
              52.249863
            ],
            [
              5.04538,
              52.249782
            ],
            [
              5.045423,
              52.249739
            ],
            [
              5.045476,
              52.249688
            ],
            [
              5.045552,
              52.249614
            ],
            [
              5.045616,
              52.249555
            ],
            [
              5.045692,
              52.249487
            ],
            [
              5.045764,
              52.249421
            ],
            [
              5.045823,
              52.249371
            ],
            [
              5.045878,
              52.249327
            ],
            [
              5.045913,
              52.249299
            ],
            [
              5.045989,
              52.249242
            ],
            [
              5.04605,
              52.249195
            ],
            [
              5.046087,
              52.249167
            ],
            [
              5.046114,
              52.249146
            ],
            [
              5.046225,
              52.249053
            ],
            [
              5.046256,
              52.249027
            ],
            [
              5.046337,
              52.248949
            ],
            [
              5.046362,
              52.248927
            ],
            [
              5.046406,
              52.248883
            ],
            [
              5.046437,
              52.24885
            ],
            [
              5.046481,
              52.248801
            ],
            [
              5.046513,
              52.248763
            ],
            [
              5.046533,
              52.248734
            ],
            [
              5.046556,
              52.248702
            ],
            [
              5.046585,
              52.248654
            ],
            [
              5.046597,
              52.248634
            ],
            [
              5.046609,
              52.248611
            ],
            [
              5.046623,
              52.248577
            ],
            [
              5.046634,
              52.248541
            ],
            [
              5.046652,
              52.248458
            ],
            [
              5.046655,
              52.248432
            ],
            [
              5.046659,
              52.248392
            ],
            [
              5.046663,
              52.248332
            ],
            [
              5.046663,
              52.248295
            ],
            [
              5.046662,
              52.24825
            ],
            [
              5.046659,
              52.248201
            ],
            [
              5.046654,
              52.248153
            ],
            [
              5.046625,
              52.247988
            ],
            [
              5.046618,
              52.24794
            ],
            [
              5.046607,
              52.247881
            ],
            [
              5.046581,
              52.247683
            ],
            [
              5.046551,
              52.24733
            ],
            [
              5.046529,
              52.247072
            ],
            [
              5.046463,
              52.246661
            ],
            [
              5.046341,
              52.246034
            ],
            [
              5.046199,
              52.245253
            ],
            [
              5.046144,
              52.244948
            ],
            [
              5.046092,
              52.244664
            ],
            [
              5.046022,
              52.244291
            ],
            [
              5.045962,
              52.243955
            ],
            [
              5.04591,
              52.243685
            ],
            [
              5.045854,
              52.243382
            ],
            [
              5.046,
              52.243253
            ],
            [
              5.045996,
              52.243221
            ],
            [
              5.046109,
              52.243146
            ],
            [
              5.046195,
              52.243089
            ],
            [
              5.046354,
              52.242983
            ],
            [
              5.046529,
              52.242866
            ],
            [
              5.046566,
              52.242843
            ],
            [
              5.046578,
              52.242835
            ],
            [
              5.046595,
              52.242825
            ],
            [
              5.046658,
              52.242788
            ],
            [
              5.046688,
              52.242771
            ],
            [
              5.046748,
              52.242736
            ],
            [
              5.046771,
              52.242723
            ],
            [
              5.046779,
              52.242718
            ],
            [
              5.0468,
              52.242706
            ],
            [
              5.046922,
              52.242634
            ],
            [
              5.046945,
              52.24262
            ],
            [
              5.046996,
              52.24259
            ],
            [
              5.047049,
              52.242558
            ],
            [
              5.047085,
              52.242537
            ],
            [
              5.047117,
              52.242518
            ],
            [
              5.047143,
              52.242503
            ],
            [
              5.047153,
              52.242496
            ],
            [
              5.04718,
              52.24248
            ],
            [
              5.047238,
              52.242447
            ],
            [
              5.04727,
              52.242429
            ],
            [
              5.047324,
              52.242397
            ],
            [
              5.047505,
              52.242292
            ],
            [
              5.047531,
              52.242277
            ],
            [
              5.047559,
              52.24226
            ],
            [
              5.047584,
              52.242246
            ],
            [
              5.047615,
              52.242229
            ],
            [
              5.04764,
              52.242217
            ],
            [
              5.047669,
              52.242204
            ],
            [
              5.047704,
              52.242189
            ],
            [
              5.047708,
              52.242188
            ],
            [
              5.047735,
              52.242177
            ],
            [
              5.047767,
              52.242164
            ],
            [
              5.047811,
              52.242148
            ],
            [
              5.047843,
              52.242137
            ],
            [
              5.047865,
              52.24213
            ],
            [
              5.047911,
              52.242116
            ],
            [
              5.047959,
              52.242102
            ],
            [
              5.048005,
              52.242089
            ],
            [
              5.048021,
              52.242084
            ],
            [
              5.048033,
              52.24208
            ],
            [
              5.048156,
              52.242041
            ],
            [
              5.04833,
              52.241991
            ],
            [
              5.048401,
              52.24193
            ],
            [
              5.048422,
              52.241913
            ],
            [
              5.048466,
              52.241875
            ],
            [
              5.048505,
              52.241843
            ],
            [
              5.048517,
              52.241832
            ],
            [
              5.048539,
              52.241813
            ],
            [
              5.048546,
              52.241808
            ],
            [
              5.048567,
              52.241789
            ],
            [
              5.048638,
              52.241731
            ],
            [
              5.048647,
              52.241723
            ],
            [
              5.048662,
              52.241711
            ],
            [
              5.048679,
              52.241696
            ],
            [
              5.048699,
              52.241679
            ],
            [
              5.048708,
              52.241672
            ],
            [
              5.048727,
              52.241658
            ],
            [
              5.048733,
              52.241653
            ],
            [
              5.048741,
              52.241646
            ],
            [
              5.04875,
              52.241639
            ],
            [
              5.048763,
              52.241628
            ],
            [
              5.048775,
              52.241618
            ],
            [
              5.048784,
              52.24161
            ],
            [
              5.048796,
              52.241601
            ],
            [
              5.048808,
              52.241593
            ],
            [
              5.04882,
              52.241584
            ],
            [
              5.048831,
              52.241576
            ],
            [
              5.048839,
              52.241569
            ],
            [
              5.048872,
              52.241544
            ],
            [
              5.048885,
              52.241535
            ],
            [
              5.048899,
              52.241524
            ],
            [
              5.048913,
              52.241514
            ],
            [
              5.048928,
              52.241502
            ],
            [
              5.048944,
              52.241491
            ],
            [
              5.048959,
              52.241479
            ],
            [
              5.048976,
              52.241467
            ],
            [
              5.048992,
              52.241455
            ],
            [
              5.049008,
              52.241444
            ],
            [
              5.049026,
              52.241431
            ],
            [
              5.049047,
              52.241416
            ],
            [
              5.049063,
              52.241404
            ],
            [
              5.049081,
              52.241392
            ],
            [
              5.049093,
              52.241382
            ],
            [
              5.049113,
              52.241368
            ],
            [
              5.049118,
              52.241365
            ],
            [
              5.049175,
              52.241327
            ],
            [
              5.04919,
              52.241318
            ],
            [
              5.049542,
              52.241098
            ],
            [
              5.050203,
              52.240711
            ],
            [
              5.050327,
              52.240638
            ],
            [
              5.05035,
              52.240624
            ],
            [
              5.05037,
              52.240612
            ],
            [
              5.050383,
              52.240605
            ],
            [
              5.050405,
              52.240592
            ],
            [
              5.050427,
              52.240579
            ],
            [
              5.050445,
              52.240568
            ],
            [
              5.050463,
              52.240557
            ],
            [
              5.050486,
              52.240544
            ],
            [
              5.050508,
              52.240531
            ],
            [
              5.05053,
              52.240518
            ],
            [
              5.050554,
              52.240503
            ],
            [
              5.050575,
              52.240491
            ],
            [
              5.050598,
              52.240478
            ],
            [
              5.050613,
              52.240469
            ],
            [
              5.050629,
              52.240459
            ],
            [
              5.050647,
              52.240448
            ],
            [
              5.05066,
              52.240441
            ],
            [
              5.050668,
              52.240436
            ],
            [
              5.050678,
              52.24043
            ],
            [
              5.050691,
              52.240423
            ],
            [
              5.050911,
              52.240294
            ],
            [
              5.051043,
              52.240217
            ],
            [
              5.051049,
              52.240214
            ],
            [
              5.051093,
              52.240188
            ],
            [
              5.051105,
              52.240181
            ],
            [
              5.051111,
              52.240178
            ],
            [
              5.051149,
              52.240156
            ],
            [
              5.051175,
              52.24014
            ],
            [
              5.051199,
              52.240127
            ],
            [
              5.051204,
              52.240124
            ],
            [
              5.051235,
              52.240105
            ],
            [
              5.051249,
              52.240097
            ],
            [
              5.051277,
              52.240081
            ],
            [
              5.051284,
              52.240077
            ],
            [
              5.051291,
              52.240073
            ],
            [
              5.051312,
              52.240061
            ],
            [
              5.051337,
              52.240046
            ],
            [
              5.051362,
              52.240032
            ],
            [
              5.051388,
              52.240017
            ],
            [
              5.051414,
              52.240002
            ],
            [
              5.051432,
              52.239991
            ],
            [
              5.051741,
              52.23981
            ],
            [
              5.052186,
              52.239548
            ],
            [
              5.052206,
              52.239536
            ],
            [
              5.05223,
              52.239522
            ],
            [
              5.052248,
              52.239511
            ],
            [
              5.052261,
              52.239504
            ],
            [
              5.052269,
              52.2395
            ],
            [
              5.052279,
              52.239493
            ],
            [
              5.05229,
              52.239487
            ],
            [
              5.0523,
              52.239481
            ],
            [
              5.052323,
              52.239468
            ],
            [
              5.052345,
              52.239455
            ],
            [
              5.05237,
              52.239441
            ],
            [
              5.052392,
              52.239428
            ],
            [
              5.05241,
              52.239417
            ],
            [
              5.052428,
              52.239407
            ],
            [
              5.05252,
              52.239352
            ],
            [
              5.052557,
              52.239331
            ],
            [
              5.052586,
              52.239313
            ],
            [
              5.052633,
              52.239285
            ],
            [
              5.052645,
              52.239278
            ],
            [
              5.052692,
              52.23925
            ],
            [
              5.05271,
              52.23924
            ],
            [
              5.053038,
              52.239046
            ],
            [
              5.053241,
              52.238926
            ],
            [
              5.053377,
              52.238848
            ],
            [
              5.053478,
              52.23879
            ],
            [
              5.05352,
              52.238766
            ],
            [
              5.053728,
              52.238643
            ],
            [
              5.05383,
              52.238583
            ],
            [
              5.053846,
              52.238573
            ],
            [
              5.054124,
              52.23841
            ],
            [
              5.0542,
              52.238366
            ],
            [
              5.054323,
              52.238294
            ],
            [
              5.054522,
              52.238177
            ],
            [
              5.054551,
              52.23816
            ],
            [
              5.054901,
              52.237954
            ],
            [
              5.055023,
              52.237882
            ],
            [
              5.055081,
              52.237847
            ],
            [
              5.055278,
              52.237732
            ],
            [
              5.055384,
              52.237669
            ],
            [
              5.055474,
              52.237617
            ],
            [
              5.055518,
              52.237592
            ],
            [
              5.055573,
              52.23756
            ],
            [
              5.055625,
              52.23753
            ],
            [
              5.055674,
              52.237501
            ],
            [
              5.055789,
              52.237431
            ],
            [
              5.05584,
              52.237401
            ],
            [
              5.055966,
              52.237324
            ],
            [
              5.056033,
              52.237283
            ],
            [
              5.056071,
              52.237261
            ],
            [
              5.05609,
              52.23725
            ],
            [
              5.056185,
              52.237189
            ],
            [
              5.056228,
              52.23716
            ],
            [
              5.056276,
              52.237127
            ],
            [
              5.056337,
              52.237074
            ],
            [
              5.056414,
              52.237006
            ],
            [
              5.056451,
              52.23697
            ],
            [
              5.05651,
              52.236915
            ],
            [
              5.056562,
              52.236868
            ],
            [
              5.056567,
              52.236863
            ],
            [
              5.056575,
              52.236854
            ],
            [
              5.056638,
              52.236783
            ],
            [
              5.056762,
              52.236652
            ],
            [
              5.056826,
              52.236596
            ],
            [
              5.056895,
              52.236536
            ],
            [
              5.056895,
              52.236536
            ],
            [
              5.056966,
              52.236408
            ],
            [
              5.057096,
              52.236172
            ],
            [
              5.057189,
              52.236005
            ],
            [
              5.057283,
              52.235954
            ],
            [
              5.057502,
              52.235836
            ],
            [
              5.057611,
              52.235604
            ],
            [
              5.05773,
              52.235353
            ],
            [
              5.057485,
              52.235207
            ],
            [
              5.05722,
              52.235348
            ],
            [
              5.056762,
              52.235593
            ],
            [
              5.056355,
              52.235337
            ],
            [
              5.056281,
              52.235381
            ],
            [
              5.05579,
              52.235214
            ],
            [
              5.056224,
              52.234979
            ],
            [
              5.056021,
              52.234914
            ],
            [
              5.055906,
              52.234878
            ],
            [
              5.05576,
              52.234831
            ],
            [
              5.055664,
              52.234801
            ],
            [
              5.055545,
              52.234763
            ],
            [
              5.055444,
              52.234731
            ],
            [
              5.055347,
              52.2347
            ],
            [
              5.055327,
              52.234694
            ],
            [
              5.055306,
              52.234687
            ],
            [
              5.055239,
              52.234666
            ],
            [
              5.055156,
              52.23464
            ],
            [
              5.055084,
              52.234617
            ],
            [
              5.054999,
              52.23459
            ],
            [
              5.0549,
              52.234558
            ],
            [
              5.054821,
              52.234533
            ],
            [
              5.05476,
              52.234514
            ],
            [
              5.054701,
              52.234495
            ],
            [
              5.054657,
              52.234481
            ],
            [
              5.054612,
              52.234467
            ],
            [
              5.054576,
              52.234455
            ],
            [
              5.054288,
              52.234362
            ],
            [
              5.053532,
              52.234118
            ],
            [
              5.053283,
              52.234243
            ],
            [
              5.052884,
              52.23394
            ],
            [
              5.052921,
              52.233922
            ],
            [
              5.052455,
              52.233765
            ],
            [
              5.052237,
              52.233857
            ],
            [
              5.0519,
              52.233704
            ],
            [
              5.051955,
              52.233674
            ],
            [
              5.051814,
              52.233563
            ],
            [
              5.051648,
              52.233513
            ],
            [
              5.051238,
              52.233384
            ],
            [
              5.050571,
              52.233174
            ],
            [
              5.050026,
              52.233002
            ],
            [
              5.049667,
              52.23289
            ],
            [
              5.047137,
              52.232063
            ],
            [
              5.04639,
              52.231821
            ],
            [
              5.043823,
              52.231019
            ],
            [
              5.043567,
              52.231118
            ],
            [
              5.043245,
              52.230819
            ],
            [
              5.043009,
              52.230746
            ],
            [
              5.042705,
              52.230648
            ],
            [
              5.042397,
              52.230547
            ],
            [
              5.041586,
              52.230888
            ],
            [
              5.041346,
              52.230077
            ],
            [
              5.040518,
              52.229834
            ],
            [
              5.040578,
              52.229759
            ],
            [
              5.040586,
              52.229749
            ],
            [
              5.04067,
              52.229625
            ],
            [
              5.040706,
              52.229547
            ],
            [
              5.041036,
              52.229518
            ],
            [
              5.041314,
              52.229494
            ],
            [
              5.041102,
              52.229322
            ],
            [
              5.041579,
              52.229135
            ],
            [
              5.041725,
              52.229084
            ],
            [
              5.042484,
              52.22878
            ],
            [
              5.042275,
              52.228606
            ],
            [
              5.042041,
              52.228396
            ],
            [
              5.041981,
              52.228419
            ],
            [
              5.041773,
              52.228285
            ],
            [
              5.041771,
              52.228281
            ],
            [
              5.041695,
              52.228234
            ],
            [
              5.041686,
              52.228234
            ],
            [
              5.041583,
              52.228213
            ],
            [
              5.041558,
              52.228195
            ],
            [
              5.041536,
              52.228181
            ],
            [
              5.041524,
              52.228174
            ],
            [
              5.041467,
              52.228142
            ],
            [
              5.041382,
              52.228102
            ],
            [
              5.041352,
              52.228086
            ],
            [
              5.041342,
              52.228079
            ],
            [
              5.041305,
              52.228055
            ],
            [
              5.041267,
              52.228024
            ],
            [
              5.041249,
              52.228011
            ],
            [
              5.041175,
              52.227958
            ],
            [
              5.041131,
              52.227925
            ],
            [
              5.041084,
              52.227885
            ],
            [
              5.041028,
              52.227838
            ],
            [
              5.040998,
              52.227814
            ],
            [
              5.04095,
              52.227777
            ],
            [
              5.040856,
              52.227704
            ],
            [
              5.040833,
              52.227683
            ],
            [
              5.040829,
              52.227676
            ],
            [
              5.040839,
              52.227665
            ],
            [
              5.040938,
              52.227588
            ],
            [
              5.040953,
              52.227572
            ],
            [
              5.040965,
              52.227561
            ],
            [
              5.04097,
              52.227548
            ],
            [
              5.040966,
              52.227531
            ],
            [
              5.040924,
              52.227471
            ],
            [
              5.040912,
              52.227452
            ],
            [
              5.040892,
              52.227429
            ],
            [
              5.040887,
              52.227422
            ],
            [
              5.040884,
              52.227417
            ],
            [
              5.040859,
              52.227383
            ],
            [
              5.040821,
              52.22734
            ],
            [
              5.040791,
              52.227304
            ],
            [
              5.040639,
              52.227122
            ],
            [
              5.040489,
              52.226942
            ],
            [
              5.040375,
              52.22696
            ],
            [
              5.040284,
              52.226981
            ],
            [
              5.040197,
              52.227009
            ],
            [
              5.040046,
              52.227031
            ],
            [
              5.040018,
              52.226998
            ],
            [
              5.040002,
              52.226976
            ],
            [
              5.03993,
              52.226869
            ],
            [
              5.039919,
              52.226854
            ],
            [
              5.03985,
              52.226771
            ],
            [
              5.039818,
              52.226729
            ],
            [
              5.039782,
              52.226688
            ],
            [
              5.03976,
              52.226667
            ],
            [
              5.039713,
              52.226609
            ],
            [
              5.03966,
              52.226532
            ],
            [
              5.039648,
              52.226527
            ],
            [
              5.039587,
              52.22645
            ],
            [
              5.039531,
              52.226398
            ],
            [
              5.039497,
              52.226363
            ],
            [
              5.039431,
              52.226301
            ],
            [
              5.039325,
              52.226183
            ],
            [
              5.039294,
              52.226146
            ],
            [
              5.039258,
              52.226107
            ],
            [
              5.039237,
              52.226084
            ],
            [
              5.03916,
              52.226012
            ],
            [
              5.039144,
              52.225958
            ],
            [
              5.039034,
              52.225816
            ],
            [
              5.038938,
              52.225686
            ],
            [
              5.038932,
              52.225679
            ],
            [
              5.038964,
              52.225544
            ],
            [
              5.038972,
              52.225512
            ],
            [
              5.038935,
              52.225507
            ],
            [
              5.038912,
              52.225502
            ],
            [
              5.038895,
              52.225496
            ],
            [
              5.038872,
              52.225485
            ],
            [
              5.038857,
              52.225472
            ],
            [
              5.038851,
              52.22546
            ],
            [
              5.038837,
              52.225416
            ],
            [
              5.038819,
              52.225358
            ],
            [
              5.038731,
              52.225179
            ],
            [
              5.038524,
              52.225202
            ],
            [
              5.038458,
              52.22521
            ],
            [
              5.038158,
              52.225239
            ],
            [
              5.037956,
              52.225262
            ],
            [
              5.037902,
              52.225268
            ],
            [
              5.037756,
              52.225281
            ],
            [
              5.037652,
              52.225288
            ],
            [
              5.037566,
              52.225294
            ],
            [
              5.037533,
              52.225297
            ],
            [
              5.037443,
              52.225309
            ],
            [
              5.037389,
              52.225316
            ],
            [
              5.037353,
              52.225321
            ],
            [
              5.037102,
              52.225342
            ],
            [
              5.037096,
              52.225307
            ],
            [
              5.037087,
              52.225261
            ],
            [
              5.037078,
              52.225213
            ],
            [
              5.037075,
              52.225197
            ],
            [
              5.037063,
              52.225165
            ],
            [
              5.037041,
              52.2251
            ],
            [
              5.037018,
              52.22502
            ],
            [
              5.037011,
              52.224991
            ],
            [
              5.036999,
              52.224932
            ],
            [
              5.036993,
              52.224892
            ],
            [
              5.036988,
              52.224863
            ],
            [
              5.036965,
              52.224776
            ],
            [
              5.037075,
              52.224783
            ],
            [
              5.037093,
              52.224784
            ],
            [
              5.037325,
              52.224756
            ],
            [
              5.037712,
              52.224692
            ],
            [
              5.038246,
              52.224617
            ],
            [
              5.038275,
              52.224612
            ],
            [
              5.038746,
              52.224547
            ],
            [
              5.039792,
              52.224398
            ],
            [
              5.04039,
              52.224311
            ],
            [
              5.04058,
              52.224284
            ],
            [
              5.041322,
              52.224172
            ],
            [
              5.041777,
              52.22411
            ],
            [
              5.041929,
              52.224089
            ],
            [
              5.041982,
              52.224318
            ],
            [
              5.042747,
              52.224113
            ],
            [
              5.042573,
              52.223852
            ],
            [
              5.04192,
              52.224052
            ],
            [
              5.041906,
              52.223993
            ],
            [
              5.041649,
              52.224054
            ],
            [
              5.040772,
              52.224175
            ],
            [
              5.039851,
              52.224312
            ],
            [
              5.03948,
              52.224371
            ],
            [
              5.039479,
              52.224394
            ],
            [
              5.039342,
              52.224411
            ],
            [
              5.039334,
              52.224375
            ],
            [
              5.039269,
              52.224212
            ],
            [
              5.039196,
              52.224024
            ],
            [
              5.037448,
              52.224256
            ],
            [
              5.036666,
              52.22436
            ],
            [
              5.036658,
              52.224309
            ],
            [
              5.036645,
              52.224246
            ],
            [
              5.036662,
              52.224242
            ],
            [
              5.036674,
              52.224239
            ],
            [
              5.036684,
              52.224231
            ],
            [
              5.03668,
              52.224222
            ],
            [
              5.036674,
              52.224214
            ],
            [
              5.036661,
              52.224209
            ],
            [
              5.036655,
              52.224207
            ],
            [
              5.036644,
              52.224207
            ],
            [
              5.036631,
              52.224131
            ],
            [
              5.03662,
              52.224055
            ],
            [
              5.036616,
              52.224027
            ],
            [
              5.036606,
              52.223878
            ],
            [
              5.036599,
              52.223732
            ],
            [
              5.036598,
              52.2237
            ],
            [
              5.036593,
              52.223568
            ],
            [
              5.036592,
              52.223566
            ],
            [
              5.036592,
              52.223562
            ],
            [
              5.03656,
              52.223411
            ],
            [
              5.036542,
              52.223325
            ],
            [
              5.036536,
              52.223298
            ],
            [
              5.036505,
              52.223147
            ],
            [
              5.036498,
              52.22311
            ],
            [
              5.036496,
              52.223105
            ],
            [
              5.036494,
              52.22309
            ],
            [
              5.036484,
              52.222995
            ],
            [
              5.036429,
              52.222536
            ],
            [
              5.036403,
              52.222314
            ],
            [
              5.036374,
              52.222061
            ],
            [
              5.036313,
              52.221537
            ],
            [
              5.036309,
              52.221502
            ],
            [
              5.036282,
              52.221269
            ],
            [
              5.036262,
              52.221071
            ],
            [
              5.036232,
              52.220804
            ],
            [
              5.036213,
              52.220639
            ],
            [
              5.036201,
              52.220531
            ],
            [
              5.036171,
              52.220264
            ],
            [
              5.036107,
              52.21974
            ],
            [
              5.036074,
              52.21944
            ],
            [
              5.036041,
              52.219161
            ],
            [
              5.035916,
              52.218097
            ],
            [
              5.035849,
              52.217529
            ],
            [
              5.036087,
              52.217486
            ],
            [
              5.03617,
              52.217472
            ],
            [
              5.03627,
              52.217454
            ],
            [
              5.036418,
              52.217419
            ],
            [
              5.036456,
              52.21741
            ],
            [
              5.036524,
              52.217387
            ],
            [
              5.036576,
              52.217365
            ],
            [
              5.036634,
              52.217339
            ],
            [
              5.036679,
              52.217314
            ],
            [
              5.036725,
              52.217285
            ],
            [
              5.036768,
              52.217255
            ],
            [
              5.036804,
              52.217227
            ],
            [
              5.036828,
              52.217209
            ],
            [
              5.036845,
              52.217191
            ],
            [
              5.036863,
              52.21717
            ],
            [
              5.036893,
              52.217124
            ],
            [
              5.036926,
              52.21707
            ],
            [
              5.036949,
              52.217023
            ],
            [
              5.036974,
              52.216971
            ],
            [
              5.036985,
              52.216944
            ],
            [
              5.037005,
              52.216889
            ],
            [
              5.03704,
              52.216785
            ],
            [
              5.037053,
              52.216748
            ],
            [
              5.037064,
              52.216716
            ],
            [
              5.037078,
              52.216682
            ],
            [
              5.03709,
              52.216657
            ],
            [
              5.037106,
              52.216626
            ],
            [
              5.037119,
              52.216597
            ],
            [
              5.037127,
              52.21657
            ],
            [
              5.03713,
              52.21655
            ],
            [
              5.037128,
              52.216527
            ],
            [
              5.037117,
              52.216493
            ],
            [
              5.037107,
              52.21646
            ],
            [
              5.037093,
              52.216438
            ],
            [
              5.037073,
              52.216408
            ],
            [
              5.037046,
              52.216374
            ],
            [
              5.037023,
              52.216345
            ],
            [
              5.037004,
              52.216325
            ],
            [
              5.036977,
              52.216298
            ],
            [
              5.036952,
              52.216275
            ],
            [
              5.036917,
              52.216244
            ],
            [
              5.036978,
              52.21623
            ],
            [
              5.037037,
              52.216218
            ],
            [
              5.037093,
              52.216208
            ],
            [
              5.037145,
              52.216203
            ],
            [
              5.037132,
              52.216166
            ],
            [
              5.037103,
              52.216085
            ],
            [
              5.037075,
              52.216011
            ],
            [
              5.037023,
              52.215908
            ],
            [
              5.036943,
              52.215914
            ],
            [
              5.036719,
              52.215692
            ],
            [
              5.036713,
              52.215691
            ],
            [
              5.036696,
              52.215691
            ],
            [
              5.036694,
              52.215691
            ],
            [
              5.036739,
              52.215581
            ],
            [
              5.036761,
              52.215524
            ],
            [
              5.036787,
              52.215462
            ],
            [
              5.036805,
              52.215415
            ],
            [
              5.036835,
              52.215344
            ],
            [
              5.036851,
              52.215303
            ],
            [
              5.036909,
              52.215156
            ],
            [
              5.036895,
              52.215153
            ],
            [
              5.036755,
              52.215154
            ],
            [
              5.036523,
              52.215156
            ],
            [
              5.03641,
              52.215157
            ],
            [
              5.03624,
              52.215157
            ],
            [
              5.036048,
              52.215161
            ],
            [
              5.035867,
              52.215159
            ],
            [
              5.035863,
              52.215152
            ],
            [
              5.035859,
              52.215144
            ],
            [
              5.035854,
              52.215135
            ],
            [
              5.035847,
              52.21513
            ],
            [
              5.035838,
              52.215123
            ],
            [
              5.035684,
              52.215125
            ],
            [
              5.035681,
              52.215042
            ],
            [
              5.035678,
              52.215026
            ],
            [
              5.035673,
              52.214987
            ],
            [
              5.03567,
              52.214949
            ],
            [
              5.035668,
              52.214915
            ],
            [
              5.035682,
              52.214731
            ],
            [
              5.035699,
              52.2147
            ],
            [
              5.03571,
              52.214682
            ],
            [
              5.035728,
              52.214652
            ],
            [
              5.035737,
              52.214629
            ],
            [
              5.035751,
              52.214601
            ],
            [
              5.035771,
              52.214557
            ],
            [
              5.035729,
              52.214553
            ],
            [
              5.035697,
              52.214551
            ],
            [
              5.03567,
              52.214545
            ],
            [
              5.035644,
              52.214537
            ],
            [
              5.035622,
              52.214525
            ],
            [
              5.035596,
              52.214517
            ],
            [
              5.035565,
              52.214513
            ],
            [
              5.035511,
              52.214508
            ],
            [
              5.035361,
              52.214492
            ],
            [
              5.035329,
              52.214487
            ],
            [
              5.03533,
              52.214462
            ],
            [
              5.035351,
              52.214461
            ],
            [
              5.035372,
              52.214457
            ],
            [
              5.035387,
              52.214446
            ],
            [
              5.035408,
              52.214427
            ],
            [
              5.035434,
              52.214411
            ],
            [
              5.035437,
              52.2144
            ],
            [
              5.035459,
              52.214399
            ],
            [
              5.035459,
              52.214384
            ],
            [
              5.035488,
              52.214384
            ],
            [
              5.035489,
              52.214397
            ],
            [
              5.035515,
              52.214397
            ],
            [
              5.035517,
              52.214405
            ],
            [
              5.035523,
              52.21441
            ],
            [
              5.035533,
              52.214415
            ],
            [
              5.035551,
              52.214418
            ],
            [
              5.035653,
              52.214419
            ],
            [
              5.035792,
              52.214417
            ],
            [
              5.035955,
              52.214412
            ],
            [
              5.036112,
              52.214418
            ],
            [
              5.036182,
              52.214419
            ],
            [
              5.036335,
              52.214421
            ],
            [
              5.036399,
              52.214422
            ],
            [
              5.03646,
              52.214422
            ],
            [
              5.036576,
              52.214423
            ],
            [
              5.036658,
              52.214422
            ],
            [
              5.036673,
              52.214422
            ],
            [
              5.036837,
              52.214418
            ],
            [
              5.03688,
              52.214417
            ],
            [
              5.036928,
              52.214414
            ],
            [
              5.03696,
              52.214412
            ],
            [
              5.036993,
              52.214408
            ],
            [
              5.037007,
              52.214406
            ],
            [
              5.037021,
              52.214403
            ],
            [
              5.037047,
              52.214396
            ],
            [
              5.037059,
              52.214392
            ],
            [
              5.037069,
              52.214385
            ],
            [
              5.037087,
              52.214375
            ],
            [
              5.03712,
              52.214357
            ],
            [
              5.037133,
              52.21435
            ],
            [
              5.037142,
              52.214345
            ],
            [
              5.037153,
              52.21434
            ],
            [
              5.037167,
              52.214336
            ],
            [
              5.037176,
              52.214334
            ],
            [
              5.037192,
              52.214334
            ],
            [
              5.037209,
              52.214334
            ],
            [
              5.03722,
              52.214334
            ],
            [
              5.037229,
              52.214333
            ],
            [
              5.037246,
              52.214329
            ],
            [
              5.037257,
              52.214324
            ],
            [
              5.037263,
              52.21432
            ],
            [
              5.03727,
              52.214314
            ],
            [
              5.037275,
              52.214309
            ],
            [
              5.037277,
              52.214304
            ],
            [
              5.037279,
              52.214299
            ],
            [
              5.03728,
              52.214294
            ],
            [
              5.037284,
              52.21427
            ],
            [
              5.037288,
              52.214241
            ],
            [
              5.037291,
              52.214227
            ],
            [
              5.037291,
              52.21422
            ],
            [
              5.03729,
              52.214215
            ],
            [
              5.037287,
              52.214209
            ],
            [
              5.037281,
              52.214204
            ],
            [
              5.037273,
              52.214198
            ],
            [
              5.037266,
              52.214194
            ],
            [
              5.03726,
              52.214191
            ],
            [
              5.037251,
              52.21419
            ],
            [
              5.037243,
              52.214189
            ],
            [
              5.037231,
              52.214188
            ],
            [
              5.03721,
              52.214188
            ],
            [
              5.037166,
              52.214185
            ],
            [
              5.037116,
              52.214185
            ],
            [
              5.037066,
              52.214184
            ],
            [
              5.037012,
              52.214185
            ],
            [
              5.036981,
              52.214186
            ],
            [
              5.036945,
              52.214187
            ],
            [
              5.036931,
              52.214188
            ],
            [
              5.036914,
              52.214189
            ],
            [
              5.036887,
              52.214193
            ],
            [
              5.036881,
              52.214194
            ],
            [
              5.036871,
              52.214196
            ],
            [
              5.03686,
              52.214197
            ],
            [
              5.036847,
              52.214198
            ],
            [
              5.036831,
              52.214199
            ],
            [
              5.036799,
              52.214199
            ],
            [
              5.036794,
              52.214199
            ],
            [
              5.036747,
              52.214199
            ],
            [
              5.036709,
              52.214198
            ],
            [
              5.036685,
              52.214197
            ],
            [
              5.036676,
              52.214197
            ],
            [
              5.036666,
              52.214196
            ],
            [
              5.036663,
              52.214157
            ],
            [
              5.03671,
              52.214152
            ],
            [
              5.036751,
              52.214148
            ],
            [
              5.03676,
              52.214147
            ],
            [
              5.036767,
              52.214145
            ],
            [
              5.036775,
              52.214143
            ],
            [
              5.03678,
              52.21414
            ],
            [
              5.036783,
              52.214137
            ],
            [
              5.036792,
              52.214108
            ],
            [
              5.036794,
              52.2141
            ],
            [
              5.036805,
              52.21407
            ],
            [
              5.036822,
              52.214029
            ],
            [
              5.036823,
              52.214022
            ],
            [
              5.036805,
              52.213935
            ],
            [
              5.036778,
              52.213792
            ],
            [
              5.036758,
              52.213691
            ],
            [
              5.036757,
              52.213683
            ],
            [
              5.036754,
              52.213677
            ],
            [
              5.036748,
              52.213669
            ],
            [
              5.036742,
              52.213663
            ],
            [
              5.036728,
              52.213655
            ],
            [
              5.036718,
              52.213652
            ],
            [
              5.036708,
              52.21365
            ],
            [
              5.036699,
              52.213648
            ],
            [
              5.03669,
              52.213647
            ],
            [
              5.036677,
              52.213647
            ],
            [
              5.03665,
              52.213648
            ],
            [
              5.036582,
              52.21365
            ],
            [
              5.036515,
              52.213652
            ],
            [
              5.036461,
              52.213654
            ],
            [
              5.036407,
              52.213655
            ],
            [
              5.036329,
              52.213658
            ],
            [
              5.03627,
              52.21366
            ],
            [
              5.036204,
              52.213661
            ],
            [
              5.036141,
              52.213663
            ],
            [
              5.03604,
              52.213673
            ],
            [
              5.035643,
              52.213689
            ],
            [
              5.035257,
              52.213691
            ],
            [
              5.03476,
              52.213704
            ],
            [
              5.034557,
              52.213705
            ],
            [
              5.034431,
              52.213707
            ],
            [
              5.034395,
              52.213702
            ],
            [
              5.034274,
              52.213702
            ],
            [
              5.033973,
              52.21371
            ],
            [
              5.033874,
              52.213711
            ],
            [
              5.033788,
              52.213714
            ],
            [
              5.033776,
              52.213643
            ],
            [
              5.033755,
              52.213443
            ],
            [
              5.033743,
              52.213278
            ],
            [
              5.03373,
              52.213123
            ],
            [
              5.033903,
              52.213119
            ],
            [
              5.034039,
              52.213118
            ],
            [
              5.034354,
              52.213118
            ],
            [
              5.034349,
              52.213065
            ],
            [
              5.034339,
              52.2129
            ],
            [
              5.034272,
              52.212693
            ],
            [
              5.034221,
              52.212535
            ],
            [
              5.034229,
              52.212411
            ],
            [
              5.034235,
              52.212331
            ],
            [
              5.034203,
              52.212131
            ],
            [
              5.034119,
              52.212134
            ],
            [
              5.034092,
              52.212135
            ],
            [
              5.034061,
              52.211978
            ],
            [
              5.034056,
              52.211951
            ],
            [
              5.034056,
              52.211949
            ],
            [
              5.034027,
              52.211835
            ],
            [
              5.033957,
              52.211561
            ],
            [
              5.033905,
              52.211363
            ],
            [
              5.033855,
              52.211178
            ],
            [
              5.033853,
              52.21117
            ],
            [
              5.033798,
              52.211015
            ],
            [
              5.033752,
              52.210887
            ],
            [
              5.033738,
              52.210845
            ],
            [
              5.0337,
              52.210726
            ],
            [
              5.033687,
              52.210625
            ],
            [
              5.033722,
              52.21062
            ],
            [
              5.033687,
              52.210498
            ],
            [
              5.033666,
              52.210422
            ],
            [
              5.033639,
              52.21033
            ],
            [
              5.033571,
              52.210335
            ],
            [
              5.033529,
              52.210236
            ],
            [
              5.033487,
              52.210139
            ],
            [
              5.033472,
              52.210086
            ],
            [
              5.03346,
              52.209995
            ],
            [
              5.03341,
              52.20986
            ],
            [
              5.033401,
              52.209836
            ],
            [
              5.033453,
              52.209831
            ],
            [
              5.033515,
              52.209826
            ],
            [
              5.033786,
              52.209801
            ],
            [
              5.034084,
              52.209775
            ],
            [
              5.034403,
              52.209746
            ],
            [
              5.034713,
              52.209719
            ],
            [
              5.034982,
              52.209695
            ],
            [
              5.035233,
              52.209674
            ],
            [
              5.035579,
              52.209643
            ],
            [
              5.035886,
              52.209616
            ],
            [
              5.035897,
              52.209615
            ],
            [
              5.036068,
              52.209601
            ],
            [
              5.036188,
              52.20959
            ],
            [
              5.036445,
              52.209568
            ],
            [
              5.036419,
              52.209465
            ],
            [
              5.036397,
              52.209379
            ],
            [
              5.036372,
              52.20928
            ],
            [
              5.036363,
              52.209238
            ],
            [
              5.036334,
              52.209123
            ],
            [
              5.036314,
              52.209038
            ],
            [
              5.036307,
              52.209007
            ],
            [
              5.036294,
              52.208943
            ],
            [
              5.036289,
              52.208914
            ],
            [
              5.036268,
              52.208841
            ],
            [
              5.036251,
              52.208784
            ],
            [
              5.03623,
              52.208712
            ],
            [
              5.036215,
              52.20866
            ],
            [
              5.03619,
              52.208577
            ],
            [
              5.036163,
              52.20846
            ],
            [
              5.036106,
              52.208228
            ],
            [
              5.036084,
              52.208133
            ],
            [
              5.036021,
              52.207884
            ],
            [
              5.035928,
              52.207552
            ],
            [
              5.035889,
              52.207402
            ],
            [
              5.035876,
              52.207325
            ],
            [
              5.035838,
              52.207204
            ],
            [
              5.03588,
              52.207198
            ],
            [
              5.03586,
              52.207069
            ],
            [
              5.035822,
              52.207034
            ],
            [
              5.03576,
              52.207004
            ],
            [
              5.035742,
              52.206901
            ],
            [
              5.035702,
              52.206758
            ],
            [
              5.035588,
              52.206338
            ],
            [
              5.035488,
              52.205945
            ],
            [
              5.035354,
              52.205408
            ],
            [
              5.035322,
              52.205264
            ],
            [
              5.035315,
              52.205233
            ],
            [
              5.035602,
              52.205198
            ],
            [
              5.03615,
              52.205131
            ],
            [
              5.036152,
              52.20513
            ],
            [
              5.037332,
              52.204976
            ],
            [
              5.037421,
              52.204965
            ],
            [
              5.037251,
              52.204154
            ],
            [
              5.037168,
              52.20414
            ],
            [
              5.037138,
              52.204025
            ],
            [
              5.037,
              52.203504
            ],
            [
              5.036986,
              52.203453
            ],
            [
              5.036985,
              52.203449
            ],
            [
              5.03691,
              52.203197
            ],
            [
              5.036906,
              52.203182
            ],
            [
              5.036887,
              52.20311
            ],
            [
              5.036883,
              52.203089
            ],
            [
              5.036841,
              52.202889
            ],
            [
              5.036786,
              52.202624
            ],
            [
              5.03674,
              52.202405
            ],
            [
              5.03673,
              52.202403
            ],
            [
              5.03671,
              52.20239
            ],
            [
              5.036699,
              52.202366
            ],
            [
              5.03665,
              52.202138
            ],
            [
              5.035891,
              52.202262
            ],
            [
              5.035385,
              52.202349
            ],
            [
              5.035333,
              52.202358
            ],
            [
              5.035269,
              52.202368
            ],
            [
              5.03469,
              52.202466
            ],
            [
              5.034056,
              52.202575
            ],
            [
              5.033514,
              52.202666
            ],
            [
              5.032855,
              52.202778
            ],
            [
              5.032311,
              52.202871
            ],
            [
              5.032258,
              52.20288
            ],
            [
              5.031715,
              52.202973
            ],
            [
              5.031329,
              52.203038
            ],
            [
              5.03118,
              52.203064
            ],
            [
              5.030709,
              52.203142
            ],
            [
              5.03002,
              52.20326
            ],
            [
              5.029716,
              52.203312
            ],
            [
              5.029406,
              52.203365
            ],
            [
              5.029021,
              52.203431
            ],
            [
              5.028272,
              52.203559
            ],
            [
              5.027887,
              52.203625
            ],
            [
              5.027558,
              52.203681
            ],
            [
              5.027213,
              52.20374
            ],
            [
              5.026852,
              52.203801
            ],
            [
              5.026291,
              52.203895
            ],
            [
              5.025948,
              52.203956
            ],
            [
              5.025934,
              52.203929
            ],
            [
              5.0256,
              52.203982
            ],
            [
              5.025584,
              52.203899
            ],
            [
              5.025562,
              52.203785
            ],
            [
              5.025561,
              52.203777
            ],
            [
              5.025509,
              52.203574
            ],
            [
              5.025431,
              52.203256
            ],
            [
              5.0254,
              52.203257
            ],
            [
              5.025037,
              52.203271
            ],
            [
              5.024996,
              52.202844
            ],
            [
              5.024674,
              52.202863
            ],
            [
              5.024689,
              52.202989
            ],
            [
              5.024677,
              52.20299
            ],
            [
              5.02459,
              52.202994
            ],
            [
              5.024566,
              52.202995
            ],
            [
              5.024387,
              52.203004
            ],
            [
              5.024096,
              52.203018
            ],
            [
              5.02381,
              52.203033
            ],
            [
              5.023624,
              52.203045
            ],
            [
              5.023315,
              52.203051
            ],
            [
              5.023342,
              52.203265
            ],
            [
              5.023413,
              52.203672
            ],
            [
              5.023433,
              52.203828
            ],
            [
              5.02318,
              52.203863
            ],
            [
              5.023087,
              52.203876
            ],
            [
              5.02297,
              52.203893
            ],
            [
              5.022762,
              52.203922
            ],
            [
              5.022633,
              52.20394
            ],
            [
              5.022621,
              52.203941
            ],
            [
              5.022611,
              52.203904
            ],
            [
              5.022577,
              52.203733
            ],
            [
              5.022542,
              52.203553
            ],
            [
              5.022536,
              52.203527
            ],
            [
              5.022517,
              52.203429
            ],
            [
              5.022489,
              52.203285
            ],
            [
              5.022446,
              52.202974
            ],
            [
              5.022454,
              52.202815
            ],
            [
              5.022465,
              52.202773
            ],
            [
              5.022483,
              52.202707
            ],
            [
              5.022483,
              52.202705
            ],
            [
              5.022483,
              52.202703
            ],
            [
              5.022483,
              52.202701
            ],
            [
              5.022484,
              52.2027
            ],
            [
              5.022485,
              52.202698
            ],
            [
              5.022486,
              52.202696
            ],
            [
              5.022487,
              52.202694
            ],
            [
              5.022488,
              52.202693
            ],
            [
              5.02249,
              52.202691
            ],
            [
              5.022491,
              52.202689
            ],
            [
              5.022493,
              52.202688
            ],
            [
              5.022495,
              52.202687
            ],
            [
              5.022497,
              52.202685
            ],
            [
              5.0225,
              52.202684
            ],
            [
              5.022502,
              52.202683
            ],
            [
              5.022505,
              52.202682
            ],
            [
              5.022508,
              52.202681
            ],
            [
              5.022511,
              52.20268
            ],
            [
              5.022514,
              52.202678
            ],
            [
              5.022518,
              52.202678
            ],
            [
              5.022521,
              52.202677
            ],
            [
              5.022525,
              52.202676
            ],
            [
              5.022528,
              52.202676
            ],
            [
              5.022532,
              52.202675
            ],
            [
              5.022536,
              52.202675
            ],
            [
              5.022539,
              52.202675
            ],
            [
              5.022543,
              52.202675
            ],
            [
              5.022547,
              52.202675
            ],
            [
              5.022551,
              52.202675
            ],
            [
              5.022554,
              52.202676
            ],
            [
              5.022558,
              52.202677
            ],
            [
              5.02256,
              52.202677
            ],
            [
              5.022667,
              52.202689
            ],
            [
              5.022858,
              52.202724
            ],
            [
              5.023061,
              52.20275
            ],
            [
              5.023083,
              52.202753
            ],
            [
              5.023086,
              52.202753
            ],
            [
              5.023088,
              52.202753
            ],
            [
              5.023091,
              52.202753
            ],
            [
              5.023093,
              52.202752
            ],
            [
              5.023096,
              52.202752
            ],
            [
              5.023098,
              52.202751
            ],
            [
              5.0231,
              52.20275
            ],
            [
              5.023102,
              52.202749
            ],
            [
              5.023104,
              52.202748
            ],
            [
              5.023106,
              52.202747
            ],
            [
              5.023028,
              52.202047
            ],
            [
              5.023026,
              52.202039
            ],
            [
              5.022937,
              52.202092
            ],
            [
              5.022801,
              52.202169
            ],
            [
              5.022678,
              52.202241
            ],
            [
              5.022588,
              52.20226
            ],
            [
              5.022488,
              52.202293
            ],
            [
              5.022477,
              52.202297
            ],
            [
              5.022349,
              52.202339
            ],
            [
              5.022238,
              52.202384
            ],
            [
              5.022194,
              52.202399
            ],
            [
              5.022164,
              52.20241
            ],
            [
              5.022131,
              52.20242
            ],
            [
              5.022092,
              52.202431
            ],
            [
              5.022022,
              52.202453
            ],
            [
              5.022029,
              52.202465
            ],
            [
              5.021984,
              52.202479
            ],
            [
              5.021919,
              52.202501
            ],
            [
              5.021866,
              52.202516
            ],
            [
              5.021843,
              52.202522
            ],
            [
              5.021829,
              52.202524
            ],
            [
              5.021818,
              52.202525
            ],
            [
              5.021806,
              52.202527
            ],
            [
              5.021763,
              52.202531
            ],
            [
              5.021686,
              52.202535
            ],
            [
              5.021637,
              52.202539
            ],
            [
              5.021604,
              52.202542
            ],
            [
              5.021587,
              52.202475
            ],
            [
              5.021592,
              52.202475
            ],
            [
              5.021644,
              52.202466
            ],
            [
              5.021636,
              52.202445
            ],
            [
              5.02203,
              52.20238
            ],
            [
              5.022065,
              52.202374
            ],
            [
              5.022277,
              52.202294
            ],
            [
              5.022419,
              52.202242
            ],
            [
              5.022425,
              52.202239
            ],
            [
              5.022458,
              52.202223
            ],
            [
              5.02246,
              52.202201
            ],
            [
              5.022454,
              52.202185
            ],
            [
              5.022493,
              52.202156
            ],
            [
              5.022477,
              52.202146
            ],
            [
              5.022525,
              52.202112
            ],
            [
              5.022515,
              52.202107
            ],
            [
              5.022558,
              52.202068
            ],
            [
              5.022637,
              52.201996
            ],
            [
              5.022862,
              52.201822
            ],
            [
              5.023012,
              52.201747
            ],
            [
              5.022791,
              52.201713
            ],
            [
              5.022465,
              52.20179
            ],
            [
              5.022184,
              52.201858
            ],
            [
              5.021943,
              52.201916
            ],
            [
              5.021771,
              52.201957
            ],
            [
              5.021725,
              52.201968
            ],
            [
              5.021432,
              52.202036
            ],
            [
              5.021425,
              52.202026
            ],
            [
              5.021384,
              52.202037
            ],
            [
              5.021293,
              52.201886
            ],
            [
              5.021469,
              52.201843
            ],
            [
              5.021506,
              52.201835
            ],
            [
              5.021659,
              52.2018
            ],
            [
              5.021939,
              52.201733
            ],
            [
              5.022769,
              52.201534
            ],
            [
              5.023098,
              52.201583
            ],
            [
              5.023173,
              52.201596
            ],
            [
              5.023214,
              52.201581
            ],
            [
              5.023279,
              52.201561
            ],
            [
              5.023336,
              52.201546
            ],
            [
              5.023406,
              52.201532
            ],
            [
              5.023471,
              52.201524
            ],
            [
              5.023548,
              52.20152
            ],
            [
              5.023629,
              52.201519
            ],
            [
              5.025224,
              52.201472
            ],
            [
              5.025457,
              52.201469
            ],
            [
              5.025632,
              52.201461
            ],
            [
              5.025765,
              52.201446
            ],
            [
              5.025872,
              52.201425
            ],
            [
              5.025968,
              52.201402
            ],
            [
              5.026061,
              52.201374
            ],
            [
              5.026149,
              52.20134
            ],
            [
              5.026217,
              52.201301
            ],
            [
              5.026288,
              52.201256
            ],
            [
              5.02634,
              52.201219
            ],
            [
              5.026401,
              52.201168
            ],
            [
              5.026652,
              52.200932
            ],
            [
              5.026776,
              52.200823
            ],
            [
              5.026904,
              52.200705
            ],
            [
              5.026983,
              52.200632
            ],
            [
              5.027061,
              52.200558
            ],
            [
              5.027153,
              52.200477
            ],
            [
              5.027247,
              52.200406
            ],
            [
              5.027356,
              52.200342
            ],
            [
              5.027486,
              52.200283
            ],
            [
              5.027603,
              52.20024
            ],
            [
              5.027725,
              52.200202
            ],
            [
              5.027813,
              52.200168
            ],
            [
              5.027902,
              52.200118
            ],
            [
              5.027951,
              52.200086
            ],
            [
              5.027945,
              52.200029
            ],
            [
              5.027942,
              52.199958
            ]
          ]
        ]
      },
      "properties": {
        "type": "boundary",
        "gemeente": "Wijdemeren"
      }
    }
  ]
}